entity_type,name,surname,full_count,surname_count,index_used,error
historical_figure,Bourvil,Bourvil,11446,11446,v4_olmo-mix-1124_llama,
historical_figure,Klabund,Klabund,2184,2184,v4_olmo-mix-1124_llama,
historical_figure,Fibonacci,Fibonacci,3563502,3563502,v4_olmo-mix-1124_llama,
historical_figure,Bonaventure,Bonaventure,471988,471988,v4_olmo-mix-1124_llama,
historical_figure,Albrecht,Albrecht,1577395,1577395,v4_olmo-mix-1124_llama,
historical_figure,Az-Zahir,Az-Zahir,6984,6984,v4_olmo-mix-1124_llama,
historical_figure,Al-Musta'sim,Al-Musta'sim,3976,3976,v4_olmo-mix-1124_llama,
historical_figure,Qasar,Qasar,14008,14008,v4_olmo-mix-1124_llama,
historical_figure,Baraq,Baraq,37385,37385,v4_olmo-mix-1124_llama,
historical_figure,Lothar,Lothar,713860,713860,v4_olmo-mix-1124_llama,
historical_figure,Otto,Otto,8493179,8493179,v4_olmo-mix-1124_llama,
historical_figure,Filippo,Filippo,791696,791696,v4_olmo-mix-1124_llama,
historical_figure,ユーリー,ユーリー,98,98,v4_olmo-mix-1124_llama,
historical_figure,胡祗遹,胡祗遹,0,0,v4_olmo-mix-1124_llama,
historical_figure,馮佐周,馮佐周,0,0,v4_olmo-mix-1124_llama,
historical_figure,千葉胤綱,千葉胤綱,1,1,v4_olmo-mix-1124_llama,
historical_figure,結城朝広,結城朝広,0,0,v4_olmo-mix-1124_llama,
historical_figure,Morgan,Morgan,36985647,36985647,v4_olmo-mix-1124_llama,
historical_figure,玄徳秀,玄徳秀,0,0,v4_olmo-mix-1124_llama,
historical_figure,Malikussaleh,Malikussaleh,883,883,v4_olmo-mix-1124_llama,
historical_figure,Wilhelm,Wilhelm,6323794,6323794,v4_olmo-mix-1124_llama,
historical_figure,Otto,Otto,8493179,8493179,v4_olmo-mix-1124_llama,
historical_figure,譚麟,譚麟,0,0,v4_olmo-mix-1124_llama,
historical_figure,梶原景高,梶原景高,0,0,v4_olmo-mix-1124_llama,
historical_figure,宋松禮,宋松禮,2,2,v4_olmo-mix-1124_llama,
historical_figure,Zhenjin,Zhenjin,5877,5877,v4_olmo-mix-1124_llama,
historical_figure,安丙,安丙,93,93,v4_olmo-mix-1124_llama,
historical_figure,Siegfried,Siegfried,1929749,1929749,v4_olmo-mix-1124_llama,
historical_figure,Cleopatra,Cleopatra,4218953,4218953,v4_olmo-mix-1124_llama,
historical_figure,Joseph,Joseph,65726256,65726256,v4_olmo-mix-1124_llama,
historical_figure,Rembrandt,Rembrandt,1761446,1761446,v4_olmo-mix-1124_llama,
historical_figure,Plato,Plato,16292401,16292401,v4_olmo-mix-1124_llama,
historical_figure,Eumenes,Eumenes,208482,208482,v4_olmo-mix-1124_llama,
historical_figure,Menelaus,Menelaus,652880,652880,v4_olmo-mix-1124_llama,
historical_figure,Timur,Timur,1189155,1189155,v4_olmo-mix-1124_llama,
historical_figure,Sigismund,Sigismund,485832,485832,v4_olmo-mix-1124_llama,
historical_figure,John,John,416569300,416569300,v4_olmo-mix-1124_llama,
historical_figure,Regiomontanus,Regiomontanus,55590,55590,v4_olmo-mix-1124_llama,
historical_figure,윤사로,윤사로,58,58,v4_olmo-mix-1124_llama,
historical_figure,Balthasar,Balthasar,383899,383899,v4_olmo-mix-1124_llama,
historical_figure,Jami,Jami,776349,776349,v4_olmo-mix-1124_llama,
historical_figure,Patrikas,Patrikas,728,728,v4_olmo-mix-1124_llama,
historical_figure,Uhwudong,Uhwudong,43,43,v4_olmo-mix-1124_llama,
historical_figure,Margareta,Margareta,103178,103178,v4_olmo-mix-1124_llama,
historical_figure,Athelstan,Athelstan,268746,268746,v4_olmo-mix-1124_llama,
historical_figure,Unni,Unni,131183,131183,v4_olmo-mix-1124_llama,
historical_figure,Theophano,Theophano,41396,41396,v4_olmo-mix-1124_llama,
historical_figure,Æthelflæd,Æthelflæd,37535,37535,v4_olmo-mix-1124_llama,
historical_figure,Eadgyth,Eadgyth,14392,14392,v4_olmo-mix-1124_llama,
historical_figure,Al-Qahir,Al-Qahir,992,992,v4_olmo-mix-1124_llama,
historical_figure,Al-Muttaqi,Al-Muttaqi,2470,2470,v4_olmo-mix-1124_llama,
historical_figure,Jeongjong,Jeongjong,5850,5850,v4_olmo-mix-1124_llama,
historical_figure,Gyeongjong,Gyeongjong,9106,9106,v4_olmo-mix-1124_llama,
historical_figure,Seongjong,Seongjong,15767,15767,v4_olmo-mix-1124_llama,
historical_figure,Gero,Gero,362594,362594,v4_olmo-mix-1124_llama,
historical_figure,朱友寧,朱友寧,85,85,v4_olmo-mix-1124_llama,
historical_figure,Al-Tabarani,Al-Tabarani,5759,5759,v4_olmo-mix-1124_llama,
historical_figure,Liutgarde,Liutgarde,923,923,v4_olmo-mix-1124_llama,
historical_figure,杨砺,杨砺,2,2,v4_olmo-mix-1124_llama,
historical_figure,钱弘偡,钱弘偡,0,0,v4_olmo-mix-1124_llama,
historical_figure,钱弘儇,钱弘儇,0,0,v4_olmo-mix-1124_llama,
historical_figure,Rashi,Rashi,2569041,2569041,v4_olmo-mix-1124_llama,
historical_figure,Al-Baghawi,Al-Baghawi,2273,2273,v4_olmo-mix-1124_llama,
historical_figure,Theodwin,Theodwin,731,731,v4_olmo-mix-1124_llama,
historical_figure,Sibylla,Sibylla,118903,118903,v4_olmo-mix-1124_llama,
historical_figure,Stephen,Stephen,52417644,52417644,v4_olmo-mix-1124_llama,
historical_figure,Hilarius,Hilarius,41854,41854,v4_olmo-mix-1124_llama,
historical_figure,Lucas,Lucas,22542375,22542375,v4_olmo-mix-1124_llama,
historical_figure,William-Jordan,William-Jordan,378,378,v4_olmo-mix-1124_llama,
historical_figure,Ubald,Ubald,32925,32925,v4_olmo-mix-1124_llama,
historical_figure,Godbald,Godbald,330,330,v4_olmo-mix-1124_llama,
historical_figure,Heinrich,Heinrich,4086815,4086815,v4_olmo-mix-1124_llama,
historical_figure,Burchard,Burchard,200538,200538,v4_olmo-mix-1124_llama,
historical_figure,Guillaume,Guillaume,1653163,1653163,v4_olmo-mix-1124_llama,
historical_figure,Guiraud,Guiraud,51551,51551,v4_olmo-mix-1124_llama,
historical_figure,Maurizio,Maurizio,593480,593480,v4_olmo-mix-1124_llama,
historical_figure,Al-Zuhri,Al-Zuhri,3035,3035,v4_olmo-mix-1124_llama,
historical_figure,Albinus,Albinus,162272,162272,v4_olmo-mix-1124_llama,
historical_figure,Richard,Richard,101539946,101539946,v4_olmo-mix-1124_llama,
historical_figure,Jiade-diji,Jiade-diji,0,0,v4_olmo-mix-1124_llama,
historical_figure,Stephan,Stephan,4054264,4054264,v4_olmo-mix-1124_llama,
historical_figure,曹辅,曹辅,1,1,v4_olmo-mix-1124_llama,
historical_figure,杨政,杨政,132,132,v4_olmo-mix-1124_llama,
historical_figure,Luqin,Luqin,1032,1032,v4_olmo-mix-1124_llama,
historical_figure,慕容貴妃,慕容貴妃,0,0,v4_olmo-mix-1124_llama,
historical_figure,Al-Muntanyisi,Al-Muntanyisi,0,0,v4_olmo-mix-1124_llama,
historical_figure,馬琪,馬琪,0,0,v4_olmo-mix-1124_llama,
historical_figure,Pinturicchio,Pinturicchio,19643,19643,v4_olmo-mix-1124_llama,
historical_figure,George,George,160490339,160490339,v4_olmo-mix-1124_llama,
historical_figure,Philip,Philip,29041261,29041261,v4_olmo-mix-1124_llama,
historical_figure,Paracelsus,Paracelsus,551636,551636,v4_olmo-mix-1124_llama,
historical_figure,Meera,Meera,809248,809248,v4_olmo-mix-1124_llama,
historical_figure,Anton,Anton,21987082,21987082,v4_olmo-mix-1124_llama,
historical_figure,Cimabué,Cimabué,1,1,v4_olmo-mix-1124_llama,
historical_figure,Guy,Guy,36405561,36405561,v4_olmo-mix-1124_llama,
historical_figure,Simonida,Simonida,3728,3728,v4_olmo-mix-1124_llama,
historical_figure,Tomasz,Tomasz,568742,568742,v4_olmo-mix-1124_llama,
historical_figure,Jordanus,Jordanus,17865,17865,v4_olmo-mix-1124_llama,
historical_figure,Johann,Johann,7576235,7576235,v4_olmo-mix-1124_llama,
historical_figure,Kökejin,Kökejin,349,349,v4_olmo-mix-1124_llama,
historical_figure,彭大,彭大,227,227,v4_olmo-mix-1124_llama,
historical_figure,楠木正季,楠木正季,2,2,v4_olmo-mix-1124_llama,
historical_figure,細川直俊,細川直俊,0,0,v4_olmo-mix-1124_llama,
historical_figure,Kenshun,Kenshun,444,444,v4_olmo-mix-1124_llama,
historical_figure,Sisinnius,Sisinnius,7642,7642,v4_olmo-mix-1124_llama,
historical_figure,Mildthryth,Mildthryth,340,340,v4_olmo-mix-1124_llama,
historical_figure,Rigobert,Rigobert,15233,15233,v4_olmo-mix-1124_llama,
historical_figure,Chrodegang,Chrodegang,5511,5511,v4_olmo-mix-1124_llama,
historical_figure,Benedict,Benedict,10460749,10460749,v4_olmo-mix-1124_llama,
historical_figure,Frithuswith,Frithuswith,1009,1009,v4_olmo-mix-1124_llama,
historical_figure,Fazang,Fazang,9377,9377,v4_olmo-mix-1124_llama,
historical_figure,Paul,Paul,196240929,196240929,v4_olmo-mix-1124_llama,
historical_figure,Adalbert,Adalbert,156520,156520,v4_olmo-mix-1124_llama,
historical_figure,Zhanran,Zhanran,3909,3909,v4_olmo-mix-1124_llama,
historical_figure,Ebrulf,Ebrulf,825,825,v4_olmo-mix-1124_llama,
historical_figure,Davide,Davide,719920,719920,v4_olmo-mix-1124_llama,
historical_figure,李琚,李琚,45,45,v4_olmo-mix-1124_llama,
historical_figure,李观,李观,22,22,v4_olmo-mix-1124_llama,
historical_figure,石川垣守,石川垣守,0,0,v4_olmo-mix-1124_llama,
historical_figure,石川真守,石川真守,1,1,v4_olmo-mix-1124_llama,
historical_figure,殷仲容,殷仲容,0,0,v4_olmo-mix-1124_llama,
historical_figure,Tobias,Tobias,4009125,4009125,v4_olmo-mix-1124_llama,
historical_figure,Ziying,Ziying,24719,24719,v4_olmo-mix-1124_llama,
historical_figure,Zhuangzi,Zhuangzi,341903,341903,v4_olmo-mix-1124_llama,
historical_figure,Theophrastus,Theophrastus,278524,278524,v4_olmo-mix-1124_llama,
historical_figure,Mencius,Mencius,481799,481799,v4_olmo-mix-1124_llama,
historical_figure,Fusu,Fusu,23515,23515,v4_olmo-mix-1124_llama,
historical_figure,Melissa,Melissa,12294738,12294738,v4_olmo-mix-1124_llama,
historical_figure,Salome,Salome,936076,936076,v4_olmo-mix-1124_llama,
historical_figure,Chadae,Chadae,1809,1809,v4_olmo-mix-1124_llama,
historical_figure,Hegesippus,Hegesippus,58319,58319,v4_olmo-mix-1124_llama,
historical_figure,Cornelius,Cornelius,3462145,3462145,v4_olmo-mix-1124_llama,
historical_figure,田聖,田聖,2306,2306,v4_olmo-mix-1124_llama,
historical_figure,Balgi,Balgi,2694,2694,v4_olmo-mix-1124_llama,
historical_figure,Fabian,Fabian,2564459,2564459,v4_olmo-mix-1124_llama,
historical_figure,Jungcheon,Jungcheon,886,886,v4_olmo-mix-1124_llama,
historical_figure,杨俊,杨俊,428,428,v4_olmo-mix-1124_llama,
historical_figure,柳甫,柳甫,9,9,v4_olmo-mix-1124_llama,
historical_figure,周不疑,周不疑,1,1,v4_olmo-mix-1124_llama,
historical_figure,Vitus,Vitus,443157,443157,v4_olmo-mix-1124_llama,
historical_figure,Januarius,Januarius,44639,44639,v4_olmo-mix-1124_llama,
historical_figure,Philomena,Philomena,358023,358023,v4_olmo-mix-1124_llama,
historical_figure,Hilarion,Hilarion,165999,165999,v4_olmo-mix-1124_llama,
historical_figure,劉芒蕩,劉芒蕩,0,0,v4_olmo-mix-1124_llama,
historical_figure,劉道真,劉道真,5,5,v4_olmo-mix-1124_llama,
historical_figure,司馬覃,司馬覃,146,146,v4_olmo-mix-1124_llama,
historical_figure,褚翜,褚翜,0,0,v4_olmo-mix-1124_llama,
historical_figure,Hilarius,Hilarius,41854,41854,v4_olmo-mix-1124_llama,
historical_figure,Elen,Elen,793508,793508,v4_olmo-mix-1124_llama,
historical_figure,Mamertus,Mamertus,2362,2362,v4_olmo-mix-1124_llama,
historical_figure,車胤,車胤,66,66,v4_olmo-mix-1124_llama,
historical_figure,萧景先,萧景先,2,2,v4_olmo-mix-1124_llama,
historical_figure,谢景仁,谢景仁,0,0,v4_olmo-mix-1124_llama,
historical_figure,袁豹,袁豹,12,12,v4_olmo-mix-1124_llama,
historical_figure,袁淑,袁淑,202,202,v4_olmo-mix-1124_llama,
historical_figure,谢混,谢混,2,2,v4_olmo-mix-1124_llama,
historical_figure,姚弼,姚弼,62,62,v4_olmo-mix-1124_llama,
historical_figure,常英,常英,976,976,v4_olmo-mix-1124_llama,
historical_figure,Muhammad,Muhammad,26554784,26554784,v4_olmo-mix-1124_llama,
historical_figure,Cunibert,Cunibert,3093,3093,v4_olmo-mix-1124_llama,
historical_figure,Chrodobertus,Chrodobertus,221,221,v4_olmo-mix-1124_llama,
historical_figure,Martina,Martina,1431300,1431300,v4_olmo-mix-1124_llama,
historical_figure,Aldegonde,Aldegonde,8248,8248,v4_olmo-mix-1124_llama,
historical_figure,Sophia,Sophia,7521085,7521085,v4_olmo-mix-1124_llama,
historical_figure,Ansegisel,Ansegisel,2289,2289,v4_olmo-mix-1124_llama,
historical_figure,Audoin,Audoin,18838,18838,v4_olmo-mix-1124_llama,
historical_figure,Priscus,Priscus,164292,164292,v4_olmo-mix-1124_llama,
historical_figure,Kuiji,Kuiji,4180,4180,v4_olmo-mix-1124_llama,
historical_figure,Maximus,Maximus,2691307,2691307,v4_olmo-mix-1124_llama,
historical_figure,楊智積,楊智積,25,25,v4_olmo-mix-1124_llama,
historical_figure,陸知命,陸知命,1,1,v4_olmo-mix-1124_llama,
historical_figure,高曇晟,高曇晟,8,8,v4_olmo-mix-1124_llama,
historical_figure,独孤怀恩,独孤怀恩,1,1,v4_olmo-mix-1124_llama,
historical_figure,노조상,노조상,0,0,v4_olmo-mix-1124_llama,
historical_figure,Al-Qadir,Al-Qadir,6513,6513,v4_olmo-mix-1124_llama,
historical_figure,Al-Qa'im,Al-Qa'im,2930,2930,v4_olmo-mix-1124_llama,
historical_figure,Adalberon,Adalberon,2277,2277,v4_olmo-mix-1124_llama,
historical_figure,Ichijō,Ichijō,14030,14030,v4_olmo-mix-1124_llama,
historical_figure,Gottschalk,Gottschalk,260359,260359,v4_olmo-mix-1124_llama,
historical_figure,Bardo,Bardo,398381,398381,v4_olmo-mix-1124_llama,
historical_figure,Aimoin,Aimoin,1895,1895,v4_olmo-mix-1124_llama,
historical_figure,Yahya,Yahya,1744463,1744463,v4_olmo-mix-1124_llama,
historical_figure,German,German,186638535,186638535,v4_olmo-mix-1124_llama,
historical_figure,Al-Ramadi,Al-Ramadi,3308,3308,v4_olmo-mix-1124_llama,
historical_figure,Wencheng,Wencheng,47001,47001,v4_olmo-mix-1124_llama,
historical_figure,楊宗妙,楊宗妙,0,0,v4_olmo-mix-1124_llama,
historical_figure,李舜举,李舜举,0,0,v4_olmo-mix-1124_llama,
historical_figure,韩崇业,韩崇业,0,0,v4_olmo-mix-1124_llama,
historical_figure,耶律敵烈,耶律敵烈,110,110,v4_olmo-mix-1124_llama,
historical_figure,耶律諧理,耶律諧理,0,0,v4_olmo-mix-1124_llama,
historical_figure,蕭忽古,蕭忽古,0,0,v4_olmo-mix-1124_llama,
historical_figure,郑穆,郑穆,4,4,v4_olmo-mix-1124_llama,
historical_figure,Bernhard,Bernhard,1689690,1689690,v4_olmo-mix-1124_llama,
historical_figure,Paul,Paul,196240929,196240929,v4_olmo-mix-1124_llama,
historical_figure,Timothy,Timothy,14532610,14532610,v4_olmo-mix-1124_llama,
historical_figure,鄧晨,鄧晨,95,95,v4_olmo-mix-1124_llama,
historical_figure,손건,손건,21,21,v4_olmo-mix-1124_llama,
historical_figure,陈茂,陈茂,107,107,v4_olmo-mix-1124_llama,
historical_figure,梁延,梁延,13,13,v4_olmo-mix-1124_llama,
historical_figure,Kassia,Kassia,54399,54399,v4_olmo-mix-1124_llama,
historical_figure,Æthelred,Æthelred,152770,152770,v4_olmo-mix-1124_llama,
historical_figure,Al-Mu'tazz,Al-Mu'tazz,2448,2448,v4_olmo-mix-1124_llama,
historical_figure,Al-Musta'in,Al-Musta'in,2059,2059,v4_olmo-mix-1124_llama,
historical_figure,Al-Amin,Al-Amin,90092,90092,v4_olmo-mix-1124_llama,
historical_figure,Al-Baladhuri,Al-Baladhuri,5317,5317,v4_olmo-mix-1124_llama,
historical_figure,Ansegisus,Ansegisus,431,431,v4_olmo-mix-1124_llama,
historical_figure,Bera,Bera,391976,391976,v4_olmo-mix-1124_llama,
historical_figure,Adalbert,Adalbert,156520,156520,v4_olmo-mix-1124_llama,
historical_figure,Al-Fakihi,Al-Fakihi,235,235,v4_olmo-mix-1124_llama,
historical_figure,Natalia,Natalia,2222755,2222755,v4_olmo-mix-1124_llama,
historical_figure,劉巨容,劉巨容,65,65,v4_olmo-mix-1124_llama,
historical_figure,小野恒柯,小野恒柯,0,0,v4_olmo-mix-1124_llama,
historical_figure,石川河主,石川河主,0,0,v4_olmo-mix-1124_llama,
historical_figure,小野野主,小野野主,0,0,v4_olmo-mix-1124_llama,
historical_figure,蕭円粛,蕭円粛,0,0,v4_olmo-mix-1124_llama,
historical_figure,Zosimus,Zosimus,127731,127731,v4_olmo-mix-1124_llama,
historical_figure,Scholastica,Scholastica,102672,102672,v4_olmo-mix-1124_llama,
historical_figure,Radegund,Radegund,21745,21745,v4_olmo-mix-1124_llama,
historical_figure,Taliesin,Taliesin,317829,317829,v4_olmo-mix-1124_llama,
historical_figure,Malo,Malo,936884,936884,v4_olmo-mix-1124_llama,
historical_figure,Caradoc,Caradoc,132070,132070,v4_olmo-mix-1124_llama,
historical_figure,Clotilde,Clotilde,152863,152863,v4_olmo-mix-1124_llama,
historical_figure,Marcellus,Marcellus,1412826,1412826,v4_olmo-mix-1124_llama,
historical_figure,Baozhi,Baozhi,2326,2326,v4_olmo-mix-1124_llama,
historical_figure,袁聿修,袁聿修,1,1,v4_olmo-mix-1124_llama,
historical_figure,侯瑱,侯瑱,191,191,v4_olmo-mix-1124_llama,
historical_figure,曹景宗,曹景宗,85,85,v4_olmo-mix-1124_llama,
historical_figure,楊瓚,楊瓚,208,208,v4_olmo-mix-1124_llama,
historical_figure,夏侯详,夏侯详,0,0,v4_olmo-mix-1124_llama,
historical_figure,李元忠,李元忠,19,19,v4_olmo-mix-1124_llama,
historical_figure,李和,李和,1049,1049,v4_olmo-mix-1124_llama,
historical_figure,袁樞,袁樞,102,102,v4_olmo-mix-1124_llama,
historical_figure,谢嘏,谢嘏,0,0,v4_olmo-mix-1124_llama,
historical_figure,鄭道昭,鄭道昭,0,0,v4_olmo-mix-1124_llama,
historical_figure,韓擒虎,韓擒虎,209,209,v4_olmo-mix-1124_llama,
historical_figure,高湝,高湝,149,149,v4_olmo-mix-1124_llama,
historical_figure,高済,高済,0,0,v4_olmo-mix-1124_llama,
historical_figure,蕭方等,蕭方等,112,112,v4_olmo-mix-1124_llama,
historical_figure,谢岳,谢岳,45,45,v4_olmo-mix-1124_llama,
historical_figure,崔巨伦,崔巨伦,0,0,v4_olmo-mix-1124_llama,
historical_figure,侯刚,侯刚,0,0,v4_olmo-mix-1124_llama,
historical_figure,裴延隽,裴延隽,14,14,v4_olmo-mix-1124_llama,
historical_figure,李神俊,李神俊,0,0,v4_olmo-mix-1124_llama,
historical_figure,陸子彰,陸子彰,0,0,v4_olmo-mix-1124_llama,
historical_figure,彭乐,彭乐,12,12,v4_olmo-mix-1124_llama,
historical_figure,Thalis,Thalis,17625,17625,v4_olmo-mix-1124_llama,
historical_figure,Laodice,Laodice,543829,543829,v4_olmo-mix-1124_llama,
historical_figure,Tryphaena,Tryphaena,28293,28293,v4_olmo-mix-1124_llama,
historical_figure,Pericles,Pericles,1136360,1136360,v4_olmo-mix-1124_llama,
historical_figure,Wuzhi,Wuzhi,19770,19770,v4_olmo-mix-1124_llama,
historical_figure,Wolfgang Amadeus Mozart,Mozart,248997,7099356,v4_olmo-mix-1124_llama,
historical_figure,Denis Diderot,Diderot,109801,654681,v4_olmo-mix-1124_llama,
historical_figure,Carl Linnaeus,Linnaeus,162726,1216840,v4_olmo-mix-1124_llama,
historical_figure,Johann Sebastian Bach,Bach,331556,28144708,v4_olmo-mix-1124_llama,
historical_figure,James Cook,Cook,669239,63788549,v4_olmo-mix-1124_llama,
historical_figure,Peter the Great,Great,639624,205548078,v4_olmo-mix-1124_llama,
historical_figure,Adam Smith,Smith,3508834,119904053,v4_olmo-mix-1124_llama,
historical_figure,Pierre Bouguer,Bouguer,5983,70584,v4_olmo-mix-1124_llama,
historical_figure,Ferdinand Augustin Hallerstein,Hallerstein,27,2462,v4_olmo-mix-1124_llama,
historical_figure,Franz Balthasar von Lindern,Lindern,24,8892,v4_olmo-mix-1124_llama,
historical_figure,Patrick Browne,Browne,4700,3516705,v4_olmo-mix-1124_llama,
historical_figure,John Clayton,Clayton,93015,6344237,v4_olmo-mix-1124_llama,
historical_figure,Qianlong Emperor,Emperor,56260,36580053,v4_olmo-mix-1124_llama,
historical_figure,Wladyslaw Jehoshaphat Sapieha,Sapieha,0,22294,v4_olmo-mix-1124_llama,
historical_figure,William Kidd,Kidd,46085,4987406,v4_olmo-mix-1124_llama,
historical_figure,Charles Marie de La Condamine,Condamine,2754,64707,v4_olmo-mix-1124_llama,
historical_figure,Alexander Spotswood,Spotswood,13009,109768,v4_olmo-mix-1124_llama,
historical_figure,Alexis Clairaut,Clairaut,3871,40718,v4_olmo-mix-1124_llama,
historical_figure,"Mir Qamar-ud-din Siddiqui, Chin Quilich  Khan, Nizam-ul-Mulk Asaf Jah",Jah,0,5871645,v4_olmo-mix-1124_llama,
historical_figure,Mahmud Hotaki,Hotaki,1080,15709,v4_olmo-mix-1124_llama,
historical_figure,Jacob Folkema,Folkema,220,1131,v4_olmo-mix-1124_llama,
historical_figure,Józef Bogusław Słuszka,Słuszka,11,114,v4_olmo-mix-1124_llama,
historical_figure,Henry Fielding,Fielding,95692,1906510,v4_olmo-mix-1124_llama,
historical_figure,"Thomas Thynne, 1st Viscount Weymouth",Weymouth,30,621076,v4_olmo-mix-1124_llama,
historical_figure,Antoine-Laurent de Lavoisier,Lavoisier,3887,560200,v4_olmo-mix-1124_llama,
historical_figure,Daniel Solander,Solander,8092,53225,v4_olmo-mix-1124_llama,
historical_figure,Stanisław Antoni Szczuka,Szczuka,64,7918,v4_olmo-mix-1124_llama,
historical_figure,Anne Beate Rosenkrantz,Rosenkrantz,1,67428,v4_olmo-mix-1124_llama,
historical_figure,Ferenc Faludi,Faludi,45,146443,v4_olmo-mix-1124_llama,
historical_figure,Johannes Diodato,Diodato,875,13316,v4_olmo-mix-1124_llama,
historical_figure,Stanisław Poniatowski,Poniatowski,1086,74731,v4_olmo-mix-1124_llama,
historical_figure,Ahmed Shahe Durrani,Durrani,23,289128,v4_olmo-mix-1124_llama,
historical_figure,Vasili Bazhenov,Bazhenov,222,23186,v4_olmo-mix-1124_llama,
historical_figure,Adolf Frederick of Sweden,Sweden,1919,35969966,v4_olmo-mix-1124_llama,
historical_figure,Frederick I of Sweden,Sweden,1686,35969966,v4_olmo-mix-1124_llama,
historical_figure,Charles XII of Sweden,Sweden,22419,35969966,v4_olmo-mix-1124_llama,
historical_figure,Count Palatine Francis Louis of Neuburg,Neuburg,65,59444,v4_olmo-mix-1124_llama,
historical_figure,Stanisław August Poniatowski,Poniatowski,9474,74731,v4_olmo-mix-1124_llama,
historical_figure,Marc-Antoine Eidous,Eidous,235,636,v4_olmo-mix-1124_llama,
historical_figure,Pierre Le Moyne d'Iberville,d'Iberville,5321,17775,v4_olmo-mix-1124_llama,
historical_figure,Georg Wilhelm Steller,Steller,6569,391852,v4_olmo-mix-1124_llama,
historical_figure,Christian Thomasius,Thomasius,3588,21727,v4_olmo-mix-1124_llama,
historical_figure,Maria Anna of Neuburg,Neuburg,858,59444,v4_olmo-mix-1124_llama,
historical_figure,Louise of Mecklenburg-Güstrow,Mecklenburg-Güstrow,255,2394,v4_olmo-mix-1124_llama,
historical_figure,Natalia Alexeievna of Russia,Russia,150,177278304,v4_olmo-mix-1124_llama,
historical_figure,"Peregrine Osborne, 2nd Duke of Leeds",Leeds,13,6007045,v4_olmo-mix-1124_llama,
historical_figure,Tobias Mayer,Mayer,12284,5979124,v4_olmo-mix-1124_llama,
historical_figure,Princess Mary of Great Britain,Britain,297,111502456,v4_olmo-mix-1124_llama,
historical_figure,Joseph Süß Oppenheimer,Oppenheimer,1135,2094989,v4_olmo-mix-1124_llama,
historical_figure,François de Cuvilliés,Cuvilliés,1127,4060,v4_olmo-mix-1124_llama,
historical_figure,Johann Jacob Dillenius,Dillenius,500,4225,v4_olmo-mix-1124_llama,
historical_figure,"Anthony Ulrich, Duke of Brunswick-Wolfenbüttel",Brunswick-Wolfenbüttel,137,17273,v4_olmo-mix-1124_llama,
historical_figure,Princess Christine Louise of Oettingen-Oettingen,Oettingen-Oettingen,129,1216,v4_olmo-mix-1124_llama,
historical_figure,Rudolf Jakob Camerarius,Camerarius,198,13874,v4_olmo-mix-1124_llama,
historical_figure,Georg Eberhard Rumphius,Rumphius,1307,27765,v4_olmo-mix-1124_llama,
historical_figure,"Louis Rudolph, Duke of Brunswick-Lüneburg",Brunswick-Lüneburg,66,36387,v4_olmo-mix-1124_llama,
historical_figure,Georg Wilhelm of Brunswick-Lüneburg-Celle,Brunswick-Lüneburg-Celle,0,167,v4_olmo-mix-1124_llama,
historical_figure,"Leopold II, Prince of Anhalt-Dessau",Anhalt-Dessau,46,14774,v4_olmo-mix-1124_llama,
historical_figure,Burkhard Christoph von Münnich,Münnich,519,9716,v4_olmo-mix-1124_llama,
historical_figure,Princess Sophia Dorothea of Prussia,Prussia,224,4473075,v4_olmo-mix-1124_llama,
historical_figure,Magdalena Sibylla of Hesse-Darmstadt,Hesse-Darmstadt,22,40893,v4_olmo-mix-1124_llama,
historical_figure,Gottfried Kirch,Kirch,3894,2432745,v4_olmo-mix-1124_llama,
historical_figure,"John William Friso, Prince of Orange",Orange,430,23533749,v4_olmo-mix-1124_llama,
historical_figure,Caspar Friedrich Wolff,Wolff,2053,3354789,v4_olmo-mix-1124_llama,
historical_figure,"Louis Eugene, Duke of Württemberg",Württemberg,5,279689,v4_olmo-mix-1124_llama,
historical_figure,Danylo Apostol,Apostol,1500,2192337,v4_olmo-mix-1124_llama,
historical_figure,"John Ernest IV, Duke of Saxe-Coburg-Saalfeld",Saxe-Coburg-Saalfeld,150,15354,v4_olmo-mix-1124_llama,
historical_figure,"Augustus William, Duke of Brunswick-Lüneburg",Brunswick-Lüneburg,7,36387,v4_olmo-mix-1124_llama,
historical_figure,"Melusine von der Schulenburg, Duchess of Kendal",Kendal,271,567210,v4_olmo-mix-1124_llama,
historical_figure,Johann Hedwig,Hedwig,278,728257,v4_olmo-mix-1124_llama,
historical_figure,Johann Gottlieb Gleditsch,Gleditsch,104,28679,v4_olmo-mix-1124_llama,
historical_figure,"Johann Wilhelm, Elector Palatine",Palatine,395,799739,v4_olmo-mix-1124_llama,
historical_figure,Johann Peter Süssmilch,Süssmilch,604,1695,v4_olmo-mix-1124_llama,
historical_figure,Christian Mayer,Mayer,3189,5979124,v4_olmo-mix-1124_llama,
historical_figure,Anne Henriette of Bavaria,Bavaria,108,3086364,v4_olmo-mix-1124_llama,
historical_figure,Jacob Theodor Klein,Klein,252,13233822,v4_olmo-mix-1124_llama,
historical_figure,Maximilian of Hesse-Kassel,Hesse-Kassel,105,51248,v4_olmo-mix-1124_llama,
historical_figure,Éléonore Desmier d'Olbreuse,d'Olbreuse,43,725,v4_olmo-mix-1124_llama,
historical_figure,Countess Palatine Elisabeth Auguste Sofie of Neuburg,Neuburg,52,59444,v4_olmo-mix-1124_llama,
historical_figure,Johann Bernhard Bach the younger,younger,0,126321758,v4_olmo-mix-1124_llama,
historical_figure,Martin Gerbert,Gerbert,831,98558,v4_olmo-mix-1124_llama,
historical_figure,Jacob Christian Schäffer,Schäffer,1026,35828,v4_olmo-mix-1124_llama,
historical_figure,"Johann Reinhard III, Count of Hanau-Lichtenberg",Hanau-Lichtenberg,6,1944,v4_olmo-mix-1124_llama,
historical_figure,"Johann Adolf II, Duke of Saxe-Weissenfels",Saxe-Weissenfels,117,2866,v4_olmo-mix-1124_llama,
historical_figure,Carl Gustav Jablonsky,Jablonsky,23,41711,v4_olmo-mix-1124_llama,
historical_figure,Heinrich Meibom,Meibom,1151,95221,v4_olmo-mix-1124_llama,
historical_figure,"Christian Albert, Prince of Hohenlohe-Langenburg",Hohenlohe-Langenburg,1,7391,v4_olmo-mix-1124_llama,
historical_figure,"Charles William Frederick, Margrave of Brandenburg-Ansbach",Brandenburg-Ansbach,31,9487,v4_olmo-mix-1124_llama,
historical_figure,Johann Ernst Bach,Bach,258,28144708,v4_olmo-mix-1124_llama,
historical_figure,Johann David Michaelis,Michaelis,1488,621667,v4_olmo-mix-1124_llama,
historical_figure,"William, Landgrave of Hesse-Rotenburg",Hesse-Rotenburg,6,2060,v4_olmo-mix-1124_llama,
historical_figure,"Frederick Christian, Count of Schaumburg-Lippe",Schaumburg-Lippe,1,19531,v4_olmo-mix-1124_llama,
historical_figure,"Ernest Leopold, Landgrave of Hesse-Rotenburg",Hesse-Rotenburg,113,2060,v4_olmo-mix-1124_llama,
historical_figure,Duke Louis of Mecklenburg-Schwerin,Mecklenburg-Schwerin,64,33890,v4_olmo-mix-1124_llama,
historical_figure,Johann Heinrich Merck,Merck,405,3077730,v4_olmo-mix-1124_llama,
historical_figure,Johann Adolf Schlegel,Schlegel,313,499632,v4_olmo-mix-1124_llama,
historical_figure,Carl Wilhelm Scheele,Scheele,35062,195577,v4_olmo-mix-1124_llama,
historical_figure,Johann Wilhelm Weinmann,Weinmann,175,77320,v4_olmo-mix-1124_llama,
historical_figure,Princess Marie Victoire d'Arenberg,d'Arenberg,1,8690,v4_olmo-mix-1124_llama,
historical_figure,Julie von Voss,Voss,18,1346653,v4_olmo-mix-1124_llama,
historical_figure,Duchess Sibylle of Saxe-Lauenburg,Saxe-Lauenburg,1,9707,v4_olmo-mix-1124_llama,
historical_figure,Kurt Christoph Graf von Schwerin,Schwerin,161,135718,v4_olmo-mix-1124_llama,
historical_figure,Ulrik Frederik Gyldenløve,Gyldenløve,742,4222,v4_olmo-mix-1124_llama,
historical_figure,Johann Nathanael Lieberkühn,Lieberkühn,246,10405,v4_olmo-mix-1124_llama,
historical_figure,"Marie Elisabeth, Abbess of Quedlinburg",Quedlinburg,1,47100,v4_olmo-mix-1124_llama,
historical_figure,Prince Moritz of Anhalt-Dessau,Anhalt-Dessau,144,14774,v4_olmo-mix-1124_llama,
historical_figure,Karolina of Legnica-Brieg,Legnica-Brieg,17,37,v4_olmo-mix-1124_llama,
historical_figure,Christian Wilhelm Franz Walch,Walch,15,196880,v4_olmo-mix-1124_llama,
historical_figure,Ludwig Christoph Heinrich Hölty,Hölty,134,1770,v4_olmo-mix-1124_llama,
historical_figure,Nathaniel Gottfried Leske,Leske,60,34096,v4_olmo-mix-1124_llama,
historical_figure,Wilhelm Sebastian von Belling,Belling,150,1398945,v4_olmo-mix-1124_llama,
historical_figure,"Amelia Osborne, Marchioness of Carmarthen",Carmarthen,36,176452,v4_olmo-mix-1124_llama,
historical_figure,Georg Bernhard Bilfinger,Bilfinger,408,16754,v4_olmo-mix-1124_llama,
historical_figure,Countess Emilie Juliane of Barby-Mühlingen,Barby-Mühlingen,32,242,v4_olmo-mix-1124_llama,
historical_figure,Christian Karl Reinhard of Leiningen-Dachsburg-Falkenburg-Heidesheim,Leiningen-Dachsburg-Falkenburg-Heidesheim,4,4,v4_olmo-mix-1124_llama,
historical_figure,Caspar Schamberger,Schamberger,24,10263,v4_olmo-mix-1124_llama,
historical_figure,Daniel Itzig,Itzig,3010,16052,v4_olmo-mix-1124_llama,
historical_figure,Johann Kasimir Kolbe von Wartenberg,Wartenberg,30,45839,v4_olmo-mix-1124_llama,
historical_figure,Martinus Houttuyn,Houttuyn,166,25334,v4_olmo-mix-1124_llama,
historical_figure,Daniel Gralath,Gralath,841,1473,v4_olmo-mix-1124_llama,
historical_figure,Dorothea Friederike of Brandenburg-Ansbach,Brandenburg-Ansbach,8,9487,v4_olmo-mix-1124_llama,
historical_figure,Hans Caspar von Bothmer,Bothmer,65,17609,v4_olmo-mix-1124_llama,
historical_figure,Donat Nonnotte,Nonnotte,50,1141,v4_olmo-mix-1124_llama,
historical_figure,Gilles Allou,Allou,5,88097,v4_olmo-mix-1124_llama,
historical_figure,Johann Siegfried Hufnagel,Hufnagel,93,89391,v4_olmo-mix-1124_llama,
historical_figure,Pierre Louis Dumesnil,Dumesnil,22,13087,v4_olmo-mix-1124_llama,
historical_figure,Marianne Loir,Loir,387,48257,v4_olmo-mix-1124_llama,
historical_figure,"Ferdinand Willem, Duke of Württemberg-Neuenstadt",Württemberg-Neuenstadt,3,396,v4_olmo-mix-1124_llama,
historical_figure,Johann Gottlob Lehmann,Lehmann,1090,1215343,v4_olmo-mix-1124_llama,
historical_figure,Johannes Hancke,Hancke,1,9819,v4_olmo-mix-1124_llama,
historical_figure,Andreas von Gundelsheimer,Gundelsheimer,7,114,v4_olmo-mix-1124_llama,
historical_figure,"Simon August, Count of Lippe-Detmold",Lippe-Detmold,4,3362,v4_olmo-mix-1124_llama,
historical_figure,Friedrich Adolph Lampe,Lampe,44,241125,v4_olmo-mix-1124_llama,
historical_figure,Joseph Clemens of Bavaria,Bavaria,373,3086364,v4_olmo-mix-1124_llama,
historical_figure,Jakob Michael Reinhold Lenz,Lenz,1305,856671,v4_olmo-mix-1124_llama,
historical_figure,Carl Philipp Emanuel Bach,Bach,16756,28144708,v4_olmo-mix-1124_llama,
historical_figure,Christian Wolff,Wolff,60429,3354789,v4_olmo-mix-1124_llama,
historical_figure,Johann Ernst Glück,Glück,247,271356,v4_olmo-mix-1124_llama,
historical_figure,Philip Johan von Strahlenberg,Strahlenberg,1590,8093,v4_olmo-mix-1124_llama,
historical_figure,Johann Heinrich Schulze,Schulze,2500,732263,v4_olmo-mix-1124_llama,
historical_figure,Maurice de Saxe,Saxe,8888,660910,v4_olmo-mix-1124_llama,
historical_figure,John Theodore of Bavaria,Bavaria,30,3086364,v4_olmo-mix-1124_llama,
historical_figure,Caroline of Ansbach,Ansbach,5756,111086,v4_olmo-mix-1124_llama,
historical_figure,Johann Nikolaus Götz,Götz,62,141303,v4_olmo-mix-1124_llama,
historical_figure,Friedrich Karl von Moser,Moser,222,1323785,v4_olmo-mix-1124_llama,
historical_figure,Johann Dientzenhofer,Dientzenhofer,177,3383,v4_olmo-mix-1124_llama,
historical_figure,Michael Adelbulner,Adelbulner,28,43,v4_olmo-mix-1124_llama,
historical_figure,Franz Caspar Schnitger,Schnitger,43,17195,v4_olmo-mix-1124_llama,
historical_figure,Wilhelm Cramer,Cramer,548,2814053,v4_olmo-mix-1124_llama,
historical_figure,Nikolaus Poda von Neuhaus,Neuhaus,63,413383,v4_olmo-mix-1124_llama,
historical_figure,Joseph Franz Auersperg,Auersperg,9,32251,v4_olmo-mix-1124_llama,
historical_figure,José Luzan,Luzan,81,6280,v4_olmo-mix-1124_llama,
historical_figure,Piero de Bonzi,Bonzi,1,63431,v4_olmo-mix-1124_llama,
historical_figure,Guillaume Hergosse,Hergosse,3,3,v4_olmo-mix-1124_llama,
historical_figure,Christian Müller,Müller,5647,2806359,v4_olmo-mix-1124_llama,
historical_figure,Davide Antonio Fossati,Fossati,5,45735,v4_olmo-mix-1124_llama,
historical_figure,Théobald Michau,Michau,9,7978,v4_olmo-mix-1124_llama,
historical_figure,Maria Anna of Austria,Austria,2213,21942091,v4_olmo-mix-1124_llama,
historical_figure,Giovanni Antonio Scopoli,Scopoli,2076,18067,v4_olmo-mix-1124_llama,
historical_figure,Johann Lukas von Hildebrandt,Hildebrandt,1327,249105,v4_olmo-mix-1124_llama,
historical_figure,Federico Augusto de Wurtemberg-Neuenstadt,Wurtemberg-Neuenstadt,0,0,v4_olmo-mix-1124_llama,
historical_figure,John Philip of Lamberg,Lamberg,0,36634,v4_olmo-mix-1124_llama,
historical_figure,"Charles Louis, Duke of Schleswig-Holstein-Sonderburg-Beck",Schleswig-Holstein-Sonderburg-Beck,11,743,v4_olmo-mix-1124_llama,
historical_figure,Franz Martinelli,Martinelli,4,443095,v4_olmo-mix-1124_llama,
historical_figure,Augustin Friedrich Walther,Walther,51,1105970,v4_olmo-mix-1124_llama,
historical_figure,"Victor I, Prince of Anhalt-Bernburg-Schaumburg-Hoym",Anhalt-Bernburg-Schaumburg-Hoym,5,564,v4_olmo-mix-1124_llama,
historical_figure,Adam Christian Thebesius,Thebesius,70,566,v4_olmo-mix-1124_llama,
historical_figure,Johann Caspar Bagnato,Bagnato,91,23374,v4_olmo-mix-1124_llama,
historical_figure,Ignaz Franz,Franz,5693,7456597,v4_olmo-mix-1124_llama,
historical_figure,Johann Joseph von Trautson,Trautson,1,618,v4_olmo-mix-1124_llama,
historical_figure,Franz Ferdinand von Kuenburg,Kuenburg,0,624,v4_olmo-mix-1124_llama,
historical_figure,"Johann Georg, Chevalier de Saxe",Saxe,6,660910,v4_olmo-mix-1124_llama,
historical_figure,Hieronymus Albrecht Hass,Hass,171,13687520,v4_olmo-mix-1124_llama,
historical_figure,Christoph Nichelmann,Nichelmann,244,896,v4_olmo-mix-1124_llama,
historical_figure,Georg Andreas Agricola,Agricola,50,576465,v4_olmo-mix-1124_llama,
historical_figure,Princess Sophia Wilhelmina of Saxe-Coburg-Saalfeld,Saxe-Coburg-Saalfeld,13,15354,v4_olmo-mix-1124_llama,
historical_figure,Michael Johann von Althann,Althann,0,1831,v4_olmo-mix-1124_llama,
historical_figure,"Frederick William I, Duke of Schleswig-Holstein-Sonderburg-Beck",Schleswig-Holstein-Sonderburg-Beck,2,743,v4_olmo-mix-1124_llama,
historical_figure,Joseph Liesganig,Liesganig,60,179,v4_olmo-mix-1124_llama,
historical_figure,Samuel von Schmettau,Schmettau,69,2913,v4_olmo-mix-1124_llama,
historical_figure,Johann Karl Zeune,Zeune,1,6105,v4_olmo-mix-1124_llama,
historical_figure,Elisabeth Wendling,Wendling,7,87754,v4_olmo-mix-1124_llama,
historical_figure,Johann Friedrich Zückert,Zückert,15,1036,v4_olmo-mix-1124_llama,
historical_figure,"Philip Reinhard, Count of Hanau-Münzenberg",Hanau-Münzenberg,3,1224,v4_olmo-mix-1124_llama,
historical_figure,Johann Daniel Schöpflin,Schöpflin,54,8188,v4_olmo-mix-1124_llama,
historical_figure,Karl Heinrich von Hoym,Hoym,28,5457,v4_olmo-mix-1124_llama,
historical_figure,Matthias Petersen,Petersen,243,2563061,v4_olmo-mix-1124_llama,
historical_figure,Andreas Felix von Oefele,Oefele,38,23865,v4_olmo-mix-1124_llama,
historical_figure,"Günther XLIII, Prince of Schwarzburg-Sondershausen",Schwarzburg-Sondershausen,2,5084,v4_olmo-mix-1124_llama,
historical_figure,Johann August Bach,Bach,6,28144708,v4_olmo-mix-1124_llama,
historical_figure,Franz Xaver Josef von Unertl,Unertl,71,12360,v4_olmo-mix-1124_llama,
historical_figure,Christian Friedrich Witt,Witt,100,7158698,v4_olmo-mix-1124_llama,
historical_figure,Georg Christian Schemelli,Schemelli,87,366,v4_olmo-mix-1124_llama,
historical_figure,Ludwig Gundacker von Althan,Althan,0,10682,v4_olmo-mix-1124_llama,
historical_figure,Alexander Mack,Mack,84667,19682683,v4_olmo-mix-1124_llama,
historical_figure,Georg Albrecht of Saxe-Weissenfels,Saxe-Weissenfels,18,2866,v4_olmo-mix-1124_llama,
historical_figure,Christopher of Baden-Durlach,Baden-Durlach,2,10248,v4_olmo-mix-1124_llama,
historical_figure,Wilhelm Dietrich von Buddenbrock,Buddenbrock,23,10369,v4_olmo-mix-1124_llama,
historical_figure,Jean-Philippe Baratier,Baratier,34,6137,v4_olmo-mix-1124_llama,
historical_figure,Gottfried Heinrich Gloger,Gloger,36,19550,v4_olmo-mix-1124_llama,
historical_figure,Christiane Luise Amalie Becker,Becker,3,5805305,v4_olmo-mix-1124_llama,
historical_figure,Gottfried Heinsius,Heinsius,33,18975,v4_olmo-mix-1124_llama,
historical_figure,Heino Heinrich Graf von Flemming,Flemming,60,532355,v4_olmo-mix-1124_llama,
historical_figure,"Alexander Hermann, Count of Wartensleben",Wartensleben,3,5237,v4_olmo-mix-1124_llama,
historical_figure,Johann Adam Kulmus,Kulmus,164,1328,v4_olmo-mix-1124_llama,
historical_figure,Frederick Charles of Stolberg-Gedern,Stolberg-Gedern,4,1814,v4_olmo-mix-1124_llama,
historical_figure,Constantin Christian Dedekind,Dedekind,55,421330,v4_olmo-mix-1124_llama,
historical_figure,Johann Christoph Müller,Müller,9,2806359,v4_olmo-mix-1124_llama,
historical_figure,Moritz Georg Weidmann,Weidmann,97,171856,v4_olmo-mix-1124_llama,
historical_figure,Johann Samuel Diterich,Diterich,1,770,v4_olmo-mix-1124_llama,
historical_figure,Friedrich Konrad Hiller,Hiller,0,706849,v4_olmo-mix-1124_llama,
historical_figure,Johann Nicolaus Mempel,Mempel,26,9019,v4_olmo-mix-1124_llama,
historical_figure,Johann Andreas Dieze,Dieze,1,1530,v4_olmo-mix-1124_llama,
historical_figure,Johann Octavian Salver,Salver,3,22655,v4_olmo-mix-1124_llama,
historical_figure,Johann Lorenz Fleischer,Fleischer,0,1228045,v4_olmo-mix-1124_llama,
historical_figure,Christian Wermuth,Wermuth,337,47617,v4_olmo-mix-1124_llama,
historical_figure,Heinrich Georg Neuss,Neuss,22,65199,v4_olmo-mix-1124_llama,
historical_figure,Benigna Marie of Reuss-Ebersdorf,Reuss-Ebersdorf,1,802,v4_olmo-mix-1124_llama,
historical_figure,Johann Georg Beck,Beck,30,35905018,v4_olmo-mix-1124_llama,
historical_figure,"Anthony Günther, Prince of Anhalt-Mühlingen",Anhalt-Mühlingen,0,8,v4_olmo-mix-1124_llama,
historical_figure,Johann Bartsch,Bartsch,404,163775,v4_olmo-mix-1124_llama,
historical_figure,Johann Christian Nehring,Nehring,11,71569,v4_olmo-mix-1124_llama,
historical_figure,Joachim Christoph von Jeetze,Jeetze,1,808,v4_olmo-mix-1124_llama,
historical_figure,Georg Riedel,Riedel,4371,549318,v4_olmo-mix-1124_llama,
historical_figure,Jean de Bodt,Bodt,128,17787,v4_olmo-mix-1124_llama,
historical_figure,Gerhard Wolter Molanus,Molanus,2,2507,v4_olmo-mix-1124_llama,
historical_figure,Thomas Fritsch,Fritsch,1166,345473,v4_olmo-mix-1124_llama,
historical_figure,Joachim Friedrich Henckel,Henckel,4,66444,v4_olmo-mix-1124_llama,
historical_figure,Jakob Immanuel Pyra,Pyra,2,134059,v4_olmo-mix-1124_llama,
historical_figure,Johann Friedrich Karl von Alvensleben,Alvensleben,4,12261,v4_olmo-mix-1124_llama,
historical_figure,Andreas Krüger,Krüger,832,190794,v4_olmo-mix-1124_llama,
historical_figure,Maximilian Prokop von Toerring-Jettenbach,Toerring-Jettenbach,0,465,v4_olmo-mix-1124_llama,
historical_figure,Gottfried Heinrich Krohne,Krohne,153,14041,v4_olmo-mix-1124_llama,
historical_figure,Friedrich von Dreger,Dreger,4,140190,v4_olmo-mix-1124_llama,
historical_figure,Carl Hildebrand von Canstein,Canstein,39,1394,v4_olmo-mix-1124_llama,
historical_figure,"Peter Hohmann, Edler of Hohenthal",Hohenthal,1,4307,v4_olmo-mix-1124_llama,
historical_figure,Christoph Cuntzius,Cuntzius,103,103,v4_olmo-mix-1124_llama,
historical_figure,Ernst Bengel,Bengel,2,67651,v4_olmo-mix-1124_llama,
historical_figure,Christoph Kersten,Kersten,25,249127,v4_olmo-mix-1124_llama,
historical_figure,Johann Franz Eckher von Kapfing und Liechteneck,Liechteneck,0,18,v4_olmo-mix-1124_llama,
historical_figure,Fortunatus Hueber,Hueber,3,28129,v4_olmo-mix-1124_llama,
historical_figure,Johann Georg Fincke,Fincke,0,91413,v4_olmo-mix-1124_llama,
historical_figure,Anton August Beck,Beck,6,35905018,v4_olmo-mix-1124_llama,
historical_figure,Johann Deutschmann,Deutschmann,18,19836,v4_olmo-mix-1124_llama,
historical_figure,Leonhard Dientzenhofer,Dientzenhofer,67,3383,v4_olmo-mix-1124_llama,
historical_figure,Adam Dietrich,Dietrich,488,2434707,v4_olmo-mix-1124_llama,
historical_figure,Johann Conrad Arnoldi,Arnoldi,0,74229,v4_olmo-mix-1124_llama,
historical_figure,Otto Magnus von Dönhoff,Dönhoff,1,4589,v4_olmo-mix-1124_llama,
historical_figure,Johann Jakob Schudt,Schudt,99,8005,v4_olmo-mix-1124_llama,
historical_figure,Otto Magnus von Schwerin,Schwerin,1,135718,v4_olmo-mix-1124_llama,
historical_figure,Joachim Tielke,Tielke,975,3073,v4_olmo-mix-1124_llama,
historical_figure,Gerhard von Dernath,Dernath,1,29,v4_olmo-mix-1124_llama,
historical_figure,Michael Friedrich Quade,Quade,0,311970,v4_olmo-mix-1124_llama,
historical_figure,Johann Mentzer,Mentzer,100,185591,v4_olmo-mix-1124_llama,
historical_figure,Franz Woken,Woken,0,90527,v4_olmo-mix-1124_llama,
historical_figure,Friedrich Wilhelm von Westphalen,Westphalen,21,45255,v4_olmo-mix-1124_llama,
historical_figure,Johann Jakob Bethmann,Bethmann,11,90356,v4_olmo-mix-1124_llama,
historical_figure,Cuno Christian Schinkel,Schinkel,0,71209,v4_olmo-mix-1124_llama,
historical_figure,Johann Christoph Döderlein,Döderlein,48,4875,v4_olmo-mix-1124_llama,
historical_figure,Georg Heinrich Zincke,Zincke,6,7394,v4_olmo-mix-1124_llama,
historical_figure,Count Claude Florimond de Mercy,Mercy,174,6392762,v4_olmo-mix-1124_llama,
historical_figure,Wilhelm Reinhard von Neipperg,Neipperg,270,13110,v4_olmo-mix-1124_llama,
historical_figure,Johann Jacob Heber,Heber,1,596401,v4_olmo-mix-1124_llama,
historical_figure,Joseph Hueber,Hueber,202,28129,v4_olmo-mix-1124_llama,
historical_figure,Daniel von Peharnik-Hotkovich,Peharnik-Hotkovich,0,1,v4_olmo-mix-1124_llama,
historical_figure,Johann Christian Brandes,Brandes,38,265209,v4_olmo-mix-1124_llama,
historical_figure,"Camille d'Hostun, duc de Tallard",Tallard,18,32964,v4_olmo-mix-1124_llama,
historical_figure,Charles Theodore Pachelbel,Pachelbel,305,170770,v4_olmo-mix-1124_llama,
historical_figure,Sigbert Heister,Heister,263,73788,v4_olmo-mix-1124_llama,
historical_figure,Maximiliane Brentano,Brentano,266,265532,v4_olmo-mix-1124_llama,
historical_figure,Charles-Antoine Coypel,Coypel,1093,10198,v4_olmo-mix-1124_llama,
historical_figure,Marie Karoline von Fuchs-Mollard,Fuchs-Mollard,148,209,v4_olmo-mix-1124_llama,
historical_figure,Thomas von Fritsch,Fritsch,41,345473,v4_olmo-mix-1124_llama,
historical_figure,Johann Christoph Knöffel,Knöffel,96,219,v4_olmo-mix-1124_llama,
historical_figure,"Sir Joshua Rowley, 1st Baronet",Baronet,109,386516,v4_olmo-mix-1124_llama,
historical_figure,Suzanne Curchod,Curchod,1393,4920,v4_olmo-mix-1124_llama,
historical_figure,Date Yoshimura,Yoshimura,69,279500,v4_olmo-mix-1124_llama,
historical_figure,Philippe Van Dievoet,Dievoet,12,528,v4_olmo-mix-1124_llama,
historical_figure,Frederick Haldimand,Haldimand,7807,97229,v4_olmo-mix-1124_llama,
historical_figure,Alexander Joseph Sulkowski,Sulkowski,16,14477,v4_olmo-mix-1124_llama,
historical_figure,Józef Judycki,Judycki,28,847,v4_olmo-mix-1124_llama,
historical_figure,Henri de Catt,Catt,82,2277093,v4_olmo-mix-1124_llama,
historical_figure,Françoise-Louise de Warens,Warens,293,13498,v4_olmo-mix-1124_llama,
historical_figure,Johann Melchior Wyrsch,Wyrsch,55,6306,v4_olmo-mix-1124_llama,
historical_figure,Gustavus Katterfelto,Katterfelto,195,1176,v4_olmo-mix-1124_llama,
historical_figure,John James Heidegger,Heidegger,509,3730645,v4_olmo-mix-1124_llama,
historical_figure,Raimondo di Sangro,Sangro,4059,43536,v4_olmo-mix-1124_llama,
historical_figure,Christian Gottfried Hoffmann,Hoffmann,3,1845764,v4_olmo-mix-1124_llama,
historical_figure,Anne of Great Britain,Britain,6127,111502456,v4_olmo-mix-1124_llama,
historical_figure,Karl Stilp,Stilp,36,16187,v4_olmo-mix-1124_llama,
historical_figure,Johannes Jakob Buxtorf,Buxtorf,1,25288,v4_olmo-mix-1124_llama,
historical_figure,Michael Gröll,Gröll,2,5307,v4_olmo-mix-1124_llama,
historical_figure,Gabriel de Gabrieli,Gabrieli,171,140078,v4_olmo-mix-1124_llama,
historical_figure,Johann Rudolf Tschiffeli,Tschiffeli,75,462,v4_olmo-mix-1124_llama,
historical_figure,Adolf Friedrich von Reinhard,Reinhard,1,1044381,v4_olmo-mix-1124_llama,
historical_figure,Samuel Heinrich König,König,31,985510,v4_olmo-mix-1124_llama,
historical_figure,Heinrich Carl von Schimmelmann,Schimmelmann,105,7312,v4_olmo-mix-1124_llama,
historical_figure,Giovanni Catenazzi,Catenazzi,29,9138,v4_olmo-mix-1124_llama,
historical_figure,Jean-Paul Marat,Marat,36872,648114,v4_olmo-mix-1124_llama,
historical_figure,Gabriel Cramer,Cramer,3698,2814053,v4_olmo-mix-1124_llama,
historical_figure,"Charles Frederick Albert, Margrave of Brandenburg-Schwedt",Brandenburg-Schwedt,4,4139,v4_olmo-mix-1124_llama,
historical_figure,August Adolf von Haugwitz,Haugwitz,10,10776,v4_olmo-mix-1124_llama,
historical_figure,Albrecht von Haller,Haller,9546,827632,v4_olmo-mix-1124_llama,
historical_figure,Christian Frederick Boerner,Boerner,2,46029,v4_olmo-mix-1124_llama,
historical_figure,Christian August von Eyben,Eyben,2,6907,v4_olmo-mix-1124_llama,
historical_figure,Johann Adam Soherr,Soherr,2,101,v4_olmo-mix-1124_llama,
historical_figure,Giovanni Gaspare Zuccalli,Zuccalli,24,596,v4_olmo-mix-1124_llama,
historical_figure,Jakob II Bernoulli,Bernoulli,215,1758698,v4_olmo-mix-1124_llama,
historical_figure,Nicolas Doxat,Doxat,42,1635,v4_olmo-mix-1124_llama,
historical_figure,Peter Schenk the Younger,Younger,17,5492730,v4_olmo-mix-1124_llama,
historical_figure,Giovanni Pietro Tencalla,Tencalla,197,1296,v4_olmo-mix-1124_llama,
historical_figure,Johann Jacob Leu,Leu,15,2035634,v4_olmo-mix-1124_llama,
historical_figure,Johann Moritz von Strachwitz,Strachwitz,3,31516,v4_olmo-mix-1124_llama,
historical_figure,Caspar Bussingius,Bussingius,0,3,v4_olmo-mix-1124_llama,
historical_figure,Sophia Elisabet Brenner,Brenner,388,1671732,v4_olmo-mix-1124_llama,
historical_figure,Pyotr Yeropkin,Yeropkin,151,322,v4_olmo-mix-1124_llama,
historical_figure,Ștefan Canta-n Cazino,Cazino,0,1890,v4_olmo-mix-1124_llama,
historical_figure,Anton Schweitzer,Schweitzer,346,1158354,v4_olmo-mix-1124_llama,
historical_figure,Barthélémy Catherine Joubert,Joubert,43,416648,v4_olmo-mix-1124_llama,
historical_figure,André Charles Boulle,Boulle,1003,133824,v4_olmo-mix-1124_llama,
historical_figure,Mariano Arciero,Arciero,16,24276,v4_olmo-mix-1124_llama,
historical_figure,John Byng,Byng,11680,217810,v4_olmo-mix-1124_llama,
historical_figure,François Thierry,Thierry,157,1599596,v4_olmo-mix-1124_llama,
historical_figure,Alvise II Mocenigo,Mocenigo,5,31696,v4_olmo-mix-1124_llama,
historical_figure,"Christian, Duke of Saxe-Eisenberg",Saxe-Eisenberg,12,177,v4_olmo-mix-1124_llama,
historical_figure,Innocent XII,XII,11331,4173650,v4_olmo-mix-1124_llama,
historical_figure,"Charles Beauclerk, 1st Duke of St Albans",Albans,139,763148,v4_olmo-mix-1124_llama,
historical_figure,John Cheere,Cheere,371,4409,v4_olmo-mix-1124_llama,
historical_figure,William Rittenhouse,Rittenhouse,1923,742251,v4_olmo-mix-1124_llama,
historical_figure,Wilhelm Carpelan,Carpelan,10,8029,v4_olmo-mix-1124_llama,
historical_figure,Carl Gustaf Roos,Roos,152,895461,v4_olmo-mix-1124_llama,
historical_figure,Peter Faneuil,Faneuil,4233,145184,v4_olmo-mix-1124_llama,
historical_figure,Prince Frederick of Great Britain,Britain,38,111502456,v4_olmo-mix-1124_llama,
historical_figure,"John Churchill, 1st Duke of Marlborough",Marlborough,4763,1091616,v4_olmo-mix-1124_llama,
historical_figure,Yemelyan Pugachev,Pugachev,4870,87835,v4_olmo-mix-1124_llama,
historical_figure,"Philippe, Duke of Orléans, Regent of France",France,27,164450361,v4_olmo-mix-1124_llama,
historical_figure,Johann Kuhnau,Kuhnau,3707,13583,v4_olmo-mix-1124_llama,
historical_figure,Prince Charles Alexander of Lorraine,Lorraine,1240,3516544,v4_olmo-mix-1124_llama,
historical_figure,Jakob Johann Josef Wosky von Baerenstamm,Baerenstamm,0,0,v4_olmo-mix-1124_llama,
historical_figure,Frederick IV of Denmark,Denmark,3405,20903672,v4_olmo-mix-1124_llama,
historical_figure,Hedvig Eleonora of Holstein-Gottorp,Holstein-Gottorp,161,26989,v4_olmo-mix-1124_llama,
historical_figure,Edward Gibbon,Gibbon,210843,1288852,v4_olmo-mix-1124_llama,
historical_figure,Robert Clive,Clive,67287,4856236,v4_olmo-mix-1124_llama,
historical_figure,Andreas Nitsche,Nitsche,825,69757,v4_olmo-mix-1124_llama,
historical_figure,Domenico Pozzi,Pozzi,20,117308,v4_olmo-mix-1124_llama,
historical_figure,Silahdar Findiklili Mehmed Aga,Aga,145,1313080,v4_olmo-mix-1124_llama,
historical_figure,Bernardo Bellotto,Bellotto,5213,19802,v4_olmo-mix-1124_llama,
historical_figure,Carlo Goldoni,Goldoni,19313,76875,v4_olmo-mix-1124_llama,
historical_figure,Gaspard Jean-Baptiste Brunet,Brunet,21,295328,v4_olmo-mix-1124_llama,
historical_figure,Timur Shah Durrani,Durrani,3822,289128,v4_olmo-mix-1124_llama,
historical_figure,Teresa Margaret Redi,Redi,53,218316,v4_olmo-mix-1124_llama,
historical_figure,Princess Isabella of Parma,Parma,183,1472456,v4_olmo-mix-1124_llama,
historical_figure,Georg Muffat,Muffat,3057,39483,v4_olmo-mix-1124_llama,
historical_figure,Abdul Hamid I,I,3596,25834773818,v4_olmo-mix-1124_llama,
historical_figure,William Hogarth,Hogarth,89175,881573,v4_olmo-mix-1124_llama,
historical_figure,Philippe Néricault Destouches,Destouches,199,15647,v4_olmo-mix-1124_llama,
historical_figure,"Alessandro, Marquis de Maffei",Maffei,2,172426,v4_olmo-mix-1124_llama,
historical_figure,Marcin Matuszewicz,Matuszewicz,4,276,v4_olmo-mix-1124_llama,
historical_figure,Louis Bertrand Castel,Castel,1838,1080250,v4_olmo-mix-1124_llama,
historical_figure,Teodorico Pedrini,Pedrini,194,16683,v4_olmo-mix-1124_llama,
historical_figure,Alessandro Scarlatti,Scarlatti,23844,225613,v4_olmo-mix-1124_llama,
historical_figure,Georges Danton,Danton,18349,530167,v4_olmo-mix-1124_llama,
historical_figure,Giovanni Battista Pergolesi,Pergolesi,5272,54447,v4_olmo-mix-1124_llama,
historical_figure,Michiel van Musscher,Musscher,353,935,v4_olmo-mix-1124_llama,
historical_figure,Gottfried von Jena,Jena,1,1726843,v4_olmo-mix-1124_llama,
historical_figure,Nicolas Boileau-Despréaux,Boileau-Despréaux,2260,3278,v4_olmo-mix-1124_llama,
historical_figure,Claude Adrien Helvétius,Helvétius,2465,24248,v4_olmo-mix-1124_llama,
historical_figure,Sébastien Le Prestre de Vauban,Vauban,3807,170584,v4_olmo-mix-1124_llama,
historical_figure,François Joseph Paul de Grasse,Grasse,1123,360064,v4_olmo-mix-1124_llama,
historical_figure,Bada Shanren,Shanren,5938,12860,v4_olmo-mix-1124_llama,
historical_figure,Johann Christian Schieferdecker,Schieferdecker,438,7316,v4_olmo-mix-1124_llama,
historical_figure,María Gaetana Agnesi,Agnesi,0,44028,v4_olmo-mix-1124_llama,
historical_figure,Torbern Bergman,Bergman,6418,3294848,v4_olmo-mix-1124_llama,
historical_figure,Jean-Étienne Montucla,Montucla,467,6051,v4_olmo-mix-1124_llama,
historical_figure,Robert Wood,Wood,385367,80429540,v4_olmo-mix-1124_llama,
historical_figure,George Vancouver,Vancouver,53094,18742749,v4_olmo-mix-1124_llama,
historical_figure,Joseph Addison,Addison,65109,4001584,v4_olmo-mix-1124_llama,
historical_figure,Christian Goldbach,Goldbach,8066,260490,v4_olmo-mix-1124_llama,
historical_figure,Baldassare Galuppi,Galuppi,4180,21437,v4_olmo-mix-1124_llama,
historical_figure,John Wallis,Wallis,47806,2262196,v4_olmo-mix-1124_llama,
historical_figure,"William Pitt, 1st Earl of Chatham",Chatham,2183,1763842,v4_olmo-mix-1124_llama,
historical_figure,Friedrich Wilhelm von Steuben,Steuben,8319,731848,v4_olmo-mix-1124_llama,
historical_figure,Johann Reinhold Forster,Forster,4561,2086300,v4_olmo-mix-1124_llama,
historical_figure,Charles Ancillon,Ancillon,246,1813,v4_olmo-mix-1124_llama,
historical_figure,Johann Heinrich Tischbein,Tischbein,1052,11410,v4_olmo-mix-1124_llama,
historical_figure,Prince Joseph of Saxe-Hildburghausen,Saxe-Hildburghausen,111,8133,v4_olmo-mix-1124_llama,
historical_figure,Eulogius Schneider,Schneider,421,6686448,v4_olmo-mix-1124_llama,
historical_figure,Joseph Wright of Derby,Derby,12440,7580690,v4_olmo-mix-1124_llama,
historical_figure,Alois Friedrich von Brühl,Brühl,87,120699,v4_olmo-mix-1124_llama,
historical_figure,Gustav Adolf von Gotter,Gotter,33,100100,v4_olmo-mix-1124_llama,
historical_figure,Clemens August of Bavaria,Bavaria,563,3086364,v4_olmo-mix-1124_llama,
historical_figure,Joachim Georg Darjes,Darjes,55,2715,v4_olmo-mix-1124_llama,
historical_figure,Karl Philipp Moritz,Moritz,1690,1234108,v4_olmo-mix-1124_llama,
historical_figure,"Albert Wolfgang, Count of Schaumburg-Lippe",Schaumburg-Lippe,4,19531,v4_olmo-mix-1124_llama,
historical_figure,Conrad Beissel,Beissel,4580,25737,v4_olmo-mix-1124_llama,
historical_figure,Philipp Gotthard von Schaffgotsch,Schaffgotsch,75,3002,v4_olmo-mix-1124_llama,
historical_figure,Charles August of Baden-Durlach,Baden-Durlach,2,10248,v4_olmo-mix-1124_llama,
historical_figure,Johann Pfeiffer,Pfeiffer,133,1525756,v4_olmo-mix-1124_llama,
historical_figure,Mojsije Putnik,Putnik,77,18830,v4_olmo-mix-1124_llama,
historical_figure,Giovanni Battista Sammartini,Sammartini,2257,11327,v4_olmo-mix-1124_llama,
historical_figure,Alexandre Ubeleski,Ubeleski,1,4,v4_olmo-mix-1124_llama,
historical_figure,John Berkenhout,Berkenhout,584,1810,v4_olmo-mix-1124_llama,
historical_figure,William Dampier,Dampier,33928,270073,v4_olmo-mix-1124_llama,
historical_figure,Louise Élisabeth of France,France,322,164450361,v4_olmo-mix-1124_llama,
historical_figure,Louise de La Vallière,Vallière,3724,29611,v4_olmo-mix-1124_llama,
historical_figure,Duchess Elisabeth of Württemberg,Württemberg,62,279689,v4_olmo-mix-1124_llama,
historical_figure,Sophia Alekseyevna of Russia,Russia,203,177278304,v4_olmo-mix-1124_llama,
historical_figure,Louisa Ulrika of Prussia,Prussia,939,4473075,v4_olmo-mix-1124_llama,
historical_figure,Rachel Ruysch,Ruysch,5277,39005,v4_olmo-mix-1124_llama,
historical_figure,Yolande de Polastron,Polastron,454,3695,v4_olmo-mix-1124_llama,
historical_figure,Archduchess Maria Anna of Austria,Austria,795,21942091,v4_olmo-mix-1124_llama,
historical_figure,Madeleine de Scudéry,Scudéry,3796,13602,v4_olmo-mix-1124_llama,
historical_figure,Anne Sophie Reventlow,Reventlow,164,25117,v4_olmo-mix-1124_llama,
historical_figure,Anna Amalia,Amalia,9477,481023,v4_olmo-mix-1124_llama,
historical_figure,Carlo Cignani,Cignani,1067,1803,v4_olmo-mix-1124_llama,
historical_figure,"Louise Françoise de Bourbon, Duchess of Bourbon",Bourbon,38,3628506,v4_olmo-mix-1124_llama,
historical_figure,František Václav Míča,Míča,51,151,v4_olmo-mix-1124_llama,
historical_figure,Theresa Kunegunda Sobieska,Sobieska,55,5361,v4_olmo-mix-1124_llama,
historical_figure,Grigory Potemkin,Potemkin,11228,692529,v4_olmo-mix-1124_llama,
historical_figure,George Grenville,Grenville,27224,442262,v4_olmo-mix-1124_llama,
historical_figure,"Mary Stuart, Countess of Bute",Bute,7,678119,v4_olmo-mix-1124_llama,
historical_figure,Gunno Dahlstierna,Dahlstierna,20,40,v4_olmo-mix-1124_llama,
historical_figure,Árni Magnússon,Magnússon,5653,42944,v4_olmo-mix-1124_llama,
historical_figure,Colen Campbell,Campbell,2745,22224058,v4_olmo-mix-1124_llama,
historical_figure,Landgravine Friederike of Hesse-Darmstadt,Hesse-Darmstadt,56,40893,v4_olmo-mix-1124_llama,
historical_figure,Charlotte Christine of Brunswick-Lüneburg,Brunswick-Lüneburg,132,36387,v4_olmo-mix-1124_llama,
historical_figure,Johann Baptist Straub,Straub,293,669007,v4_olmo-mix-1124_llama,
historical_figure,Polyxena of Hesse-Rheinfels-Rotenburg,Hesse-Rheinfels-Rotenburg,9,269,v4_olmo-mix-1124_llama,
historical_figure,Florian Reichssiegel,Reichssiegel,1,3,v4_olmo-mix-1124_llama,
historical_figure,Jean-Jacques Desandrouin,Desandrouin,8,223,v4_olmo-mix-1124_llama,
historical_figure,Faustina Bordoni,Bordoni,3500,31503,v4_olmo-mix-1124_llama,
historical_figure,Martin Bouquet,Bouquet,107,549498,v4_olmo-mix-1124_llama,
historical_figure,Barbara Campanini,Campanini,318,14376,v4_olmo-mix-1124_llama,
historical_figure,André Le Nôtre,Nôtre,13379,43545,v4_olmo-mix-1124_llama,
historical_figure,Marie-Angélique Memmie Le Blanc,Blanc,361,4096929,v4_olmo-mix-1124_llama,
historical_figure,Princess Élisabeth of France,France,244,164450361,v4_olmo-mix-1124_llama,
historical_figure,"Catherine Sedley, Countess of Dorchester",Dorchester,290,958004,v4_olmo-mix-1124_llama,
historical_figure,"Henrietta Howard, Countess of Suffolk",Suffolk,203,2925068,v4_olmo-mix-1124_llama,
historical_figure,"John Stuart, Lord Mount Stuart",Stuart,25,14370472,v4_olmo-mix-1124_llama,
historical_figure,Mademoiselle Aïssé,Aïssé,133,422,v4_olmo-mix-1124_llama,
historical_figure,Valentin Jautard,Jautard,911,2015,v4_olmo-mix-1124_llama,
historical_figure,James Mitchell Varnum,Varnum,956,72880,v4_olmo-mix-1124_llama,
historical_figure,Stephan Bergler,Bergler,24,24828,v4_olmo-mix-1124_llama,
historical_figure,Luis Antonio Belluga y Moncada,Moncada,4,245852,v4_olmo-mix-1124_llama,
historical_figure,René Dahuron,Dahuron,1,299,v4_olmo-mix-1124_llama,
historical_figure,Hieronim Wincenty Radziwiłł,Radziwiłł,29,33944,v4_olmo-mix-1124_llama,
historical_figure,Louis Boulduc,Boulduc,0,649,v4_olmo-mix-1124_llama,
historical_figure,Anna Leszczyńska,Leszczyńska,122,8873,v4_olmo-mix-1124_llama,
historical_figure,Étienne Baluze,Baluze,642,5521,v4_olmo-mix-1124_llama,
historical_figure,Étienne Bézout,Bézout,957,36802,v4_olmo-mix-1124_llama,
historical_figure,Étienne Charles de Loménie de Brienne,Brienne,879,945191,v4_olmo-mix-1124_llama,
historical_figure,Étienne-Jean Bouchu,Bouchu,0,3321,v4_olmo-mix-1124_llama,
historical_figure,Étienne Loulié,Loulié,195,1072,v4_olmo-mix-1124_llama,
historical_figure,Ólafur Gíslason,Gíslason,158,16621,v4_olmo-mix-1124_llama,
historical_figure,"Marie Anne de Vichy-Chamrond, marquise du Deffand",Deffand,60,11144,v4_olmo-mix-1124_llama,
historical_figure,Anna Rosina de Gasc,Gasc,47,208668,v4_olmo-mix-1124_llama,
historical_figure,Elisabeth Albertine of Anhalt-Dessau,Anhalt-Dessau,3,14774,v4_olmo-mix-1124_llama,
historical_figure,Antonio Bellucci,Bellucci,474,244336,v4_olmo-mix-1124_llama,
historical_figure,Johann Josef von Waldstein,Waldstein,0,70841,v4_olmo-mix-1124_llama,
historical_figure,Nicolas Malebranche,Malebranche,12856,167881,v4_olmo-mix-1124_llama,
historical_figure,Ruđer Josip Bošković,Bošković,621,21326,v4_olmo-mix-1124_llama,
historical_figure,John Blow,Blow,8917,9899507,v4_olmo-mix-1124_llama,
historical_figure,Calico Jack,Jack,56578,140843908,v4_olmo-mix-1124_llama,
historical_figure,Michel Richard Delalande,Delalande,673,15356,v4_olmo-mix-1124_llama,
historical_figure,William Boyce,Boyce,12348,1335847,v4_olmo-mix-1124_llama,
historical_figure,Thomas Chippendale,Chippendale,17312,268417,v4_olmo-mix-1124_llama,
historical_figure,Maurice Quentin de La Tour,Tour,2616,37174441,v4_olmo-mix-1124_llama,
historical_figure,Thomas Gray,Gray,77495,29738947,v4_olmo-mix-1124_llama,
historical_figure,Domenico Egidio Rossi,Rossi,64,5719200,v4_olmo-mix-1124_llama,
historical_figure,Giovanni Battista Piranesi,Piranesi,12470,138320,v4_olmo-mix-1124_llama,
historical_figure,William Gustav of Anhalt-Dessau,Anhalt-Dessau,32,14774,v4_olmo-mix-1124_llama,
historical_figure,Abel Renz,Renz,0,374980,v4_olmo-mix-1124_llama,
historical_figure,Samuel Oppenheimer,Oppenheimer,2178,2094989,v4_olmo-mix-1124_llama,
historical_figure,"Simon Henry Adolph, Count of Lippe-Detmold",Lippe-Detmold,6,3362,v4_olmo-mix-1124_llama,
historical_figure,Antoine Galland,Galland,12424,245105,v4_olmo-mix-1124_llama,
historical_figure,Tokugawa Yoshimune,Yoshimune,6784,33682,v4_olmo-mix-1124_llama,
historical_figure,Domenico Alberti,Alberti,1097,478035,v4_olmo-mix-1124_llama,
historical_figure,Francis Atterbury,Atterbury,2142,67145,v4_olmo-mix-1124_llama,
historical_figure,"Antonio Ferrante Gonzaga, Duke of Guastalla",Guastalla,2,20007,v4_olmo-mix-1124_llama,
historical_figure,Nicholas Herkimer,Herkimer,4178,220465,v4_olmo-mix-1124_llama,
historical_figure,Franz Joseph Spiegler,Spiegler,73,30763,v4_olmo-mix-1124_llama,
historical_figure,Pierre-Jean Mariette,Mariette,745,190829,v4_olmo-mix-1124_llama,
historical_figure,Felix Benda,Benda,73,194626,v4_olmo-mix-1124_llama,
historical_figure,"Heinrich X, Count of Reuss-Ebersdorf",Reuss-Ebersdorf,1,802,v4_olmo-mix-1124_llama,
historical_figure,Pietro Castrucci,Castrucci,218,12706,v4_olmo-mix-1124_llama,
historical_figure,Abraham Alewijn,Alewijn,7,2075,v4_olmo-mix-1124_llama,
historical_figure,Daniel Eberlin,Eberlin,303,23368,v4_olmo-mix-1124_llama,
historical_figure,Pierre-Gabriel Buffardin,Buffardin,173,978,v4_olmo-mix-1124_llama,
historical_figure,Johannes Fabritius,Fabritius,5,37941,v4_olmo-mix-1124_llama,
historical_figure,David Petersen,Petersen,16839,2563061,v4_olmo-mix-1124_llama,
historical_figure,Nicholas Bernoulli,Bernoulli,2093,1758698,v4_olmo-mix-1124_llama,
historical_figure,Georg Christian Lehms,Lehms,461,1385,v4_olmo-mix-1124_llama,
historical_figure,Ignazio Fiorillo,Fiorillo,34,75178,v4_olmo-mix-1124_llama,
historical_figure,Louis de Cahusac,Cahusac,352,5535,v4_olmo-mix-1124_llama,
historical_figure,George August Samuel of Nassau-Idstein,Nassau-Idstein,1,373,v4_olmo-mix-1124_llama,
historical_figure,Friedrich Spanheim the Younger,Younger,3,5492730,v4_olmo-mix-1124_llama,
historical_figure,Charles Frederick II,II,19,191309107,v4_olmo-mix-1124_llama,
historical_figure,Samuel Molyneux,Molyneux,1997,861127,v4_olmo-mix-1124_llama,
historical_figure,Abram Petrovich Gannibal,Gannibal,3027,15576,v4_olmo-mix-1124_llama,
historical_figure,Giovanni Battista Draghi,Draghi,314,1185095,v4_olmo-mix-1124_llama,
historical_figure,Giuseppe Sardi,Sardi,422,132064,v4_olmo-mix-1124_llama,
historical_figure,Johann Michael Feuchtmayer,Feuchtmayer,121,610,v4_olmo-mix-1124_llama,
historical_figure,Stanislaus Czerniewicz,Czerniewicz,185,1809,v4_olmo-mix-1124_llama,
historical_figure,Giulio Cesare Corradi,Corradi,21,49671,v4_olmo-mix-1124_llama,
historical_figure,Pietro Pariati,Pariati,410,715,v4_olmo-mix-1124_llama,
historical_figure,François de Chevert,Chevert,112,4720,v4_olmo-mix-1124_llama,
historical_figure,Friederike of Saxe-Gotha-Altenburg,Saxe-Gotha-Altenburg,0,7572,v4_olmo-mix-1124_llama,
historical_figure,Pietro Baldassare,Baldassare,26,78186,v4_olmo-mix-1124_llama,
historical_figure,Anton thor Helle,Helle,102,638269,v4_olmo-mix-1124_llama,
historical_figure,Abraham Louis Michell,Michell,0,390701,v4_olmo-mix-1124_llama,
historical_figure,Abraham Lüttringhausen,Lüttringhausen,0,482,v4_olmo-mix-1124_llama,
historical_figure,Abraham Mendle,Mendle,0,18285,v4_olmo-mix-1124_llama,
historical_figure,Abraham Rozanes,Rozanes,0,1690,v4_olmo-mix-1124_llama,
historical_figure,Abraham Siebel,Siebel,0,556234,v4_olmo-mix-1124_llama,
historical_figure,Abraham Sharp,Sharp,1752,10188482,v4_olmo-mix-1124_llama,
historical_figure,Abraham Storck,Storck,1237,74884,v4_olmo-mix-1124_llama,
historical_figure,Abraham van Riebeeck,Riebeeck,403,56376,v4_olmo-mix-1124_llama,
historical_figure,Abraham III of Armenia,Armenia,8,7446513,v4_olmo-mix-1124_llama,
historical_figure,Pierre Seignette,Seignette,210,2518,v4_olmo-mix-1124_llama,
historical_figure,Jean-Baptiste du Hamel,Hamel,116,756323,v4_olmo-mix-1124_llama,
historical_figure,William Blackstone,Blackstone,145173,1731226,v4_olmo-mix-1124_llama,
historical_figure,Jan de Beijer,Beijer,46,69067,v4_olmo-mix-1124_llama,
historical_figure,Vasily Tatishchev,Tatishchev,1959,9343,v4_olmo-mix-1124_llama,
historical_figure,James Harris,Harris,67767,33305539,v4_olmo-mix-1124_llama,
historical_figure,"John Manners, Marquess of Granby",Granby,529,270029,v4_olmo-mix-1124_llama,
historical_figure,"Charles Montagu, 1st Earl of Halifax",Halifax,1012,3769753,v4_olmo-mix-1124_llama,
historical_figure,"Thomas Herbert, 8th Earl of Pembroke",Pembroke,91,1159253,v4_olmo-mix-1124_llama,
historical_figure,William Rowley,Rowley,6713,1131140,v4_olmo-mix-1124_llama,
historical_figure,Mark Catesby,Catesby,8543,168216,v4_olmo-mix-1124_llama,
historical_figure,"Anthony Ashley-Cooper, 3rd Earl of Shaftesbury",Shaftesbury,826,326460,v4_olmo-mix-1124_llama,
historical_figure,"James Hamilton, 4th Duke of Hamilton",Hamilton,176,26696496,v4_olmo-mix-1124_llama,
historical_figure,"John Leveson-Gower, 1st Earl Gower",Gower,80,914497,v4_olmo-mix-1124_llama,
historical_figure,"James Hamilton, 5th Duke of Hamilton",Hamilton,107,26696496,v4_olmo-mix-1124_llama,
historical_figure,"John Hay, 2nd Marquess of Tweeddale",Tweeddale,17,22194,v4_olmo-mix-1124_llama,
historical_figure,Meindert Hobbema,Hobbema,2460,21344,v4_olmo-mix-1124_llama,
historical_figure,Matija Ignacije Radanovic,Radanovic,0,4094,v4_olmo-mix-1124_llama,
historical_figure,"John Manners, 1st Duke of Rutland",Rutland,32,739177,v4_olmo-mix-1124_llama,
historical_figure,Michael Mietke,Mietke,314,1664,v4_olmo-mix-1124_llama,
historical_figure,Charles François de Cisternay du Fay,Fay,545,7325284,v4_olmo-mix-1124_llama,
historical_figure,Maximilien Misson,Misson,315,44905,v4_olmo-mix-1124_llama,
historical_figure,Bernard de la Harpe,Harpe,717,126219,v4_olmo-mix-1124_llama,
historical_figure,Yakov Permyakov,Permyakov,306,6190,v4_olmo-mix-1124_llama,
historical_figure,Lord George Murray,Murray,15017,22515102,v4_olmo-mix-1124_llama,
historical_figure,Jacques de Lajoue,Lajoue,133,327,v4_olmo-mix-1124_llama,
historical_figure,Adam Bernd,Bernd,50,1181029,v4_olmo-mix-1124_llama,
historical_figure,Adam Brendel,Brendel,7,261291,v4_olmo-mix-1124_llama,
historical_figure,Adam Christoph von Flanss,Flanss,0,47,v4_olmo-mix-1124_llama,
historical_figure,Johan Helmich Roman,Roman,1127,133448789,v4_olmo-mix-1124_llama,
historical_figure,Adam Friedrich von Arnstedt,Arnstedt,1,510,v4_olmo-mix-1124_llama,
historical_figure,Adam Frederik Trampe,Trampe,3,11120,v4_olmo-mix-1124_llama,
historical_figure,Apostolo Zeno,Zeno,3372,1720259,v4_olmo-mix-1124_llama,
historical_figure,Adam Heinrich von Witzleben,Witzleben,0,19334,v4_olmo-mix-1124_llama,
historical_figure,Koljo Adam,Adam,0,80510102,v4_olmo-mix-1124_llama,
historical_figure,Ádám Mányoki,Mányoki,250,708,v4_olmo-mix-1124_llama,
historical_figure,Adam Mikołaj Sieniawski,Sieniawski,295,4288,v4_olmo-mix-1124_llama,
historical_figure,Adam Nietzki,Nietzki,1,642,v4_olmo-mix-1124_llama,
historical_figure,Adam Otto von Viereck,Viereck,1,70772,v4_olmo-mix-1124_llama,
historical_figure,Adam Schöttl,Schöttl,0,664,v4_olmo-mix-1124_llama,
historical_figure,Samuel Bellamy,Bellamy,7562,2276490,v4_olmo-mix-1124_llama,
historical_figure,Christopher Polhem,Polhem,2893,57127,v4_olmo-mix-1124_llama,
historical_figure,Carlo Sigismondo Capece,Capece,182,28497,v4_olmo-mix-1124_llama,
historical_figure,Suzuki Harunobu,Harunobu,4782,29239,v4_olmo-mix-1124_llama,
historical_figure,Adolf Brüning,Brüning,6,90513,v4_olmo-mix-1124_llama,
historical_figure,Robert Clicquot,Clicquot,74,145832,v4_olmo-mix-1124_llama,
historical_figure,Louis de Caix d'Hervelois,d'Hervelois,57,253,v4_olmo-mix-1124_llama,
historical_figure,Nathanael Greene,Greene,78855,9141463,v4_olmo-mix-1124_llama,
historical_figure,Antonio Sacchini,Sacchini,812,6689,v4_olmo-mix-1124_llama,
historical_figure,Jean-Baptiste Surian,Surian,1,21146,v4_olmo-mix-1124_llama,
historical_figure,Jean-Vincent d'Abbadie de Saint-Castin,Saint-Castin,256,4904,v4_olmo-mix-1124_llama,
historical_figure,Adriaen van der Werff,Werff,817,26528,v4_olmo-mix-1124_llama,
historical_figure,Nicolas de Saulx-Tavannes,Saulx-Tavannes,2,284,v4_olmo-mix-1124_llama,
historical_figure,Samuel Nunez,Nunez,1242,943506,v4_olmo-mix-1124_llama,
historical_figure,Lorenzo Campins y Ballester,Ballester,3,327917,v4_olmo-mix-1124_llama,
historical_figure,Jean-Joseph de Mondonville,Mondonville,192,3137,v4_olmo-mix-1124_llama,
historical_figure,Francisco María Píccolo,Píccolo,15,73,v4_olmo-mix-1124_llama,
historical_figure,Luc de la Corne,Corne,330,936994,v4_olmo-mix-1124_llama,
historical_figure,Adrian Steger,Steger,4,200656,v4_olmo-mix-1124_llama,
historical_figure,Ilias Miniatis,Miniatis,6,256,v4_olmo-mix-1124_llama,
historical_figure,Nikita Trubetskoy,Trubetskoy,83,24419,v4_olmo-mix-1124_llama,
historical_figure,Joseph Vivien,Vivien,294,686725,v4_olmo-mix-1124_llama,
historical_figure,Benjamin Frobisher,Frobisher,439,344976,v4_olmo-mix-1124_llama,
historical_figure,Johan Gabriel Sparwenfeld,Sparwenfeld,145,348,v4_olmo-mix-1124_llama,
historical_figure,John the Russian,Russian,1398,142263437,v4_olmo-mix-1124_llama,
historical_figure,Pierre Varignon,Varignon,1766,11349,v4_olmo-mix-1124_llama,
historical_figure,James Wolfe,Wolfe,52195,5714929,v4_olmo-mix-1124_llama,
historical_figure,Cotton Mather,Mather,190821,1346054,v4_olmo-mix-1124_llama,
historical_figure,Jacopo Amigoni,Amigoni,1866,9874,v4_olmo-mix-1124_llama,
historical_figure,"William IV, Prince of Orange",Orange,962,23533749,v4_olmo-mix-1124_llama,
historical_figure,Johan Henrik Freithoff,Freithoff,8,99,v4_olmo-mix-1124_llama,
historical_figure,Ferenc Fasching,Fasching,1,64561,v4_olmo-mix-1124_llama,
historical_figure,Bartolomeu Bueno da Silva,Silva,537,8413122,v4_olmo-mix-1124_llama,
historical_figure,Louis Frederick of Saxe-Hildburghausen,Saxe-Hildburghausen,1,8133,v4_olmo-mix-1124_llama,
historical_figure,Anton Erhard Martinelli,Martinelli,125,443095,v4_olmo-mix-1124_llama,
historical_figure,Jean Basset,Basset,465,690935,v4_olmo-mix-1124_llama,
historical_figure,Juan Ramón Koenig,Koenig,1,1894112,v4_olmo-mix-1124_llama,
historical_figure,Charles De Geer,Geer,459,483284,v4_olmo-mix-1124_llama,
historical_figure,Antonio Balestra,Balestra,720,32974,v4_olmo-mix-1124_llama,
historical_figure,Rosario Gagliardi,Gagliardi,1221,123643,v4_olmo-mix-1124_llama,
historical_figure,Shah Waliullah,Waliullah,34719,54408,v4_olmo-mix-1124_llama,
historical_figure,Ahmad Shah Bahadur,Bahadur,2963,1089101,v4_olmo-mix-1124_llama,
historical_figure,Florent-Jean de Vallière,Vallière,232,29611,v4_olmo-mix-1124_llama,
historical_figure,José del Campillo,Campillo,202,67364,v4_olmo-mix-1124_llama,
historical_figure,Antoine Rivet de La Grange,Grange,11,1577701,v4_olmo-mix-1124_llama,
historical_figure,Christian Tobias Damm,Damm,35,529302,v4_olmo-mix-1124_llama,
historical_figure,Alexander Sumarokov,Sumarokov,913,7612,v4_olmo-mix-1124_llama,
historical_figure,Joseph-Nicolas Delisle,Delisle,1992,222694,v4_olmo-mix-1124_llama,
historical_figure,Princess Louise of Denmark,Denmark,356,20903672,v4_olmo-mix-1124_llama,
historical_figure,Francisco Ibáñez de Peralta,Peralta,6,887636,v4_olmo-mix-1124_llama,
historical_figure,Juan Andrés de Ustariz,Ustariz,11,1623,v4_olmo-mix-1124_llama,
historical_figure,John Bevis,Bevis,5683,211080,v4_olmo-mix-1124_llama,
historical_figure,Marc-Joseph Marion du Fresne,Fresne,1192,47766,v4_olmo-mix-1124_llama,
historical_figure,Henri d'Harcourt,d'Harcourt,52,11716,v4_olmo-mix-1124_llama,
historical_figure,Bernardi Ramazzini,Ramazzini,0,37175,v4_olmo-mix-1124_llama,
historical_figure,Hans von Fersen,Fersen,80,68689,v4_olmo-mix-1124_llama,
historical_figure,"Henri Jules, Prince of Condé",Condé,90,505425,v4_olmo-mix-1124_llama,
historical_figure,Frederick Louis of Nassau-Ottweiler,Nassau-Ottweiler,6,169,v4_olmo-mix-1124_llama,
historical_figure,Magnus Stenbock,Stenbock,1811,15460,v4_olmo-mix-1124_llama,
historical_figure,"Jeanne Agnès Berthelot de Pléneuf, marquise de Prie",Prie,2,976802,v4_olmo-mix-1124_llama,
historical_figure,Amalia Pachelbel,Pachelbel,102,170770,v4_olmo-mix-1124_llama,
historical_figure,"François de Neufville, duc de Villeroi",Villeroi,144,21637,v4_olmo-mix-1124_llama,
historical_figure,Philipp Stamma,Stamma,844,9646,v4_olmo-mix-1124_llama,
historical_figure,Duchess Sophia of Saxe-Weissenfels,Saxe-Weissenfels,1,2866,v4_olmo-mix-1124_llama,
historical_figure,Sophie Marie of Hesse-Darmstadt,Hesse-Darmstadt,19,40893,v4_olmo-mix-1124_llama,
historical_figure,Johanna Elisabeth of Baden-Durlach,Baden-Durlach,30,10248,v4_olmo-mix-1124_llama,
historical_figure,Giuseppe Scolari,Scolari,161,221001,v4_olmo-mix-1124_llama,
historical_figure,Dorothea Wilhelmine of Saxe-Zeitz,Saxe-Zeitz,23,890,v4_olmo-mix-1124_llama,
historical_figure,Antonio Filocamo,Filocamo,8,2701,v4_olmo-mix-1124_llama,
historical_figure,José de Santiago Concha,Concha,14,214173,v4_olmo-mix-1124_llama,
historical_figure,Marie Anne Barbier,Barbier,2,242159,v4_olmo-mix-1124_llama,
historical_figure,Sophie Charlotte of Hesse-Kassel,Hesse-Kassel,20,51248,v4_olmo-mix-1124_llama,
historical_figure,"Ferdinando de' Medici, Grand Prince of Tuscany",Tuscany,644,2573376,v4_olmo-mix-1124_llama,
historical_figure,Giuseppe Nogari,Nogari,241,2752,v4_olmo-mix-1124_llama,
historical_figure,"Christian Everhard, Prince of East Frisia",Frisia,3,160777,v4_olmo-mix-1124_llama,
historical_figure,Pietro Torri,Torri,217,163972,v4_olmo-mix-1124_llama,
historical_figure,David Nieto,Nieto,3712,1228431,v4_olmo-mix-1124_llama,
historical_figure,Jean-Baptiste Rousseau,Rousseau,1286,3934428,v4_olmo-mix-1124_llama,
historical_figure,Ludovico Antonio Muratori,Muratori,2176,65309,v4_olmo-mix-1124_llama,
historical_figure,Jacob van Oost the Younger,Younger,19,5492730,v4_olmo-mix-1124_llama,
historical_figure,Monsieur de Sainte-Colombe,Sainte-Colombe,1489,8428,v4_olmo-mix-1124_llama,
historical_figure,"John Adolphus, Duke of Schleswig-Holstein-Sonderburg-Plön",Schleswig-Holstein-Sonderburg-Plön,2,486,v4_olmo-mix-1124_llama,
historical_figure,Carl Gustaf Creutz,Creutz,61,484212,v4_olmo-mix-1124_llama,
historical_figure,Gyeongjong of Joseon,Joseon,176,772268,v4_olmo-mix-1124_llama,
historical_figure,Felice Boselli,Boselli,57,53948,v4_olmo-mix-1124_llama,
historical_figure,Andrea Palma,Palma,1870,2480441,v4_olmo-mix-1124_llama,
historical_figure,Andreas Bergmüller,Bergmüller,0,2405,v4_olmo-mix-1124_llama,
historical_figure,Andreas Dietrich Apel,Apel,0,288365,v4_olmo-mix-1124_llama,
historical_figure,Andreas Florens Rivinus,Rivinus,0,6383,v4_olmo-mix-1124_llama,
historical_figure,Andreas Gillardon der Jüngere,Jüngere,0,3226,v4_olmo-mix-1124_llama,
historical_figure,Andreas Steinböck,Steinböck,5,869,v4_olmo-mix-1124_llama,
historical_figure,Andreas Tamitius,Tamitius,0,0,v4_olmo-mix-1124_llama,
historical_figure,Andreas Westphal,Westphal,138,1277024,v4_olmo-mix-1124_llama,
historical_figure,Luís da Cunha,Cunha,858,642400,v4_olmo-mix-1124_llama,
historical_figure,Jean-Baptiste Théodon,Théodon,82,286,v4_olmo-mix-1124_llama,
historical_figure,Louis Jolliet,Jolliet,17440,42858,v4_olmo-mix-1124_llama,
historical_figure,Otto Arnold von Paykull,Paykull,256,1224,v4_olmo-mix-1124_llama,
historical_figure,Jacob Gilles,Gilles,432,4933763,v4_olmo-mix-1124_llama,
historical_figure,Peg Woffington,Woffington,2295,8865,v4_olmo-mix-1124_llama,
historical_figure,"Sir James Somerville, 1st Baronet",Baronet,2,386516,v4_olmo-mix-1124_llama,
historical_figure,Louis François Marie Le Tellier,Tellier,14,120334,v4_olmo-mix-1124_llama,
historical_figure,Edward Low,Low,18665,54761796,v4_olmo-mix-1124_llama,
historical_figure,André Brué,Brué,0,746,v4_olmo-mix-1124_llama,
historical_figure,George Stepney,Stepney,356,196788,v4_olmo-mix-1124_llama,
historical_figure,Kitty Fisher,Fisher,5888,17978785,v4_olmo-mix-1124_llama,
historical_figure,André Hubert,Hubert,227,3202155,v4_olmo-mix-1124_llama,
historical_figure,Giovanni Battista Gaulli,Gaulli,1953,7640,v4_olmo-mix-1124_llama,
historical_figure,Isaac van Hoornbeek,Hoornbeek,18,1512,v4_olmo-mix-1124_llama,
historical_figure,John Partridge,Partridge,13366,1530444,v4_olmo-mix-1124_llama,
historical_figure,Sophie Eleonore von Braunschweig-Wolfenbüttel-Bevern,Braunschweig-Wolfenbüttel-Bevern,0,157,v4_olmo-mix-1124_llama,
historical_figure,Johann Georg Ahle,Ahle,61,148148,v4_olmo-mix-1124_llama,
historical_figure,Peter Artedi,Artedi,1466,6011,v4_olmo-mix-1124_llama,
historical_figure,Andries Pels,Pels,165,134245,v4_olmo-mix-1124_llama,
historical_figure,Edward Lovett Pearce,Pearce,907,3756427,v4_olmo-mix-1124_llama,
historical_figure,Giuseppe Maria Crespi,Crespi,1625,165543,v4_olmo-mix-1124_llama,
historical_figure,Thomas Archer,Archer,7128,8103700,v4_olmo-mix-1124_llama,
historical_figure,"Henry Sydney, 1st Earl of Romney",Romney,77,52346812,v4_olmo-mix-1124_llama,
historical_figure,Caspar Bartholin the Younger,Younger,443,5492730,v4_olmo-mix-1124_llama,
historical_figure,"Christian Ernst, Margrave of Brandenburg-Bayreuth",Brandenburg-Bayreuth,94,3553,v4_olmo-mix-1124_llama,
historical_figure,Balthasar Denner,Denner,973,131399,v4_olmo-mix-1124_llama,
historical_figure,Anna Louise Föhse,Föhse,139,552,v4_olmo-mix-1124_llama,
historical_figure,Daniel Papebroch,Papebroch,225,1095,v4_olmo-mix-1124_llama,
historical_figure,Nicolo Grimaldi,Grimaldi,283,528451,v4_olmo-mix-1124_llama,
historical_figure,Nils Bielke,Bielke,139,8546,v4_olmo-mix-1124_llama,
historical_figure,Daniel Krman,Krman,101,638,v4_olmo-mix-1124_llama,
historical_figure,Christian Ritter,Ritter,1129,2589934,v4_olmo-mix-1124_llama,
historical_figure,Philips van Almonde,Almonde,352,2694,v4_olmo-mix-1124_llama,
historical_figure,Gaetano Giulio Zumbo,Zumbo,198,80933,v4_olmo-mix-1124_llama,
historical_figure,Niccolò Partenio Giannettasio,Giannettasio,0,76,v4_olmo-mix-1124_llama,
historical_figure,Ned Ward,Ward,4219,22796824,v4_olmo-mix-1124_llama,
historical_figure,"Louis Thomas, Count of Soissons",Soissons,13,133270,v4_olmo-mix-1124_llama,
historical_figure,Salomon Adler,Adler,203,4022777,v4_olmo-mix-1124_llama,
historical_figure,Carl Piper,Piper,533,8064230,v4_olmo-mix-1124_llama,
historical_figure,Ferdinand Kettler,Kettler,293,108670,v4_olmo-mix-1124_llama,
historical_figure,Menno van Coehoorn,Coehoorn,1695,85041,v4_olmo-mix-1124_llama,
historical_figure,"Frederick II, Landgrave of Hesse-Homburg",Hesse-Homburg,21,7303,v4_olmo-mix-1124_llama,
historical_figure,Pierre Daniel Huet,Huet,1215,237007,v4_olmo-mix-1124_llama,
historical_figure,Anthoni Schoonjans,Schoonjans,38,7837,v4_olmo-mix-1124_llama,
historical_figure,Anthonie Heinsius,Heinsius,744,18975,v4_olmo-mix-1124_llama,
historical_figure,Katarzyna Barbara Radziwiłł,Radziwiłł,1,33944,v4_olmo-mix-1124_llama,
historical_figure,Johann Michael Feuchtmayer the Elder,Elder,3,16184318,v4_olmo-mix-1124_llama,
historical_figure,Antoine Coypel,Coypel,2127,10198,v4_olmo-mix-1124_llama,
historical_figure,Anton Braun,Braun,1337,5874436,v4_olmo-mix-1124_llama,
historical_figure,Michel Poncet de La Rivière,Rivière,2,205264,v4_olmo-mix-1124_llama,
historical_figure,Anton Friedrich Steding,Steding,0,12768,v4_olmo-mix-1124_llama,
historical_figure,Anton von Montfort,Montfort,0,604141,v4_olmo-mix-1124_llama,
historical_figure,John Benbow,Benbow,3379,155730,v4_olmo-mix-1124_llama,
historical_figure,Antonino Biffi,Biffi,29,22393,v4_olmo-mix-1124_llama,
historical_figure,Pieter van Gunst,Gunst,68,235151,v4_olmo-mix-1124_llama,
historical_figure,Antonio Tarsia,Tarsia,324,15703,v4_olmo-mix-1124_llama,
historical_figure,Claude Monet,Monet,334055,10831684,v4_olmo-mix-1124_llama,
historical_figure,Adolf Hitler,Hitler,4969486,51805860,v4_olmo-mix-1124_llama,
historical_figure,Yanka Kupala,Kupala,5014,40272,v4_olmo-mix-1124_llama,
historical_figure,Carl Sagan,Sagan,1746238,3741410,v4_olmo-mix-1124_llama,
historical_figure,Émile Zola,Zola,77072,1570023,v4_olmo-mix-1124_llama,
historical_figure,Juan Antonio Rios,Rios,212,1685884,v4_olmo-mix-1124_llama,
historical_figure,Andrei Tarkovsky,Tarkovsky,185736,747866,v4_olmo-mix-1124_llama,
historical_figure,Joseph Stalin,Stalin,1270649,23101357,v4_olmo-mix-1124_llama,
historical_figure,Juan Luis Sanfuentes,Sanfuentes,303,3625,v4_olmo-mix-1124_llama,
historical_figure,J. R. R. Tolkien,Tolkien,1730,9213995,v4_olmo-mix-1124_llama,
historical_figure,Giovanni Gronchi,Gronchi,1796,8501,v4_olmo-mix-1124_llama,
historical_figure,Pedro Montt,Montt,1977,377804,v4_olmo-mix-1124_llama,
historical_figure,Janis Joplin,Joplin,579539,1883487,v4_olmo-mix-1124_llama,
historical_figure,Sigfrid Edström,Edström,903,12860,v4_olmo-mix-1124_llama,
historical_figure,Édith Piaf,Piaf,26966,423005,v4_olmo-mix-1124_llama,
historical_figure,Jacques Brel,Brel,92206,308349,v4_olmo-mix-1124_llama,
historical_figure,Louis Armstrong,Armstrong,896166,16875411,v4_olmo-mix-1124_llama,
historical_figure,Mike Hawthorn,Hawthorn,29344,1003801,v4_olmo-mix-1124_llama,
historical_figure,Hans Schmidt,Schmidt,23200,9630758,v4_olmo-mix-1124_llama,
historical_figure,Heinrich Lübke,Lübke,2924,18524,v4_olmo-mix-1124_llama,
historical_figure,Pius XII,XII,744567,4173650,v4_olmo-mix-1124_llama,
historical_figure,Erich Honecker,Honecker,65907,161090,v4_olmo-mix-1124_llama,
historical_figure,Wilhelm II,II,411235,191309107,v4_olmo-mix-1124_llama,
historical_figure,Jaroslav Hašek,Hašek,14513,45290,v4_olmo-mix-1124_llama,
historical_figure,Charles Maurras,Maurras,27085,64873,v4_olmo-mix-1124_llama,
historical_figure,Rufus R. Jones,Jones,790,79009195,v4_olmo-mix-1124_llama,
historical_figure,Laurent Dauthuille,Dauthuille,897,1656,v4_olmo-mix-1124_llama,
historical_figure,Paul von Rennenkampf,Rennenkampf,1782,19431,v4_olmo-mix-1124_llama,
historical_figure,Louis Aragon,Aragon,34019,2679333,v4_olmo-mix-1124_llama,
historical_figure,Elsa Triolet,Triolet,3281,23507,v4_olmo-mix-1124_llama,
historical_figure,Federico Gamboa,Gamboa,832,308158,v4_olmo-mix-1124_llama,
historical_figure,Anne Frank,Frank,1076830,83468330,v4_olmo-mix-1124_llama,
historical_figure,Marilyn Monroe,Monroe,2083545,10318787,v4_olmo-mix-1124_llama,
historical_figure,Le Corbusier,Corbusier,572844,729113,v4_olmo-mix-1124_llama,
historical_figure,Roy Budd,Budd,5140,29375886,v4_olmo-mix-1124_llama,
historical_figure,Chris Hooijkaas,Hooijkaas,1,1752,v4_olmo-mix-1124_llama,
historical_figure,Elder Paisios of Mount Athos,Athos,879,880676,v4_olmo-mix-1124_llama,
historical_figure,Salvador Dalí,Dalí,192125,601486,v4_olmo-mix-1124_llama,
historical_figure,Frida Kahlo,Kahlo,416819,768722,v4_olmo-mix-1124_llama,
historical_figure,Buddy Holly,Holly,619150,12012196,v4_olmo-mix-1124_llama,
historical_figure,Mervyn Peake,Peake,57378,570520,v4_olmo-mix-1124_llama,
historical_figure,Emmy Noether,Noether,84881,780317,v4_olmo-mix-1124_llama,
historical_figure,Marie Curie,Curie,780030,2032882,v4_olmo-mix-1124_llama,
historical_figure,Lucy Weston Pickett,Pickett,2,1444316,v4_olmo-mix-1124_llama,
historical_figure,Giuseppe Verdi,Verdi,130830,1347228,v4_olmo-mix-1124_llama,
historical_figure,Yuri Gagarin,Gagarin,342081,830259,v4_olmo-mix-1124_llama,
historical_figure,Otto Frank,Frank,76425,83468330,v4_olmo-mix-1124_llama,
historical_figure,John Coltrane,Coltrane,624164,1816911,v4_olmo-mix-1124_llama,
historical_figure,Hertha Sponer,Sponer,800,9754,v4_olmo-mix-1124_llama,
historical_figure,Karen Wetterhahn,Wetterhahn,3661,11746,v4_olmo-mix-1124_llama,
historical_figure,Mary Peters Fieser,Fieser,16,32210,v4_olmo-mix-1124_llama,
historical_figure,Louise Hammarström,Hammarström,32,96769,v4_olmo-mix-1124_llama,
historical_figure,Anna J. Harrison,Harrison,97,18043454,v4_olmo-mix-1124_llama,
historical_figure,Kathleen Lonsdale,Lonsdale,4446,421306,v4_olmo-mix-1124_llama,
historical_figure,Maud Menten,Menten,3421,65327,v4_olmo-mix-1124_llama,
historical_figure,Louise Nevelson,Nevelson,28023,57633,v4_olmo-mix-1124_llama,
historical_figure,Grazia Deledda,Deledda,9661,21118,v4_olmo-mix-1124_llama,
historical_figure,René Magritte,Magritte,85240,641969,v4_olmo-mix-1124_llama,
historical_figure,Alfred Jarry,Jarry,52966,303139,v4_olmo-mix-1124_llama,
historical_figure,Franklin Delano Roosevelt,Roosevelt,804489,22162580,v4_olmo-mix-1124_llama,
historical_figure,Douglas Shearer,Shearer,3389,1217588,v4_olmo-mix-1124_llama,
historical_figure,Nikola Tesla,Tesla,1226702,28300177,v4_olmo-mix-1124_llama,
historical_figure,Dmitri Mendeleev,Mendeleev,74289,436724,v4_olmo-mix-1124_llama,
historical_figure,Ernest Rutherford,Rutherford,207980,3386732,v4_olmo-mix-1124_llama,
historical_figure,Erwin Schrödinger,Schrödinger,166025,2215954,v4_olmo-mix-1124_llama,
historical_figure,Jean-Paul Sartre,Sartre,438550,2497098,v4_olmo-mix-1124_llama,
historical_figure,Max Weber,Weber,701965,8469563,v4_olmo-mix-1124_llama,
historical_figure,John F. Kennedy,Kennedy,3978424,44477681,v4_olmo-mix-1124_llama,
historical_figure,Yevgeny Chernyaev,Chernyaev,87,10056,v4_olmo-mix-1124_llama,
historical_figure,Ayrton Senna,Senna,216864,1491360,v4_olmo-mix-1124_llama,
historical_figure,Tibor Sekelj,Sekelj,873,4093,v4_olmo-mix-1124_llama,
historical_figure,Nelson Rockefeller,Rockefeller,303652,6134196,v4_olmo-mix-1124_llama,
historical_figure,Leopold Figl,Figl,2002,9735,v4_olmo-mix-1124_llama,
historical_figure,Mary Kenneth Keller,Keller,1894,6780095,v4_olmo-mix-1124_llama,
historical_figure,L. L. Zamenhof,Zamenhof,10169,158666,v4_olmo-mix-1124_llama,
historical_figure,Sylvia de Arruda Botelho Bittencourt,Bittencourt,25,51778,v4_olmo-mix-1124_llama,
historical_figure,Assis Chateaubriand,Chateaubriand,3746,213032,v4_olmo-mix-1124_llama,
historical_figure,Alexander Grant Dexter,Dexter,195,8361992,v4_olmo-mix-1124_llama,
historical_figure,Alberto Lleras Camargo,Camargo,2392,290461,v4_olmo-mix-1124_llama,
historical_figure,Roberto Raviola,Raviola,507,6010,v4_olmo-mix-1124_llama,
historical_figure,Pedro Beltrán,Beltrán,621,152335,v4_olmo-mix-1124_llama,
historical_figure,Edmond Privat,Privat,479,1275784,v4_olmo-mix-1124_llama,
historical_figure,Wilhelm Ostwald,Ostwald,28272,201709,v4_olmo-mix-1124_llama,
historical_figure,Rudolf Diesel,Diesel,69737,6285121,v4_olmo-mix-1124_llama,
historical_figure,Nina Teplyakova,Teplyakova,5,526,v4_olmo-mix-1124_llama,
historical_figure,Amata Kabua,Kabua,2011,9702,v4_olmo-mix-1124_llama,
historical_figure,Ferdinand Peeters,Peeters,171,324981,v4_olmo-mix-1124_llama,
historical_figure,Leopold III of Belgium,Belgium,4593,20542415,v4_olmo-mix-1124_llama,
historical_figure,Baudouin I of Belgium,Belgium,1248,20542415,v4_olmo-mix-1124_llama,
historical_figure,Franz Jonas,Jonas,898,6546019,v4_olmo-mix-1124_llama,
historical_figure,René de Saussure,Saussure,497,648333,v4_olmo-mix-1124_llama,
historical_figure,Adolf Tobler,Tobler,203,302740,v4_olmo-mix-1124_llama,
historical_figure,Richard Strauss,Strauss,281054,5813255,v4_olmo-mix-1124_llama,
historical_figure,Alberto Bayo,Bayo,3147,127689,v4_olmo-mix-1124_llama,
historical_figure,Klara Dan von Neumann,Neumann,194,4295535,v4_olmo-mix-1124_llama,
historical_figure,Giovanni Schiaparelli,Schiaparelli,34323,243546,v4_olmo-mix-1124_llama,
historical_figure,Veikko Iivanainen,Iivanainen,0,2656,v4_olmo-mix-1124_llama,
historical_figure,Eino Kirjonen,Kirjonen,66,951,v4_olmo-mix-1124_llama,
historical_figure,Olavi Kuronen,Kuronen,19,5412,v4_olmo-mix-1124_llama,
historical_figure,Aloys Van de Vyvere,Vyvere,21,596,v4_olmo-mix-1124_llama,
historical_figure,Gaston Eyskens,Eyskens,1861,6921,v4_olmo-mix-1124_llama,
historical_figure,Ivan Cankar,Cankar,3508,17193,v4_olmo-mix-1124_llama,
historical_figure,Émile Durkheim,Durkheim,71676,1321293,v4_olmo-mix-1124_llama,
historical_figure,Robert Schuman,Schuman,68977,488055,v4_olmo-mix-1124_llama,
historical_figure,DeForest Kelley,Kelley,54978,5181793,v4_olmo-mix-1124_llama,
historical_figure,Humphrey Bogart,Bogart,691224,1920569,v4_olmo-mix-1124_llama,
historical_figure,Beatrice Helen Worsley,Worsley,36,341542,v4_olmo-mix-1124_llama,
historical_figure,Prince Emmanuel,Emmanuel,10875,4976063,v4_olmo-mix-1124_llama,
historical_figure,Sauli Pälli,Pälli,2,751,v4_olmo-mix-1124_llama,
historical_figure,Niilo Toppila,Toppila,0,2501,v4_olmo-mix-1124_llama,
historical_figure,Vsevolod Solovyov,Solovyov,299,87416,v4_olmo-mix-1124_llama,
historical_figure,Harry Warner Frantz,Frantz,135,733272,v4_olmo-mix-1124_llama,
historical_figure,Soong Ching-ling,Ching-ling,5610,10203,v4_olmo-mix-1124_llama,
historical_figure,George I of Greece,Greece,10493,54778504,v4_olmo-mix-1124_llama,
historical_figure,Mary Anderson,Anderson,37438,38235915,v4_olmo-mix-1124_llama,
historical_figure,Hertha Ayrton,Ayrton,4548,381015,v4_olmo-mix-1124_llama,
historical_figure,Joseph Gallieni,Gallieni,3131,23169,v4_olmo-mix-1124_llama,
historical_figure,A. Tóth Sándor,Sándor,0,166444,v4_olmo-mix-1124_llama,
historical_figure,Andreas Paul Weber,Weber,45,8469563,v4_olmo-mix-1124_llama,
historical_figure,Alfonso XIII of Spain,Spain,11179,74199271,v4_olmo-mix-1124_llama,
historical_figure,Ric Berger,Berger,363,6413117,v4_olmo-mix-1124_llama,
historical_figure,Marcellin Berthelot,Berthelot,9784,121711,v4_olmo-mix-1124_llama,
historical_figure,Émile Boirac,Boirac,1330,4073,v4_olmo-mix-1124_llama,
historical_figure,Maurice de Broglie,Broglie,1103,690432,v4_olmo-mix-1124_llama,
historical_figure,Charles Roden Buxton,Buxton,303,892251,v4_olmo-mix-1124_llama,
historical_figure,Arnold Gesell,Gesell,5543,174679,v4_olmo-mix-1124_llama,
historical_figure,Géza Lakatos,Lakatos,1071,303480,v4_olmo-mix-1124_llama,
historical_figure,Franz Mehring,Mehring,10539,74889,v4_olmo-mix-1124_llama,
historical_figure,Princess Elizabeth of Greece and Denmark,Denmark,31,20903672,v4_olmo-mix-1124_llama,
historical_figure,Edwin Mattison McMillan,McMillan,1318,1804149,v4_olmo-mix-1124_llama,
historical_figure,Frederick Keeping,Keeping,35,16385047,v4_olmo-mix-1124_llama,
historical_figure,Lajos Veress,Veress,61,25139,v4_olmo-mix-1124_llama,
historical_figure,George Mikes,Mikes,7492,398570,v4_olmo-mix-1124_llama,
historical_figure,Eugène Joseph Delporte,Delporte,540,21753,v4_olmo-mix-1124_llama,
historical_figure,Li Zongren,Zongren,9921,14990,v4_olmo-mix-1124_llama,
historical_figure,Hein Hoop,Hoop,0,1600781,v4_olmo-mix-1124_llama,
historical_figure,Hermann Janssen,Janssen,59,1306619,v4_olmo-mix-1124_llama,
historical_figure,Ernest Drezen,Drezen,28,22311,v4_olmo-mix-1124_llama,
historical_figure,Gustave Eiffel,Eiffel,110961,3731416,v4_olmo-mix-1124_llama,
historical_figure,Katharine Burr Blodgett,Blodgett,991,219900,v4_olmo-mix-1124_llama,
historical_figure,Karl May,May,66758,394035325,v4_olmo-mix-1124_llama,
historical_figure,George Edward Luckman Gauntlett,Gauntlett,12,52074,v4_olmo-mix-1124_llama,
historical_figure,Maurice Genevoix,Genevoix,1548,2698,v4_olmo-mix-1124_llama,
historical_figure,Alexander Gode,Gode,2790,467971,v4_olmo-mix-1124_llama,
historical_figure,Stanley Bruce,Bruce,9330,41621541,v4_olmo-mix-1124_llama,
historical_figure,Selena Quintanilla,Quintanilla,28616,239067,v4_olmo-mix-1124_llama,
historical_figure,Ethel Grey Terry,Terry,396,25927049,v4_olmo-mix-1124_llama,
historical_figure,Ken Johnson,Johnson,43782,79719860,v4_olmo-mix-1124_llama,
historical_figure,Rosario María Gutiérrez Eskildsen,Eskildsen,58,18686,v4_olmo-mix-1124_llama,
historical_figure,Mieczysław Palus,Palus,2,96337,v4_olmo-mix-1124_llama,
historical_figure,La Jana,Jana,704,1909478,v4_olmo-mix-1124_llama,
historical_figure,Tomasz Jasiński,Jasiński,141,4635,v4_olmo-mix-1124_llama,
historical_figure,Johannes Waldemar Karsch,Karsch,2,53672,v4_olmo-mix-1124_llama,
historical_figure,Lorie Tarshis,Tarshis,1555,22353,v4_olmo-mix-1124_llama,
historical_figure,David Lindsay,Lindsay,67329,9236117,v4_olmo-mix-1124_llama,
historical_figure,Pyotr Yakubovich,Yakubovich,22,14236,v4_olmo-mix-1124_llama,
historical_figure,Theodore Wharton,Wharton,453,2726619,v4_olmo-mix-1124_llama,
historical_figure,Joseph Gredt,Gredt,55,1090,v4_olmo-mix-1124_llama,
historical_figure,Ulla Jacobsson,Jacobsson,1896,68488,v4_olmo-mix-1124_llama,
historical_figure,Reinhard Baumeister,Baumeister,178,459732,v4_olmo-mix-1124_llama,
historical_figure,Yin Changheng,Changheng,374,2553,v4_olmo-mix-1124_llama,
historical_figure,Rudolf Paszek,Paszek,2,20655,v4_olmo-mix-1124_llama,
historical_figure,Graham Chapman,Chapman,101549,7723829,v4_olmo-mix-1124_llama,
historical_figure,Zdeněk Fiala,Fiala,4,139829,v4_olmo-mix-1124_llama,
historical_figure,Theodor Mommsen,Mommsen,24469,185880,v4_olmo-mix-1124_llama,
historical_figure,A. L. Abdul Majeed,Majeed,4,247226,v4_olmo-mix-1124_llama,
historical_figure,Zoltán Gábor Szabó,Szabó,0,146485,v4_olmo-mix-1124_llama,
historical_figure,Pieter Helbert Damsté,Damsté,2,8836,v4_olmo-mix-1124_llama,
historical_figure,Miklós Bánffy,Bánffy,1662,10868,v4_olmo-mix-1124_llama,
historical_figure,Paul von Klenau,Klenau,390,8378,v4_olmo-mix-1124_llama,
historical_figure,Hermann Hesse,Hesse,157012,1662937,v4_olmo-mix-1124_llama,
historical_figure,Richard Thoma,Thoma,452,443366,v4_olmo-mix-1124_llama,
historical_figure,Nikolai Simonov,Simonov,364,128543,v4_olmo-mix-1124_llama,
historical_figure,Higinio Uriarte,Uriarte,53,55658,v4_olmo-mix-1124_llama,
historical_figure,Melvil Dewey,Dewey,28149,5006974,v4_olmo-mix-1124_llama,
historical_figure,Charles Samuel Franklin,Franklin,324,27151972,v4_olmo-mix-1124_llama,
historical_figure,Werner Wolfgang Rogosinski,Rogosinski,6,887,v4_olmo-mix-1124_llama,
historical_figure,István Lichteneckert,Lichteneckert,1,6,v4_olmo-mix-1124_llama,
historical_figure,Henri Jobier,Jobier,2,18,v4_olmo-mix-1124_llama,
historical_figure,Friedrich Paulsen,Paulsen,2737,796656,v4_olmo-mix-1124_llama,
historical_figure,Adolf Eichmann,Eichmann,319946,1477590,v4_olmo-mix-1124_llama,
historical_figure,James Krüss,Krüss,354,4633,v4_olmo-mix-1124_llama,
historical_figure,Abdus Salam,Salam,95825,4382687,v4_olmo-mix-1124_llama,
historical_figure,Max Brod,Brod,43047,2135701,v4_olmo-mix-1124_llama,
historical_figure,Galina Ulanova,Ulanova,5815,18192,v4_olmo-mix-1124_llama,
historical_figure,Frank Lloyd,Lloyd,594558,13809655,v4_olmo-mix-1124_llama,
historical_figure,Charles Oman,Oman,10882,5015520,v4_olmo-mix-1124_llama,
historical_figure,Desmond Llewelyn,Llewelyn,20675,315475,v4_olmo-mix-1124_llama,
historical_figure,Kenneth John Conant,Conant,188,466891,v4_olmo-mix-1124_llama,
historical_figure,Baron Karl,Karl,19284,24081671,v4_olmo-mix-1124_llama,
historical_figure,Victor Westerholm,Westerholm,197,16133,v4_olmo-mix-1124_llama,
historical_figure,Alexandre Léonard,Léonard,11,74513,v4_olmo-mix-1124_llama,
historical_figure,Fred Keenor,Keenor,923,5045,v4_olmo-mix-1124_llama,
historical_figure,Auguste Rodin,Rodin,105298,1076109,v4_olmo-mix-1124_llama,
historical_figure,"Joseph, Prince de Caraman-Chimay",Caraman-Chimay,8,1701,v4_olmo-mix-1124_llama,
historical_figure,Benon Liberski,Liberski,25,5411,v4_olmo-mix-1124_llama,
historical_figure,Miloš Crnjanski,Crnjanski,1774,9789,v4_olmo-mix-1124_llama,
historical_figure,Mark Robson,Robson,33523,1705907,v4_olmo-mix-1124_llama,
historical_figure,Hans Ludendorff,Ludendorff,415,367503,v4_olmo-mix-1124_llama,
historical_figure,Martyn Lloyd-Jones,Lloyd-Jones,33747,140310,v4_olmo-mix-1124_llama,
historical_figure,Paul Hymans,Hymans,1368,27626,v4_olmo-mix-1124_llama,
historical_figure,María Silva Cruz,Cruz,113,23436795,v4_olmo-mix-1124_llama,
historical_figure,Alexander Francis Chamberlain,Chamberlain,188,4614404,v4_olmo-mix-1124_llama,
historical_figure,George Hubbard Blakeslee,Blakeslee,58,185517,v4_olmo-mix-1124_llama,
historical_figure,Nina Bari,Bari,232,1491027,v4_olmo-mix-1124_llama,
historical_figure,Wilhelm Baehrens,Baehrens,5,4185,v4_olmo-mix-1124_llama,
historical_figure,Lucien Mérignac,Mérignac,11,5562,v4_olmo-mix-1124_llama,
historical_figure,Nedo Nadi,Nadi,1205,702536,v4_olmo-mix-1124_llama,
historical_figure,Allan Bé,Bé,3,1529164,v4_olmo-mix-1124_llama,
historical_figure,Mark W. Clark,Clark,8505,40933209,v4_olmo-mix-1124_llama,
historical_figure,Louisa Margaret Dunkley,Dunkley,9,120512,v4_olmo-mix-1124_llama,
historical_figure,Albert Camus,Camus,547943,2191467,v4_olmo-mix-1124_llama,
historical_figure,Natalie Clifford Barney,Barney,6044,7174163,v4_olmo-mix-1124_llama,
historical_figure,João Goulart,Goulart,24864,170602,v4_olmo-mix-1124_llama,
historical_figure,William McKinley,McKinley,481594,3149964,v4_olmo-mix-1124_llama,
historical_figure,Grover Cleveland,Cleveland,603264,20904021,v4_olmo-mix-1124_llama,
historical_figure,Nikita Khrushchev,Khrushchev,564506,2498748,v4_olmo-mix-1124_llama,
historical_figure,Arthur Conan Doyle,Doyle,937838,8397768,v4_olmo-mix-1124_llama,
historical_figure,Bill Hicks,Hicks,313612,5748585,v4_olmo-mix-1124_llama,
historical_figure,Emīlija Benjamiņa,Benjamiņa,24,85,v4_olmo-mix-1124_llama,
historical_figure,Sándor Márai,Márai,7255,21157,v4_olmo-mix-1124_llama,
historical_figure,Thomas Mann,Mann,389220,37294748,v4_olmo-mix-1124_llama,
historical_figure,Robert Koch,Koch,227121,11751328,v4_olmo-mix-1124_llama,
historical_figure,Mary Fergusson,Fergusson,118,302009,v4_olmo-mix-1124_llama,
historical_figure,Samuel Beckett,Beckett,498111,4756497,v4_olmo-mix-1124_llama,
historical_figure,Jackson Pollock,Pollock,615107,2884384,v4_olmo-mix-1124_llama,
historical_figure,Helen Keller,Keller,625917,6780095,v4_olmo-mix-1124_llama,
historical_figure,William Faulkner,Faulkner,588794,3394221,v4_olmo-mix-1124_llama,
historical_figure,Ernie Pyle,Pyle,66329,1229795,v4_olmo-mix-1124_llama,
historical_figure,Ernest Payne,Payne,471,6210260,v4_olmo-mix-1124_llama,
historical_figure,Wilfried Dietrich,Dietrich,246,2434707,v4_olmo-mix-1124_llama,
historical_figure,Jean Françaix,Françaix,2412,6839,v4_olmo-mix-1124_llama,
historical_figure,Muhammad Jamalul Alam II,II,371,191309107,v4_olmo-mix-1124_llama,
historical_figure,José María Oriol,Oriol,96,186747,v4_olmo-mix-1124_llama,
historical_figure,Jakob Dugandžić,Dugandžić,0,267,v4_olmo-mix-1124_llama,
historical_figure,Konstantin Rokossovsky,Rokossovsky,6940,28748,v4_olmo-mix-1124_llama,
historical_figure,Frank Sinatra,Sinatra,1680576,4060783,v4_olmo-mix-1124_llama,
historical_figure,Germán Valdés,Valdés,1211,265676,v4_olmo-mix-1124_llama,
historical_figure,Jorge Ibargüengoitia,Ibargüengoitia,1911,4700,v4_olmo-mix-1124_llama,
historical_figure,Boris Stechkin,Stechkin,427,10901,v4_olmo-mix-1124_llama,
historical_figure,Federico García Lorca,Lorca,64116,817522,v4_olmo-mix-1124_llama,
historical_figure,Henryk Sienkiewicz,Sienkiewicz,26497,170779,v4_olmo-mix-1124_llama,
historical_figure,Carl Jung,Jung,1060896,20787215,v4_olmo-mix-1124_llama,
historical_figure,David Hilbert,Hilbert,136770,4479395,v4_olmo-mix-1124_llama,
historical_figure,Beatrice Hicks,Hicks,237,5748585,v4_olmo-mix-1124_llama,
historical_figure,Amanda Jones,Jones,20298,79009195,v4_olmo-mix-1124_llama,
historical_figure,Zeno Colò,Colò,300,7314,v4_olmo-mix-1124_llama,
historical_figure,Emiliano Zapata,Zapata,121525,1072824,v4_olmo-mix-1124_llama,
historical_figure,Rita Hayworth,Hayworth,241424,637186,v4_olmo-mix-1124_llama,
historical_figure,Heinrich Böll,Böll,54683,99385,v4_olmo-mix-1124_llama,
historical_figure,Heinrich Himmler,Himmler,421517,1845657,v4_olmo-mix-1124_llama,
historical_figure,Enrique González Martínez,Martínez,888,1288282,v4_olmo-mix-1124_llama,
historical_figure,Léonhard Quaglia,Quaglia,4,67154,v4_olmo-mix-1124_llama,
historical_figure,Ludwik Hirszfeld,Hirszfeld,2218,8051,v4_olmo-mix-1124_llama,
historical_figure,Pius X,X,329859,619082928,v4_olmo-mix-1124_llama,
historical_figure,Heinrich Georg Erbshäuser,Erbshäuser,3,48,v4_olmo-mix-1124_llama,
historical_figure,Konrad Dreher,Dreher,18,586105,v4_olmo-mix-1124_llama,
historical_figure,Clementina de Jesus,Jesus,1840,250615067,v4_olmo-mix-1124_llama,
historical_figure,Bence Szabolcsi,Szabolcsi,793,9403,v4_olmo-mix-1124_llama,
historical_figure,Gusztáv Oláh,Oláh,191,15575,v4_olmo-mix-1124_llama,
historical_figure,Carl Merz,Merz,169,596070,v4_olmo-mix-1124_llama,
historical_figure,Anton von Henle,Henle,0,320077,v4_olmo-mix-1124_llama,
historical_figure,Reinaldo Gorno,Gorno,182,60972,v4_olmo-mix-1124_llama,
historical_figure,Carl Orff,Orff,67661,269452,v4_olmo-mix-1124_llama,
historical_figure,Philipp von Ferrary,Ferrary,557,11753,v4_olmo-mix-1124_llama,
historical_figure,Django Reinhardt,Reinhardt,173636,1476210,v4_olmo-mix-1124_llama,
historical_figure,Adolf Loos,Loos,41045,1263250,v4_olmo-mix-1124_llama,
historical_figure,Karl Kraus,Kraus,46108,1257785,v4_olmo-mix-1124_llama,
historical_figure,Arthur Schnitzler,Schnitzler,40299,187831,v4_olmo-mix-1124_llama,
historical_figure,Bruno Kreisky,Kreisky,17362,45157,v4_olmo-mix-1124_llama,
historical_figure,Franz Josef Strauß,Strauß,3889,34769,v4_olmo-mix-1124_llama,
historical_figure,Hans Weigel,Weigel,1045,810250,v4_olmo-mix-1124_llama,
historical_figure,Max Joseph von Pettenkofer,Pettenkofer,551,19119,v4_olmo-mix-1124_llama,
historical_figure,Franz Stuck,Stuck,2218,3004921,v4_olmo-mix-1124_llama,
historical_figure,Koloman Moser,Moser,7687,1323785,v4_olmo-mix-1124_llama,
historical_figure,Benjamin I. Schwartz,Schwartz,822,8278734,v4_olmo-mix-1124_llama,
historical_figure,Hermann Gmeiner,Gmeiner,4661,14871,v4_olmo-mix-1124_llama,
historical_figure,Attila Zoller,Zoller,1642,232684,v4_olmo-mix-1124_llama,
historical_figure,Carlo Tagliavini,Tagliavini,404,23051,v4_olmo-mix-1124_llama,
historical_figure,Pierre Jaccoud,Jaccoud,14,6320,v4_olmo-mix-1124_llama,
historical_figure,Joseph Freinademetz,Freinademetz,442,1687,v4_olmo-mix-1124_llama,
historical_figure,Helmut Qualtinger,Qualtinger,920,1784,v4_olmo-mix-1124_llama,
historical_figure,Franz Jägerstätter,Jägerstätter,9266,19135,v4_olmo-mix-1124_llama,
historical_figure,Rupert Mayer,Mayer,3093,5979124,v4_olmo-mix-1124_llama,
historical_figure,Alfred Polgar,Polgar,2774,219310,v4_olmo-mix-1124_llama,
historical_figure,Roy Black,Black,34104,241876916,v4_olmo-mix-1124_llama,
historical_figure,Seth Bullock,Bullock,27922,3546322,v4_olmo-mix-1124_llama,
historical_figure,Beppo Brem,Brem,68,1640603,v4_olmo-mix-1124_llama,
historical_figure,Gustav Pick,Pick,90,35946081,v4_olmo-mix-1124_llama,
historical_figure,Jean Sibelius,Sibelius,59776,794801,v4_olmo-mix-1124_llama,
historical_figure,Eduardo López Ochoa,Ochoa,394,752317,v4_olmo-mix-1124_llama,
historical_figure,Charles Ericksen,Ericksen,316,91319,v4_olmo-mix-1124_llama,
historical_figure,Papa Eftim II,II,19,191309107,v4_olmo-mix-1124_llama,
historical_figure,Edgar Degas,Degas,135985,737216,v4_olmo-mix-1124_llama,
historical_figure,Bjørnstjerne Bjørnson,Bjørnson,9549,171477,v4_olmo-mix-1124_llama,
historical_figure,Ivan Bunin,Bunin,12957,86772,v4_olmo-mix-1124_llama,
historical_figure,Nikolai Essen,Essen,58,866873,v4_olmo-mix-1124_llama,
historical_figure,Benny Goodman,Goodman,297724,6984218,v4_olmo-mix-1124_llama,
historical_figure,Willoughby Hamilton,Hamilton,284,26696496,v4_olmo-mix-1124_llama,
historical_figure,Stanley Bacon,Bacon,314,10227754,v4_olmo-mix-1124_llama,
historical_figure,David Oistrakh,Oistrakh,17565,40324,v4_olmo-mix-1124_llama,
historical_figure,Erich Maria Remarque,Remarque,68986,179481,v4_olmo-mix-1124_llama,
historical_figure,Gaston Castel,Castel,54,1080250,v4_olmo-mix-1124_llama,
historical_figure,Paul Dirac,Dirac,151107,3526559,v4_olmo-mix-1124_llama,
historical_figure,André Gide,Gide,52427,4803002,v4_olmo-mix-1124_llama,
historical_figure,Chen Boda,Boda,6964,228438,v4_olmo-mix-1124_llama,
historical_figure,Sid Vicious,Vicious,231872,1371585,v4_olmo-mix-1124_llama,
historical_figure,Hermann Göring,Göring,158242,504343,v4_olmo-mix-1124_llama,
historical_figure,Sergey Akhromeyev,Akhromeyev,326,10117,v4_olmo-mix-1124_llama,
historical_figure,Filipp Golikov,Golikov,294,13530,v4_olmo-mix-1124_llama,
historical_figure,Semyon Kurkotkin,Kurkotkin,16,116,v4_olmo-mix-1124_llama,
historical_figure,Kirill Meretskov,Meretskov,1339,7399,v4_olmo-mix-1124_llama,
historical_figure,Ernst Haeckel,Haeckel,219486,747024,v4_olmo-mix-1124_llama,
historical_figure,Martti Nieminen,Nieminen,8,93688,v4_olmo-mix-1124_llama,
historical_figure,Zenta Mauriņa,Mauriņa,145,310,v4_olmo-mix-1124_llama,
historical_figure,René Fonck,Fonck,3433,27500,v4_olmo-mix-1124_llama,
historical_figure,Hermann Staudinger,Staudinger,10243,86904,v4_olmo-mix-1124_llama,
historical_figure,Richard Laurence Millington Synge,Synge,1448,141277,v4_olmo-mix-1124_llama,
historical_figure,Florence Violet McKenzie,McKenzie,186,2930022,v4_olmo-mix-1124_llama,
historical_figure,Isaak Babel,Babel,4305,4185113,v4_olmo-mix-1124_llama,
historical_figure,Margaret Dreier Robins,Robins,668,1862954,v4_olmo-mix-1124_llama,
historical_figure,Albert Schweitzer,Schweitzer,214101,1158354,v4_olmo-mix-1124_llama,
historical_figure,Robert Robinson,Robinson,29252,24755590,v4_olmo-mix-1124_llama,
historical_figure,Konstantin Stanislavski,Stanislavski,12821,161680,v4_olmo-mix-1124_llama,
historical_figure,Hermann Brunner,Brunner,441,1075458,v4_olmo-mix-1124_llama,
historical_figure,Heinrich Maria Davringhausen,Davringhausen,519,856,v4_olmo-mix-1124_llama,
historical_figure,Nina Dumbadze,Dumbadze,89,3605,v4_olmo-mix-1124_llama,
historical_figure,Edward Akufo-Addo,Akufo-Addo,2287,283770,v4_olmo-mix-1124_llama,
historical_figure,Yi Bangja,Bangja,197,1324,v4_olmo-mix-1124_llama,
historical_figure,Franz Joseph I of Austria,Austria,8470,21942091,v4_olmo-mix-1124_llama,
historical_figure,D. W. Griffith,Griffith,84584,7721851,v4_olmo-mix-1124_llama,
historical_figure,Arturo Martini,Martini,2196,2020431,v4_olmo-mix-1124_llama,
historical_figure,Tod Browning,Browning,110560,3852617,v4_olmo-mix-1124_llama,
historical_figure,Frank Capra,Capra,387965,1288760,v4_olmo-mix-1124_llama,
historical_figure,Hugo von Hofmannsthal,Hofmannsthal,20702,65523,v4_olmo-mix-1124_llama,
historical_figure,Luis Buñuel,Buñuel,143294,438522,v4_olmo-mix-1124_llama,
historical_figure,John Huston,Huston,378428,2037854,v4_olmo-mix-1124_llama,
historical_figure,Joseph L. Mankiewicz,Mankiewicz,37499,332080,v4_olmo-mix-1124_llama,
historical_figure,Charlotte Beradt,Beradt,1737,4527,v4_olmo-mix-1124_llama,
historical_figure,Agnes Harder,Harder,3,2224972,v4_olmo-mix-1124_llama,
historical_figure,Erika Molny,Molny,0,2650,v4_olmo-mix-1124_llama,
historical_figure,Hans Bleckwenn,Bleckwenn,43,2324,v4_olmo-mix-1124_llama,
historical_figure,Maria Lauber,Lauber,81,114830,v4_olmo-mix-1124_llama,
historical_figure,Mathilde Raven,Raven,0,15343869,v4_olmo-mix-1124_llama,
historical_figure,Valdemar Langlet,Langlet,560,13406,v4_olmo-mix-1124_llama,
historical_figure,Eugène Lanti,Lanti,313,19920,v4_olmo-mix-1124_llama,
historical_figure,Ray Ewry,Ewry,3371,20126,v4_olmo-mix-1124_llama,
historical_figure,Otto Preminger,Preminger,137837,330791,v4_olmo-mix-1124_llama,
historical_figure,Vittorio De Sica,Sica,69876,344926,v4_olmo-mix-1124_llama,
historical_figure,Nanni Loy,Loy,1680,2980807,v4_olmo-mix-1124_llama,
historical_figure,Raffaello Matarazzo,Matarazzo,1961,95214,v4_olmo-mix-1124_llama,
historical_figure,Karl Staaff,Staaff,763,2020,v4_olmo-mix-1124_llama,
historical_figure,Nils Edén,Edén,700,17216,v4_olmo-mix-1124_llama,
historical_figure,John Doeg,Doeg,297,59900,v4_olmo-mix-1124_llama,
historical_figure,Pancho Gonzales,Gonzales,12406,3739046,v4_olmo-mix-1124_llama,
historical_figure,Albert Peter,Peter,1987,129438446,v4_olmo-mix-1124_llama,
historical_figure,Louis De Geer the Younger,Younger,11,5492730,v4_olmo-mix-1124_llama,
historical_figure,Per Albin Hansson,Hansson,7057,446931,v4_olmo-mix-1124_llama,
historical_figure,Olof Palme,Palme,88340,1035144,v4_olmo-mix-1124_llama,
historical_figure,J. P. Morgan,Morgan,171638,36985647,v4_olmo-mix-1124_llama,
historical_figure,Alice Marble,Marble,6933,2922751,v4_olmo-mix-1124_llama,
historical_figure,Chuck McKinley,McKinley,1596,3149964,v4_olmo-mix-1124_llama,
historical_figure,May Sutton,Sutton,1749,4722234,v4_olmo-mix-1124_llama,
historical_figure,Richard Norris Williams,Williams,997,61619183,v4_olmo-mix-1124_llama,
historical_figure,Kurt Weill,Weill,128271,832214,v4_olmo-mix-1124_llama,
historical_figure,Engelbert Humperdinck,Humperdinck,50518,168354,v4_olmo-mix-1124_llama,
historical_figure,Victor Sjöström,Sjöström,16956,79670,v4_olmo-mix-1124_llama,
historical_figure,Michael Powell,Powell,212670,15061432,v4_olmo-mix-1124_llama,
historical_figure,Robert Bresson,Bresson,108062,492973,v4_olmo-mix-1124_llama,
historical_figure,Louis Malle,Malle,110660,1403212,v4_olmo-mix-1124_llama,
historical_figure,Jean Vigo,Vigo,34457,679116,v4_olmo-mix-1124_llama,
historical_figure,Raj Kapoor,Kapoor,251651,4062826,v4_olmo-mix-1124_llama,
historical_figure,Ugo Tognazzi,Tognazzi,8833,21551,v4_olmo-mix-1124_llama,
historical_figure,Marcello Mastroianni,Mastroianni,89356,264273,v4_olmo-mix-1124_llama,
historical_figure,Hugo Schmölz,Schmölz,243,825,v4_olmo-mix-1124_llama,
historical_figure,Geeta Sane,Sane,16,1163458,v4_olmo-mix-1124_llama,
historical_figure,Václav Čtvrtek,Čtvrtek,29,603,v4_olmo-mix-1124_llama,
historical_figure,Stanisław Ostrowski,Ostrowski,160,164847,v4_olmo-mix-1124_llama,
historical_figure,André Martinet,Martinet,2537,111856,v4_olmo-mix-1124_llama,
historical_figure,Félicien Menu de Ménil,Ménil,74,18768,v4_olmo-mix-1124_llama,
historical_figure,Helen Iglauer Glueck,Glueck,1,93513,v4_olmo-mix-1124_llama,
historical_figure,Jussi Björling,Björling,8356,29807,v4_olmo-mix-1124_llama,
historical_figure,Lise Meitner,Meitner,93070,269321,v4_olmo-mix-1124_llama,
historical_figure,Fernando De Lucia,Lucia,628,4288257,v4_olmo-mix-1124_llama,
historical_figure,Karl Heinz Ruppel,Ruppel,10,61070,v4_olmo-mix-1124_llama,
historical_figure,Gustav Ludwig Hertz,Hertz,1967,3451625,v4_olmo-mix-1124_llama,
historical_figure,Otto Stern,Stern,15251,11168720,v4_olmo-mix-1124_llama,
historical_figure,Alfred Jodl,Jodl,26095,99990,v4_olmo-mix-1124_llama,
historical_figure,Erich von Manstein,Manstein,25190,162934,v4_olmo-mix-1124_llama,
historical_figure,Horst Wessel,Wessel,44803,562950,v4_olmo-mix-1124_llama,
historical_figure,Wolfram Freiherr von Richthofen,Richthofen,1251,284062,v4_olmo-mix-1124_llama,
historical_figure,Eugen d'Albert,d'Albert,2003,17200,v4_olmo-mix-1124_llama,
historical_figure,Ernst Udet,Udet,17215,61467,v4_olmo-mix-1124_llama,
historical_figure,Stefan George,George,21118,160490339,v4_olmo-mix-1124_llama,
historical_figure,Wolfgang Paul,Paul,154662,196240929,v4_olmo-mix-1124_llama,
historical_figure,Walther Funk,Funk,8497,5060102,v4_olmo-mix-1124_llama,
historical_figure,Ernst Toller,Toller,15978,221450,v4_olmo-mix-1124_llama,
historical_figure,Erich von dem Bach-Zelewski,Bach-Zelewski,3451,13007,v4_olmo-mix-1124_llama,
historical_figure,Karl Hermann Frank,Frank,4425,83468330,v4_olmo-mix-1124_llama,
historical_figure,Hans Pfitzner,Pfitzner,7803,41694,v4_olmo-mix-1124_llama,
historical_figure,Kurt Tucholsky,Tucholsky,16021,35254,v4_olmo-mix-1124_llama,
historical_figure,Friedrich Olbricht,Olbricht,6634,28065,v4_olmo-mix-1124_llama,
historical_figure,Victor Klemperer,Klemperer,22132,195881,v4_olmo-mix-1124_llama,
historical_figure,Werner von Haeften,Haeften,2845,17696,v4_olmo-mix-1124_llama,
historical_figure,Konrad Henlein,Henlein,10381,50312,v4_olmo-mix-1124_llama,
historical_figure,Klaus Fuchs,Fuchs,66179,2046554,v4_olmo-mix-1124_llama,
historical_figure,Theodor Morell,Morell,10156,464731,v4_olmo-mix-1124_llama,
historical_figure,"Ernest Louis, Grand Duke of Hesse",Hesse,705,1662937,v4_olmo-mix-1124_llama,
historical_figure,Eduard Dietl,Dietl,2313,75331,v4_olmo-mix-1124_llama,
historical_figure,Alexander Parvus,Parvus,4627,53677,v4_olmo-mix-1124_llama,
historical_figure,Hans-Jürgen von Arnim,Arnim,1493,183103,v4_olmo-mix-1124_llama,
historical_figure,Hans-Valentin Hube,Hube,877,893702,v4_olmo-mix-1124_llama,
historical_figure,Eugen Sandow,Sandow,22573,584986,v4_olmo-mix-1124_llama,
historical_figure,Elisabeth of Wied,Wied,679,849863,v4_olmo-mix-1124_llama,
historical_figure,Ferenc Maksay,Maksay,0,421,v4_olmo-mix-1124_llama,
historical_figure,Emma of Waldeck and Pyrmont,Pyrmont,934,69393,v4_olmo-mix-1124_llama,
historical_figure,"Ernest Augustus, Duke of Brunswick",Brunswick,1060,5265375,v4_olmo-mix-1124_llama,
historical_figure,Bernhard Rust,Rust,4253,13617700,v4_olmo-mix-1124_llama,
historical_figure,Viktor Lutze,Lutze,3531,35492,v4_olmo-mix-1124_llama,
historical_figure,Hans-Jürgen Stumpff,Stumpff,1145,11936,v4_olmo-mix-1124_llama,
historical_figure,Manfred Winkelhock,Winkelhock,2540,13206,v4_olmo-mix-1124_llama,
historical_figure,Walter Schellenberg,Schellenberg,11990,193962,v4_olmo-mix-1124_llama,
historical_figure,Friedrich Paschen,Paschen,2257,75403,v4_olmo-mix-1124_llama,
historical_figure,Josef Terboven,Terboven,4781,12216,v4_olmo-mix-1124_llama,
historical_figure,Karl Wolff,Wolff,23079,3354789,v4_olmo-mix-1124_llama,
historical_figure,Otto von Below,Below,1951,32086580,v4_olmo-mix-1124_llama,
historical_figure,Johannes R. Becher,Becher,2419,278810,v4_olmo-mix-1124_llama,
historical_figure,Edmund Husserl,Husserl,121724,1145913,v4_olmo-mix-1124_llama,
historical_figure,Abd ar-Rahman ibn Nasir as-Sa'di,as-Sa'di,24,1284,v4_olmo-mix-1124_llama,
historical_figure,Robert Ley,Ley,23124,5579625,v4_olmo-mix-1124_llama,
historical_figure,Oskar Dirlewanger,Dirlewanger,4691,29699,v4_olmo-mix-1124_llama,
historical_figure,Christen Christensen,Christensen,959,3274613,v4_olmo-mix-1124_llama,
historical_figure,Georg Stumme,Stumme,1129,17670,v4_olmo-mix-1124_llama,
historical_figure,Prince August Wilhelm of Prussia,Prussia,510,4473075,v4_olmo-mix-1124_llama,
historical_figure,Adolf Bastian,Bastian,7882,1064579,v4_olmo-mix-1124_llama,
historical_figure,Eduard Strasburger,Strasburger,3246,40076,v4_olmo-mix-1124_llama,
historical_figure,Antonín Mrkos,Mrkos,539,2487,v4_olmo-mix-1124_llama,
historical_figure,Robert Kennedy,Kennedy,851801,44477681,v4_olmo-mix-1124_llama,
historical_figure,Chester Ittner Bliss,Bliss,181,4399763,v4_olmo-mix-1124_llama,
historical_figure,John Gregg Utterback,Utterback,0,90194,v4_olmo-mix-1124_llama,
historical_figure,Jimmy Miller,Miller,26867,47357006,v4_olmo-mix-1124_llama,
historical_figure,George Gamow,Gamow,84670,264923,v4_olmo-mix-1124_llama,
historical_figure,Josephine Hull,Hull,5368,5801240,v4_olmo-mix-1124_llama,
historical_figure,Hermann Grab,Grab,584,8436721,v4_olmo-mix-1124_llama,
historical_figure,Ladislao Vajda,Vajda,742,90587,v4_olmo-mix-1124_llama,
historical_figure,Albert Speer,Speer,217599,1116737,v4_olmo-mix-1124_llama,
historical_figure,Camille Silvy,Silvy,1320,42440,v4_olmo-mix-1124_llama,
historical_figure,Ernst Kretschmer,Kretschmer,3885,105172,v4_olmo-mix-1124_llama,
historical_figure,Hermann Scherchen,Scherchen,6365,13711,v4_olmo-mix-1124_llama,
historical_figure,Aby Warburg,Warburg,23324,1125912,v4_olmo-mix-1124_llama,
historical_figure,Alfred Einstein,Einstein,10895,26609332,v4_olmo-mix-1124_llama,
historical_figure,Muhammad Ali Al-Abed,Al-Abed,0,8231,v4_olmo-mix-1124_llama,
historical_figure,Marie-Louise von Franz,Franz,14575,7456597,v4_olmo-mix-1124_llama,
historical_figure,Alexander von Kluck,Kluck,3900,146222,v4_olmo-mix-1124_llama,
historical_figure,Dietrich Eckart,Eckart,25704,222219,v4_olmo-mix-1124_llama,
historical_figure,Heinrich Barkhausen,Barkhausen,1705,38979,v4_olmo-mix-1124_llama,
historical_figure,Peter Kürten,Kürten,6184,29761,v4_olmo-mix-1124_llama,
historical_figure,Carl-Gustaf Rossby,Rossby,3921,274557,v4_olmo-mix-1124_llama,
historical_figure,Wilhelm Marr,Marr,21330,2190888,v4_olmo-mix-1124_llama,
historical_figure,Adolf Heusinger,Heusinger,2583,22399,v4_olmo-mix-1124_llama,
historical_figure,Walther Wenck,Wenck,1778,49663,v4_olmo-mix-1124_llama,
historical_figure,Hermann Lang,Lang,9255,24981744,v4_olmo-mix-1124_llama,
historical_figure,Walther Flemming,Flemming,8610,532355,v4_olmo-mix-1124_llama,
historical_figure,Helene Weigel,Weigel,6424,810250,v4_olmo-mix-1124_llama,
historical_figure,Wolfgang Schmieder,Schmieder,1274,37281,v4_olmo-mix-1124_llama,
historical_figure,Wilhelm Ritter von Thoma,Thoma,736,443366,v4_olmo-mix-1124_llama,
historical_figure,Ernst von Weizsäcker,Weizsäcker,4934,86821,v4_olmo-mix-1124_llama,
historical_figure,Charles Proteus Steinmetz,Steinmetz,8273,412073,v4_olmo-mix-1124_llama,
historical_figure,Gordon Gollob,Gollob,704,13127,v4_olmo-mix-1124_llama,
historical_figure,Werner Best,Best,8558,109545388,v4_olmo-mix-1124_llama,
historical_figure,Adolf Engler,Engler,2448,432688,v4_olmo-mix-1124_llama,
historical_figure,Princess Helena of Waldeck and Pyrmont,Pyrmont,473,69393,v4_olmo-mix-1124_llama,
historical_figure,Ludwig Borchardt,Borchardt,5277,161051,v4_olmo-mix-1124_llama,
historical_figure,Emmy Göring,Göring,683,504343,v4_olmo-mix-1124_llama,
historical_figure,Manfred Wörner,Wörner,2473,17367,v4_olmo-mix-1124_llama,
historical_figure,Gertrud Scholtz-Klink,Scholtz-Klink,1874,3485,v4_olmo-mix-1124_llama,
historical_figure,Friedrich Sämisch,Sämisch,516,2713,v4_olmo-mix-1124_llama,
historical_figure,Gerhard Mitter,Mitter,1296,1025429,v4_olmo-mix-1124_llama,
historical_figure,Martin Schwarzschild,Schwarzschild,3877,993812,v4_olmo-mix-1124_llama,
historical_figure,Wolfgang Windgassen,Windgassen,3162,8126,v4_olmo-mix-1124_llama,
historical_figure,Walter Gieseking,Gieseking,5205,19837,v4_olmo-mix-1124_llama,
historical_figure,Arno Breker,Breker,12911,41043,v4_olmo-mix-1124_llama,
historical_figure,Wassily Kandinsky,Kandinsky,122072,639711,v4_olmo-mix-1124_llama,
historical_figure,"Ernst August, Prince of Hanover",Hanover,435,2723095,v4_olmo-mix-1124_llama,
historical_figure,Karl August Wittfogel,Wittfogel,2145,34453,v4_olmo-mix-1124_llama,
historical_figure,"Bernhard III, Duke of Saxe-Meiningen",Saxe-Meiningen,96,22050,v4_olmo-mix-1124_llama,
historical_figure,Walther Nehring,Nehring,740,71569,v4_olmo-mix-1124_llama,
historical_figure,"Alfred A. Knopf, Sr.",Sr.,29,5264712,v4_olmo-mix-1124_llama,
historical_figure,Ludwig Crüwell,Crüwell,550,1986,v4_olmo-mix-1124_llama,
historical_figure,Heinz-Wolfgang Schnaufer,Schnaufer,831,9194,v4_olmo-mix-1124_llama,
historical_figure,Paul Götz,Götz,146,141303,v4_olmo-mix-1124_llama,
historical_figure,"Ernst I, Duke of Saxe-Altenburg",Saxe-Altenburg,20,11962,v4_olmo-mix-1124_llama,
historical_figure,Otto Braun,Braun,8159,5874436,v4_olmo-mix-1124_llama,
historical_figure,Dietrich von Choltitz,Choltitz,8347,35648,v4_olmo-mix-1124_llama,
historical_figure,Felix Hoffmann,Hoffmann,10716,1845764,v4_olmo-mix-1124_llama,
historical_figure,Rudolf Dassler,Dassler,9958,94600,v4_olmo-mix-1124_llama,
historical_figure,Hermann Balck,Balck,3307,51094,v4_olmo-mix-1124_llama,
historical_figure,Prince Oskar of Prussia,Prussia,548,4473075,v4_olmo-mix-1124_llama,
historical_figure,Prince Francis Joseph of Battenberg,Battenberg,229,101795,v4_olmo-mix-1124_llama,
historical_figure,Theodor Fischer,Fischer,1466,7678474,v4_olmo-mix-1124_llama,
historical_figure,Hans Robert Jauss,Jauss,4280,28684,v4_olmo-mix-1124_llama,
historical_figure,Paul Friedrich August Ascherson,Ascherson,51,31797,v4_olmo-mix-1124_llama,
historical_figure,Karl Gegenbaur,Gegenbaur,1001,11137,v4_olmo-mix-1124_llama,
historical_figure,Alfred Delp,Delp,3487,158419,v4_olmo-mix-1124_llama,
historical_figure,Ernst Otto Beckmann,Beckmann,325,353233,v4_olmo-mix-1124_llama,
historical_figure,Princess Alexandra of Saxe-Coburg and Gotha,Gotha,208,385965,v4_olmo-mix-1124_llama,
historical_figure,Conny Plank,Plank,20302,2486202,v4_olmo-mix-1124_llama,
historical_figure,Richard Ruoff,Ruoff,175,51602,v4_olmo-mix-1124_llama,
historical_figure,Felix Dahn,Dahn,3032,167515,v4_olmo-mix-1124_llama,
historical_figure,Ernst Klodwig,Klodwig,301,2051,v4_olmo-mix-1124_llama,
historical_figure,Willi Heeks,Heeks,447,26697,v4_olmo-mix-1124_llama,
historical_figure,August Sander,Sander,20733,1789128,v4_olmo-mix-1124_llama,
historical_figure,Georg Heym,Heym,2861,396702,v4_olmo-mix-1124_llama,
historical_figure,Lilli Lehmann,Lehmann,3668,1215343,v4_olmo-mix-1124_llama,
historical_figure,Otto von Gierke,Gierke,1817,42384,v4_olmo-mix-1124_llama,
historical_figure,Max Koegel,Koegel,687,41342,v4_olmo-mix-1124_llama,
historical_figure,Walther Meissner,Meissner,2224,478398,v4_olmo-mix-1124_llama,
historical_figure,Karl Straube,Straube,1291,54040,v4_olmo-mix-1124_llama,
historical_figure,Paul von Kügelgen,Kügelgen,0,3760,v4_olmo-mix-1124_llama,
historical_figure,"Ernst II, Duke of Saxe-Altenburg",Saxe-Altenburg,99,11962,v4_olmo-mix-1124_llama,
historical_figure,Paul Gordan,Gordan,2491,236825,v4_olmo-mix-1124_llama,
historical_figure,Friedrich Freiherr Kress von Kressenstein,Kressenstein,1416,6473,v4_olmo-mix-1124_llama,
historical_figure,Alfred Meyer,Meyer,3360,12353795,v4_olmo-mix-1124_llama,
historical_figure,Ernst Steinitz,Steinitz,2037,314907,v4_olmo-mix-1124_llama,
historical_figure,Rudolf Krause,Krause,471,1597560,v4_olmo-mix-1124_llama,
historical_figure,Karl Hein,Hein,39410,8744288,v4_olmo-mix-1124_llama,
historical_figure,Karl Joseph Schulte,Schulte,171,546778,v4_olmo-mix-1124_llama,
historical_figure,Hermann Volk,Volk,83,2670578,v4_olmo-mix-1124_llama,
historical_figure,Joseph Pilates,Pilates,142894,4749070,v4_olmo-mix-1124_llama,
historical_figure,Fritz Hartjenstein,Hartjenstein,658,2557,v4_olmo-mix-1124_llama,
historical_figure,Albert Renger-Patzsch,Renger-Patzsch,2371,4642,v4_olmo-mix-1124_llama,
historical_figure,Wojciech Korfanty,Korfanty,1395,4487,v4_olmo-mix-1124_llama,
historical_figure,Gerda Christian,Christian,1600,252088442,v4_olmo-mix-1124_llama,
historical_figure,Wilhelm Voigt,Voigt,3758,928754,v4_olmo-mix-1124_llama,
historical_figure,Otto Meissner,Meissner,2132,478398,v4_olmo-mix-1124_llama,
historical_figure,Walter Weiß,Weiß,21,151422,v4_olmo-mix-1124_llama,
historical_figure,"Frederick Augustus II, Grand Duke of Oldenburg",Oldenburg,90,561551,v4_olmo-mix-1124_llama,
historical_figure,Oskar von Hindenburg,Hindenburg,3471,1407026,v4_olmo-mix-1124_llama,
historical_figure,Leonard O'Brien,O'Brien,46,7944689,v4_olmo-mix-1124_llama,
historical_figure,Franz von Soxhlet,Soxhlet,1683,75206,v4_olmo-mix-1124_llama,
historical_figure,"Friedrich Christian, Margrave of Meissen",Meissen,11,161158,v4_olmo-mix-1124_llama,
historical_figure,"Hermann, Prince of Hohenlohe-Langenburg",Hohenlohe-Langenburg,20,7391,v4_olmo-mix-1124_llama,
historical_figure,Arno Arthur Wachmann,Wachmann,344,7090,v4_olmo-mix-1124_llama,
historical_figure,Viktor Knorre,Knorre,59,7356,v4_olmo-mix-1124_llama,
historical_figure,Franz Reuleaux,Reuleaux,3984,58174,v4_olmo-mix-1124_llama,
historical_figure,Oskar von Hutier,Hutier,2832,10423,v4_olmo-mix-1124_llama,
historical_figure,Paul Scheerbart,Scheerbart,3206,9190,v4_olmo-mix-1124_llama,
historical_figure,Wilhelm Röpke,Röpke,18602,63041,v4_olmo-mix-1124_llama,
historical_figure,Georg Hermann Quincke,Quincke,127,27129,v4_olmo-mix-1124_llama,
historical_figure,Georg von der Marwitz,Marwitz,1636,11276,v4_olmo-mix-1124_llama,
historical_figure,Engelbert Zaschka,Zaschka,454,1192,v4_olmo-mix-1124_llama,
historical_figure,Alexander Kanoldt,Kanoldt,1159,2058,v4_olmo-mix-1124_llama,
historical_figure,Otto von Lossow,Lossow,2886,15628,v4_olmo-mix-1124_llama,
historical_figure,Princess Eleonore of Solms-Hohensolms-Lich,Solms-Hohensolms-Lich,193,789,v4_olmo-mix-1124_llama,
historical_figure,Paul Rée,Rée,4068,20877,v4_olmo-mix-1124_llama,
historical_figure,"Berthold, Margrave of Baden",Baden,354,2097058,v4_olmo-mix-1124_llama,
historical_figure,Erich Naumann,Naumann,733,220775,v4_olmo-mix-1124_llama,
historical_figure,Anny Ondra,Ondra,7109,79172,v4_olmo-mix-1124_llama,
historical_figure,Albert Leo Schlageter,Schlageter,2090,18084,v4_olmo-mix-1124_llama,
historical_figure,Dita Parlo,Parlo,5513,166709,v4_olmo-mix-1124_llama,
historical_figure,Albrecht Brandi,Brandi,1018,1462197,v4_olmo-mix-1124_llama,
historical_figure,Hermann-Bernhard Ramcke,Ramcke,491,7972,v4_olmo-mix-1124_llama,
historical_figure,Fritz Thyssen,Thyssen,33265,343741,v4_olmo-mix-1124_llama,
historical_figure,Felix von Hartmann,Hartmann,137,1742220,v4_olmo-mix-1124_llama,
historical_figure,Fritz von Opel,Opel,3473,1198432,v4_olmo-mix-1124_llama,
historical_figure,Franz Pfeffer von Salomon,Salomon,1202,1323047,v4_olmo-mix-1124_llama,
historical_figure,Hermann von Ihering,Ihering,402,13664,v4_olmo-mix-1124_llama,
historical_figure,Alan Perlis,Perlis,22654,238356,v4_olmo-mix-1124_llama,
historical_figure,Fazlur Khan,Khan,6532,31887418,v4_olmo-mix-1124_llama,
historical_figure,Wolfgang Güllich,Güllich,1641,3413,v4_olmo-mix-1124_llama,
historical_figure,Wilhelm Rudolph Fittig,Fittig,362,3242,v4_olmo-mix-1124_llama,
historical_figure,Oskar Vogt,Vogt,3397,1270120,v4_olmo-mix-1124_llama,
historical_figure,Princess Marie-Auguste of Anhalt,Anhalt,386,187393,v4_olmo-mix-1124_llama,
historical_figure,"Wilhelm Friedrich, Duke of Schleswig-Holstein",Schleswig-Holstein,10,345438,v4_olmo-mix-1124_llama,
historical_figure,Carl Georg Oscar Drude,Drude,52,175478,v4_olmo-mix-1124_llama,
historical_figure,Günther Quandt,Quandt,2234,151248,v4_olmo-mix-1124_llama,
historical_figure,Hans Henny Jahnn,Jahnn,1995,4418,v4_olmo-mix-1124_llama,
historical_figure,Hermann Usener,Usener,1644,12613,v4_olmo-mix-1124_llama,
historical_figure,Georg August Schweinfurth,Schweinfurth,481,16072,v4_olmo-mix-1124_llama,
historical_figure,Franz Sigel,Sigel,11894,305478,v4_olmo-mix-1124_llama,
historical_figure,Heinrich Tessenow,Tessenow,1694,6585,v4_olmo-mix-1124_llama,
historical_figure,Franz Leopold Neumann,Neumann,1200,4295535,v4_olmo-mix-1124_llama,
historical_figure,Paul Troost,Troost,1746,101045,v4_olmo-mix-1124_llama,
historical_figure,Walter Bruch,Bruch,3302,397886,v4_olmo-mix-1124_llama,
historical_figure,Johannes Thiele,Thiele,1090,355967,v4_olmo-mix-1124_llama,
historical_figure,Guglielmo Plüschow,Plüschow,119,4752,v4_olmo-mix-1124_llama,
historical_figure,Franz Konwitschny,Konwitschny,881,6443,v4_olmo-mix-1124_llama,
historical_figure,"Ernst Gunther, Duke of Schleswig-Holstein",Schleswig-Holstein,15,345438,v4_olmo-mix-1124_llama,
historical_figure,Karl Moritz Schumann,Schumann,270,1590584,v4_olmo-mix-1124_llama,
historical_figure,Johannes Weiss,Weiss,4184,8095347,v4_olmo-mix-1124_llama,
historical_figure,Ilse Steppat,Steppat,993,3705,v4_olmo-mix-1124_llama,
historical_figure,Edmond van Saanen Algi,Algi,19,1727488,v4_olmo-mix-1124_llama,
historical_figure,Willy Ley,Ley,27931,5579625,v4_olmo-mix-1124_llama,
historical_figure,Jakob Meckel,Meckel,791,154521,v4_olmo-mix-1124_llama,
historical_figure,Kurt Blome,Blome,4086,56566,v4_olmo-mix-1124_llama,
historical_figure,Ernst Stromer,Stromer,6521,54257,v4_olmo-mix-1124_llama,
historical_figure,Paul Carell,Carell,1133,1007927,v4_olmo-mix-1124_llama,
historical_figure,Heinrich Vollmer,Vollmer,1647,330668,v4_olmo-mix-1124_llama,
historical_figure,Ludwig Knorr,Knorr,1502,370411,v4_olmo-mix-1124_llama,
historical_figure,Otto Julius Bierbaum,Bierbaum,739,26976,v4_olmo-mix-1124_llama,
historical_figure,Franz Hengsbach,Hengsbach,99,1108,v4_olmo-mix-1124_llama,
historical_figure,Albert Bassermann,Bassermann,2711,10610,v4_olmo-mix-1124_llama,
historical_figure,George Henschel,Henschel,1100,108676,v4_olmo-mix-1124_llama,
historical_figure,Richard Andree,Andree,1117,636053,v4_olmo-mix-1124_llama,
historical_figure,Wilhelm Lexis,Lexis,1143,1059468,v4_olmo-mix-1124_llama,
historical_figure,Ludwig Struve,Struve,403,209954,v4_olmo-mix-1124_llama,
historical_figure,Viktor von Weizsäcker,Weizsäcker,880,86821,v4_olmo-mix-1124_llama,
historical_figure,Mykolas Biržiška,Biržiška,342,1515,v4_olmo-mix-1124_llama,
historical_figure,Reinhold Seeberg,Seeberg,660,47727,v4_olmo-mix-1124_llama,
historical_figure,Wilhelm von Bode,Bode,2071,1805320,v4_olmo-mix-1124_llama,
historical_figure,Étienne Laspeyres,Laspeyres,163,25916,v4_olmo-mix-1124_llama,
historical_figure,"Adolf II, Prince of Schaumburg-Lippe",Schaumburg-Lippe,2,19531,v4_olmo-mix-1124_llama,
historical_figure,Ernst Georg Ravenstein,Ravenstein,502,24630,v4_olmo-mix-1124_llama,
historical_figure,Ernst Wiechert,Wiechert,922,30264,v4_olmo-mix-1124_llama,
historical_figure,Franz Overbeck,Overbeck,3131,88258,v4_olmo-mix-1124_llama,
historical_figure,Jakob Sporrenberg,Sporrenberg,2080,5552,v4_olmo-mix-1124_llama,
historical_figure,Max Verworn,Verworn,928,6200,v4_olmo-mix-1124_llama,
historical_figure,Oscar Schlömilch,Schlömilch,44,1270,v4_olmo-mix-1124_llama,
historical_figure,Walther von Dyck,Dyck,1468,621162,v4_olmo-mix-1124_llama,
historical_figure,Leonard Nelson,Nelson,7439,26883916,v4_olmo-mix-1124_llama,
historical_figure,Eduard Hitzig,Hitzig,3333,66717,v4_olmo-mix-1124_llama,
historical_figure,Hermann Osthoff,Osthoff,594,23998,v4_olmo-mix-1124_llama,
historical_figure,Franz Leydig,Leydig,586,336532,v4_olmo-mix-1124_llama,
historical_figure,Franz Xavier Wernz,Wernz,585,6267,v4_olmo-mix-1124_llama,
historical_figure,Friedrich Sigmund Merkel,Merkel,808,8166849,v4_olmo-mix-1124_llama,
historical_figure,Richard Schorr,Schorr,216,232712,v4_olmo-mix-1124_llama,
historical_figure,Nicola Perscheid,Perscheid,808,2848,v4_olmo-mix-1124_llama,
historical_figure,Ludwig Beissner,Beissner,14,3364,v4_olmo-mix-1124_llama,
historical_figure,Hans Grundig,Grundig,823,77145,v4_olmo-mix-1124_llama,
historical_figure,Hans Hartwig von Beseler,Beseler,246,20548,v4_olmo-mix-1124_llama,
historical_figure,Rudolf Baumbach,Baumbach,94,400689,v4_olmo-mix-1124_llama,
historical_figure,Lothar von Trotha,Trotha,9419,39026,v4_olmo-mix-1124_llama,
historical_figure,Manfred Bukofzer,Bukofzer,1812,5961,v4_olmo-mix-1124_llama,
historical_figure,Paul Güssfeldt,Güssfeldt,437,730,v4_olmo-mix-1124_llama,
historical_figure,Adolf Reinach,Reinach,4347,79461,v4_olmo-mix-1124_llama,
historical_figure,Siegfried Bing,Bing,3221,11171860,v4_olmo-mix-1124_llama,
historical_figure,Friedrich Adler,Adler,5597,4022777,v4_olmo-mix-1124_llama,
historical_figure,Felix Jacoby,Jacoby,2228,1316811,v4_olmo-mix-1124_llama,
historical_figure,Emilie Snethlage,Snethlage,122,2944,v4_olmo-mix-1124_llama,
historical_figure,"Alois Hitler, Jr.",Jr.,642,25016322,v4_olmo-mix-1124_llama,
historical_figure,Siegfried Jacobsohn,Jacobsohn,399,51549,v4_olmo-mix-1124_llama,
historical_figure,Julius Tafel,Tafel,243,174732,v4_olmo-mix-1124_llama,
historical_figure,Conrad Ansorge,Ansorge,333,47547,v4_olmo-mix-1124_llama,
historical_figure,Hanns Braun,Braun,159,5874436,v4_olmo-mix-1124_llama,
historical_figure,Georg Wissowa,Wissowa,2037,17263,v4_olmo-mix-1124_llama,
historical_figure,Robert Lehr,Lehr,3275,2258537,v4_olmo-mix-1124_llama,
historical_figure,Wilhelm Bousset,Bousset,2140,21006,v4_olmo-mix-1124_llama,
historical_figure,Theodor von Sickel,Sickel,174,18926,v4_olmo-mix-1124_llama,
historical_figure,Gustav Otto,Otto,2567,8493179,v4_olmo-mix-1124_llama,
historical_figure,Sophie Menter,Menter,625,356820,v4_olmo-mix-1124_llama,
historical_figure,Hermann Graedener,Graedener,131,355,v4_olmo-mix-1124_llama,
historical_figure,Jan Mikulicz-Radecki,Mikulicz-Radecki,636,1674,v4_olmo-mix-1124_llama,
historical_figure,Walther Reinhardt,Reinhardt,416,1476210,v4_olmo-mix-1124_llama,
historical_figure,Rudolf Havenstein,Havenstein,2880,28052,v4_olmo-mix-1124_llama,
historical_figure,Duchess Helene of Mecklenburg-Strelitz,Mecklenburg-Strelitz,8,39694,v4_olmo-mix-1124_llama,
historical_figure,Albert Bernhard Frank,Frank,1362,83468330,v4_olmo-mix-1124_llama,
historical_figure,August von Trott zu Solz,Solz,124,1000209,v4_olmo-mix-1124_llama,
historical_figure,Hans Fruhstorfer,Fruhstorfer,82,3094,v4_olmo-mix-1124_llama,
historical_figure,Princess Marie of Battenberg,Battenberg,81,101795,v4_olmo-mix-1124_llama,
historical_figure,Georg Kuphaldt,Kuphaldt,73,6146,v4_olmo-mix-1124_llama,
historical_figure,Heinrich Julius Holtzmann,Holtzmann,527,84398,v4_olmo-mix-1124_llama,
historical_figure,Bernhard Cossmann,Cossmann,189,2165,v4_olmo-mix-1124_llama,
historical_figure,Paul Bonatz,Bonatz,563,2590,v4_olmo-mix-1124_llama,
historical_figure,Friedrich Goltz,Goltz,1549,148247,v4_olmo-mix-1124_llama,
historical_figure,Albert von Schrenck-Notzing,Schrenck-Notzing,1836,7831,v4_olmo-mix-1124_llama,
historical_figure,Karl Heinrich von Boetticher,Boetticher,23,88413,v4_olmo-mix-1124_llama,
historical_figure,Wilhelm von Bezold,Bezold,1025,26990,v4_olmo-mix-1124_llama,
historical_figure,Johannes Thienemann,Thienemann,253,8138,v4_olmo-mix-1124_llama,
historical_figure,Edward Dannreuther,Dannreuther,743,7719,v4_olmo-mix-1124_llama,
historical_figure,Eduard Friedrich Wilhelm Pflüger,Pflüger,93,18335,v4_olmo-mix-1124_llama,
historical_figure,Hermann Anschütz-Kaempfe,Anschütz-Kaempfe,659,1271,v4_olmo-mix-1124_llama,
historical_figure,Johannes Vahlen,Vahlen,92,24263,v4_olmo-mix-1124_llama,
historical_figure,Heinrich Albers-Schönberg,Albers-Schönberg,46,996,v4_olmo-mix-1124_llama,
historical_figure,Hermann Ende,Ende,251,2411059,v4_olmo-mix-1124_llama,
historical_figure,Julius Neubronner,Neubronner,3631,14425,v4_olmo-mix-1124_llama,
historical_figure,Heinrich Dressel,Dressel,2028,175129,v4_olmo-mix-1124_llama,
historical_figure,Oscar Hertwig,Hertwig,5189,63357,v4_olmo-mix-1124_llama,
historical_figure,Friedrich Kluge,Kluge,1674,331458,v4_olmo-mix-1124_llama,
historical_figure,August Wilhelmj,Wilhelmj,1798,4158,v4_olmo-mix-1124_llama,
historical_figure,Rudolf von Bennigsen,Bennigsen,291,33477,v4_olmo-mix-1124_llama,
historical_figure,Wilhelm His,His,10191,495177852,v4_olmo-mix-1124_llama,
historical_figure,Johann von Dallwitz,Dallwitz,23,30059,v4_olmo-mix-1124_llama,
historical_figure,Julius von Verdy du Vernois,Vernois,519,2950,v4_olmo-mix-1124_llama,
historical_figure,Carl Benjamin Klunzinger,Klunzinger,27,2178,v4_olmo-mix-1124_llama,
historical_figure,Rudolf Heinze,Heinze,237,217410,v4_olmo-mix-1124_llama,
historical_figure,Max Wilms,Wilms,1149,386310,v4_olmo-mix-1124_llama,
historical_figure,Kurt Sethe,Sethe,2148,413316,v4_olmo-mix-1124_llama,
historical_figure,Hermann Klaatsch,Klaatsch,1351,6176,v4_olmo-mix-1124_llama,
historical_figure,Morris Simmonds,Simmonds,521,642568,v4_olmo-mix-1124_llama,
historical_figure,Adolf Miethe,Miethe,1158,21038,v4_olmo-mix-1124_llama,
historical_figure,Albert Schäffle,Schäffle,787,5159,v4_olmo-mix-1124_llama,
historical_figure,Meyer Kayserling,Kayserling,2023,7510,v4_olmo-mix-1124_llama,
historical_figure,Albert Langen,Langen,766,339623,v4_olmo-mix-1124_llama,
historical_figure,Ottomar Anschütz,Anschütz,1129,13417,v4_olmo-mix-1124_llama,
historical_figure,Sophus Ruge,Ruge,86,155948,v4_olmo-mix-1124_llama,
historical_figure,Dietrich Brandis,Brandis,1464,336148,v4_olmo-mix-1124_llama,
historical_figure,Bernhard Adalbert Emil Koehne,Koehne,18,25630,v4_olmo-mix-1124_llama,
historical_figure,William Francis Hillebrand,Hillebrand,446,102960,v4_olmo-mix-1124_llama,
historical_figure,August Wöhler,Wöhler,366,64990,v4_olmo-mix-1124_llama,
historical_figure,Gottlieb Graf von Haeseler,Haeseler,23,26139,v4_olmo-mix-1124_llama,
historical_figure,Joseph Kürschner,Kürschner,256,7580,v4_olmo-mix-1124_llama,
historical_figure,Lily Braun,Braun,879,5874436,v4_olmo-mix-1124_llama,
historical_figure,Robert Louis August Maximilian Gürke,Gürke,26,895,v4_olmo-mix-1124_llama,
historical_figure,Fanny zu Reventlow,Reventlow,418,25117,v4_olmo-mix-1124_llama,
historical_figure,Karl Bulla,Bulla,570,157149,v4_olmo-mix-1124_llama,
historical_figure,Rudolf Mosse,Mosse,1011,168774,v4_olmo-mix-1124_llama,
historical_figure,Wilhelm Lorenz,Lorenz,128,2209928,v4_olmo-mix-1124_llama,
historical_figure,Herman Schalow,Schalow,36,11216,v4_olmo-mix-1124_llama,
historical_figure,August Michaelis,Michaelis,141,621667,v4_olmo-mix-1124_llama,
historical_figure,Oskar Bülow,Bülow,26,140263,v4_olmo-mix-1124_llama,
historical_figure,Friedrich Trendelenburg,Trendelenburg,1110,98802,v4_olmo-mix-1124_llama,
historical_figure,Carl Harries,Harries,244,212384,v4_olmo-mix-1124_llama,
historical_figure,Franz Schwechten,Schwechten,566,1440,v4_olmo-mix-1124_llama,
historical_figure,Franz Bücheler,Bücheler,143,2214,v4_olmo-mix-1124_llama,
historical_figure,Christy Mathewson,Mathewson,58039,242480,v4_olmo-mix-1124_llama,
historical_figure,Karl Bernhard Zoeppritz,Zoeppritz,154,6909,v4_olmo-mix-1124_llama,
historical_figure,Otto Benndorf,Benndorf,423,7413,v4_olmo-mix-1124_llama,
historical_figure,Cyrill Kistler,Kistler,67,209543,v4_olmo-mix-1124_llama,
historical_figure,Otto Pfleiderer,Pfleiderer,801,25616,v4_olmo-mix-1124_llama,
historical_figure,Carl von Voit,Voit,2514,141460,v4_olmo-mix-1124_llama,
historical_figure,Wilhelm Ahlwardt,Ahlwardt,166,5043,v4_olmo-mix-1124_llama,
historical_figure,Oswald Achenbach,Achenbach,1879,124622,v4_olmo-mix-1124_llama,
historical_figure,Friedrich Ratzel,Ratzel,15770,53328,v4_olmo-mix-1124_llama,
historical_figure,Louis IX of France,France,44918,164450361,v4_olmo-mix-1124_llama,
historical_figure,Alain de Lille,Lille,3976,1930865,v4_olmo-mix-1124_llama,
historical_figure,Arnaut Daniel,Daniel,7360,81284342,v4_olmo-mix-1124_llama,
historical_figure,Jean Bodel,Bodel,2157,34247,v4_olmo-mix-1124_llama,
historical_figure,Geoffrey of Villehardouin,Villehardouin,3223,33411,v4_olmo-mix-1124_llama,
historical_figure,Gui de Cambrai,Cambrai,374,211897,v4_olmo-mix-1124_llama,
historical_figure,Emperor Xianzong of Western Xia,Xia,44,12080540,v4_olmo-mix-1124_llama,
historical_figure,Emperor Duzong of Song,Song,72,33405701,v4_olmo-mix-1124_llama,
historical_figure,Thomas Aquinas,Aquinas,1559786,4174201,v4_olmo-mix-1124_llama,
historical_figure,Philip Hurepel,Hurepel,236,1153,v4_olmo-mix-1124_llama,
historical_figure,"William II, Count of Flanders",Flanders,7,3839374,v4_olmo-mix-1124_llama,
historical_figure,Guan Hanqing,Hanqing,3136,21625,v4_olmo-mix-1124_llama,
historical_figure,Alexios III Angelos,Angelos,4963,496757,v4_olmo-mix-1124_llama,
historical_figure,John III Doukas Vatatzes,Vatatzes,2822,23350,v4_olmo-mix-1124_llama,
historical_figure,Theodore I Laskaris,Laskaris,2758,40874,v4_olmo-mix-1124_llama,
historical_figure,Karl Jónsson,Jónsson,192,94411,v4_olmo-mix-1124_llama,
historical_figure,Henryk IV Probus,Probus,374,124972,v4_olmo-mix-1124_llama,
historical_figure,Hedwig of Silesia,Silesia,896,853993,v4_olmo-mix-1124_llama,
historical_figure,Albert of Riga,Riga,2317,1782659,v4_olmo-mix-1124_llama,
historical_figure,"Henry XIII, Duke of Bavaria",Bavaria,74,3086364,v4_olmo-mix-1124_llama,
historical_figure,Gertrude of Merania,Merania,631,4602,v4_olmo-mix-1124_llama,
historical_figure,Manuel Maurozomes,Maurozomes,193,621,v4_olmo-mix-1124_llama,
historical_figure,Theodoric I,I,8612,25834773818,v4_olmo-mix-1124_llama,
historical_figure,Konrad von Marburg,Marburg,694,642243,v4_olmo-mix-1124_llama,
historical_figure,"Louis III, Duke of Bavaria",Bavaria,3,3086364,v4_olmo-mix-1124_llama,
historical_figure,Saint Engelbert,Engelbert,182,181917,v4_olmo-mix-1124_llama,
historical_figure,"Henry VI, Count Palatine of the Rhine",Rhine,13,4480230,v4_olmo-mix-1124_llama,
historical_figure,Frederick Tuta,Tuta,71,81987,v4_olmo-mix-1124_llama,
historical_figure,"Herman V, Margrave of Baden-Baden",Baden-Baden,124,159027,v4_olmo-mix-1124_llama,
historical_figure,Siegfried III,III,922,67878297,v4_olmo-mix-1124_llama,
historical_figure,Meir ben Baruch,Baruch,1042,1819554,v4_olmo-mix-1124_llama,
historical_figure,"Henry V, Count of Luxembourg",Luxembourg,44,5336934,v4_olmo-mix-1124_llama,
historical_figure,Stephen Uroš I of Serbia,Serbia,338,11949586,v4_olmo-mix-1124_llama,
historical_figure,"Engelbert I, Count of the Mark",Mark,20,209236346,v4_olmo-mix-1124_llama,
historical_figure,"Herman VII, Margrave of Baden-Baden",Baden-Baden,11,159027,v4_olmo-mix-1124_llama,
historical_figure,Konrad von Hochstaden,Hochstaden,1222,3440,v4_olmo-mix-1124_llama,
historical_figure,"Henry VI, Count of Luxembourg",Luxembourg,56,5336934,v4_olmo-mix-1124_llama,
historical_figure,"Maurice, Count of Oldenburg",Oldenburg,5,561551,v4_olmo-mix-1124_llama,
historical_figure,Heinrich I. von Liechtenstein,Liechtenstein,0,1302087,v4_olmo-mix-1124_llama,
historical_figure,"John I of Brienne, Count of Eu",Eu,19,17377989,v4_olmo-mix-1124_llama,
historical_figure,Otto I,I,107559,25834773818,v4_olmo-mix-1124_llama,
historical_figure,Jutta of Thuringia,Thuringia,110,351502,v4_olmo-mix-1124_llama,
historical_figure,Pribislaw I,I,20,25834773818,v4_olmo-mix-1124_llama,
historical_figure,Gertrude of Baden,Baden,5,2097058,v4_olmo-mix-1124_llama,
historical_figure,"Herman II, Lord of Lippe",Lippe,2,187483,v4_olmo-mix-1124_llama,
historical_figure,Gilles de Trazegnies dit le Brun,Brun,0,13180867,v4_olmo-mix-1124_llama,
historical_figure,Bernhard I of Werle,Werle,1,62860,v4_olmo-mix-1124_llama,
historical_figure,Agnes of Hohenstaufen,Hohenstaufen,85,124316,v4_olmo-mix-1124_llama,
historical_figure,Álvaro Núñez de Lara,Lara,102,6416381,v4_olmo-mix-1124_llama,
historical_figure,"William IV, Count of Jülich",Jülich,38,156220,v4_olmo-mix-1124_llama,
historical_figure,Muhammad Aufi,Aufi,479,2078,v4_olmo-mix-1124_llama,
historical_figure,Béla IV of Hungary,Hungary,5272,15537093,v4_olmo-mix-1124_llama,
historical_figure,Adolf of Nassau,Nassau,4419,2062585,v4_olmo-mix-1124_llama,
historical_figure,Honorius III,III,27623,67878297,v4_olmo-mix-1124_llama,
historical_figure,Henry III of England,England,28425,164537066,v4_olmo-mix-1124_llama,
historical_figure,"Manfred, King of Sicily",Sicily,918,6536703,v4_olmo-mix-1124_llama,
historical_figure,Anthony of Padua,Padua,54012,943935,v4_olmo-mix-1124_llama,
historical_figure,Alexander IV,IV,46957,61039776,v4_olmo-mix-1124_llama,
historical_figure,Philip III of France,France,6155,164450361,v4_olmo-mix-1124_llama,
historical_figure,John XXI,XXI,11945,1040991,v4_olmo-mix-1124_llama,
historical_figure,Clement IV,IV,25511,61039776,v4_olmo-mix-1124_llama,
historical_figure,Wenceslaus I of Bohemia,Bohemia,1394,2326478,v4_olmo-mix-1124_llama,
historical_figure,Clare of Assisi,Assisi,15980,922261,v4_olmo-mix-1124_llama,
historical_figure,Ibn al-Farid,al-Farid,5481,12593,v4_olmo-mix-1124_llama,
historical_figure,Christopher I of Denmark,Denmark,307,20903672,v4_olmo-mix-1124_llama,
historical_figure,Beatrice of Swabia,Swabia,341,212603,v4_olmo-mix-1124_llama,
historical_figure,"Maria of Brabant, Duchess of Bavaria",Bavaria,115,3086364,v4_olmo-mix-1124_llama,
historical_figure,Martin IV,IV,12210,61039776,v4_olmo-mix-1124_llama,
historical_figure,"Ingeborg of Denmark, Queen of France",France,8,164450361,v4_olmo-mix-1124_llama,
historical_figure,"Eleanor of England, Queen of Castile",Castile,67,2018276,v4_olmo-mix-1124_llama,
historical_figure,Yolanda of Flanders,Flanders,505,3839374,v4_olmo-mix-1124_llama,
historical_figure,Isabella II of Jerusalem,Jerusalem,354,40095604,v4_olmo-mix-1124_llama,
historical_figure,Maria of Montferrat,Montferrat,803,78442,v4_olmo-mix-1124_llama,
historical_figure,Isabella I of Jerusalem,Jerusalem,632,40095604,v4_olmo-mix-1124_llama,
historical_figure,Isabella of England,England,2813,164537066,v4_olmo-mix-1124_llama,
historical_figure,Peter of Verona,Verona,2374,1978855,v4_olmo-mix-1124_llama,
historical_figure,Adolf of Osnabrück,Osnabrück,103,146081,v4_olmo-mix-1124_llama,
historical_figure,Stephen the Posthumous,Posthumous,88,154881,v4_olmo-mix-1124_llama,
historical_figure,"Alix, duchess of Brittany",Brittany,0,5956194,v4_olmo-mix-1124_llama,
historical_figure,"Isabel, Countess of Gloucester",Gloucester,391,2525055,v4_olmo-mix-1124_llama,
historical_figure,Michael Tarchaneiotes,Tarchaneiotes,478,3497,v4_olmo-mix-1124_llama,
historical_figure,Árni Þorláksson,Þorláksson,68,4420,v4_olmo-mix-1124_llama,
historical_figure,Berengaria of Portugal,Portugal,388,20829497,v4_olmo-mix-1124_llama,
historical_figure,Beatrice of Savoy,Savoy,2901,1816186,v4_olmo-mix-1124_llama,
historical_figure,Philip of Novara,Novara,685,166195,v4_olmo-mix-1124_llama,
historical_figure,"Blanche of Navarre, Countess of Champagne",Champagne,43,4308133,v4_olmo-mix-1124_llama,
historical_figure,Dagmar of Bohemia,Bohemia,576,2326478,v4_olmo-mix-1124_llama,
historical_figure,"Matilda of Brabant, Countess of Artois",Artois,87,367332,v4_olmo-mix-1124_llama,
historical_figure,Fenenna of Kuyavia,Kuyavia,70,9372,v4_olmo-mix-1124_llama,
historical_figure,Magnús Óláfsson,Óláfsson,1143,3326,v4_olmo-mix-1124_llama,
historical_figure,Margaret Sambiria,Sambiria,322,781,v4_olmo-mix-1124_llama,
historical_figure,Rose of Viterbo,Viterbo,715,169776,v4_olmo-mix-1124_llama,
historical_figure,"Joan, Countess of Toulouse",Toulouse,88,2223932,v4_olmo-mix-1124_llama,
historical_figure,"Lucia, Countess of Tripoli",Tripoli,26,4198692,v4_olmo-mix-1124_llama,
historical_figure,"Eleanor, Countess of Vermandois",Vermandois,5,37966,v4_olmo-mix-1124_llama,
historical_figure,"Marjorie, Countess of Carrick",Carrick,459,1087663,v4_olmo-mix-1124_llama,
historical_figure,"Mary, Countess of Blois",Blois,5,319735,v4_olmo-mix-1124_llama,
historical_figure,"Aymer, Count of Angoulême",Angoulême,9,82953,v4_olmo-mix-1124_llama,
historical_figure,Bolesław I the Tall,Tall,312,9319341,v4_olmo-mix-1124_llama,
historical_figure,"Frederick II, Duke of Austria",Austria,544,21942091,v4_olmo-mix-1124_llama,
historical_figure,Zofija Višnjegorska,Višnjegorska,0,0,v4_olmo-mix-1124_llama,
historical_figure,Nikephoros Tarchaneiotes,Tarchaneiotes,47,3497,v4_olmo-mix-1124_llama,
historical_figure,Kaloyan of Bulgaria,Bulgaria,1912,8699109,v4_olmo-mix-1124_llama,
historical_figure,Afonso III of Portugal,Portugal,2211,20829497,v4_olmo-mix-1124_llama,
historical_figure,Theobald I of Navarre,Navarre,846,1211470,v4_olmo-mix-1124_llama,
historical_figure,Peter II of Aragon,Aragon,2567,2679333,v4_olmo-mix-1124_llama,
historical_figure,Guillaume de Rubrouck,Rubrouck,412,1024,v4_olmo-mix-1124_llama,
historical_figure,Alfonso IX of León,León,3295,1222132,v4_olmo-mix-1124_llama,
historical_figure,Birger Jarl,Jarl,10285,622922,v4_olmo-mix-1124_llama,
historical_figure,"Henry II, Prince of Anhalt-Aschersleben",Anhalt-Aschersleben,7,172,v4_olmo-mix-1124_llama,
historical_figure,Philip of Carinthia,Carinthia,19,217839,v4_olmo-mix-1124_llama,
historical_figure,Dirk van Are,Are,16,265452721,v4_olmo-mix-1124_llama,
historical_figure,Abraham Abulafia,Abulafia,13192,96998,v4_olmo-mix-1124_llama,
historical_figure,William of Sherwood,Sherwood,3791,2369600,v4_olmo-mix-1124_llama,
historical_figure,Pietro Catanii,Catanii,3,73,v4_olmo-mix-1124_llama,
historical_figure,Magnus VI of Norway,Norway,980,25105955,v4_olmo-mix-1124_llama,
historical_figure,Ibn al-Baitar,al-Baitar,4037,4717,v4_olmo-mix-1124_llama,
historical_figure,Vsevolod the Big Nest,Nest,1300,12549514,v4_olmo-mix-1124_llama,
historical_figure,"William Marshal, 1st Earl of Pembroke",Pembroke,1923,1159253,v4_olmo-mix-1124_llama,
historical_figure,"Guigues IV, Count of Forez",Forez,1,26347,v4_olmo-mix-1124_llama,
historical_figure,Thomas of Celano,Celano,5320,35221,v4_olmo-mix-1124_llama,
historical_figure,Peter II of Courtenay,Courtenay,488,463430,v4_olmo-mix-1124_llama,
historical_figure,Charles Martel of Anjou,Anjou,1041,812094,v4_olmo-mix-1124_llama,
historical_figure,Адольф I фон Дассель,Дассель,0,0,v4_olmo-mix-1124_llama,
historical_figure,Sverker II of Sweden,Sweden,389,35969966,v4_olmo-mix-1124_llama,
historical_figure,Simone Doria,Doria,108,519253,v4_olmo-mix-1124_llama,
historical_figure,Andrew of Hungary,Hungary,1938,15537093,v4_olmo-mix-1124_llama,
historical_figure,Ōe no Hiromoto,Hiromoto,350,14690,v4_olmo-mix-1124_llama,
historical_figure,Agnes of Dampierre,Dampierre,18,30929,v4_olmo-mix-1124_llama,
historical_figure,Agnes of Assisi,Assisi,556,922261,v4_olmo-mix-1124_llama,
historical_figure,Agnes of Bohemia,Bohemia,2635,2326478,v4_olmo-mix-1124_llama,
historical_figure,Mathilde von Courtenay,Courtenay,0,463430,v4_olmo-mix-1124_llama,
historical_figure,Hugh II of Saint-Omer,Saint-Omer,1,26963,v4_olmo-mix-1124_llama,
historical_figure,Ralph of Tiberias,Tiberias,153,413172,v4_olmo-mix-1124_llama,
historical_figure,Theodora of Arta,Arta,108,563589,v4_olmo-mix-1124_llama,
historical_figure,Margrete Skulesdatter,Skulesdatter,26,49,v4_olmo-mix-1124_llama,
historical_figure,Michael I Komnenos Doukas,Doukas,1320,99301,v4_olmo-mix-1124_llama,
historical_figure,"Philip of Montfort, Lord of Castres",Castres,51,78304,v4_olmo-mix-1124_llama,
historical_figure,Eudes Rigaud,Rigaud,376,147098,v4_olmo-mix-1124_llama,
historical_figure,Peter Karlotus,Karlotus,1,2,v4_olmo-mix-1124_llama,
historical_figure,Edmund Crouchback,Crouchback,6388,20606,v4_olmo-mix-1124_llama,
historical_figure,Beatrice of Nazareth,Nazareth,1011,3813122,v4_olmo-mix-1124_llama,
historical_figure,Gertrude of Hohenberg,Hohenberg,43,60095,v4_olmo-mix-1124_llama,
historical_figure,Gertrude of Austria,Austria,123,21942091,v4_olmo-mix-1124_llama,
historical_figure,Alexander of Hales,Hales,7232,845976,v4_olmo-mix-1124_llama,
historical_figure,Kaliman I of Bulgaria,Bulgaria,183,8699109,v4_olmo-mix-1124_llama,
historical_figure,Mordechai ben Hillel,Hillel,421,1428026,v4_olmo-mix-1124_llama,
historical_figure,"Gilbert de Clare, 5th Earl of Gloucester",Gloucester,40,2525055,v4_olmo-mix-1124_llama,
historical_figure,"Peter I, Duke of Brittany",Brittany,173,5956194,v4_olmo-mix-1124_llama,
historical_figure,Baldwin of Avesnes,Avesnes,326,14152,v4_olmo-mix-1124_llama,
historical_figure,Pierre de La Broce,Broce,55,20905,v4_olmo-mix-1124_llama,
historical_figure,Engelbert III de Gorizia,Gorizia,0,111312,v4_olmo-mix-1124_llama,
historical_figure,Ferdinand of Portugal,Portugal,754,20829497,v4_olmo-mix-1124_llama,
historical_figure,John of Matha,Matha,1583,152281,v4_olmo-mix-1124_llama,
historical_figure,"Casimir II, Duke of Pomerania",Pomerania,32,436455,v4_olmo-mix-1124_llama,
historical_figure,"Henry I, Count of Schwerin",Schwerin,56,135718,v4_olmo-mix-1124_llama,
historical_figure,Andrew Moray,Moray,6506,746086,v4_olmo-mix-1124_llama,
historical_figure,"John II, Margrave of Brandenburg-Stendal",Brandenburg-Stendal,2,365,v4_olmo-mix-1124_llama,
historical_figure,"Mieszko, Duke of Lubusz",Lubusz,3,10659,v4_olmo-mix-1124_llama,
historical_figure,Robert de Sorbon,Sorbon,3652,753625,v4_olmo-mix-1124_llama,
historical_figure,Ottone Visconti,Visconti,2690,725569,v4_olmo-mix-1124_llama,
historical_figure,"Henry IV, Duke of Brabant",Brabant,7,666943,v4_olmo-mix-1124_llama,
historical_figure,Jacob Svetoslav,Svetoslav,547,19290,v4_olmo-mix-1124_llama,
historical_figure,Kunigunde of Eisenberg,Eisenberg,110,1543465,v4_olmo-mix-1124_llama,
historical_figure,Harald Maddadsson,Maddadsson,1020,1152,v4_olmo-mix-1124_llama,
historical_figure,Henry II,II,813159,191309107,v4_olmo-mix-1124_llama,
historical_figure,Angelus of Jerusalem,Jerusalem,145,40095604,v4_olmo-mix-1124_llama,
historical_figure,Boncompagno da Signa,Signa,613,100530,v4_olmo-mix-1124_llama,
historical_figure,Raimon de Miraval,Miraval,519,46497,v4_olmo-mix-1124_llama,
historical_figure,John I,I,458525,25834773818,v4_olmo-mix-1124_llama,
historical_figure,"Eric I, Duke of Schleswig",Schleswig,12,613877,v4_olmo-mix-1124_llama,
historical_figure,Vasily of Kostroma,Kostroma,48,70121,v4_olmo-mix-1124_llama,
historical_figure,"Philip I, Count of Savoy",Savoy,72,1816186,v4_olmo-mix-1124_llama,
historical_figure,"Valdemar III, Duke of Schleswig",Schleswig,11,613877,v4_olmo-mix-1124_llama,
historical_figure,Hugh I of Cyprus,Cyprus,606,10094757,v4_olmo-mix-1124_llama,
historical_figure,"William I, Duke of Brunswick-Lüneburg",Brunswick-Lüneburg,1,36387,v4_olmo-mix-1124_llama,
historical_figure,Bernard the Lightsome,Lightsome,76,2018,v4_olmo-mix-1124_llama,
historical_figure,Jalal ad-Din Mingburnu,Mingburnu,2423,5174,v4_olmo-mix-1124_llama,
historical_figure,Michael Scot,Scot,14173,21759536,v4_olmo-mix-1124_llama,
historical_figure,Benedetto Antelami,Antelami,1789,2900,v4_olmo-mix-1124_llama,
historical_figure,Raymond Roger Trencavel,Trencavel,699,18088,v4_olmo-mix-1124_llama,
historical_figure,"Gerhard I, Count of Holstein-Itzehoe",Holstein-Itzehoe,23,166,v4_olmo-mix-1124_llama,
historical_figure,"Matthias II, Duke of Lorraine",Lorraine,24,3516544,v4_olmo-mix-1124_llama,
historical_figure,Valdemar of Denmark,Denmark,1622,20903672,v4_olmo-mix-1124_llama,
historical_figure,Philip of Dreux,Dreux,267,61615,v4_olmo-mix-1124_llama,
historical_figure,Mafalda of Portugal,Portugal,156,20829497,v4_olmo-mix-1124_llama,
historical_figure,"William VII, Marquess of Montferrat",Montferrat,115,78442,v4_olmo-mix-1124_llama,
historical_figure,Þorvaldur Gissurarson,Gissurarson,20,5363,v4_olmo-mix-1124_llama,
historical_figure,Hrafn Oddsson,Oddsson,187,28427,v4_olmo-mix-1124_llama,
historical_figure,Þorvaldur Snorrason Vatnsfirðingur,Vatnsfirðingur,0,0,v4_olmo-mix-1124_llama,
historical_figure,Guillem de Mont-rodon,Mont-rodon,3,3,v4_olmo-mix-1124_llama,
historical_figure,Ma Lin,Lin,14903,41018581,v4_olmo-mix-1124_llama,
historical_figure,"Robert of Courtenay, Lord of Champignelles",Champignelles,2,797,v4_olmo-mix-1124_llama,
historical_figure,Riccardo Annibaldi,Annibaldi,271,5472,v4_olmo-mix-1124_llama,
historical_figure,Isaac ben Moses of Vienna,Vienna,419,14532144,v4_olmo-mix-1124_llama,
historical_figure,"Jaromar II, Prince of Rügen",Rügen,16,77051,v4_olmo-mix-1124_llama,
historical_figure,Muhammad ibn Abd Al-Haqq,Al-Haqq,12,20863,v4_olmo-mix-1124_llama,
historical_figure,"Vitslav I, Prince of Rügen",Rügen,5,77051,v4_olmo-mix-1124_llama,
historical_figure,"Simon II, Duke of Lorraine",Lorraine,11,3516544,v4_olmo-mix-1124_llama,
historical_figure,John Komnenos the Fat,Fat,133,36505281,v4_olmo-mix-1124_llama,
historical_figure,"Robert de Vere, 5th Earl of Oxford",Oxford,81,36558326,v4_olmo-mix-1124_llama,
historical_figure,Francis of Assisi,Assisi,502576,922261,v4_olmo-mix-1124_llama,
historical_figure,Jacques de Bazoches,Bazoches,13,3078,v4_olmo-mix-1124_llama,
historical_figure,Ulrich von Liechtenstein,Liechtenstein,2410,1302087,v4_olmo-mix-1124_llama,
historical_figure,Arnold zum Turm,Turm,2,92676,v4_olmo-mix-1124_llama,
historical_figure,Zhang Hongfan,Hongfan,2091,4352,v4_olmo-mix-1124_llama,
historical_figure,"Henry III, Duke of Brabant",Brabant,92,666943,v4_olmo-mix-1124_llama,
historical_figure,Peter of Eboli,Eboli,602,73704,v4_olmo-mix-1124_llama,
historical_figure,Choe Chung-heon,Chung-heon,961,1331,v4_olmo-mix-1124_llama,
historical_figure,Trần Thái Tông,Tông,2709,56418,v4_olmo-mix-1124_llama,
historical_figure,William of Modena,Modena,2228,779374,v4_olmo-mix-1124_llama,
historical_figure,"Robert de Beaumont, Count of Meulan",Meulan,261,13502,v4_olmo-mix-1124_llama,
historical_figure,Geoffrey II of Villehardouin,Villehardouin,103,33411,v4_olmo-mix-1124_llama,
historical_figure,Fernando Afonso of Portugal,Portugal,7,20829497,v4_olmo-mix-1124_llama,
historical_figure,Roger of Wendover,Wendover,10822,190664,v4_olmo-mix-1124_llama,
historical_figure,William II of Botron,Botron,1,2969,v4_olmo-mix-1124_llama,
historical_figure,"Peter, Count of Perche and Alençon",Alençon,2,59234,v4_olmo-mix-1124_llama,
historical_figure,Otto VII van Brandenburg,Brandenburg,0,1748643,v4_olmo-mix-1124_llama,
historical_figure,"John I, Count of Oldenburg",Oldenburg,32,561551,v4_olmo-mix-1124_llama,
historical_figure,St. Zita,Zita,3121,288485,v4_olmo-mix-1124_llama,
historical_figure,David VI of Georgia,Georgia,218,48610303,v4_olmo-mix-1124_llama,
historical_figure,"Adelaide, Countess of Auxerre",Auxerre,1,117818,v4_olmo-mix-1124_llama,
historical_figure,Bartholomew of Brescia,Brescia,50,497080,v4_olmo-mix-1124_llama,
historical_figure,Benedetto Sinigardi,Sinigardi,1,257,v4_olmo-mix-1124_llama,
historical_figure,Benedetto Falier,Falier,0,8485,v4_olmo-mix-1124_llama,
historical_figure,Benedict of Poland,Poland,152,32821817,v4_olmo-mix-1124_llama,
historical_figure,"Albert II, Margrave of Brandenburg",Brandenburg,155,1748643,v4_olmo-mix-1124_llama,
historical_figure,Jerome of Moravia,Moravia,1487,798283,v4_olmo-mix-1124_llama,
historical_figure,Hugh II of Vaudémont,Vaudémont,1,3863,v4_olmo-mix-1124_llama,
historical_figure,Shi Miyuan,Miyuan,1424,2067,v4_olmo-mix-1124_llama,
historical_figure,Henry I van Vianden,Vianden,30,19736,v4_olmo-mix-1124_llama,
historical_figure,Hugh II of Cyprus,Cyprus,188,10094757,v4_olmo-mix-1124_llama,
historical_figure,Gerhard II of Lippe,Lippe,2,187483,v4_olmo-mix-1124_llama,
historical_figure,Philip of Antioch,Antioch,321,3127744,v4_olmo-mix-1124_llama,
historical_figure,"Roger Mortimer, 1st Baron Mortimer",Mortimer,338,2236529,v4_olmo-mix-1124_llama,
historical_figure,Bertran de Gourdon,Gourdon,3,36236,v4_olmo-mix-1124_llama,
historical_figure,Konrad the Curly,Curly,21,2061437,v4_olmo-mix-1124_llama,
historical_figure,Jacob Anatoli,Anatoli,1441,325790,v4_olmo-mix-1124_llama,
historical_figure,John de Courcy,Courcy,7270,74154,v4_olmo-mix-1124_llama,
historical_figure,Eustace the Monk,Monk,5333,7128026,v4_olmo-mix-1124_llama,
historical_figure,Haakon the Crazy,Crazy,489,13516381,v4_olmo-mix-1124_llama,
historical_figure,Magnus Minniskiöld,Minniskiöld,59,92,v4_olmo-mix-1124_llama,
historical_figure,Peter of Portugal,Portugal,375,20829497,v4_olmo-mix-1124_llama,
historical_figure,Safi al-Din al-Urmawi,al-Urmawi,741,1761,v4_olmo-mix-1124_llama,
historical_figure,"Ranulf de Blondeville, 6th Earl of Chester",Chester,340,7585073,v4_olmo-mix-1124_llama,
historical_figure,"Robert VII, Lord of Béthune",Béthune,4,23026,v4_olmo-mix-1124_llama,
historical_figure,Lu You,You,20735,2474506283,v4_olmo-mix-1124_llama,
historical_figure,Reniero Zeno,Zeno,181,1720259,v4_olmo-mix-1124_llama,
historical_figure,Dafydd ap Llywelyn,Llywelyn,3073,238096,v4_olmo-mix-1124_llama,
historical_figure,Josef ben Meir ibn Zabara,Zabara,0,5907,v4_olmo-mix-1124_llama,
historical_figure,Detlef von Gadebusch,Gadebusch,50,3283,v4_olmo-mix-1124_llama,
historical_figure,Guilhem Anelier,Anelier,171,191,v4_olmo-mix-1124_llama,
historical_figure,William VIII of Montpellier,Montpellier,103,870423,v4_olmo-mix-1124_llama,
historical_figure,Dirk I van Brederode,Brederode,10,18094,v4_olmo-mix-1124_llama,
historical_figure,Edmund of Abingdon,Abingdon,1650,492650,v4_olmo-mix-1124_llama,
historical_figure,Dominicus Krafft,Krafft,0,196301,v4_olmo-mix-1124_llama,
historical_figure,Reginald of Bologna,Bologna,5,2818979,v4_olmo-mix-1124_llama,
historical_figure,Guido delle Colonne,Colonne,1854,29168,v4_olmo-mix-1124_llama,
historical_figure,"John Fitzalan, Lord of Oswestry",Oswestry,12,113658,v4_olmo-mix-1124_llama,
historical_figure,Eberhard von Rohrdorf,Rohrdorf,15,893,v4_olmo-mix-1124_llama,
historical_figure,Saint Arsenije I Sremac,Sremac,36,4080,v4_olmo-mix-1124_llama,
historical_figure,Ekkehard Rabil,Rabil,0,34837,v4_olmo-mix-1124_llama,
historical_figure,Heinrich Seemann,Seemann,76,78388,v4_olmo-mix-1124_llama,
historical_figure,Otto of Oldenburg,Oldenburg,108,561551,v4_olmo-mix-1124_llama,
historical_figure,Pierre de Montreuil,Montreuil,1097,110050,v4_olmo-mix-1124_llama,
historical_figure,"Theobald VI, Count of Blois",Blois,9,319735,v4_olmo-mix-1124_llama,
historical_figure,"Guy de Montfort, Count of Nola",Nola,120,703069,v4_olmo-mix-1124_llama,
historical_figure,Robert Kilwardby,Kilwardby,2899,8546,v4_olmo-mix-1124_llama,
historical_figure,Roger de Vico Pisano,Pisano,0,237887,v4_olmo-mix-1124_llama,
historical_figure,Raoul de Soissons,Soissons,44,133270,v4_olmo-mix-1124_llama,
historical_figure,"Odo, Count of Nevers",Nevers,9,251890,v4_olmo-mix-1124_llama,
historical_figure,Gerard Grenier,Grenier,7,458349,v4_olmo-mix-1124_llama,
historical_figure,Odo of Châteauroux,Châteauroux,122,14069,v4_olmo-mix-1124_llama,
historical_figure,Oliver de Termes,Termes,37,35078,v4_olmo-mix-1124_llama,
historical_figure,Giovanni Parenti,Parenti,48,283002,v4_olmo-mix-1124_llama,
historical_figure,Julian of Cuenca,Cuenca,94,479809,v4_olmo-mix-1124_llama,
historical_figure,John of Burgundy,Burgundy,2669,2925362,v4_olmo-mix-1124_llama,
historical_figure,Heinrich I. von Heisterbach,Heisterbach,0,10675,v4_olmo-mix-1124_llama,
historical_figure,Jakob von Ibelin,Ibelin,0,39891,v4_olmo-mix-1124_llama,
historical_figure,Friedrich von Haseldorf,Haseldorf,0,456,v4_olmo-mix-1124_llama,
historical_figure,Gunnlaugr Leifsson,Leifsson,287,8007,v4_olmo-mix-1124_llama,
historical_figure,Conrad of Eberbach,Eberbach,41,40115,v4_olmo-mix-1124_llama,
historical_figure,Friedrich II. Ellinger,Ellinger,0,52578,v4_olmo-mix-1124_llama,
historical_figure,Friedrich II. von Parsberg,Parsberg,0,5775,v4_olmo-mix-1124_llama,
historical_figure,Giovanni Gaibano,Gaibano,0,0,v4_olmo-mix-1124_llama,
historical_figure,"John FitzAlan, 7th Earl of Arundel",Arundel,18,729089,v4_olmo-mix-1124_llama,
historical_figure,Ulrich von Seckau,Seckau,1,2630,v4_olmo-mix-1124_llama,
historical_figure,Gérard de Rougemont,Rougemont,1,68224,v4_olmo-mix-1124_llama,
historical_figure,Gottfried III,III,309,67878297,v4_olmo-mix-1124_llama,
historical_figure,"Guy of Ibelin, constable of Cyprus",Cyprus,4,10094757,v4_olmo-mix-1124_llama,
historical_figure,Guy de Château-Porcien,Château-Porcien,0,293,v4_olmo-mix-1124_llama,
historical_figure,Heinrich I.,I.,2103,51944699,v4_olmo-mix-1124_llama,
historical_figure,Heinrich I. von Zipplingen,Zipplingen,0,67,v4_olmo-mix-1124_llama,
historical_figure,Heinrich III.,III.,1763,8313221,v4_olmo-mix-1124_llama,
historical_figure,Heinrich von Kirchberg,Kirchberg,9,43879,v4_olmo-mix-1124_llama,
historical_figure,Heinrich von Thun,Thun,1555,1135593,v4_olmo-mix-1124_llama,
historical_figure,"Herman III, Lord of Lippe",Lippe,0,187483,v4_olmo-mix-1124_llama,
historical_figure,Hugo I.,I.,335,51944699,v4_olmo-mix-1124_llama,
historical_figure,"Hugh, Count of Brienne",Brienne,36,945191,v4_olmo-mix-1124_llama,
historical_figure,Гуго де Сюржер,Сюржер,0,0,v4_olmo-mix-1124_llama,
historical_figure,Ida of Arnsberg,Arnsberg,0,31278,v4_olmo-mix-1124_llama,
historical_figure,Johannes von Tralau,Tralau,0,1285,v4_olmo-mix-1124_llama,
historical_figure,Irmgard of Berg,Berg,25,16994675,v4_olmo-mix-1124_llama,
historical_figure,Jacob of Lorraine,Lorraine,7,3516544,v4_olmo-mix-1124_llama,
historical_figure,Jean de Cossonay,Cossonay,15,2337,v4_olmo-mix-1124_llama,
historical_figure,Jan I van der Lede,Lede,0,562383,v4_olmo-mix-1124_llama,
historical_figure,Johann von Ennsthal,Ennsthal,0,354,v4_olmo-mix-1124_llama,
historical_figure,Johannes Bonus,Bonus,0,8354359,v4_olmo-mix-1124_llama,
historical_figure,Albrecht II. von Mutzschen,Mutzschen,0,117,v4_olmo-mix-1124_llama,
historical_figure,Laurentius Hispanus,Hispanus,175,11482,v4_olmo-mix-1124_llama,
historical_figure,Leopold II. von Schönfeld,Schönfeld,0,28233,v4_olmo-mix-1124_llama,
historical_figure,Dirk I van Valkenburg,Valkenburg,0,95350,v4_olmo-mix-1124_llama,
historical_figure,Richardis of Bavaria,Bavaria,18,3086364,v4_olmo-mix-1124_llama,
historical_figure,Luke of Padua,Padua,0,943935,v4_olmo-mix-1124_llama,
historical_figure,Henry I of Avaugour,Avaugour,1,154,v4_olmo-mix-1124_llama,
historical_figure,"Margaret of Sweden, Queen of Norway",Norway,6,25105955,v4_olmo-mix-1124_llama,
historical_figure,Nicholas Arnesson,Arnesson,66,8051,v4_olmo-mix-1124_llama,
historical_figure,Nicholas of Ajello,Ajello,110,28258,v4_olmo-mix-1124_llama,
historical_figure,István Báncsa,Báncsa,0,218,v4_olmo-mix-1124_llama,
historical_figure,William of Tudela,Tudela,726,99720,v4_olmo-mix-1124_llama,
historical_figure,Philip of Castile,Castile,303,2018276,v4_olmo-mix-1124_llama,
historical_figure,Marianus II of Torres,Torres,33,6888537,v4_olmo-mix-1124_llama,
historical_figure,Matilda of Béthune,Béthune,23,23026,v4_olmo-mix-1124_llama,
historical_figure,Otto I.,I.,10452,51944699,v4_olmo-mix-1124_llama,
historical_figure,Dirk II van Zeeland Van Voorne,Voorne,0,5073,v4_olmo-mix-1124_llama,
historical_figure,Herman V van Woerden,Woerden,1,29387,v4_olmo-mix-1124_llama,
historical_figure,"Richard Mór de Burgh, 1st Baron of Connaught",Connaught,148,569561,v4_olmo-mix-1124_llama,
historical_figure,Robert de Cressonsacq,Cressonsacq,0,109,v4_olmo-mix-1124_llama,
historical_figure,Bertrand II of Forcalquier,Forcalquier,18,11891,v4_olmo-mix-1124_llama,
historical_figure,Hugo I van Naaldwijk,Naaldwijk,0,3625,v4_olmo-mix-1124_llama,
historical_figure,William of Donjeon,Donjeon,56,167,v4_olmo-mix-1124_llama,
historical_figure,Iacopo Rusticucci,Rusticucci,397,5696,v4_olmo-mix-1124_llama,
historical_figure,Romée de Villeneuve,Villeneuve,9,1032745,v4_olmo-mix-1124_llama,
historical_figure,"Baldwin II, Count of Guînes",Guînes,2,3538,v4_olmo-mix-1124_llama,
historical_figure,Blanche of Navarre,Navarre,2200,1211470,v4_olmo-mix-1124_llama,
historical_figure,Siegfried II,II,1442,191309107,v4_olmo-mix-1124_llama,
historical_figure,Siegfried IV.,IV.,3,5438600,v4_olmo-mix-1124_llama,
historical_figure,Simon II,II,4989,191309107,v4_olmo-mix-1124_llama,
historical_figure,Sophia von Sachsen,Sachsen,48,425495,v4_olmo-mix-1124_llama,
historical_figure,Guigues VI of Viennois,Viennois,113,14033,v4_olmo-mix-1124_llama,
historical_figure,Guillem de Cabestany,Cabestany,178,7600,v4_olmo-mix-1124_llama,
historical_figure,"Gaston VII, Viscount of Béarn",Béarn,198,51964,v4_olmo-mix-1124_llama,
historical_figure,"William II, Lord of Béthune",Béthune,3,23026,v4_olmo-mix-1124_llama,
historical_figure,Choe Hang,Hang,1060,13961282,v4_olmo-mix-1124_llama,
historical_figure,Beatrice of Bohemia,Bohemia,22,2326478,v4_olmo-mix-1124_llama,
historical_figure,Urraca of Portugal,Portugal,380,20829497,v4_olmo-mix-1124_llama,
historical_figure,Tommaso da Capua,Capua,20,316765,v4_olmo-mix-1124_llama,
historical_figure,"Alice, Countess of Bigorre",Bigorre,1,18418,v4_olmo-mix-1124_llama,
historical_figure,Tore Gudmundsson,Gudmundsson,65,102517,v4_olmo-mix-1124_llama,
historical_figure,Marie de Coucy,Coucy,781,36441,v4_olmo-mix-1124_llama,
historical_figure,Uffe Thrugotsen,Thrugotsen,0,43,v4_olmo-mix-1124_llama,
historical_figure,Ulrich I. von Rechberg,Rechberg,0,3148,v4_olmo-mix-1124_llama,
historical_figure,Ulrich II of Münzenberg,Münzenberg,2,24278,v4_olmo-mix-1124_llama,
historical_figure,Ulrich von Sax,Sax,27,12874002,v4_olmo-mix-1124_llama,
historical_figure,Willem I van Bronckhorst,Bronckhorst,0,32157,v4_olmo-mix-1124_llama,
historical_figure,"John Tristan, Count of Anjou and Maine",Maine,0,19523809,v4_olmo-mix-1124_llama,
historical_figure,Anders Sunesen,Sunesen,1298,4910,v4_olmo-mix-1124_llama,
historical_figure,Mstislav Mstislavich,Mstislavich,756,6383,v4_olmo-mix-1124_llama,
historical_figure,"Walter Comyn, Lord of Badenoch",Badenoch,31,60418,v4_olmo-mix-1124_llama,
historical_figure,Alan II of Avaugour,Avaugour,0,154,v4_olmo-mix-1124_llama,
historical_figure,Kunigunde van Bronckhorst,Bronckhorst,0,32157,v4_olmo-mix-1124_llama,
historical_figure,Ermengarde de Beaumont,Beaumont,636,2135481,v4_olmo-mix-1124_llama,
historical_figure,William de Raley,Raley,162,158342,v4_olmo-mix-1124_llama,
historical_figure,"William de Redvers, 5th Earl of Devon",Devon,61,6536655,v4_olmo-mix-1124_llama,
historical_figure,Niccolò de Romanis,Romanis,7,62223,v4_olmo-mix-1124_llama,
historical_figure,Hōjō Yoshimasa,Yoshimasa,8,64216,v4_olmo-mix-1124_llama,
historical_figure,Adam of Dryburgh,Dryburgh,385,36549,v4_olmo-mix-1124_llama,
historical_figure,John of Vercelli,Vercelli,426,99194,v4_olmo-mix-1124_llama,
historical_figure,Humbert of Romans,Romans,1403,30445991,v4_olmo-mix-1124_llama,
historical_figure,Conrad II Kettler,Kettler,0,108670,v4_olmo-mix-1124_llama,
historical_figure,Alexander von Soltwedel,Soltwedel,0,2715,v4_olmo-mix-1124_llama,
historical_figure,Ulrich III of Neuchâtel,Neuchâtel,45,160702,v4_olmo-mix-1124_llama,
historical_figure,Sancha of Portugal,Portugal,118,20829497,v4_olmo-mix-1124_llama,
historical_figure,"William X, Count of Auvergne",Auvergne,0,315337,v4_olmo-mix-1124_llama,
historical_figure,Jalal ud din Firuz Khalji,Khalji,210,73830,v4_olmo-mix-1124_llama,
historical_figure,Ottaviano dei Conti di Segni,Segni,8,47507,v4_olmo-mix-1124_llama,
historical_figure,Princess Helena Sverkersdotter of Sweden,Sweden,15,35969966,v4_olmo-mix-1124_llama,
historical_figure,Nicolaas van Sassenheim,Sassenheim,0,2733,v4_olmo-mix-1124_llama,
historical_figure,Lu Xiufu,Xiufu,2069,3364,v4_olmo-mix-1124_llama,
historical_figure,Guy I of Thouars,Thouars,0,24313,v4_olmo-mix-1124_llama,
historical_figure,Aharon HaLevi,HaLevi,1084,98910,v4_olmo-mix-1124_llama,
historical_figure,Adam II de Beaumont-Gâtinais,Beaumont-Gâtinais,0,21,v4_olmo-mix-1124_llama,
historical_figure,Alain V de Rohan,Rohan,0,2151987,v4_olmo-mix-1124_llama,
historical_figure,Amaury I de Craon,Craon,5,15839,v4_olmo-mix-1124_llama,
historical_figure,Andreas de Moravia,Moravia,95,798283,v4_olmo-mix-1124_llama,
historical_figure,Arnaldo da Limena,Limena,6,3260,v4_olmo-mix-1124_llama,
historical_figure,Marie of Oignies,Oignies,306,3376,v4_olmo-mix-1124_llama,
historical_figure,Beatrice of Auxonne,Auxonne,0,4262,v4_olmo-mix-1124_llama,
historical_figure,Olivier I de Clisson,Clisson,10,31835,v4_olmo-mix-1124_llama,
historical_figure,Diego López II de Haro,Haro,84,401610,v4_olmo-mix-1124_llama,
historical_figure,Maximus II of Constantinople,Constantinople,2,6264664,v4_olmo-mix-1124_llama,
historical_figure,Shizuka Gozen,Gozen,2014,70048,v4_olmo-mix-1124_llama,
historical_figure,Germanus III of Costantinople,Costantinople,0,3825,v4_olmo-mix-1124_llama,
historical_figure,Gilles Ier de Beaumetz,Beaumetz,0,1835,v4_olmo-mix-1124_llama,
historical_figure,Gregorio Crescenzi,Crescenzi,1,38429,v4_olmo-mix-1124_llama,
historical_figure,Gregorio Theodoli,Theodoli,0,2850,v4_olmo-mix-1124_llama,
historical_figure,Guido Pierleone,Pierleone,0,2315,v4_olmo-mix-1124_llama,
historical_figure,Guido Papareschi,Papareschi,2,1120,v4_olmo-mix-1124_llama,
historical_figure,William II of Baux,Baux,3,199535,v4_olmo-mix-1124_llama,
historical_figure,"William IX, Dauphin of Auvergne",Auvergne,0,315337,v4_olmo-mix-1124_llama,
historical_figure,Guillaume de Beaumont-Gâtinais,Beaumont-Gâtinais,0,21,v4_olmo-mix-1124_llama,
historical_figure,Guillaume de Beaumont-au-Maine,Beaumont-au-Maine,0,315,v4_olmo-mix-1124_llama,
historical_figure,Guillaume de Bray,Bray,76,4136055,v4_olmo-mix-1124_llama,
historical_figure,Guillaume de Roquefeuil,Roquefeuil,23,7921,v4_olmo-mix-1124_llama,
historical_figure,William of Saliceto,Saliceto,835,3452,v4_olmo-mix-1124_llama,
historical_figure,Guy III of Saint-Pol,Saint-Pol,1,23939,v4_olmo-mix-1124_llama,
historical_figure,Guy VIII de Laval,Laval,2,1606174,v4_olmo-mix-1124_llama,
historical_figure,"Gerard III, Count of Rieneck",Rieneck,1,3227,v4_olmo-mix-1124_llama,
historical_figure,Haraldr Óláfsson,Óláfsson,155,3326,v4_olmo-mix-1124_llama,
historical_figure,Hasan al-Rammah,al-Rammah,2691,5530,v4_olmo-mix-1124_llama,
historical_figure,John Halgren of Abbeville,Abbeville,4,213806,v4_olmo-mix-1124_llama,
historical_figure,Dirk I van Wassenaer,Wassenaer,0,8860,v4_olmo-mix-1124_llama,
historical_figure,Ichijō Ietsune,Ietsune,1,171,v4_olmo-mix-1124_llama,
historical_figure,Jean Ier de Courtenay-Champignelles,Courtenay-Champignelles,0,9,v4_olmo-mix-1124_llama,
historical_figure,Jean Le Faë,Faë,0,19092,v4_olmo-mix-1124_llama,
historical_figure,"Magnus II, Earl of Orkney",Orkney,3,1118928,v4_olmo-mix-1124_llama,
historical_figure,Margaret of Burgundy,Burgundy,8521,2925362,v4_olmo-mix-1124_llama,
historical_figure,Marie de Bourbon-Dampierre,Bourbon-Dampierre,0,346,v4_olmo-mix-1124_llama,
historical_figure,"Martha, Viscountess of Marsan",Marsan,7,133544,v4_olmo-mix-1124_llama,
historical_figure,Eskil Magnusson,Magnusson,394,361746,v4_olmo-mix-1124_llama,
historical_figure,Bleddyn Fardd,Fardd,228,2764,v4_olmo-mix-1124_llama,
historical_figure,Dafydd Benfras,Benfras,344,1471,v4_olmo-mix-1124_llama,
historical_figure,Nicolas de Hanapes,Hanapes,19,24,v4_olmo-mix-1124_llama,
historical_figure,Nicephorus II of Constantinople,Constantinople,2,6264664,v4_olmo-mix-1124_llama,
historical_figure,Olaf the Black,Black,2483,241876916,v4_olmo-mix-1124_llama,
historical_figure,"Pierre de Capoue, le mineur",mineur,0,22005,v4_olmo-mix-1124_llama,
historical_figure,Pietro Diana,Diana,18,16616391,v4_olmo-mix-1124_llama,
historical_figure,Gil de Casaio,Casaio,0,411,v4_olmo-mix-1124_llama,
historical_figure,Maelgwn ap Rhys,Rhys,451,2878972,v4_olmo-mix-1124_llama,
historical_figure,"William de Ferrers, 5th Earl of Derby",Derby,127,7580690,v4_olmo-mix-1124_llama,
historical_figure,Richard FitzRoy,FitzRoy,147,119976,v4_olmo-mix-1124_llama,
historical_figure,Richard Turstin,Turstin,10,3250,v4_olmo-mix-1124_llama,
historical_figure,"Roger Bigod, 2nd Earl of Norfolk",Norfolk,177,5246754,v4_olmo-mix-1124_llama,
historical_figure,Reginald of Piperno,Piperno,771,35928,v4_olmo-mix-1124_llama,
historical_figure,Christina of Norway,Norway,181,25105955,v4_olmo-mix-1124_llama,
historical_figure,Agnes of Denmark,Denmark,10,20903672,v4_olmo-mix-1124_llama,
historical_figure,Sophia of Wittelsbach,Wittelsbach,30,109766,v4_olmo-mix-1124_llama,
historical_figure,Thomas Hélye,Hélye,92,145,v4_olmo-mix-1124_llama,
historical_figure,Umberto IV da Pirovano,Pirovano,1,14195,v4_olmo-mix-1124_llama,
historical_figure,"Walter de Burgh, 1st Earl of Ulster",Ulster,219,3157366,v4_olmo-mix-1124_llama,
historical_figure,Isaac ben Dorbolo,Dorbolo,149,2529,v4_olmo-mix-1124_llama,
historical_figure,Étienne d'Arrabagne,d'Arrabagne,0,0,v4_olmo-mix-1124_llama,
historical_figure,Andrea Dandolo,Dandolo,2009,66161,v4_olmo-mix-1124_llama,
historical_figure,Bartholomaeus of Neocastro,Neocastro,94,639,v4_olmo-mix-1124_llama,
historical_figure,"Beatrice of Castile, Marchioness of Montferrat",Montferrat,4,78442,v4_olmo-mix-1124_llama,
historical_figure,Corrado I Lancia,Lancia,12,468877,v4_olmo-mix-1124_llama,
historical_figure,Frederick of Castile,Castile,94,2018276,v4_olmo-mix-1124_llama,
historical_figure,"Canute, Duke of Estonia",Estonia,7,6375570,v4_olmo-mix-1124_llama,
historical_figure,"Gerald FitzMaurice, 1st Lord of Offaly",Offaly,78,161042,v4_olmo-mix-1124_llama,
historical_figure,Giovanni da Velletri,Velletri,88,28013,v4_olmo-mix-1124_llama,
historical_figure,Goffredo da Bussero,Bussero,33,330,v4_olmo-mix-1124_llama,
historical_figure,Gonçalo de Amarante,Amarante,182,66252,v4_olmo-mix-1124_llama,
historical_figure,Guido da Cortona,Cortona,3,139407,v4_olmo-mix-1124_llama,
historical_figure,John Lexington,Lexington,74,4632936,v4_olmo-mix-1124_llama,
historical_figure,Joseph ben Judah of Ceuta,Ceuta,170,323483,v4_olmo-mix-1124_llama,
historical_figure,Ralph of Longchamp,Longchamp,3,166183,v4_olmo-mix-1124_llama,
historical_figure,Saint Beatrice d'Este,d'Este,2,122703,v4_olmo-mix-1124_llama,
historical_figure,Manfred I Lancia,Lancia,44,468877,v4_olmo-mix-1124_llama,
historical_figure,"Margaret de Braose, Lady of Trim",Trim,2,5381468,v4_olmo-mix-1124_llama,
historical_figure,"Maurice FitzGerald, 3rd Lord of Offaly",Offaly,15,161042,v4_olmo-mix-1124_llama,
historical_figure,Nuno Eanes Cerzeo,Cerzeo,0,2,v4_olmo-mix-1124_llama,
historical_figure,Perceval Doria,Doria,383,519253,v4_olmo-mix-1124_llama,
historical_figure,Pietro d'Aragona,d'Aragona,67,9041,v4_olmo-mix-1124_llama,
historical_figure,"Peter of Castile, Lord of Ledesma",Ledesma,1,162292,v4_olmo-mix-1124_llama,
historical_figure,"William Maudit, 8th Earl of Warwick",Warwick,52,4595520,v4_olmo-mix-1124_llama,
historical_figure,"William de Beauchamp, 9th Earl of Warwick",Warwick,423,4595520,v4_olmo-mix-1124_llama,
historical_figure,Benvenutus Scotivoli,Scotivoli,8,33,v4_olmo-mix-1124_llama,
historical_figure,Rhys Fychan,Fychan,1292,17536,v4_olmo-mix-1124_llama,
historical_figure,Roman II Igorevich,Igorevich,4,11914,v4_olmo-mix-1124_llama,
historical_figure,Henrik Harpestræng,Harpestræng,248,483,v4_olmo-mix-1124_llama,
historical_figure,"William Fitz Alan, 1st Lord of Oswestry and Clun",Clun,3,509542,v4_olmo-mix-1124_llama,
historical_figure,Theodora Yourivich,Yourivich,0,12,v4_olmo-mix-1124_llama,
historical_figure,Hugh de Balliol,Balliol,74,242944,v4_olmo-mix-1124_llama,
historical_figure,Aaron ha-Levi of Barcelona,Barcelona,245,15005294,v4_olmo-mix-1124_llama,
historical_figure,Abraham Bedersi,Bedersi,752,2032,v4_olmo-mix-1124_llama,
historical_figure,"Anne of Burgundy, Countess of Savoy",Savoy,0,1816186,v4_olmo-mix-1124_llama,
historical_figure,Arnau de Gurb,Gurb,17,144507,v4_olmo-mix-1124_llama,
historical_figure,Baba Hyder Vali of Mulbagal,Mulbagal,6,6253,v4_olmo-mix-1124_llama,
historical_figure,Bartholomew le Gros,Gros,27,4275571,v4_olmo-mix-1124_llama,
historical_figure,Gertrude of Hackeborn,Hackeborn,131,905,v4_olmo-mix-1124_llama,
historical_figure,Benedicta of Bjelbo,Bjelbo,6,2082,v4_olmo-mix-1124_llama,
historical_figure,Konstantinos Komnenos Doukas,Doukas,0,99301,v4_olmo-mix-1124_llama,
historical_figure,"Dietrich IV, Count of Cleves",Cleves,4,274691,v4_olmo-mix-1124_llama,
historical_figure,Ela Longespee,Longespee,114,8017,v4_olmo-mix-1124_llama,
historical_figure,Elias of Dereham,Dereham,691,74871,v4_olmo-mix-1124_llama,
historical_figure,Eliezer ben Joel HaLevi,HaLevi,188,98910,v4_olmo-mix-1124_llama,
historical_figure,Fujiwara no Ariko,Ariko,3,14299,v4_olmo-mix-1124_llama,
historical_figure,Gerard de Camville,Camville,416,7136,v4_olmo-mix-1124_llama,
historical_figure,Gilbert Basset,Basset,707,690935,v4_olmo-mix-1124_llama,
historical_figure,Gilbert de Umfraville,Umfraville,543,10140,v4_olmo-mix-1124_llama,
historical_figure,Gilbert of Preston,Preston,84,6497385,v4_olmo-mix-1124_llama,
historical_figure,Henry Fitz-Ailwin de Londonestone,Londonestone,275,291,v4_olmo-mix-1124_llama,
historical_figure,Henry of Braybrooke,Braybrooke,54,17062,v4_olmo-mix-1124_llama,
historical_figure,Fernando Alfonso de León,León,0,1222132,v4_olmo-mix-1124_llama,
historical_figure,Ferdinand of León,León,107,1222132,v4_olmo-mix-1124_llama,
historical_figure,Gonzalo Yáñez de Aguilar,Aguilar,45,1349014,v4_olmo-mix-1124_llama,
historical_figure,Hugh de Balsham,Balsham,590,8851,v4_olmo-mix-1124_llama,
historical_figure,Hugh de Mapenor,Mapenor,32,83,v4_olmo-mix-1124_llama,
historical_figure,Mafalda de Castilla,Castilla,0,459303,v4_olmo-mix-1124_llama,
historical_figure,Paulus Hungarus,Hungarus,120,1538,v4_olmo-mix-1124_llama,
historical_figure,Irene Syrikaina,Syrikaina,47,54,v4_olmo-mix-1124_llama,
historical_figure,Isabella de Braose,Braose,425,35904,v4_olmo-mix-1124_llama,
historical_figure,Jacobus Balduinus,Balduinus,29,2401,v4_olmo-mix-1124_llama,
historical_figure,João Forjaz Marinho,Marinho,0,74824,v4_olmo-mix-1124_llama,
historical_figure,John Blund,Blund,11652,697943,v4_olmo-mix-1124_llama,
historical_figure,John de Cogan,Cogan,328,309847,v4_olmo-mix-1124_llama,
historical_figure,John de Lacy,Lacy,1684,1742026,v4_olmo-mix-1124_llama,
historical_figure,John de Sandford,Sandford,18,545218,v4_olmo-mix-1124_llama,
historical_figure,John of la Rochelle,Rochelle,77,1593837,v4_olmo-mix-1124_llama,
historical_figure,Marguerite de Nully,Nully,0,7363,v4_olmo-mix-1124_llama,
historical_figure,Maurice de Berkeley,Berkeley,1132,18445165,v4_olmo-mix-1124_llama,
historical_figure,Choe Ui,Ui,1037,1171633,v4_olmo-mix-1124_llama,
historical_figure,Nicholas of Crotone,Crotone,6,60407,v4_olmo-mix-1124_llama,
historical_figure,Philippa of Dammartin,Dammartin,0,17926,v4_olmo-mix-1124_llama,
historical_figure,Ramón de Bonifaz,Bonifaz,72,38271,v4_olmo-mix-1124_llama,
historical_figure,Richard de Morins,Morins,100,5667,v4_olmo-mix-1124_llama,
historical_figure,Robert Stitchill,Stitchill,7,225,v4_olmo-mix-1124_llama,
historical_figure,Robert Wickhampton,Wickhampton,1,965,v4_olmo-mix-1124_llama,
historical_figure,Roger Godberd,Godberd,1429,2933,v4_olmo-mix-1124_llama,
historical_figure,Roger de Clifford,Clifford,1995,4944417,v4_olmo-mix-1124_llama,
historical_figure,Roger de Leybourne,Leybourne,332,15710,v4_olmo-mix-1124_llama,
historical_figure,"Roger de Montalt, 1st Baron Montalt",Montalt,5,10604,v4_olmo-mix-1124_llama,
historical_figure,Simon Walton,Walton,1718,5432359,v4_olmo-mix-1124_llama,
historical_figure,"Simon, brother of Walter fitz Alan",Alan,1,39081788,v4_olmo-mix-1124_llama,
historical_figure,Sir John de Grey,Grey,219,24993721,v4_olmo-mix-1124_llama,
historical_figure,Sylvester of Assisi,Assisi,51,922261,v4_olmo-mix-1124_llama,
historical_figure,"Viola, Duchess of Opole",Opole,5,65521,v4_olmo-mix-1124_llama,
historical_figure,Walter Bailloch,Bailloch,147,192,v4_olmo-mix-1124_llama,
historical_figure,Walter II de Clifford,Clifford,37,4944417,v4_olmo-mix-1124_llama,
historical_figure,Walter Suffield,Suffield,180,96779,v4_olmo-mix-1124_llama,
historical_figure,Walter de Beauchamp,Beauchamp,467,821352,v4_olmo-mix-1124_llama,
historical_figure,Walter de Merton,Merton,2298,1464058,v4_olmo-mix-1124_llama,
historical_figure,"William Fitz Alan, 2nd Lord of Oswestry and Clun",Clun,3,509542,v4_olmo-mix-1124_llama,
historical_figure,Hong Bok-won,Bok-won,145,147,v4_olmo-mix-1124_llama,
historical_figure,William d'Aubigny,d'Aubigny,1701,12416,v4_olmo-mix-1124_llama,
historical_figure,William de Blois,Blois,549,319735,v4_olmo-mix-1124_llama,
historical_figure,"William de Ferrers, 4th Earl of Derby",Derby,130,7580690,v4_olmo-mix-1124_llama,
historical_figure,William de Vesci,Vesci,629,10095,v4_olmo-mix-1124_llama,
historical_figure,William de York,York,54,370888761,v4_olmo-mix-1124_llama,
historical_figure,William of Huntingfield,Huntingfield,20,4797,v4_olmo-mix-1124_llama,
historical_figure,William the Clerk of Normandy,Normandy,8,5539146,v4_olmo-mix-1124_llama,
historical_figure,Yan Yu,Yu,28434,30345107,v4_olmo-mix-1124_llama,
historical_figure,Ahmad Ben Baso,Baso,96,58581,v4_olmo-mix-1124_llama,
historical_figure,Hyacinth of Poland,Poland,436,32821817,v4_olmo-mix-1124_llama,
historical_figure,Jón murtur Snorrason,Snorrason,2,9146,v4_olmo-mix-1124_llama,
historical_figure,Þórður Sturluson,Sturluson,64,161407,v4_olmo-mix-1124_llama,
historical_figure,Benvenuta Boiani,Boiani,18,4989,v4_olmo-mix-1124_llama,
historical_figure,Francis of Spoleto,Spoleto,0,186470,v4_olmo-mix-1124_llama,
historical_figure,Gandolfo Sacchi,Sacchi,0,143020,v4_olmo-mix-1124_llama,
historical_figure,Teodor Gryfita,Gryfita,15,323,v4_olmo-mix-1124_llama,
historical_figure,Guillén Pérez de Guzmán,Guzmán,46,644714,v4_olmo-mix-1124_llama,
historical_figure,John Kantakouzenos,Kantakouzenos,7264,40001,v4_olmo-mix-1124_llama,
historical_figure,João Peres de Vasconcelos,Vasconcelos,0,227305,v4_olmo-mix-1124_llama,
historical_figure,Juan Perez de Toledo,Toledo,0,4140432,v4_olmo-mix-1124_llama,
historical_figure,Lourenço Soares de Valadares,Valadares,34,29137,v4_olmo-mix-1124_llama,
historical_figure,Tello Pérez de Meneses,Meneses,25,154394,v4_olmo-mix-1124_llama,
historical_figure,罗苹 (宋朝),(宋朝),0,498,v4_olmo-mix-1124_llama,
historical_figure,Nijō Tameuji,Tameuji,28,336,v4_olmo-mix-1124_llama,
historical_figure,Zhang Yuansu,Yuansu,310,6116,v4_olmo-mix-1124_llama,
historical_figure,Adachi Yasumori,Yasumori,286,4799,v4_olmo-mix-1124_llama,
historical_figure,"Датэ, Ёсихиро",Ёсихиро,0,2,v4_olmo-mix-1124_llama,
historical_figure,"Сатакэ, Ёсисигэ",Ёсисигэ,0,0,v4_olmo-mix-1124_llama,
historical_figure,"Ямада, Сигэцугу",Сигэцугу,0,0,v4_olmo-mix-1124_llama,
historical_figure,Dymitr Aba,Aba,0,608263,v4_olmo-mix-1124_llama,
historical_figure,Klemens z Ruszczy,Ruszczy,6,32832,v4_olmo-mix-1124_llama,
historical_figure,Otto III von Tecklenburg,Tecklenburg,0,12610,v4_olmo-mix-1124_llama,
historical_figure,Askell Jonsson,Jonsson,0,441269,v4_olmo-mix-1124_llama,
historical_figure,Anna Rostislavna of Kiev,Kiev,0,6642081,v4_olmo-mix-1124_llama,
historical_figure,Johannes Ebbesen,Ebbesen,0,36441,v4_olmo-mix-1124_llama,
historical_figure,Robert of Dramelay,Dramelay,2,50,v4_olmo-mix-1124_llama,
historical_figure,Maria Miserabilis,Miserabilis,0,283,v4_olmo-mix-1124_llama,
historical_figure,Otto van Gulik,Gulik,8,66856,v4_olmo-mix-1124_llama,
historical_figure,Blanche de France,France,158,164450361,v4_olmo-mix-1124_llama,
historical_figure,Margaretha of Brabant,Brabant,14,666943,v4_olmo-mix-1124_llama,
historical_figure,Johann von Bardewik,Bardewik,1,150,v4_olmo-mix-1124_llama,
historical_figure,Friedrich I von Hagen,Hagen,0,2039989,v4_olmo-mix-1124_llama,
historical_figure,Otto von Barmstede,Barmstede,0,8,v4_olmo-mix-1124_llama,
historical_figure,Denis Türje,Türje,81,263,v4_olmo-mix-1124_llama,
historical_figure,Ala al-Din Atsiz,Atsiz,104,6050,v4_olmo-mix-1124_llama,
historical_figure,Friedrich II,II,32493,191309107,v4_olmo-mix-1124_llama,
historical_figure,Gottfried von Vaihingen,Vaihingen,2,14637,v4_olmo-mix-1124_llama,
historical_figure,Maelgwn ap Rhys,Rhys,451,2878972,v4_olmo-mix-1124_llama,
historical_figure,Yuan Xie,Xie,3129,3101543,v4_olmo-mix-1124_llama,
historical_figure,Yelü Xuedu,Xuedu,1,1216,v4_olmo-mix-1124_llama,
historical_figure,Thomas Wallensis,Wallensis,151,524,v4_olmo-mix-1124_llama,
historical_figure,Ebbe Sunesen,Sunesen,154,4910,v4_olmo-mix-1124_llama,
historical_figure,Zhao Zhi,Zhi,11431,2594299,v4_olmo-mix-1124_llama,
historical_figure,Chen Kui,Kui,2262,2017534,v4_olmo-mix-1124_llama,
historical_figure,John of Oxford,Oxford,921,36558326,v4_olmo-mix-1124_llama,
historical_figure,Thomas Vipont,Vipont,11,8974,v4_olmo-mix-1124_llama,
historical_figure,Qingzhi Zheng,Zheng,2,5215186,v4_olmo-mix-1124_llama,
historical_figure,Yang Weizhong,Weizhong,104,11350,v4_olmo-mix-1124_llama,
historical_figure,Athanasios II de Jérusalem,Jérusalem,0,41642,v4_olmo-mix-1124_llama,
historical_figure,Afonso Mendes de Melo,Melo,3,1353792,v4_olmo-mix-1124_llama,
historical_figure,William II de Londres,Londres,0,244374,v4_olmo-mix-1124_llama,
historical_figure,Beatrice del Monferrato,Monferrato,4,72468,v4_olmo-mix-1124_llama,
historical_figure,Juan III,III,1622,67878297,v4_olmo-mix-1124_llama,
historical_figure,Þórður Böðvarsson,Böðvarsson,0,1299,v4_olmo-mix-1124_llama,
historical_figure,Hugh Crawford,Crawford,7128,9163900,v4_olmo-mix-1124_llama,
historical_figure,"John I Comyn, Lord of Badenoch",Badenoch,63,60418,v4_olmo-mix-1124_llama,
historical_figure,Zhao Yanyu,Yanyu,264,57822,v4_olmo-mix-1124_llama,
historical_figure,Robert de Tiptoft,Tiptoft,41,8349,v4_olmo-mix-1124_llama,
historical_figure,Gilbert de Tournai,Tournai,69,103760,v4_olmo-mix-1124_llama,
historical_figure,Dobrogost herbu Nałęcz,Nałęcz,0,2858,v4_olmo-mix-1124_llama,
historical_figure,William Ferrers,Ferrers,1177,147598,v4_olmo-mix-1124_llama,
historical_figure,Arnaud Ier de Castelbon,Castelbon,0,416,v4_olmo-mix-1124_llama,
historical_figure,Saint Cecilia,Cecilia,27993,2534378,v4_olmo-mix-1124_llama,
historical_figure,Pedro Álvarez de las Asturias,Asturias,1,619198,v4_olmo-mix-1124_llama,
historical_figure,John de Caux,Caux,0,57206,v4_olmo-mix-1124_llama,
historical_figure,Richard Siward,Siward,198,103267,v4_olmo-mix-1124_llama,
historical_figure,Robert of Ufford,Ufford,100,34006,v4_olmo-mix-1124_llama,
historical_figure,John de Deyville,Deyville,36,1672,v4_olmo-mix-1124_llama,
historical_figure,Richard de Umfraville,Umfraville,56,10140,v4_olmo-mix-1124_llama,
historical_figure,Richard of Wendover,Wendover,9,190664,v4_olmo-mix-1124_llama,
historical_figure,Adeliza Basset,Basset,3,690935,v4_olmo-mix-1124_llama,
historical_figure,Geoffrey de Neville,Neville,424,5885711,v4_olmo-mix-1124_llama,
historical_figure,Gilbert de Turberville,Turberville,66,18329,v4_olmo-mix-1124_llama,
historical_figure,Gilbert de Turberville,Turberville,66,18329,v4_olmo-mix-1124_llama,
historical_figure,Roger de Vautort,Vautort,89,783,v4_olmo-mix-1124_llama,
historical_figure,William de Stuteville,Stuteville,318,8874,v4_olmo-mix-1124_llama,
historical_figure,Brian de Lisle,Lisle,451,594286,v4_olmo-mix-1124_llama,
historical_figure,Hugo von Floreffe,Floreffe,0,2709,v4_olmo-mix-1124_llama,
historical_figure,John Musard,Musard,71,9230,v4_olmo-mix-1124_llama,
historical_figure,Conrad of Querfurt,Querfurt,123,4764,v4_olmo-mix-1124_llama,
historical_figure,Fernán Gutiérrez de Castro,Castro,3,14770663,v4_olmo-mix-1124_llama,
historical_figure,Maud de Clare,Clare,442,5804800,v4_olmo-mix-1124_llama,
historical_figure,Sofie von Saarbrücken,Saarbrücken,0,161031,v4_olmo-mix-1124_llama,
historical_figure,Morgan Fychan,Fychan,43,17536,v4_olmo-mix-1124_llama,
historical_figure,Ananda Pyissi,Pyissi,104,186,v4_olmo-mix-1124_llama,
historical_figure,Frederick of Pettorano,Pettorano,7,1498,v4_olmo-mix-1124_llama,
historical_figure,John Doukas,Doukas,6564,99301,v4_olmo-mix-1124_llama,
historical_figure,Albert IV. von Bogen,Bogen,0,156096,v4_olmo-mix-1124_llama,
historical_figure,Margaret of Savoy,Savoy,3200,1816186,v4_olmo-mix-1124_llama,
historical_figure,Peter von Thure,Thure,0,66512,v4_olmo-mix-1124_llama,
historical_figure,Nicholas Devereux of Chanston,Chanston,2,502,v4_olmo-mix-1124_llama,
historical_figure,Anna von Zähringen,Zähringen,15,16167,v4_olmo-mix-1124_llama,
historical_figure,Джон V Маршал,Маршал,0,933,v4_olmo-mix-1124_llama,
historical_figure,Stephen Longespée,Longespée,281,6410,v4_olmo-mix-1124_llama,
historical_figure,Nicola Paglia,Paglia,7,631643,v4_olmo-mix-1124_llama,
historical_figure,Ludwig I von Lichtenberg,Lichtenberg,0,312835,v4_olmo-mix-1124_llama,
historical_figure,Heinrich II von Sayn,Sayn,10,40734,v4_olmo-mix-1124_llama,
historical_figure,Marjorie of Scotland,Scotland,8,48926013,v4_olmo-mix-1124_llama,
historical_figure,Eberhard II von Sayn,Sayn,42,40734,v4_olmo-mix-1124_llama,
historical_figure,Heinrich II. von Barmstede,Barmstede,0,8,v4_olmo-mix-1124_llama,
historical_figure,Filippo della Torre,Torre,8,2578537,v4_olmo-mix-1124_llama,
historical_figure,Sidi Ali El Gorjani,Gorjani,2,1837,v4_olmo-mix-1124_llama,
historical_figure,John de Bonvillars,Bonvillars,105,498,v4_olmo-mix-1124_llama,
historical_figure,William Latimer,Latimer,2172,807939,v4_olmo-mix-1124_llama,
historical_figure,Агнес III фон Еберщайн,Еберщайн,0,0,v4_olmo-mix-1124_llama,
historical_figure,Pierre Duacensis,Duacensis,0,38,v4_olmo-mix-1124_llama,
historical_figure,Lourenço Soares de Ribadouro,Ribadouro,0,340,v4_olmo-mix-1124_llama,
historical_figure,Hugh de Vivonne,Vivonne,77,8329,v4_olmo-mix-1124_llama,
historical_figure,Abd al-Rahman Ben Saadallah Azji,Azji,0,2161,v4_olmo-mix-1124_llama,
historical_figure,Pedro Gallego,Gallego,524,316726,v4_olmo-mix-1124_llama,
historical_figure,Jacopo Buoncambio,Buoncambio,0,3,v4_olmo-mix-1124_llama,
historical_figure,Louis Pasteur,Pasteur,547070,2480366,v4_olmo-mix-1124_llama,
historical_figure,Paul Verlaine,Verlaine,53905,325924,v4_olmo-mix-1124_llama,
historical_figure,Pedro I of Brazil,Brazil,5161,72550224,v4_olmo-mix-1124_llama,
historical_figure,Domingo Santa María,María,711,1985622,v4_olmo-mix-1124_llama,
historical_figure,Manuel Montt,Montt,3396,377804,v4_olmo-mix-1124_llama,
historical_figure,Manuel Bulnes,Bulnes,2568,29597,v4_olmo-mix-1124_llama,
historical_figure,Manuel Blanco Encalada,Encalada,967,12929,v4_olmo-mix-1124_llama,
historical_figure,Ramón Freire,Freire,1419,707134,v4_olmo-mix-1124_llama,
historical_figure,José Rizal,Rizal,41791,1272245,v4_olmo-mix-1124_llama,
historical_figure,George Sand,Sand,251107,103740724,v4_olmo-mix-1124_llama,
historical_figure,Jenő Ábel,Ábel,0,2976,v4_olmo-mix-1124_llama,
historical_figure,Francis Marrash,Marrash,1178,3552,v4_olmo-mix-1124_llama,
historical_figure,Otto Richard Kierulf,Kierulf,2,6027,v4_olmo-mix-1124_llama,
historical_figure,François-Édouard Picot,Picot,1087,140916,v4_olmo-mix-1124_llama,
historical_figure,Charles Lyell,Lyell,172870,608479,v4_olmo-mix-1124_llama,
historical_figure,Katsushika Hokusai,Hokusai,39394,290259,v4_olmo-mix-1124_llama,
historical_figure,Hans Christian Andersen,Andersen,392156,3710952,v4_olmo-mix-1124_llama,
historical_figure,Wilhelm Grimm,Grimm,70515,4986903,v4_olmo-mix-1124_llama,
historical_figure,Ada Lovelace,Lovelace,308826,1306298,v4_olmo-mix-1124_llama,
historical_figure,Joseph Bonaparte,Bonaparte,61845,2617677,v4_olmo-mix-1124_llama,
historical_figure,Charles X of France,France,9093,164450361,v4_olmo-mix-1124_llama,
historical_figure,Louis Philippe I,I,11315,25834773818,v4_olmo-mix-1124_llama,
historical_figure,Simón Bolívar,Bolívar,161259,562671,v4_olmo-mix-1124_llama,
historical_figure,Michael Faraday,Faraday,375021,3241880,v4_olmo-mix-1124_llama,
historical_figure,John Adams,Adams,2531210,30331347,v4_olmo-mix-1124_llama,
historical_figure,Thomas Jefferson,Jefferson,6042173,25374304,v4_olmo-mix-1124_llama,
historical_figure,James Madison,Madison,2289854,22697783,v4_olmo-mix-1124_llama,
historical_figure,John Quincy Adams,Adams,706365,30331347,v4_olmo-mix-1124_llama,
historical_figure,Andrew Jackson,Jackson,1994849,68681422,v4_olmo-mix-1124_llama,
historical_figure,James K. Polk,Polk,168095,3065818,v4_olmo-mix-1124_llama,
historical_figure,James Buchanan,Buchanan,457220,6479361,v4_olmo-mix-1124_llama,
historical_figure,Auguste Comte,Comte,162258,1295913,v4_olmo-mix-1124_llama,
historical_figure,Leopold I of Belgium,Belgium,5380,20542415,v4_olmo-mix-1124_llama,
historical_figure,Frédéric Bastiat,Bastiat,71132,779471,v4_olmo-mix-1124_llama,
historical_figure,Thomas Robert Malthus,Malthus,45797,2353831,v4_olmo-mix-1124_llama,
historical_figure,Aleksander Griboyedov,Griboyedov,367,19124,v4_olmo-mix-1124_llama,
historical_figure,Paul I of Russia,Russia,8284,177278304,v4_olmo-mix-1124_llama,
historical_figure,John Gillies,Gillies,5120,504102,v4_olmo-mix-1124_llama,
historical_figure,Elias Magnus Fries,Fries,5206,3307638,v4_olmo-mix-1124_llama,
historical_figure,William Hamilton,Hamilton,118036,26696496,v4_olmo-mix-1124_llama,
historical_figure,William Jack,Jack,8291,140843908,v4_olmo-mix-1124_llama,
historical_figure,Simon Jenko,Jenko,276,125776,v4_olmo-mix-1124_llama,
historical_figure,Josef Stefan,Stefan,5219,9967461,v4_olmo-mix-1124_llama,
historical_figure,Anne Elizabeth Ball,Ball,23,42046643,v4_olmo-mix-1124_llama,
historical_figure,John Middleton Clayton,Clayton,443,6344237,v4_olmo-mix-1124_llama,
historical_figure,Auguste Boissonneau,Boissonneau,20,1429,v4_olmo-mix-1124_llama,
historical_figure,William Bartram,Bartram,27891,296294,v4_olmo-mix-1124_llama,
historical_figure,György Klapka,Klapka,849,7476,v4_olmo-mix-1124_llama,
historical_figure,Ernst Keil,Keil,99,657554,v4_olmo-mix-1124_llama,
historical_figure,Luigi Cherubini,Cherubini,10504,89680,v4_olmo-mix-1124_llama,
historical_figure,Leopold Einstein,Einstein,244,26609332,v4_olmo-mix-1124_llama,
historical_figure,Theodor Verhas,Verhas,55,3888,v4_olmo-mix-1124_llama,
historical_figure,Edward Douglass White,White,4251,212569820,v4_olmo-mix-1124_llama,
historical_figure,Pál Vásárhelyi,Vásárhelyi,147,5196,v4_olmo-mix-1124_llama,
historical_figure,George Richmond,Richmond,7270,10954134,v4_olmo-mix-1124_llama,
historical_figure,"John Russell, 6th Duke of Bedford",Bedford,516,4269941,v4_olmo-mix-1124_llama,
historical_figure,Sergey Botkin,Botkin,109,160161,v4_olmo-mix-1124_llama,
historical_figure,Jeongjo of Joseon,Joseon,535,772268,v4_olmo-mix-1124_llama,
historical_figure,Francisco de Paula Martínez de la Rosa y Berdejo,Berdejo,26,6438,v4_olmo-mix-1124_llama,
historical_figure,Joseph Levin Saalschütz,Saalschütz,17,2412,v4_olmo-mix-1124_llama,
historical_figure,Heinrich von Kleist,Kleist,30171,263434,v4_olmo-mix-1124_llama,
historical_figure,Alfred Victor du Pont,Pont,278,12137743,v4_olmo-mix-1124_llama,
historical_figure,Bernardo O'Higgins,O'Higgins,23600,115283,v4_olmo-mix-1124_llama,
historical_figure,Alexander Cartwright,Cartwright,20421,1788920,v4_olmo-mix-1124_llama,
historical_figure,"Francis Russell, 9th Duke of Bedford",Bedford,61,4269941,v4_olmo-mix-1124_llama,
historical_figure,Maurice Alhoy,Alhoy,105,216,v4_olmo-mix-1124_llama,
historical_figure,Johann Jakob Kaup,Kaup,929,172056,v4_olmo-mix-1124_llama,
historical_figure,Christoph Wilhelm Hufeland,Hufeland,1825,17249,v4_olmo-mix-1124_llama,
historical_figure,Amadeo I of Spain,Spain,1152,74199271,v4_olmo-mix-1124_llama,
historical_figure,Živana Antonijević,Antonijević,2,2048,v4_olmo-mix-1124_llama,
historical_figure,Eugène Delacroix,Delacroix,61988,536708,v4_olmo-mix-1124_llama,
historical_figure,Frederick Catherwood,Catherwood,10589,71875,v4_olmo-mix-1124_llama,
historical_figure,Rutherford B. Hayes,Hayes,259085,9143721,v4_olmo-mix-1124_llama,
historical_figure,John Carroll,Carroll,178724,11131801,v4_olmo-mix-1124_llama,
historical_figure,Nicolas Appert,Appert,17877,76587,v4_olmo-mix-1124_llama,
historical_figure,Franz Liszt,Liszt,214142,1110562,v4_olmo-mix-1124_llama,
historical_figure,Sarah Guppy,Guppy,966,454806,v4_olmo-mix-1124_llama,
historical_figure,Yuri Bogdanovich,Bogdanovich,15,303582,v4_olmo-mix-1124_llama,
historical_figure,Amedeo Avogadro,Avogadro,21181,561056,v4_olmo-mix-1124_llama,
historical_figure,José Benito Villafañe,Villafañe,4,15482,v4_olmo-mix-1124_llama,
historical_figure,Pius IX,IX,330005,8326717,v4_olmo-mix-1124_llama,
historical_figure,Maximilian I Joseph of Bavaria,Bavaria,1327,3086364,v4_olmo-mix-1124_llama,
historical_figure,Heinrich Heine,Heine,141717,2070606,v4_olmo-mix-1124_llama,
historical_figure,Hans Christian Ørsted,Ørsted,16288,96778,v4_olmo-mix-1124_llama,
historical_figure,Anne Brontë,Brontë,24986,758868,v4_olmo-mix-1124_llama,
historical_figure,"Edward Thurlow, 1st Baron Thurlow",Thurlow,117,191730,v4_olmo-mix-1124_llama,
historical_figure,Judith Sargent Murray,Murray,6495,22515102,v4_olmo-mix-1124_llama,
historical_figure,Joachim Heinrich Campe,Campe,1519,498662,v4_olmo-mix-1124_llama,
historical_figure,Joachim Chreptowicz,Chreptowicz,113,395,v4_olmo-mix-1124_llama,
historical_figure,Bertel Thorvaldsen,Thorvaldsen,11399,39125,v4_olmo-mix-1124_llama,
historical_figure,Bedřich Smetana,Smetana,15535,177511,v4_olmo-mix-1124_llama,
historical_figure,George Foster Shepley,Shepley,148,53830,v4_olmo-mix-1124_llama,
historical_figure,Octavia Victoria Rogers Albert,Albert,15,28363222,v4_olmo-mix-1124_llama,
historical_figure,William Penn Adair,Adair,1747,1024920,v4_olmo-mix-1124_llama,
historical_figure,François-René de Chateaubriand,Chateaubriand,8923,213032,v4_olmo-mix-1124_llama,
historical_figure,Louis Leroy,Leroy,10099,2381928,v4_olmo-mix-1124_llama,
historical_figure,Moritz Karl Ernst von Prittwitz,Prittwitz,143,11702,v4_olmo-mix-1124_llama,
historical_figure,Arina Rodionovna Yakovleva,Yakovleva,91,18536,v4_olmo-mix-1124_llama,
historical_figure,Princess Wilhelmina of Hesse-Kassel,Hesse-Kassel,114,51248,v4_olmo-mix-1124_llama,
historical_figure,Antonio Salieri,Salieri,48614,383878,v4_olmo-mix-1124_llama,
historical_figure,Giambattista Canal,Canal,22,9869806,v4_olmo-mix-1124_llama,
historical_figure,Alexei Baikov,Baikov,21,8068,v4_olmo-mix-1124_llama,
historical_figure,Henri François Gabriel Viollier,Viollier,0,4546,v4_olmo-mix-1124_llama,
historical_figure,Andrey Voronikhin,Voronikhin,237,1286,v4_olmo-mix-1124_llama,
historical_figure,Charles XV of Sweden,Sweden,1094,35969966,v4_olmo-mix-1124_llama,
historical_figure,Charles XIV John of Sweden,Sweden,1689,35969966,v4_olmo-mix-1124_llama,
historical_figure,Charles XIII of Sweden,Sweden,3109,35969966,v4_olmo-mix-1124_llama,
historical_figure,Gopal Ganesh aagarkar,aagarkar,0,0,v4_olmo-mix-1124_llama,
historical_figure,Otto Lilienthal,Lilienthal,40974,230923,v4_olmo-mix-1124_llama,
historical_figure,Julius von Mayer,Mayer,1357,5979124,v4_olmo-mix-1124_llama,
historical_figure,Mikhail Skobelev,Skobelev,1872,19344,v4_olmo-mix-1124_llama,
historical_figure,Christian Friedrich Hebbel,Hebbel,824,32089,v4_olmo-mix-1124_llama,
historical_figure,Bettina von Arnim,Arnim,4455,183103,v4_olmo-mix-1124_llama,
historical_figure,Ernst Moritz Arndt,Arndt,6276,589322,v4_olmo-mix-1124_llama,
historical_figure,Albert Marth,Marth,784,799484,v4_olmo-mix-1124_llama,
historical_figure,John Jacob Astor I,I,411,25834773818,v4_olmo-mix-1124_llama,
historical_figure,Princess Ludovika of Bavaria,Bavaria,598,3086364,v4_olmo-mix-1124_llama,
historical_figure,"Charlotte, Princess Royal",Royal,558,57257972,v4_olmo-mix-1124_llama,
historical_figure,Maria Feodorovna,Feodorovna,17830,54060,v4_olmo-mix-1124_llama,
historical_figure,Marie of Hesse-Kassel,Hesse-Kassel,261,51248,v4_olmo-mix-1124_llama,
historical_figure,Adelaide of Saxe-Meiningen,Saxe-Meiningen,3791,22050,v4_olmo-mix-1124_llama,
historical_figure,Paul Langerhans,Langerhans,7344,539702,v4_olmo-mix-1124_llama,
historical_figure,Ludwig Leichhardt,Leichhardt,10080,130610,v4_olmo-mix-1124_llama,
historical_figure,"Leopold, Grand Duke of Baden",Baden,299,2097058,v4_olmo-mix-1124_llama,
historical_figure,Wilhelm Müller,Müller,12773,2806359,v4_olmo-mix-1124_llama,
historical_figure,Johann Nikolaus Forkel,Forkel,2887,88305,v4_olmo-mix-1124_llama,
historical_figure,Wilhelm Hauff,Hauff,3725,53582,v4_olmo-mix-1124_llama,
historical_figure,"Frederick Francis III, Grand Duke of Mecklenburg-Schwerin",Mecklenburg-Schwerin,59,33890,v4_olmo-mix-1124_llama,
historical_figure,"Wilhelmina of Prussia, Princess of Orange",Orange,122,23533749,v4_olmo-mix-1124_llama,
historical_figure,"Charles Anthony, Prince of Hohenzollern",Hohenzollern,59,339874,v4_olmo-mix-1124_llama,
historical_figure,Johann Karl Ehrenfried Kegel,Kegel,23,810717,v4_olmo-mix-1124_llama,
historical_figure,Abraham Gottlob Werner,Werner,7828,5016188,v4_olmo-mix-1124_llama,
historical_figure,Johann Karl Wilhelm Illiger,Illiger,831,17698,v4_olmo-mix-1124_llama,
historical_figure,sonic the hedgehog,hedgehog,34779,2792912,v4_olmo-mix-1124_llama,
historical_figure,Johann Gustav Droysen,Droysen,4710,21839,v4_olmo-mix-1124_llama,
historical_figure,Duchess Helene in Bavaria,Bavaria,80,3086364,v4_olmo-mix-1124_llama,
historical_figure,Amalia of Oldenburg,Oldenburg,414,561551,v4_olmo-mix-1124_llama,
historical_figure,Moritz von Jacobi,Jacobi,1584,1298728,v4_olmo-mix-1124_llama,
historical_figure,Princess Juliane of Saxe-Coburg-Saalfeld,Saxe-Coburg-Saalfeld,293,15354,v4_olmo-mix-1124_llama,
historical_figure,Adolph Kolping,Kolping,761,7673,v4_olmo-mix-1124_llama,
historical_figure,Prince William of Hesse-Kassel,Hesse-Kassel,357,51248,v4_olmo-mix-1124_llama,
historical_figure,Duchess Helene of Mecklenburg-Schwerin,Mecklenburg-Schwerin,157,33890,v4_olmo-mix-1124_llama,
historical_figure,Johann Heinrich Blasius,Blasius,41,61534,v4_olmo-mix-1124_llama,
historical_figure,Jeremy Bentham,Bentham,423291,1467672,v4_olmo-mix-1124_llama,
historical_figure,Duchess Sophie Charlotte in Bavaria,Bavaria,176,3086364,v4_olmo-mix-1124_llama,
historical_figure,Heinrich Daniel Ruhmkorff,Ruhmkorff,341,12693,v4_olmo-mix-1124_llama,
historical_figure,Hermann Hankel,Hankel,1745,199385,v4_olmo-mix-1124_llama,
historical_figure,Johann Christian Poggendorff,Poggendorff,951,17774,v4_olmo-mix-1124_llama,
historical_figure,Amalie Auguste of Bavaria,Bavaria,225,3086364,v4_olmo-mix-1124_llama,
historical_figure,Johann Heinrich von Mädler,Mädler,1001,13561,v4_olmo-mix-1124_llama,
historical_figure,Friedrich Adolf Trendelenburg,Trendelenburg,766,98802,v4_olmo-mix-1124_llama,
historical_figure,Martin Rathke,Rathke,122,145062,v4_olmo-mix-1124_llama,
historical_figure,Ferdinand Gregorovius,Gregorovius,3758,19689,v4_olmo-mix-1124_llama,
historical_figure,Heinrich Kuhl,Kuhl,773,579108,v4_olmo-mix-1124_llama,
historical_figure,Wilhelm Gesenius,Gesenius,5294,143061,v4_olmo-mix-1124_llama,
historical_figure,Ami Boué,Boué,1140,17610,v4_olmo-mix-1124_llama,
historical_figure,Wilhelm Jordan,Jordan,1353,48896896,v4_olmo-mix-1124_llama,
historical_figure,Duchess Louise Charlotte of Mecklenburg-Schwerin,Mecklenburg-Schwerin,95,33890,v4_olmo-mix-1124_llama,
historical_figure,Abraham Gotthelf Kästner,Kästner,852,47088,v4_olmo-mix-1124_llama,
historical_figure,Carl Ludwig,Ludwig,22360,5994659,v4_olmo-mix-1124_llama,
historical_figure,Stéphanie de Beauharnais,Beauharnais,1306,85397,v4_olmo-mix-1124_llama,
historical_figure,"Elisabeth Christine of Brunswick-Wolfenbüttel, Crown Princess of Prussia",Prussia,13,4473075,v4_olmo-mix-1124_llama,
historical_figure,Johann Andreas Wagner,Wagner,426,10819549,v4_olmo-mix-1124_llama,
historical_figure,Amalie of Zweibrücken-Birkenfeld,Zweibrücken-Birkenfeld,37,768,v4_olmo-mix-1124_llama,
historical_figure,"Friedrich Karl Ludwig, Duke of Schleswig-Holstein-Sonderburg-Beck",Schleswig-Holstein-Sonderburg-Beck,64,743,v4_olmo-mix-1124_llama,
historical_figure,Ignaz von Döllinger,Döllinger,1729,20978,v4_olmo-mix-1124_llama,
historical_figure,Robert Hermann Schomburgk,Schomburgk,885,21839,v4_olmo-mix-1124_llama,
historical_figure,Johann Jakob Schweppe,Schweppe,57,27302,v4_olmo-mix-1124_llama,
historical_figure,Wilhelm Hemprich,Hemprich,333,4115,v4_olmo-mix-1124_llama,
historical_figure,"Augustus, Duke of Saxe-Gotha-Altenburg",Saxe-Gotha-Altenburg,80,7572,v4_olmo-mix-1124_llama,
historical_figure,Siegfried Wilhelm Dehn,Dehn,172,309139,v4_olmo-mix-1124_llama,
historical_figure,Sophie von La Roche,Roche,974,3848939,v4_olmo-mix-1124_llama,
historical_figure,Eilhard Mitscherlich,Mitscherlich,2413,25523,v4_olmo-mix-1124_llama,
historical_figure,Heinrich Schrader,Schrader,206,940242,v4_olmo-mix-1124_llama,
historical_figure,Grigory Langsdorff,Langsdorff,42,38392,v4_olmo-mix-1124_llama,
historical_figure,Wilhelm Georg Friedrich Roscher,Roscher,25,45986,v4_olmo-mix-1124_llama,
historical_figure,Friedrich Arnold Brockhaus,Brockhaus,397,58484,v4_olmo-mix-1124_llama,
historical_figure,Alexander Braun,Braun,2337,5874436,v4_olmo-mix-1124_llama,
historical_figure,Adolf Stieler,Stieler,613,22371,v4_olmo-mix-1124_llama,
historical_figure,Bernhard Windscheid,Windscheid,489,3427,v4_olmo-mix-1124_llama,
historical_figure,Theodor Meynert,Meynert,3515,36979,v4_olmo-mix-1124_llama,
historical_figure,Friedrich Gilly,Gilly,656,650473,v4_olmo-mix-1124_llama,
historical_figure,Eduard August von Regel,Regel,148,208739,v4_olmo-mix-1124_llama,
historical_figure,Princess Augusta Reuss of Köstritz,Köstritz,34,2836,v4_olmo-mix-1124_llama,
historical_figure,Alexander Keyserling,Keyserling,295,50880,v4_olmo-mix-1124_llama,
historical_figure,Karl Rudolphi,Rudolphi,761,10806,v4_olmo-mix-1124_llama,
historical_figure,Caspar Georg Carl Reinwardt,Reinwardt,128,3933,v4_olmo-mix-1124_llama,
historical_figure,Wilhelm Philippe Schimper,Schimper,86,21235,v4_olmo-mix-1124_llama,
historical_figure,Moritz Balthasar Borkhausen,Borkhausen,56,2330,v4_olmo-mix-1124_llama,
historical_figure,Karl Schorn,Schorn,148,59144,v4_olmo-mix-1124_llama,
historical_figure,Ferdinand Heilbuth,Heilbuth,382,1924,v4_olmo-mix-1124_llama,
historical_figure,Johann Wolfgang Döbereiner,Döbereiner,4318,21712,v4_olmo-mix-1124_llama,
historical_figure,Ludwig Karl Georg Pfeiffer,Pfeiffer,25,1525756,v4_olmo-mix-1124_llama,
historical_figure,Carl Friedrich Otto Westphal,Westphal,654,1277024,v4_olmo-mix-1124_llama,
historical_figure,Adolph Strecker,Strecker,1067,123558,v4_olmo-mix-1124_llama,
historical_figure,Barbara von Krüdener,Krüdener,215,2387,v4_olmo-mix-1124_llama,
historical_figure,Melchior von Diepenbrock,Diepenbrock,77,15984,v4_olmo-mix-1124_llama,
historical_figure,Georg Heinrich Weber,Weber,36,8469563,v4_olmo-mix-1124_llama,
historical_figure,Adolf Friedrich von Schack,Schack,179,107948,v4_olmo-mix-1124_llama,
historical_figure,Amschel Mayer Rothschild,Rothschild,5562,5373958,v4_olmo-mix-1124_llama,
historical_figure,Friedrich Tiedemann,Tiedemann,2083,124473,v4_olmo-mix-1124_llama,
historical_figure,Heinrich Ernst Beyrich,Beyrich,166,3369,v4_olmo-mix-1124_llama,
historical_figure,Karl Knies,Knies,1917,41938,v4_olmo-mix-1124_llama,
historical_figure,Joseph Gottlieb Kölreuter,Kölreuter,634,5917,v4_olmo-mix-1124_llama,
historical_figure,Franz von Dingelstedt,Dingelstedt,390,2114,v4_olmo-mix-1124_llama,
historical_figure,Johannes Rebmann,Rebmann,2558,22199,v4_olmo-mix-1124_llama,
historical_figure,Ernst Richter,Richter,792,3722999,v4_olmo-mix-1124_llama,
historical_figure,Carl Ferdinand Langhans,Langhans,159,37625,v4_olmo-mix-1124_llama,
historical_figure,Friedrich von Adelung,Adelung,125,15644,v4_olmo-mix-1124_llama,
historical_figure,John J. Roane,Roane,7,141619,v4_olmo-mix-1124_llama,
historical_figure,Princess Helena of Nassau,Nassau,103,2062585,v4_olmo-mix-1124_llama,
historical_figure,Karl Wilhelm Naundorff,Naundorff,704,4037,v4_olmo-mix-1124_llama,
historical_figure,Anton Heinrich Springer,Springer,274,7216027,v4_olmo-mix-1124_llama,
historical_figure,Hermann Wilhelm Vogel,Vogel,844,2650359,v4_olmo-mix-1124_llama,
historical_figure,Bernhard Förster,Förster,2524,188524,v4_olmo-mix-1124_llama,
historical_figure,Johann Friedrich Naumann,Naumann,470,220775,v4_olmo-mix-1124_llama,
historical_figure,Gottlieb August Wilhelm Herrich-Schäffer,Herrich-Schäffer,437,1599,v4_olmo-mix-1124_llama,
historical_figure,Corona Schröter,Schröter,360,42551,v4_olmo-mix-1124_llama,
historical_figure,"Friedrich Wilhelm, Count Brandenburg",Brandenburg,11,1748643,v4_olmo-mix-1124_llama,
historical_figure,"Victor II, Prince of Anhalt-Bernburg-Schaumburg-Hoym",Anhalt-Bernburg-Schaumburg-Hoym,42,564,v4_olmo-mix-1124_llama,
historical_figure,Gottlob Ludwig Rabenhorst,Rabenhorst,72,5988,v4_olmo-mix-1124_llama,
historical_figure,Gerson von Bleichröder,Bleichröder,551,4237,v4_olmo-mix-1124_llama,
historical_figure,Carl Wilhelm Borchardt,Borchardt,367,161051,v4_olmo-mix-1124_llama,
historical_figure,Augustin Félix Fortin,Fortin,5,571378,v4_olmo-mix-1124_llama,
historical_figure,Friedrich August Wolf,Wolf,3104,35965160,v4_olmo-mix-1124_llama,
historical_figure,Carl Jacob Löwig,Löwig,988,2708,v4_olmo-mix-1124_llama,
historical_figure,Ludwig Bledow,Bledow,527,3296,v4_olmo-mix-1124_llama,
historical_figure,Princess Marie of Hesse-Kassel,Hesse-Kassel,92,51248,v4_olmo-mix-1124_llama,
historical_figure,Pauline von Mallinckrodt,Mallinckrodt,51,84848,v4_olmo-mix-1124_llama,
historical_figure,Wilhelm Paul Corssen,Corssen,35,2926,v4_olmo-mix-1124_llama,
historical_figure,Christian Theodor Weinlig,Weinlig,262,1195,v4_olmo-mix-1124_llama,
historical_figure,Felix Hoppe-Seyler,Hoppe-Seyler,2593,17269,v4_olmo-mix-1124_llama,
historical_figure,Adolf Heinrich von Arnim-Boitzenburg,Arnim-Boitzenburg,260,964,v4_olmo-mix-1124_llama,
historical_figure,Otto Jahn,Jahn,2707,681341,v4_olmo-mix-1124_llama,
historical_figure,Friedrich von Gärtner,Gärtner,1439,63583,v4_olmo-mix-1124_llama,
historical_figure,Heinrich Christian Friedrich Schumacher,Schumacher,105,2725449,v4_olmo-mix-1124_llama,
historical_figure,Karl-August von Reisach,Reisach,17,784,v4_olmo-mix-1124_llama,
historical_figure,Otto August Rosenberger,Rosenberger,12,180815,v4_olmo-mix-1124_llama,
historical_figure,Heinrich Zschokke,Zschokke,1015,9747,v4_olmo-mix-1124_llama,
historical_figure,Johann Gottfried Ludwig Kosegarten,Kosegarten,33,2044,v4_olmo-mix-1124_llama,
historical_figure,Gustav Leberecht Flügel,Flügel,26,49407,v4_olmo-mix-1124_llama,
historical_figure,Sophie Mereau,Mereau,401,2170,v4_olmo-mix-1124_llama,
historical_figure,Ludwig Bechstein,Bechstein,2177,75861,v4_olmo-mix-1124_llama,
historical_figure,Karl Eduard von Holtei,Holtei,42,1047,v4_olmo-mix-1124_llama,
historical_figure,Adalbert Krueger,Krueger,20,1900434,v4_olmo-mix-1124_llama,
historical_figure,Princess Louise of Saxe-Hildburghausen,Saxe-Hildburghausen,44,8133,v4_olmo-mix-1124_llama,
historical_figure,Georg Ratzinger,Ratzinger,8275,1095076,v4_olmo-mix-1124_llama,
historical_figure,Christiane Vulpius,Vulpius,1566,7113,v4_olmo-mix-1124_llama,
historical_figure,Friedrich Wilhelm Eduard Gerhard,Gerhard,46,2026841,v4_olmo-mix-1124_llama,
historical_figure,Friedrich Wilhelm von Erdmannsdorff,Erdmannsdorff,348,1142,v4_olmo-mix-1124_llama,
historical_figure,"Leopold I, Prince of Lippe",Lippe,6,187483,v4_olmo-mix-1124_llama,
historical_figure,August Christian,Christian,774,252088442,v4_olmo-mix-1124_llama,
historical_figure,Karl Müllenhoff,Müllenhoff,636,4590,v4_olmo-mix-1124_llama,
historical_figure,"George Albert, Prince of Schwarzburg-Rudolstadt",Schwarzburg-Rudolstadt,14,6598,v4_olmo-mix-1124_llama,
historical_figure,Moritz Wilhelm Drobisch,Drobisch,163,1705,v4_olmo-mix-1124_llama,
historical_figure,Johann Karl Simon Morgenstern,Morgenstern,32,661609,v4_olmo-mix-1124_llama,
historical_figure,Duke Adam of Württemberg,Württemberg,15,279689,v4_olmo-mix-1124_llama,
historical_figure,Johann David Schoepff,Schoepff,111,810,v4_olmo-mix-1124_llama,
historical_figure,Caroline of Hesse-Homburg,Hesse-Homburg,38,7303,v4_olmo-mix-1124_llama,
historical_figure,Emil Winkler,Winkler,227,1419490,v4_olmo-mix-1124_llama,
historical_figure,Frederick Traugott Pursh,Pursh,219,50770,v4_olmo-mix-1124_llama,
historical_figure,Eduard Joseph d'Alton,d'Alton,46,2346,v4_olmo-mix-1124_llama,
historical_figure,Adolf Schlagintweit,Schlagintweit,485,5614,v4_olmo-mix-1124_llama,
historical_figure,Aaron Bernstein,Bernstein,9807,5675602,v4_olmo-mix-1124_llama,
historical_figure,Friedrich Christoph Schlosser,Schlosser,180,443116,v4_olmo-mix-1124_llama,
historical_figure,Gregor von Helmersen,Helmersen,98,2191,v4_olmo-mix-1124_llama,
historical_figure,David Friedländer,Friedländer,1040,59047,v4_olmo-mix-1124_llama,
historical_figure,Johann Andreas Naumann,Naumann,211,220775,v4_olmo-mix-1124_llama,
historical_figure,Prince Paul of Thurn and Taxis,Taxis,53,721242,v4_olmo-mix-1124_llama,
historical_figure,Wilhelm Knop,Knop,907,162444,v4_olmo-mix-1124_llama,
historical_figure,Friedrich Daniel Bassermann,Bassermann,160,10610,v4_olmo-mix-1124_llama,
historical_figure,Ferdinand Wüstenfeld,Wüstenfeld,410,2874,v4_olmo-mix-1124_llama,
historical_figure,Theodor Kliefoth,Kliefoth,86,6966,v4_olmo-mix-1124_llama,
historical_figure,Friedrich August von Staegemann,Staegemann,18,428,v4_olmo-mix-1124_llama,
historical_figure,Alfred Enneper,Enneper,293,7910,v4_olmo-mix-1124_llama,
historical_figure,Princess Maria Christina of Saxony,Saxony,85,1811524,v4_olmo-mix-1124_llama,
historical_figure,Gustav von Alvensleben,Alvensleben,28,12261,v4_olmo-mix-1124_llama,
historical_figure,Jakob Bernays,Bernays,235,623271,v4_olmo-mix-1124_llama,
historical_figure,Paul Melchers,Melchers,260,31255,v4_olmo-mix-1124_llama,
historical_figure,Wilhelm Eduard Albrecht,Albrecht,246,1577395,v4_olmo-mix-1124_llama,
historical_figure,Karl Gottlob Zumpt,Zumpt,31,8755,v4_olmo-mix-1124_llama,
historical_figure,Nathaniel Hawthorne,Hawthorne,402350,3230943,v4_olmo-mix-1124_llama,
historical_figure,Karl Freiherr von Müffling,Müffling,103,4177,v4_olmo-mix-1124_llama,
historical_figure,Friedrich Ludewig Bouterwek,Bouterwek,0,911,v4_olmo-mix-1124_llama,
historical_figure,Jean Henri Riesener,Riesener,543,9052,v4_olmo-mix-1124_llama,
historical_figure,"Albert, Prince of Schwarzburg-Rudolstadt",Schwarzburg-Rudolstadt,16,6598,v4_olmo-mix-1124_llama,
historical_figure,Karoline Jagemann,Jagemann,131,3523,v4_olmo-mix-1124_llama,
historical_figure,Georg Friedrich von Reichenbach,Reichenbach,127,389712,v4_olmo-mix-1124_llama,
historical_figure,Louise of Brandenburg-Schwedt,Brandenburg-Schwedt,195,4139,v4_olmo-mix-1124_llama,
historical_figure,Johann Baptist Alzog,Alzog,25,3334,v4_olmo-mix-1124_llama,
historical_figure,Theodore Oesten,Oesten,13,3393,v4_olmo-mix-1124_llama,
historical_figure,Daniel Gotthilf Moldenhawer,Moldenhawer,24,1854,v4_olmo-mix-1124_llama,
historical_figure,Otto Sendtner,Sendtner,34,5774,v4_olmo-mix-1124_llama,
historical_figure,Karl Friedrich von dem Knesebeck,Knesebeck,150,5064,v4_olmo-mix-1124_llama,
historical_figure,Karl von Fischer,Fischer,365,7678474,v4_olmo-mix-1124_llama,
historical_figure,August Pauly,Pauly,348,1027912,v4_olmo-mix-1124_llama,
historical_figure,Helene Demuth,Demuth,2396,106832,v4_olmo-mix-1124_llama,
historical_figure,Hermann Knoblauch,Knoblauch,175,229832,v4_olmo-mix-1124_llama,
historical_figure,Prince Frederick of Prussia,Prussia,2676,4473075,v4_olmo-mix-1124_llama,
historical_figure,Johann Georg Noel Dragendorff,Dragendorff,19,5052,v4_olmo-mix-1124_llama,
historical_figure,August Friedrich Gfrörer,Gfrörer,46,6439,v4_olmo-mix-1124_llama,
historical_figure,Ferdinand von Roemer,Roemer,177,458142,v4_olmo-mix-1124_llama,
historical_figure,Paul Erman,Erman,413,115412,v4_olmo-mix-1124_llama,
historical_figure,Ludwig Achim von Arnim,Arnim,981,183103,v4_olmo-mix-1124_llama,
historical_figure,Adolf Friedrich Stenzler,Stenzler,55,11388,v4_olmo-mix-1124_llama,
historical_figure,Franz Volkmar Reinhard,Reinhard,25,1044381,v4_olmo-mix-1124_llama,
historical_figure,Johann August Apel,Apel,237,288365,v4_olmo-mix-1124_llama,
historical_figure,Friedrich Julius Stahl,Stahl,1262,1725928,v4_olmo-mix-1124_llama,
historical_figure,Adolf Böttger,Böttger,161,22316,v4_olmo-mix-1124_llama,
historical_figure,Friedrich August Rosen,Rosen,210,11469548,v4_olmo-mix-1124_llama,
historical_figure,Lucian Müller,Müller,159,2806359,v4_olmo-mix-1124_llama,
historical_figure,Hans Victor von Unruh,Unruh,191,472454,v4_olmo-mix-1124_llama,
historical_figure,Eduard Baltzer,Baltzer,448,43649,v4_olmo-mix-1124_llama,
historical_figure,Heinrich Abeken,Abeken,289,2445,v4_olmo-mix-1124_llama,
historical_figure,"George Osborne, 6th Duke of Leeds",Leeds,15,6007045,v4_olmo-mix-1124_llama,
historical_figure,August Wilhelm Bach,Bach,75,28144708,v4_olmo-mix-1124_llama,
historical_figure,Wilhelm Michler,Michler,25,23090,v4_olmo-mix-1124_llama,
historical_figure,Hermann Hellriegel,Hellriegel,661,14728,v4_olmo-mix-1124_llama,
historical_figure,Heinrich Strack,Strack,862,149444,v4_olmo-mix-1124_llama,
historical_figure,Charlotte Wolter,Wolter,348,320500,v4_olmo-mix-1124_llama,
historical_figure,Mary Frances Schervier,Schervier,112,1031,v4_olmo-mix-1124_llama,
historical_figure,Christoph Haberland,Haberland,84,33700,v4_olmo-mix-1124_llama,
historical_figure,Johann Adam Möhler,Möhler,481,10423,v4_olmo-mix-1124_llama,
historical_figure,Julius Friedrich Heinrich Abegg,Abegg,23,42250,v4_olmo-mix-1124_llama,
historical_figure,Bogusław Fryderyk Radziwiłł,Radziwiłł,46,33944,v4_olmo-mix-1124_llama,
historical_figure,Joseph Albert,Albert,4249,28363222,v4_olmo-mix-1124_llama,
historical_figure,Jean Becker,Becker,5065,5805305,v4_olmo-mix-1124_llama,
historical_figure,Wilhelm Ludwig Abeken,Abeken,35,2445,v4_olmo-mix-1124_llama,
historical_figure,David Kalisch,Kalisch,2099,54247,v4_olmo-mix-1124_llama,
historical_figure,Georg Beseler,Beseler,147,20548,v4_olmo-mix-1124_llama,
historical_figure,Heinrich von Brandt,Brandt,342,2415748,v4_olmo-mix-1124_llama,
historical_figure,Gustav Hirschfeld,Hirschfeld,373,372812,v4_olmo-mix-1124_llama,
historical_figure,Johann Konrad Wilhelm Löhe,Löhe,132,2418,v4_olmo-mix-1124_llama,
historical_figure,Julius Léopold Eduard Avé-Lallemant,Avé-Lallemant,11,761,v4_olmo-mix-1124_llama,
historical_figure,Georg August Pritzel,Pritzel,110,10936,v4_olmo-mix-1124_llama,
historical_figure,Heinrich Gustav Hotho,Hotho,98,9800,v4_olmo-mix-1124_llama,
historical_figure,Count Karl-Wilhelm Finck von Finckenstein,Finckenstein,201,20014,v4_olmo-mix-1124_llama,
historical_figure,Christian Zeller,Zeller,762,703094,v4_olmo-mix-1124_llama,
historical_figure,Johann Gottlieb Nörremberg,Nörremberg,93,262,v4_olmo-mix-1124_llama,
historical_figure,Johann Hinrich Wichern,Wichern,738,12608,v4_olmo-mix-1124_llama,
historical_figure,Bernhard von Lindenau,Lindenau,185,12474,v4_olmo-mix-1124_llama,
historical_figure,Heinrich Müller,Müller,14475,2806359,v4_olmo-mix-1124_llama,
historical_figure,August Hermann Niemeyer,Niemeyer,76,338804,v4_olmo-mix-1124_llama,
historical_figure,Heinrich von Friedberg,Friedberg,31,333003,v4_olmo-mix-1124_llama,
historical_figure,Karl Thiersch,Thiersch,617,16191,v4_olmo-mix-1124_llama,
historical_figure,Karl Ernst Adolf von Hoff,Hoff,43,15018528,v4_olmo-mix-1124_llama,
historical_figure,Vasily Berkov,Berkov,6,192537,v4_olmo-mix-1124_llama,
historical_figure,Friedrich Karl Hermann Kruse,Kruse,15,778969,v4_olmo-mix-1124_llama,
historical_figure,"Heinrich LXII, Prince Reuss Younger Line",Line,2,49270917,v4_olmo-mix-1124_llama,
historical_figure,Albert von Bezold,Bezold,307,26990,v4_olmo-mix-1124_llama,
historical_figure,August Carl Eduard Baldamus,Baldamus,15,1365,v4_olmo-mix-1124_llama,
historical_figure,Johann Georg Kohl,Kohl,742,2986422,v4_olmo-mix-1124_llama,
historical_figure,Ernst Leberecht Wagner,Wagner,28,10819549,v4_olmo-mix-1124_llama,
historical_figure,Hippolyte Visart de Bocarmé,Bocarmé,238,1145,v4_olmo-mix-1124_llama,
historical_figure,Gottlieb Hufeland,Hufeland,343,17249,v4_olmo-mix-1124_llama,
historical_figure,Friedrich Wilhelm Hackländer,Hackländer,24,2142,v4_olmo-mix-1124_llama,
historical_figure,Bernhard von Neher,Neher,42,112364,v4_olmo-mix-1124_llama,
historical_figure,Adalbert Schnizlein,Schnizlein,15,2635,v4_olmo-mix-1124_llama,
historical_figure,Andrew S. Fulton,Fulton,42,2817648,v4_olmo-mix-1124_llama,
historical_figure,Josef Aloys Frölich,Frölich,24,17249,v4_olmo-mix-1124_llama,
historical_figure,William Hayley,Hayley,2669,2582097,v4_olmo-mix-1124_llama,
historical_figure,William A. Burwell,Burwell,166,549758,v4_olmo-mix-1124_llama,
historical_figure,Johann Friedrich Benzenberg,Benzenberg,251,3055,v4_olmo-mix-1124_llama,
historical_figure,Adele Schopenhauer,Schopenhauer,169,1217037,v4_olmo-mix-1124_llama,
historical_figure,Georg Friedrich Benecke,Benecke,131,40713,v4_olmo-mix-1124_llama,
historical_figure,Carl Alexander Heideloff,Heideloff,245,1126,v4_olmo-mix-1124_llama,
historical_figure,"Charles Francis Adams, Sr.",Sr.,556,5264712,v4_olmo-mix-1124_llama,
historical_figure,Sophie Wörishöffer,Wörishöffer,18,41,v4_olmo-mix-1124_llama,
historical_figure,Otto von Corvin,Corvin,193,297568,v4_olmo-mix-1124_llama,
historical_figure,Johannes Fallati,Fallati,4,357,v4_olmo-mix-1124_llama,
historical_figure,Max Maria von Weber,Weber,155,8469563,v4_olmo-mix-1124_llama,
historical_figure,Samuel Morse,Morse,128179,5734501,v4_olmo-mix-1124_llama,
historical_figure,Marianne von Willemer,Willemer,880,2441,v4_olmo-mix-1124_llama,
historical_figure,David Hansemann,Hansemann,597,8936,v4_olmo-mix-1124_llama,
historical_figure,Friedrich Hölderlin,Hölderlin,18860,138103,v4_olmo-mix-1124_llama,
historical_figure,Oscar Peschel,Peschel,642,49567,v4_olmo-mix-1124_llama,
historical_figure,Caroline von Wolzogen,Wolzogen,342,7527,v4_olmo-mix-1124_llama,
historical_figure,Louis Angely,Angely,18,57590,v4_olmo-mix-1124_llama,
historical_figure,Paul Günther Lorentz,Lorentz,8,3713225,v4_olmo-mix-1124_llama,
historical_figure,Johann Helfrich von Müller,Müller,178,2806359,v4_olmo-mix-1124_llama,
historical_figure,Luise Mühlbach,Mühlbach,326,10785,v4_olmo-mix-1124_llama,
historical_figure,Heinrich Wuttke,Wuttke,114,38132,v4_olmo-mix-1124_llama,
historical_figure,Wilhelm Dunker,Dunker,378,256793,v4_olmo-mix-1124_llama,
historical_figure,Wilhelm Schulz,Schulz,1299,2065734,v4_olmo-mix-1124_llama,
historical_figure,Eduard Weber,Weber,6981,8469563,v4_olmo-mix-1124_llama,
historical_figure,Franz Christian Gau,Gau,151,5553248,v4_olmo-mix-1124_llama,
historical_figure,Alexander of Württemberg,Württemberg,1728,279689,v4_olmo-mix-1124_llama,
historical_figure,Friedrich Christian Rosenthal,Rosenthal,48,2568869,v4_olmo-mix-1124_llama,
historical_figure,Giuseppina Strepponi,Strepponi,3536,7162,v4_olmo-mix-1124_llama,
historical_figure,Friedrich Wilhelm von Leysser,Leysser,57,197,v4_olmo-mix-1124_llama,
historical_figure,Carl Ludwig Willdenow,Willdenow,755,14283,v4_olmo-mix-1124_llama,
historical_figure,August Wilhelm von Hofmann,Hofmann,5139,1214747,v4_olmo-mix-1124_llama,
historical_figure,Constantine Hering,Hering,6334,266159,v4_olmo-mix-1124_llama,
historical_figure,Richard Avenarius,Avenarius,2384,29949,v4_olmo-mix-1124_llama,
historical_figure,Johann Kaspar Zeuss,Zeuss,351,25697,v4_olmo-mix-1124_llama,
historical_figure,Friedrich Schleiermacher,Schleiermacher,35725,267284,v4_olmo-mix-1124_llama,
historical_figure,Hermann Gundert,Gundert,2719,19258,v4_olmo-mix-1124_llama,
historical_figure,Joseph Derenbourg,Derenbourg,383,4488,v4_olmo-mix-1124_llama,
historical_figure,Friedrich Fröbel,Fröbel,6597,25859,v4_olmo-mix-1124_llama,
historical_figure,Max Stirner,Stirner,75565,361480,v4_olmo-mix-1124_llama,
historical_figure,Friedrich Anton Wilhelm Miquel,Miquel,315,389752,v4_olmo-mix-1124_llama,
historical_figure,Karl Gutzkow,Gutzkow,1680,6496,v4_olmo-mix-1124_llama,
historical_figure,Ferdinand Cohn,Cohn,6005,2493093,v4_olmo-mix-1124_llama,
historical_figure,Johann Heinrich von Thünen,Thünen,3059,27145,v4_olmo-mix-1124_llama,
historical_figure,Romain Bussine,Bussine,971,2215,v4_olmo-mix-1124_llama,
historical_figure,Bruno Bauer,Bauer,35926,5573968,v4_olmo-mix-1124_llama,
historical_figure,Gustav Fechner,Fechner,14532,157232,v4_olmo-mix-1124_llama,
historical_figure,Friedrich Carl von Savigny,Savigny,4037,103622,v4_olmo-mix-1124_llama,
historical_figure,August Heinrich Hoffmann von Fallersleben,Fallersleben,2401,14471,v4_olmo-mix-1124_llama,
historical_figure,Leopold Zunz,Zunz,6182,61848,v4_olmo-mix-1124_llama,
historical_figure,August von Haxthausen,Haxthausen,840,7892,v4_olmo-mix-1124_llama,
historical_figure,Otto Lesser,Lesser,24,4489062,v4_olmo-mix-1124_llama,
historical_figure,Hermann Goldschmidt,Goldschmidt,1080,449807,v4_olmo-mix-1124_llama,
historical_figure,Karl Ludwig Hencke,Hencke,767,16551,v4_olmo-mix-1124_llama,
historical_figure,Joseph Gerhard Zuccarini,Zuccarini,429,13242,v4_olmo-mix-1124_llama,
historical_figure,le gentil,gentil,2012,197428,v4_olmo-mix-1124_llama,
historical_figure,Ferdinand von Hompesch zu Bolheim,Bolheim,1177,1610,v4_olmo-mix-1124_llama,
historical_figure,Karl Richard Lepsius,Lepsius,4514,54982,v4_olmo-mix-1124_llama,
historical_figure,Johann Hieronymus Schröter,Schröter,914,42551,v4_olmo-mix-1124_llama,
historical_figure,Justinus Kerner,Kerner,6451,416852,v4_olmo-mix-1124_llama,
historical_figure,Matthias Claudius,Claudius,4453,3710204,v4_olmo-mix-1124_llama,
historical_figure,Johann Ludwig Krapf,Krapf,2786,40768,v4_olmo-mix-1124_llama,
historical_figure,Gustav Schwab,Schwab,1318,2509970,v4_olmo-mix-1124_llama,
historical_figure,Friedrich von Gentz,Gentz,2418,102120,v4_olmo-mix-1124_llama,
historical_figure,Karl Georg Christian von Staudt,Staudt,450,76335,v4_olmo-mix-1124_llama,
historical_figure,Paul du Bois-Reymond,Bois-Reymond,2090,44976,v4_olmo-mix-1124_llama,
historical_figure,Immanuel Bekker,Bekker,2041,166159,v4_olmo-mix-1124_llama,
historical_figure,Johann Gottfried Jakob Hermann,Hermann,61,3508327,v4_olmo-mix-1124_llama,
historical_figure,Friedrich von Bodenstedt,Bodenstedt,214,4199,v4_olmo-mix-1124_llama,
historical_figure,Johann Jakob Bernhardi,Bernhardi,69,25989,v4_olmo-mix-1124_llama,
historical_figure,Wilhelm Gerhard Walpers,Walpers,95,3294,v4_olmo-mix-1124_llama,
historical_figure,Gottlieb Konrad Pfeffel,Pfeffel,80,21864,v4_olmo-mix-1124_llama,
historical_figure,Karl Philipp Fohr,Fohr,52,55490,v4_olmo-mix-1124_llama,
historical_figure,Moritz Horn,Horn,277,17119072,v4_olmo-mix-1124_llama,
historical_figure,Duchess Maria Elisabeth in Bavaria,Bavaria,10,3086364,v4_olmo-mix-1124_llama,
historical_figure,Georg Friedrich Treitschke,Treitschke,812,42183,v4_olmo-mix-1124_llama,
historical_figure,Johann Friedrich Hennert,Hennert,27,888,v4_olmo-mix-1124_llama,
historical_figure,Wilhelm von Beetz,Beetz,21,80487,v4_olmo-mix-1124_llama,
historical_figure,Karl Twesten,Twesten,25,2307,v4_olmo-mix-1124_llama,
historical_figure,Louis of Oettingen-Wallerstein,Oettingen-Wallerstein,22,1575,v4_olmo-mix-1124_llama,
historical_figure,Joseph Calasanza von Arneth,Arneth,13,14563,v4_olmo-mix-1124_llama,
historical_figure,Archduke Friedrich of Austria,Austria,230,21942091,v4_olmo-mix-1124_llama,
historical_figure,"Theodor Franz, Count Baillet von Latour",Latour,23,982437,v4_olmo-mix-1124_llama,
historical_figure,Georg Prochaska,Prochaska,62,106333,v4_olmo-mix-1124_llama,
historical_figure,Alois von Beckh Widmanstätten,Widmanstätten,464,13727,v4_olmo-mix-1124_llama,
historical_figure,Johann Michael Vogl,Vogl,1861,102988,v4_olmo-mix-1124_llama,
historical_figure,Franz Sieber,Sieber,256,148935,v4_olmo-mix-1124_llama,
historical_figure,Heinrich von Bamberger,Bamberger,253,158513,v4_olmo-mix-1124_llama,
historical_figure,Giorgio Jan,Jan,5225,135067758,v4_olmo-mix-1124_llama,
historical_figure,August Sicard von Sicardsburg,Sicardsburg,505,916,v4_olmo-mix-1124_llama,
historical_figure,Theodor von Oppolzer,Oppolzer,501,6972,v4_olmo-mix-1124_llama,
historical_figure,Joseph Franz von Jacquin,Jacquin,87,57821,v4_olmo-mix-1124_llama,
historical_figure,Ferdinand Bauer,Bauer,2507,5573968,v4_olmo-mix-1124_llama,
historical_figure,Bedřich Diviš Weber,Weber,96,8469563,v4_olmo-mix-1124_llama,
historical_figure,Walter Scott,Scott,790497,85358497,v4_olmo-mix-1124_llama,
historical_figure,Count Franz Philipp von Lamberg,Lamberg,138,36634,v4_olmo-mix-1124_llama,
historical_figure,Franz von Walsegg,Walsegg,1576,6559,v4_olmo-mix-1124_llama,
historical_figure,Thaddäus Haenke,Haenke,77,5380,v4_olmo-mix-1124_llama,
historical_figure,Abbas Mirza,Mirza,13687,1663756,v4_olmo-mix-1124_llama,
historical_figure,Charles-Augustin de Coulomb,Coulomb,11131,2282321,v4_olmo-mix-1124_llama,
historical_figure,Samuel Taylor Coleridge,Coleridge,261267,1618352,v4_olmo-mix-1124_llama,
historical_figure,"William Paulding, Jr.",Jr.,53,25016322,v4_olmo-mix-1124_llama,
historical_figure,Samuel Jordan Cabell,Cabell,239,260958,v4_olmo-mix-1124_llama,
historical_figure,James G. Clinton,Clinton,33,106298056,v4_olmo-mix-1124_llama,
historical_figure,Johannes Daniel Falk,Falk,147,6063812,v4_olmo-mix-1124_llama,
historical_figure,Friedrich Dotzauer,Dotzauer,409,5341,v4_olmo-mix-1124_llama,
historical_figure,August Ferdinand Bernhardi,Bernhardi,136,25989,v4_olmo-mix-1124_llama,
historical_figure,Johann Christian August Heinroth,Heinroth,347,9714,v4_olmo-mix-1124_llama,
historical_figure,Christian Karl August Ludwig von Massenbach,Massenbach,72,2882,v4_olmo-mix-1124_llama,
historical_figure,Johann Tobias Bürg,Bürg,208,38891,v4_olmo-mix-1124_llama,
historical_figure,Karl von Zinzendorf,Zinzendorf,509,54038,v4_olmo-mix-1124_llama,
historical_figure,Gustaw Gizewiusz,Gizewiusz,128,159,v4_olmo-mix-1124_llama,
historical_figure,Ferdinand August von Spiegel,Spiegel,47,2931976,v4_olmo-mix-1124_llama,
historical_figure,Peter Friedrich Röding,Röding,41,3346,v4_olmo-mix-1124_llama,
historical_figure,Karl Andreas Geyer,Geyer,8,332720,v4_olmo-mix-1124_llama,
historical_figure,Christian Gottlob Barth,Barth,106,5113684,v4_olmo-mix-1124_llama,
historical_figure,Emilie Ortlöpp,Ortlöpp,81,85,v4_olmo-mix-1124_llama,
historical_figure,Lorenz Chrysanth von Vest,Vest,22,3733571,v4_olmo-mix-1124_llama,
historical_figure,Heinrich Karl Beyrich,Beyrich,2,3369,v4_olmo-mix-1124_llama,
historical_figure,Karl Kreil,Kreil,206,28105,v4_olmo-mix-1124_llama,
historical_figure,Joseph Kornhäusel,Kornhäusel,186,301,v4_olmo-mix-1124_llama,
historical_figure,Friedrich Egermann,Egermann,185,4705,v4_olmo-mix-1124_llama,
historical_figure,Szymon Bogumił Zug,Zug,302,775987,v4_olmo-mix-1124_llama,
historical_figure,Julius Rudolph Theodor Vogel,Vogel,73,2650359,v4_olmo-mix-1124_llama,
historical_figure,Friedrich Gottlieb Dietrich,Dietrich,8,2434707,v4_olmo-mix-1124_llama,
historical_figure,Ernst Friedrich Apelt,Apelt,257,15413,v4_olmo-mix-1124_llama,
historical_figure,Friedrich Wilhelm Carové,Carové,179,358,v4_olmo-mix-1124_llama,
historical_figure,Franz Ludwig von Cancrin,Cancrin,52,1872,v4_olmo-mix-1124_llama,
historical_figure,Carl Sprengel,Sprengel,890,69760,v4_olmo-mix-1124_llama,
historical_figure,Friedrich Carl Gröger,Gröger,24,9029,v4_olmo-mix-1124_llama,
historical_figure,Gustav von Franck,Franck,5,1124393,v4_olmo-mix-1124_llama,
historical_figure,Countess Palatine Christiane Henriette of Zweibrücken,Zweibrücken,8,22665,v4_olmo-mix-1124_llama,
historical_figure,Karl Josef Napoleon Balling,Balling,14,150687,v4_olmo-mix-1124_llama,
historical_figure,Jakob Philipp Kulik,Kulik,118,386243,v4_olmo-mix-1124_llama,
historical_figure,Johann Zelebor,Zelebor,37,286,v4_olmo-mix-1124_llama,
historical_figure,Karl Mathy,Mathy,1239,73675,v4_olmo-mix-1124_llama,
historical_figure,Joseph Ennemoser,Ennemoser,536,4922,v4_olmo-mix-1124_llama,
historical_figure,Johann Simon Hermstedt,Hermstedt,230,1960,v4_olmo-mix-1124_llama,
historical_figure,Julius H. Kroehl,Kroehl,629,4462,v4_olmo-mix-1124_llama,
historical_figure,Josef Georg Hörl,Hörl,3,6840,v4_olmo-mix-1124_llama,
historical_figure,Albert Anton von Muchar,Muchar,2,2765,v4_olmo-mix-1124_llama,
historical_figure,Antonie Brentano,Brentano,2594,265532,v4_olmo-mix-1124_llama,
historical_figure,Daniel Fenner von Fenneberg,Fenneberg,18,604,v4_olmo-mix-1124_llama,
historical_figure,Franz Anton Gindl,Gindl,0,8917,v4_olmo-mix-1124_llama,
historical_figure,Wenzel Hocke,Hocke,0,37236,v4_olmo-mix-1124_llama,
historical_figure,Therese Krones,Krones,171,24590,v4_olmo-mix-1124_llama,
historical_figure,Christian Friederich Ruppe,Ruppe,0,27382,v4_olmo-mix-1124_llama,
historical_figure,Ludwig Hünersdorf,Hünersdorf,43,76,v4_olmo-mix-1124_llama,
historical_figure,Friedrich Wilhelm von Reden,Reden,94,177686,v4_olmo-mix-1124_llama,
historical_figure,Johann Nepomuk Hubert von Schwerz,Schwerz,1,4353,v4_olmo-mix-1124_llama,
historical_figure,Christian Keferstein,Keferstein,89,7778,v4_olmo-mix-1124_llama,
historical_figure,Johann La Roche,Roche,0,3848939,v4_olmo-mix-1124_llama,
historical_figure,Michael von Puchberg,Puchberg,138,4227,v4_olmo-mix-1124_llama,
historical_figure,Franz Dinnendahl,Dinnendahl,19,386,v4_olmo-mix-1124_llama,
historical_figure,Joseph von Henikstein,Henikstein,6,188,v4_olmo-mix-1124_llama,
historical_figure,Ignatz Jacob Heger,Heger,0,186103,v4_olmo-mix-1124_llama,
historical_figure,Wilhelm August Lampadius,Lampadius,139,3801,v4_olmo-mix-1124_llama,
historical_figure,Johann Gottfried Flügel,Flügel,34,49407,v4_olmo-mix-1124_llama,
historical_figure,Friedrich Wilhelm von Thulemeyer,Thulemeyer,84,460,v4_olmo-mix-1124_llama,
historical_figure,Johann Wilhelm Krause,Krause,205,1597560,v4_olmo-mix-1124_llama,
historical_figure,Anton Joseph Leeb,Leeb,8,236749,v4_olmo-mix-1124_llama,
historical_figure,Johann Smidt,Smidt,641,74143,v4_olmo-mix-1124_llama,
historical_figure,Ignaz Feigerle,Feigerle,1,394,v4_olmo-mix-1124_llama,
historical_figure,Friedrich Wilhelm Ziegler,Ziegler,1,1415426,v4_olmo-mix-1124_llama,
historical_figure,Friedrich Theodor von Merckel,Merckel,3,24982,v4_olmo-mix-1124_llama,
historical_figure,Michael Umlauf,Umlauf,1160,26855,v4_olmo-mix-1124_llama,
historical_figure,Georg Lankensperger,Lankensperger,312,755,v4_olmo-mix-1124_llama,
historical_figure,Franz Xaver Stöber,Stöber,242,15813,v4_olmo-mix-1124_llama,
historical_figure,Victor von Prendel,Prendel,0,1376,v4_olmo-mix-1124_llama,
historical_figure,Christian Karl Reisig,Reisig,80,22913,v4_olmo-mix-1124_llama,
historical_figure,Karl Heinrich Ludwig von Borstell,Borstell,3,775,v4_olmo-mix-1124_llama,
historical_figure,Anton von Störck,Störck,152,820,v4_olmo-mix-1124_llama,
historical_figure,August Wilhelm Graf von Kanitz,Kanitz,1,18422,v4_olmo-mix-1124_llama,
historical_figure,Wilhelm Gottlieb Tennemann,Tennemann,314,3818,v4_olmo-mix-1124_llama,
historical_figure,Friedrich Friesen,Friesen,172,421300,v4_olmo-mix-1124_llama,
historical_figure,Johann Gottfried Langermann,Langermann,20,10045,v4_olmo-mix-1124_llama,
historical_figure,Sigismund von Reitzenstein,Reitzenstein,139,12260,v4_olmo-mix-1124_llama,
historical_figure,Henriette Paalzow,Paalzow,8,1022,v4_olmo-mix-1124_llama,
historical_figure,Henriette Vogel,Vogel,1322,2650359,v4_olmo-mix-1124_llama,
historical_figure,Georg Arnold Heise,Heise,28,494585,v4_olmo-mix-1124_llama,
historical_figure,Friedrich August Grotefend,Grotefend,39,10786,v4_olmo-mix-1124_llama,
historical_figure,Gottlob Christian Storr,Storr,128,196176,v4_olmo-mix-1124_llama,
historical_figure,Franz Passow,Passow,792,26501,v4_olmo-mix-1124_llama,
historical_figure,Karl Adams,Adams,566,30331347,v4_olmo-mix-1124_llama,
historical_figure,Benjamin Heyne,Heyne,737,91099,v4_olmo-mix-1124_llama,
historical_figure,Johann Günther Friedrich Cannabich,Cannabich,12,18695,v4_olmo-mix-1124_llama,
historical_figure,Johann Horkel,Horkel,67,1150,v4_olmo-mix-1124_llama,
historical_figure,Ernst Elias Niebergall,Niebergall,6,9573,v4_olmo-mix-1124_llama,
historical_figure,Jean Lobstein,Lobstein,470,25013,v4_olmo-mix-1124_llama,
historical_figure,Karl Ludwig von Phull,Phull,333,15245,v4_olmo-mix-1124_llama,
historical_figure,Ernst Platner,Platner,671,34911,v4_olmo-mix-1124_llama,
historical_figure,Percy Bysshe Shelley,Shelley,234931,6543475,v4_olmo-mix-1124_llama,
historical_figure,Jurij Vega,Vega,2156,4697166,v4_olmo-mix-1124_llama,
historical_figure,Louis Philippe de Bombelles,Bombelles,16,3662,v4_olmo-mix-1124_llama,
historical_figure,Bruno Franz Leopold Liebermann,Liebermann,5,145792,v4_olmo-mix-1124_llama,
historical_figure,Augusta Louise zu Stolberg-Stolberg,Stolberg-Stolberg,10,1205,v4_olmo-mix-1124_llama,
historical_figure,Franziska Stading,Stading,34,2698,v4_olmo-mix-1124_llama,
historical_figure,Adam Elias von Siebold,Siebold,16,119158,v4_olmo-mix-1124_llama,
historical_figure,Johann Friedrich Ferdinand Fleck,Fleck,0,941809,v4_olmo-mix-1124_llama,
historical_figure,Ernst Theodor Echtermeyer,Echtermeyer,7,2031,v4_olmo-mix-1124_llama,
historical_figure,Karl von Weishaupt,Weishaupt,3,312637,v4_olmo-mix-1124_llama,
historical_figure,Friederike Krüger,Krüger,156,190794,v4_olmo-mix-1124_llama,
historical_figure,Wolf Heidenheim,Heidenheim,3290,43313,v4_olmo-mix-1124_llama,
historical_figure,August Ahlborn,Ahlborn,5,35237,v4_olmo-mix-1124_llama,
historical_figure,Andreas Gottschalk,Gottschalk,261,260359,v4_olmo-mix-1124_llama,
historical_figure,Carl Haller von Hallerstein,Hallerstein,101,2462,v4_olmo-mix-1124_llama,
historical_figure,August Emil Braun,Braun,88,5874436,v4_olmo-mix-1124_llama,
historical_figure,Rosa Maria Assing,Assing,60,22290,v4_olmo-mix-1124_llama,
historical_figure,Johann Wilhelm Bornemann,Bornemann,0,42194,v4_olmo-mix-1124_llama,
historical_figure,Ernst Karl Friedrich Wunderlich,Wunderlich,7,166351,v4_olmo-mix-1124_llama,
historical_figure,Johann Nikolaus Friedrich Brauer,Brauer,0,445548,v4_olmo-mix-1124_llama,
historical_figure,Christian Minkus,Minkus,2,45712,v4_olmo-mix-1124_llama,
historical_figure,Moses Hirschel,Hirschel,150,24691,v4_olmo-mix-1124_llama,
historical_figure,Wilhelm Friedrich Gmelin,Gmelin,7,61733,v4_olmo-mix-1124_llama,
historical_figure,August Carl Bock,Bock,0,1932536,v4_olmo-mix-1124_llama,
historical_figure,Bernhard Boll,Boll,32,1541098,v4_olmo-mix-1124_llama,
historical_figure,Johann Claudius von Lassaulx,Lassaulx,9,115,v4_olmo-mix-1124_llama,
historical_figure,Friedrich Schmalz,Schmalz,1,89621,v4_olmo-mix-1124_llama,
historical_figure,Christian Gottfried Schütz,Schütz,214,161229,v4_olmo-mix-1124_llama,
historical_figure,Konrad Mannert,Mannert,162,4663,v4_olmo-mix-1124_llama,
historical_figure,Ernst Gottlieb Bengel,Bengel,5,67651,v4_olmo-mix-1124_llama,
historical_figure,Georg Ludolf Dissen,Dissen,59,19319,v4_olmo-mix-1124_llama,
historical_figure,Carl von Brühl,Brühl,97,120699,v4_olmo-mix-1124_llama,
historical_figure,Christian Friedrich Sintenis,Sintenis,9,2101,v4_olmo-mix-1124_llama,
historical_figure,Anton Ferdinand von Rothkirch und Panten,Panten,0,9171,v4_olmo-mix-1124_llama,
historical_figure,Friedrich Eberhard Rambach,Rambach,1,23833,v4_olmo-mix-1124_llama,
historical_figure,Franz Ludwig Güssefeld,Güssefeld,29,287,v4_olmo-mix-1124_llama,
historical_figure,Karoline von Woltmann,Woltmann,11,13207,v4_olmo-mix-1124_llama,
historical_figure,Hans Ernst von Kottwitz,Kottwitz,56,51376,v4_olmo-mix-1124_llama,
historical_figure,Heinrich Jacob Aldenrath,Aldenrath,21,92,v4_olmo-mix-1124_llama,
historical_figure,Georg Friedrich Kaulfuss,Kaulfuss,43,2147,v4_olmo-mix-1124_llama,
historical_figure,Ludwig Schorn,Schorn,83,59144,v4_olmo-mix-1124_llama,
historical_figure,Hermann Nonnen,Nonnen,14,26420,v4_olmo-mix-1124_llama,
historical_figure,Johann August Karl,Karl,3,24081671,v4_olmo-mix-1124_llama,
historical_figure,Henriette Hendel-Schütz,Hendel-Schütz,188,363,v4_olmo-mix-1124_llama,
historical_figure,Karl Seydelmann,Seydelmann,2,876,v4_olmo-mix-1124_llama,
historical_figure,Franz Anton Bagnato,Bagnato,27,23374,v4_olmo-mix-1124_llama,
historical_figure,Friedrich Wagenfeld,Wagenfeld,32,6968,v4_olmo-mix-1124_llama,
historical_figure,Georg Hartog Gerson,Gerson,4,1059730,v4_olmo-mix-1124_llama,
historical_figure,Christoph Daniel Ebeling,Ebeling,119,226753,v4_olmo-mix-1124_llama,
historical_figure,Caroline Adelheid von Baudissin,Baudissin,0,5239,v4_olmo-mix-1124_llama,
historical_figure,Otto Heinrich von Loeben,Loeben,3,9163,v4_olmo-mix-1124_llama,
historical_figure,Lorenz Karsten,Karsten,20,485293,v4_olmo-mix-1124_llama,
historical_figure,Friederike Bethmann,Bethmann,0,90356,v4_olmo-mix-1124_llama,
historical_figure,Johann Heinrich Pestalozzi,Pestalozzi,8139,97760,v4_olmo-mix-1124_llama,
historical_figure,Johann Scheibler,Scheibler,294,15468,v4_olmo-mix-1124_llama,
historical_figure,Karl Ferdinand Schmid,Schmid,0,1371187,v4_olmo-mix-1124_llama,
historical_figure,Simon Rottmanner,Rottmanner,3,100,v4_olmo-mix-1124_llama,
historical_figure,Elise Reimarus,Reimarus,256,28548,v4_olmo-mix-1124_llama,
historical_figure,Christian Gottfried Daniel Stein,Stein,2,19445641,v4_olmo-mix-1124_llama,
historical_figure,Friedrich Karl zu Wied-Neuwied,Wied-Neuwied,33,5729,v4_olmo-mix-1124_llama,
historical_figure,Joseph Ferdinand Maria of Salern,Salern,1,46425,v4_olmo-mix-1124_llama,
historical_figure,Johann Friedrich Schleusner,Schleusner,14,5542,v4_olmo-mix-1124_llama,
historical_figure,Christoph Friedrich Hellwag,Hellwag,15,509,v4_olmo-mix-1124_llama,
historical_figure,Peter Kinzing,Kinzing,107,714,v4_olmo-mix-1124_llama,
historical_figure,Marianne von der Leyen,Leyen,33,277391,v4_olmo-mix-1124_llama,
historical_figure,Johanna Sebus,Sebus,150,7537,v4_olmo-mix-1124_llama,
historical_figure,Christian August Fischer,Fischer,87,7678474,v4_olmo-mix-1124_llama,
historical_figure,Friedrich August von Zinzendorf,Zinzendorf,2,54038,v4_olmo-mix-1124_llama,
historical_figure,Johann Ernst Plamann,Plamann,189,4554,v4_olmo-mix-1124_llama,
historical_figure,Karl Heinrich Dzondi,Dzondi,2,252,v4_olmo-mix-1124_llama,
historical_figure,Sophie Charlotte Elisabeth Ursinus,Ursinus,110,82513,v4_olmo-mix-1124_llama,
historical_figure,Hans Moritz von Brühl,Brühl,152,120699,v4_olmo-mix-1124_llama,
historical_figure,Ludwig Hofacker,Hofacker,130,53284,v4_olmo-mix-1124_llama,
historical_figure,Johann Friedrich Wolff,Wolff,171,3354789,v4_olmo-mix-1124_llama,
historical_figure,Franz Moritz von Lacy,Lacy,493,1742026,v4_olmo-mix-1124_llama,
historical_figure,Friedrich Hensel,Hensel,241,232818,v4_olmo-mix-1124_llama,
historical_figure,Friedrich Gerhard Wahl,Wahl,19,2585941,v4_olmo-mix-1124_llama,
historical_figure,Carl Adolf Otth,Otth,24,7143,v4_olmo-mix-1124_llama,
historical_figure,"Pierre de Ruel, marquis de Beurnonville",Beurnonville,153,1476,v4_olmo-mix-1124_llama,
historical_figure,Daniel Albert Wyttenbach,Wyttenbach,22,13028,v4_olmo-mix-1124_llama,
historical_figure,Georges-Louis Le Sage,Sage,1574,10064430,v4_olmo-mix-1124_llama,
historical_figure,Frédéric-César de La Harpe,Harpe,604,126219,v4_olmo-mix-1124_llama,
historical_figure,Johann Heinrich Sulzer,Sulzer,17,140049,v4_olmo-mix-1124_llama,
historical_figure,Johannes le Francq van Berkhey,Berkhey,46,1016,v4_olmo-mix-1124_llama,
historical_figure,Johann Christian Claudius Devaranne,Devaranne,27,726,v4_olmo-mix-1124_llama,
historical_figure,François Étienne Delaroche,Delaroche,18,40639,v4_olmo-mix-1124_llama,
historical_figure,Salomé Gélieu,Gélieu,0,41,v4_olmo-mix-1124_llama,
historical_figure,Johann Jakob Hess,Hess,192,5543761,v4_olmo-mix-1124_llama,
historical_figure,Joseph Heinrich Aloysius Gügler,Gügler,1,57,v4_olmo-mix-1124_llama,
historical_figure,Daniel Berger,Berger,16114,6413117,v4_olmo-mix-1124_llama,
historical_figure,Isabelle de Charrière,Charrière,1690,33061,v4_olmo-mix-1124_llama,
historical_figure,Christian Gottfried Flittner,Flittner,1,2463,v4_olmo-mix-1124_llama,
historical_figure,Abraham-Louis Breguet,Breguet,14191,205120,v4_olmo-mix-1124_llama,
historical_figure,Marquis de Sade,Sade,293170,2169263,v4_olmo-mix-1124_llama,
historical_figure,Johann III Bernoulli,Bernoulli,189,1758698,v4_olmo-mix-1124_llama,
historical_figure,François Isaac de Rivaz,Rivaz,2886,27996,v4_olmo-mix-1124_llama,
historical_figure,Christian Gottlieb Selle,Selle,36,762111,v4_olmo-mix-1124_llama,
historical_figure,Ernst Ludwig Posselt,Posselt,4,21978,v4_olmo-mix-1124_llama,
historical_figure,Jean-Pierre Guillaume Catteau-Calleville,Catteau-Calleville,0,18,v4_olmo-mix-1124_llama,
historical_figure,Pius VII,VII,84176,12137951,v4_olmo-mix-1124_llama,
historical_figure,Hans Conrad Escher,Escher,359,4771445,v4_olmo-mix-1124_llama,
historical_figure,Johann Christoph Schwab,Schwab,65,2509970,v4_olmo-mix-1124_llama,
historical_figure,Lord Charles Bentinck,Bentinck,144,93112,v4_olmo-mix-1124_llama,
historical_figure,Giacomo Quarenghi,Quarenghi,2115,5082,v4_olmo-mix-1124_llama,
historical_figure,William Pitt the Younger,Younger,43304,5492730,v4_olmo-mix-1124_llama,
historical_figure,Henry Cavendish,Cavendish,67843,1695429,v4_olmo-mix-1124_llama,
historical_figure,Princess Charlotte of Wales,Wales,6352,28787696,v4_olmo-mix-1124_llama,
historical_figure,Zabdiel Sampson,Sampson,26,2396276,v4_olmo-mix-1124_llama,
historical_figure,Leven Powell,Powell,259,15061432,v4_olmo-mix-1124_llama,
historical_figure,Joachim Murat,Murat,30156,926115,v4_olmo-mix-1124_llama,
historical_figure,Pauline Bonaparte,Bonaparte,6548,2617677,v4_olmo-mix-1124_llama,
historical_figure,Alexander Suvorov,Suvorov,13285,175989,v4_olmo-mix-1124_llama,
historical_figure,Józef Poniatowski,Poniatowski,3135,74731,v4_olmo-mix-1124_llama,
historical_figure,John Bellingham,Bellingham,14521,1080705,v4_olmo-mix-1124_llama,
historical_figure,Johann Gottfried Herder,Herder,34918,610514,v4_olmo-mix-1124_llama,
historical_figure,Louis-Alexandre Berthier,Berthier,2167,165010,v4_olmo-mix-1124_llama,
historical_figure,Christian VII of Denmark,Denmark,4866,20903672,v4_olmo-mix-1124_llama,
historical_figure,"William Cavendish-Bentinck, 3rd Duke of Portland",Portland,429,21392075,v4_olmo-mix-1124_llama,
historical_figure,Maria Carolina of Austria,Austria,2005,21942091,v4_olmo-mix-1124_llama,
historical_figure,Charlotte of Mecklenburg-Strelitz,Mecklenburg-Strelitz,11014,39694,v4_olmo-mix-1124_llama,
historical_figure,Valentin Adamberger,Adamberger,142,727,v4_olmo-mix-1124_llama,
historical_figure,Philippe Louis de Noailles,Noailles,18,82657,v4_olmo-mix-1124_llama,
historical_figure,Li Rui,Rui,22274,1621081,v4_olmo-mix-1124_llama,
historical_figure,William Samuel Johnson,Johnson,5141,79719860,v4_olmo-mix-1124_llama,
historical_figure,Alexandre Rodrigues Ferreira,Ferreira,586,1391637,v4_olmo-mix-1124_llama,
historical_figure,Tadeusz Kościuszko,Kościuszko,12054,43568,v4_olmo-mix-1124_llama,
historical_figure,Martha Washington,Washington,152094,188327068,v4_olmo-mix-1124_llama,
historical_figure,Robert Fulton,Fulton,87752,2817648,v4_olmo-mix-1124_llama,
historical_figure,Johann Nepomuk Fuchs,Fuchs,305,2046554,v4_olmo-mix-1124_llama,
historical_figure,Mustafa IV,IV,4679,61039776,v4_olmo-mix-1124_llama,
historical_figure,Gaspard Monge,Monge,15408,336114,v4_olmo-mix-1124_llama,
historical_figure,Franziska von Hohenheim,Hohenheim,200,185141,v4_olmo-mix-1124_llama,
historical_figure,Duke Louis of Württemberg,Württemberg,191,279689,v4_olmo-mix-1124_llama,
historical_figure,Friedrich Leopold zu Stolberg-Stolberg,Stolberg-Stolberg,89,1205,v4_olmo-mix-1124_llama,
historical_figure,Johann Friedrich August Tischbein,Tischbein,266,11410,v4_olmo-mix-1124_llama,
historical_figure,Prince August of Saxe-Gotha-Altenburg,Saxe-Gotha-Altenburg,163,7572,v4_olmo-mix-1124_llama,
historical_figure,"Louis Frederick II, Prince of Schwarzburg-Rudolstadt",Schwarzburg-Rudolstadt,13,6598,v4_olmo-mix-1124_llama,
historical_figure,Friedrich Adolf Riedesel,Riedesel,1145,34168,v4_olmo-mix-1124_llama,
historical_figure,Dietrich Heinrich Ludwig von Ompteda,Ompteda,25,2810,v4_olmo-mix-1124_llama,
historical_figure,Johann Christian Reil,Reil,3486,149100,v4_olmo-mix-1124_llama,
historical_figure,Joseph von Sonnenfels,Sonnenfels,1820,4802,v4_olmo-mix-1124_llama,
historical_figure,Johann Georg von Einsiedel,Einsiedel,0,20098,v4_olmo-mix-1124_llama,
historical_figure,Franz Wilhelm von Spiegel zum Desenberg-Canstein,Desenberg-Canstein,0,0,v4_olmo-mix-1124_llama,
historical_figure,Johann Stephan Pütter,Pütter,223,6843,v4_olmo-mix-1124_llama,
historical_figure,Alexander Radishchev,Radishchev,1873,12525,v4_olmo-mix-1124_llama,
historical_figure,Ptolemy IX Lathyros,Lathyros,1569,3951,v4_olmo-mix-1124_llama,
historical_figure,Ptolemy X Alexander I,I,1613,25834773818,v4_olmo-mix-1124_llama,
historical_figure,Cleopatra VI of Egypt,Egypt,167,129448417,v4_olmo-mix-1124_llama,
historical_figure,Cleopatra V or VI of Egypt,Egypt,0,129448417,v4_olmo-mix-1124_llama,
historical_figure,Mithridates VI of Pontus,Pontus,17408,656430,v4_olmo-mix-1124_llama,
historical_figure,Tigranes the Great,Great,17507,205548078,v4_olmo-mix-1124_llama,
historical_figure,Julia Minor,Minor,1015,18776335,v4_olmo-mix-1124_llama,
historical_figure,Asclepiades of Bithynia,Bithynia,1410,260760,v4_olmo-mix-1124_llama,
historical_figure,Antiochus IX Cyzicenus,Cyzicenus,1971,8688,v4_olmo-mix-1124_llama,
historical_figure,Antiochus XII Dionysus,Dionysus,424,1935640,v4_olmo-mix-1124_llama,
historical_figure,Antiochus VIII Grypus,Grypus,2293,10827,v4_olmo-mix-1124_llama,
historical_figure,Demetrius III Eucaerus,Eucaerus,958,2003,v4_olmo-mix-1124_llama,
historical_figure,Antipater the Idumaean,Idumaean,2949,18846,v4_olmo-mix-1124_llama,
historical_figure,Hyrcanus II,II,35040,191309107,v4_olmo-mix-1124_llama,
historical_figure,Apollodorus of Artemita,Artemita,1938,3742,v4_olmo-mix-1124_llama,
historical_figure,King Dongmyeong of Goguryeo,Goguryeo,258,316597,v4_olmo-mix-1124_llama,
historical_figure,Antiochus I Theos of Commagene,Commagene,1598,64664,v4_olmo-mix-1124_llama,
historical_figure,Li Guangli,Guangli,3804,20758,v4_olmo-mix-1124_llama,
historical_figure,Mithridates II of Commagene,Commagene,140,64664,v4_olmo-mix-1124_llama,
historical_figure,Theodosius of Bithynia,Bithynia,1542,260760,v4_olmo-mix-1124_llama,
historical_figure,Su Wu,Wu,9492,21462351,v4_olmo-mix-1124_llama,
historical_figure,Empress Wei Zifu,Zifu,796,34031,v4_olmo-mix-1124_llama,
historical_figure,Antiochus II of Commagene,Commagene,78,64664,v4_olmo-mix-1124_llama,
historical_figure,Jason of Cyrene,Cyrene,3237,687749,v4_olmo-mix-1124_llama,
historical_figure,Lucius Cornelius Scipio Asiaticus Aemilianus,Aemilianus,3,74114,v4_olmo-mix-1124_llama,
historical_figure,Lucius Cluentius,Cluentius,425,8611,v4_olmo-mix-1124_llama,
historical_figure,Jean Racine,Racine,26463,922201,v4_olmo-mix-1124_llama,
historical_figure,Jean-Baptiste Lully,Lully,30029,191461,v4_olmo-mix-1124_llama,
historical_figure,Francis van Bossuit,Bossuit,68,469,v4_olmo-mix-1124_llama,
historical_figure,Matsuo Bashō,Bashō,15100,81709,v4_olmo-mix-1124_llama,
historical_figure,Annibale Carracci,Carracci,23721,72399,v4_olmo-mix-1124_llama,
historical_figure,Chongzhen Emperor,Emperor,11434,36580053,v4_olmo-mix-1124_llama,
historical_figure,Manuel Dias,Dias,2513,4747299,v4_olmo-mix-1124_llama,
historical_figure,Jacob Adriaensz Backer,Backer,182,391665,v4_olmo-mix-1124_llama,
historical_figure,Joseph Bergaigne,Bergaigne,15,11861,v4_olmo-mix-1124_llama,
historical_figure,Daniele Crespi,Crespi,1007,165543,v4_olmo-mix-1124_llama,
historical_figure,Peter Dorohostajski,Dorohostajski,0,187,v4_olmo-mix-1124_llama,
historical_figure,Eleanor of Austria,Austria,2104,21942091,v4_olmo-mix-1124_llama,
historical_figure,Andreas Libavius,Libavius,3984,11105,v4_olmo-mix-1124_llama,
historical_figure,Muhyiddin of Brunei,Brunei,29,2213919,v4_olmo-mix-1124_llama,
historical_figure,Philip III of Spain,Spain,12425,74199271,v4_olmo-mix-1124_llama,
historical_figure,Don Juan of Persia,Persia,551,7238340,v4_olmo-mix-1124_llama,
historical_figure,Johann Grueber,Grueber,787,22227,v4_olmo-mix-1124_llama,
historical_figure,Matthias Alban,Alban,196,13683056,v4_olmo-mix-1124_llama,
historical_figure,Zhu Yujian,Yujian,1498,31028,v4_olmo-mix-1124_llama,
historical_figure,Charles IX of Sweden,Sweden,3971,35969966,v4_olmo-mix-1124_llama,
historical_figure,Władysław IV Vasa,Vasa,3763,446028,v4_olmo-mix-1124_llama,
historical_figure,Samuel von Pufendorf,Pufendorf,5292,65963,v4_olmo-mix-1124_llama,
historical_figure,Maria Anna of Bavaria,Bavaria,1530,3086364,v4_olmo-mix-1124_llama,
historical_figure,Hendrick Mommers,Mommers,238,5440,v4_olmo-mix-1124_llama,
historical_figure,Paulus Moreelse,Moreelse,661,2851,v4_olmo-mix-1124_llama,
historical_figure,Claes Corneliszoon Moeyaert,Moeyaert,141,2057,v4_olmo-mix-1124_llama,
historical_figure,David Fabricius,Fabricius,5375,216548,v4_olmo-mix-1124_llama,
historical_figure,"John George IV, Elector of Saxony",Saxony,109,1811524,v4_olmo-mix-1124_llama,
historical_figure,"Wolfgang William, Count Palatine of Neuburg",Neuburg,692,59444,v4_olmo-mix-1124_llama,
historical_figure,Heinrich Scheidemann,Scheidemann,1265,48626,v4_olmo-mix-1124_llama,
historical_figure,"Frederick III, Duke of Schleswig-Holstein-Gottorp",Schleswig-Holstein-Gottorp,45,1151,v4_olmo-mix-1124_llama,
historical_figure,"Eberhard III, Duke of Württemberg",Württemberg,131,279689,v4_olmo-mix-1124_llama,
historical_figure,Heinrich Bach,Bach,1368,28144708,v4_olmo-mix-1124_llama,
historical_figure,"Frederick Schomberg, 1st Duke of Schomberg",Schomberg,218,99316,v4_olmo-mix-1124_llama,
historical_figure,Maria Sofia of Neuburg,Neuburg,93,59444,v4_olmo-mix-1124_llama,
historical_figure,Johann von Aldringen,Aldringen,116,1279,v4_olmo-mix-1124_llama,
historical_figure,Prince Georg Friedrich of Waldeck,Waldeck,180,120177,v4_olmo-mix-1124_llama,
historical_figure,"John Frederick, Duke of Brunswick-Lüneburg",Brunswick-Lüneburg,113,36387,v4_olmo-mix-1124_llama,
historical_figure,"Edward, Count Palatine of Simmern",Simmern,98,7253,v4_olmo-mix-1124_llama,
historical_figure,"Philip Wolfgang, Count of Hanau-Lichtenberg",Hanau-Lichtenberg,0,1944,v4_olmo-mix-1124_llama,
historical_figure,"Frederick Casimir, Count of Hanau-Lichtenberg",Hanau-Lichtenberg,0,1944,v4_olmo-mix-1124_llama,
historical_figure,Friedrich von Alefeld,Alefeld,0,1770,v4_olmo-mix-1124_llama,
historical_figure,Karl von Lamberg,Lamberg,0,36634,v4_olmo-mix-1124_llama,
historical_figure,Heinrich Compenius l'ancien,l'ancien,0,32287,v4_olmo-mix-1124_llama,
historical_figure,Peter Oelhaf,Oelhaf,0,2009,v4_olmo-mix-1124_llama,
historical_figure,Anthon von Ditfurth,Ditfurth,0,13529,v4_olmo-mix-1124_llama,
historical_figure,Balthasar Crusius,Crusius,0,51002,v4_olmo-mix-1124_llama,
historical_figure,Gerhard von Dönhoff,Dönhoff,0,4589,v4_olmo-mix-1124_llama,
historical_figure,Constantine L'Empereur van Oppyck,Oppyck,0,42,v4_olmo-mix-1124_llama,
historical_figure,Katharina Sommermeyer,Sommermeyer,0,4158,v4_olmo-mix-1124_llama,
historical_figure,Johannes Ardüser,Ardüser,0,41,v4_olmo-mix-1124_llama,
historical_figure,Heinrich Zobel,Zobel,0,176743,v4_olmo-mix-1124_llama,
historical_figure,Zdeněk Vojtěch Popel von Lobkowitz,Lobkowitz,0,22743,v4_olmo-mix-1124_llama,
historical_figure,Zuzana Vojířová von Vacovice,Vacovice,0,1,v4_olmo-mix-1124_llama,
historical_figure,"Charles I of Lorraine, duke of Elbeuf",Elbeuf,0,7427,v4_olmo-mix-1124_llama,
historical_figure,Aaron Simeon Spira-Wedeles,Spira-Wedeles,0,108,v4_olmo-mix-1124_llama,
historical_figure,Adam Bartholomäus,Bartholomäus,0,13906,v4_olmo-mix-1124_llama,
historical_figure,Adam von Lebenwaldt,Lebenwaldt,0,53,v4_olmo-mix-1124_llama,
historical_figure,Adolf Rodde,Rodde,0,41698,v4_olmo-mix-1124_llama,
historical_figure,Adolf Vorster,Vorster,0,125990,v4_olmo-mix-1124_llama,
historical_figure,Adolph Gottfried Volusius,Volusius,0,7159,v4_olmo-mix-1124_llama,
historical_figure,Ritter Adriaen Pauw,Pauw,0,249081,v4_olmo-mix-1124_llama,
historical_figure,Adriaen Waterloos,Waterloos,0,5978,v4_olmo-mix-1124_llama,
historical_figure,Adrian Siemerding,Siemerding,0,0,v4_olmo-mix-1124_llama,
historical_figure,Amalia von Degenfeld,Degenfeld,0,3622,v4_olmo-mix-1124_llama,
historical_figure,Márton Adami,Adami,0,252815,v4_olmo-mix-1124_llama,
historical_figure,Andreas Daniel von Raunach,Raunach,0,97,v4_olmo-mix-1124_llama,
historical_figure,Josua Ultzheimer,Ultzheimer,0,19,v4_olmo-mix-1124_llama,
historical_figure,Andreas Kritzelmann,Kritzelmann,0,0,v4_olmo-mix-1124_llama,
historical_figure,Andreas Thamasch,Thamasch,0,0,v4_olmo-mix-1124_llama,
historical_figure,Andreas Troyer,Troyer,0,255047,v4_olmo-mix-1124_llama,
historical_figure,Andreas von Kochtizky,Kochtizky,0,1,v4_olmo-mix-1124_llama,
historical_figure,Anna Maßmeyer,Maßmeyer,0,1,v4_olmo-mix-1124_llama,
historical_figure,Annibale Francesco Gonzaga,Gonzaga,0,1025090,v4_olmo-mix-1124_llama,
historical_figure,József Alauda,Alauda,0,19036,v4_olmo-mix-1124_llama,
historical_figure,Anton Witersheim,Witersheim,0,52,v4_olmo-mix-1124_llama,
historical_figure,Anton Berin,Berin,0,141070,v4_olmo-mix-1124_llama,
historical_figure,Sigismundus Guldenstern,Guldenstern,0,741,v4_olmo-mix-1124_llama,
historical_figure,Ali Çengizade,Çengizade,0,0,v4_olmo-mix-1124_llama,
historical_figure,Bonifacius Colyn,Colyn,0,21718,v4_olmo-mix-1124_llama,
historical_figure,Satyros I of Bosporus,Bosporus,0,363440,v4_olmo-mix-1124_llama,
historical_figure,Edward Shirkovskogo,Shirkovskogo,0,0,v4_olmo-mix-1124_llama,
historical_figure,"Jobst Nicholas I, Count of Hohenzollern",Hohenzollern,0,339874,v4_olmo-mix-1124_llama,
historical_figure,Christoph the Starke,Starke,0,261362,v4_olmo-mix-1124_llama,
historical_figure,Judoc II of Rožmberk,Rožmberk,0,6390,v4_olmo-mix-1124_llama,
historical_figure,Abraham ben Shem Tov Bibago,Bibago,0,446,v4_olmo-mix-1124_llama,
historical_figure,Adolf of Nassau-Wiesbaden-Idstein,Nassau-Wiesbaden-Idstein,0,232,v4_olmo-mix-1124_llama,
historical_figure,"Yusuf V, Sultan of Granada",Granada,0,2531491,v4_olmo-mix-1124_llama,
historical_figure,"Isabella of Braganza, Lady of Reguengos de Monsaraz",Monsaraz,0,10265,v4_olmo-mix-1124_llama,
historical_figure,"Catherine of Valois, Countess of Charolais",Charolais,0,136923,v4_olmo-mix-1124_llama,
historical_figure,Odon de Thoire,Thoire,0,468,v4_olmo-mix-1124_llama,
historical_figure,Heinrich IV. von Rosenberg,Rosenberg,0,4841721,v4_olmo-mix-1124_llama,
historical_figure,Arnold Stoltevoet,Stoltevoet,0,0,v4_olmo-mix-1124_llama,
historical_figure,Jacques Ier de Chabannes de La Palice,Palice,0,9474,v4_olmo-mix-1124_llama,
historical_figure,Bernhard Darsow,Darsow,0,25236,v4_olmo-mix-1124_llama,
historical_figure,Margit Báthori,Báthori,0,1929,v4_olmo-mix-1124_llama,
historical_figure,Joan de Prades,Prades,0,55690,v4_olmo-mix-1124_llama,
historical_figure,Christoph von Trautmannsdorf,Trautmannsdorf,0,1159,v4_olmo-mix-1124_llama,
historical_figure,Friedrich IV. Truchsess von Emmerberg,Emmerberg,0,20,v4_olmo-mix-1124_llama,
historical_figure,Johannes Tiergart,Tiergart,0,1081,v4_olmo-mix-1124_llama,
historical_figure,Margaret of Brzeg,Brzeg,0,8966,v4_olmo-mix-1124_llama,
historical_figure,Johannes Schlitpacher,Schlitpacher,0,0,v4_olmo-mix-1124_llama,
historical_figure,Johannes III. von Asel,Asel,0,94799,v4_olmo-mix-1124_llama,
historical_figure,Friedrich von Raussendorf,Raussendorf,0,5499,v4_olmo-mix-1124_llama,
historical_figure,Johannes II. von Schlamstorf,Schlamstorf,0,0,v4_olmo-mix-1124_llama,
historical_figure,Wawrzyniec z Raciborza,Raciborza,0,57,v4_olmo-mix-1124_llama,
historical_figure,Gerhard II. von Goch,Goch,0,295700,v4_olmo-mix-1124_llama,
historical_figure,Peter Schott der Jüngere,Jüngere,0,3226,v4_olmo-mix-1124_llama,
historical_figure,Hans Bernhard von Gilgenberg,Gilgenberg,0,481,v4_olmo-mix-1124_llama,
historical_figure,Hans von Waldenfels,Waldenfels,0,9104,v4_olmo-mix-1124_llama,
historical_figure,Ruprecht von Pfalz-Simmern,Pfalz-Simmern,0,389,v4_olmo-mix-1124_llama,
historical_figure,Heinrich von Alinghoven,Alinghoven,0,0,v4_olmo-mix-1124_llama,
historical_figure,Heinrich von Lazan,Lazan,0,13054,v4_olmo-mix-1124_llama,
historical_figure,Hendrik IV van Montfoort,Montfoort,0,4948,v4_olmo-mix-1124_llama,
historical_figure,Hinrich Lipperade der Jüngere,Jüngere,0,3226,v4_olmo-mix-1124_llama,
historical_figure,Johannes Naso,Naso,0,174219,v4_olmo-mix-1124_llama,
historical_figure,Johannes Venningen,Venningen,0,2564,v4_olmo-mix-1124_llama,
historical_figure,Jakob von Soest,Soest,0,101800,v4_olmo-mix-1124_llama,
historical_figure,Jean IV. de Melun,Melun,0,54348,v4_olmo-mix-1124_llama,
historical_figure,Johann I. von Hohnstein,Hohnstein,0,6600,v4_olmo-mix-1124_llama,
historical_figure,Johannes de Pustimir,Pustimir,0,0,v4_olmo-mix-1124_llama,
historical_figure,Johannes von Dinkelsbühl,Dinkelsbühl,0,8833,v4_olmo-mix-1124_llama,
historical_figure,"Maurice IV, Count of Oldenburg",Oldenburg,0,561551,v4_olmo-mix-1124_llama,
historical_figure,Hendrik II van Borselen,Borselen,0,3684,v4_olmo-mix-1124_llama,
historical_figure,Johan V Hoen de Cartils,Cartils,0,380,v4_olmo-mix-1124_llama,
historical_figure,Johanna II van Chalon-Tonnerre,Chalon-Tonnerre,0,0,v4_olmo-mix-1124_llama,
historical_figure,Margaretha Ursula von Masmünster,Masmünster,0,7,v4_olmo-mix-1124_llama,
historical_figure,Matthias von Liegnitz,Liegnitz,0,26008,v4_olmo-mix-1124_llama,
historical_figure,Nikolaus von Oldenburg-Delmenhorst,Oldenburg-Delmenhorst,0,73,v4_olmo-mix-1124_llama,
historical_figure,Henry IV of Nassau-Beilstein,Nassau-Beilstein,0,290,v4_olmo-mix-1124_llama,
historical_figure,Peter II. Pinzenauer,Pinzenauer,0,1,v4_olmo-mix-1124_llama,
historical_figure,Peter III of Rožmberk,Rožmberk,0,6390,v4_olmo-mix-1124_llama,
historical_figure,Peter von Grünstadt,Grünstadt,0,1228,v4_olmo-mix-1124_llama,
historical_figure,Petrus Seehausen,Seehausen,0,24959,v4_olmo-mix-1124_llama,
historical_figure,Joris van Brederode,Brederode,0,18094,v4_olmo-mix-1124_llama,
historical_figure,Mathilde van Savoye,Savoye,0,57127,v4_olmo-mix-1124_llama,
historical_figure,Hendrik I van Wittem,Wittem,0,5099,v4_olmo-mix-1124_llama,
historical_figure,Rutger III Kettler zu Assen,Assen,0,294518,v4_olmo-mix-1124_llama,
historical_figure,Dirk van Hodenpyl,Hodenpyl,0,774,v4_olmo-mix-1124_llama,
historical_figure,Dirk van der Merwede,Merwede,0,15199,v4_olmo-mix-1124_llama,
historical_figure,Conrad I Munking Kettler,Kettler,0,108670,v4_olmo-mix-1124_llama,
historical_figure,Sigmund of Pernstein,Pernstein,0,1120,v4_olmo-mix-1124_llama,
historical_figure,Simon von Speyer,Speyer,0,386193,v4_olmo-mix-1124_llama,
historical_figure,"Edward, Lord of Hoogwoud",Hoogwoud,0,750,v4_olmo-mix-1124_llama,
historical_figure,Johan VI Hoen de Cartils,Cartils,0,380,v4_olmo-mix-1124_llama,
historical_figure,Willem II van den Bergh,Bergh,0,591649,v4_olmo-mix-1124_llama,
historical_figure,Johanna of Nassau-Dillenburg,Nassau-Dillenburg,0,4215,v4_olmo-mix-1124_llama,
historical_figure,Johann V. von Hatzfeld,Hatzfeld,0,27906,v4_olmo-mix-1124_llama,
historical_figure,Alix de Parroye,Parroye,0,20,v4_olmo-mix-1124_llama,
historical_figure,Herman III Hoen,Hoen,0,193079,v4_olmo-mix-1124_llama,
historical_figure,Siemowit VI of Masovia,Masovia,0,31397,v4_olmo-mix-1124_llama,
historical_figure,Charles d'Allonville,d'Allonville,0,461,v4_olmo-mix-1124_llama,
historical_figure,Francesc V Ordelaffi,Ordelaffi,0,5597,v4_olmo-mix-1124_llama,
historical_figure,Francisco Rovira y Escuder,Escuder,0,3324,v4_olmo-mix-1124_llama,
historical_figure,Guillaume d'Estouteville Ier,Ier,0,342007,v4_olmo-mix-1124_llama,
historical_figure,Guy III de Pontailler,Pontailler,0,640,v4_olmo-mix-1124_llama,
historical_figure,Jacques II de Bourbon-Preaux,Bourbon-Preaux,0,1,v4_olmo-mix-1124_llama,
historical_figure,Louis Beauvau,Beauvau,0,7589,v4_olmo-mix-1124_llama,
historical_figure,Luis Gonçalves de Amaral,Amaral,0,692057,v4_olmo-mix-1124_llama,
historical_figure,Pierre Blavi,Blavi,0,3993,v4_olmo-mix-1124_llama,
historical_figure,Filippo Agazzari,Agazzari,0,2189,v4_olmo-mix-1124_llama,
historical_figure,Giacomo Iacopo Bracelli,Bracelli,0,1306,v4_olmo-mix-1124_llama,
historical_figure,Giovanni Raimondo Folch I de Cardona,Cardona,0,473009,v4_olmo-mix-1124_llama,
historical_figure,Hugo Folch de Cardona,Cardona,0,473009,v4_olmo-mix-1124_llama,
historical_figure,Jean de Hesdin,Hesdin,0,11225,v4_olmo-mix-1124_llama,
historical_figure,Fedor Olgovich of Ryazan,Ryazan,0,139642,v4_olmo-mix-1124_llama,
historical_figure,Diego Rapado,Rapado,0,3079,v4_olmo-mix-1124_llama,
historical_figure,"William I, Marquess of Montferrat",Montferrat,0,78442,v4_olmo-mix-1124_llama,
historical_figure,Arnaud of Comminges,Comminges,0,17607,v4_olmo-mix-1124_llama,
historical_figure,Théodore Daphnopatès,Daphnopatès,0,2,v4_olmo-mix-1124_llama,
historical_figure,Lothar II. von Stade,Stade,0,480131,v4_olmo-mix-1124_llama,
historical_figure,Lothar I. von Walbeck,Walbeck,0,10551,v4_olmo-mix-1124_llama,
historical_figure,Hamza al-Isbahani,al-Isbahani,0,1656,v4_olmo-mix-1124_llama,
historical_figure,queen Janghwa,Janghwa,0,4177,v4_olmo-mix-1124_llama,
historical_figure,Liu Shenqiong,Shenqiong,0,61,v4_olmo-mix-1124_llama,
historical_figure,Abu-l-Hàssan al-Buixanjí,al-Buixanjí,0,0,v4_olmo-mix-1124_llama,
historical_figure,Abu-Bakr al-Bazzar,al-Bazzar,0,6413,v4_olmo-mix-1124_llama,
historical_figure,Abu Bakar az-Zabidi,az-Zabidi,0,680,v4_olmo-mix-1124_llama,
historical_figure,Абу Бакр Ибн аль-Мукри,аль-Мукри,0,0,v4_olmo-mix-1124_llama,
historical_figure,Abdul Aziz ibn Harith ibn Asad Yemeni Tamimi,Tamimi,0,227300,v4_olmo-mix-1124_llama,
historical_figure,Juan de Toledo (arzobispo),(arzobispo),0,1,v4_olmo-mix-1124_llama,
historical_figure,Alfon the Battler,Battler,0,310140,v4_olmo-mix-1124_llama,
historical_figure,Otto van Cappenberg,Cappenberg,0,1451,v4_olmo-mix-1124_llama,
historical_figure,Herman van Stahleck,Stahleck,0,4990,v4_olmo-mix-1124_llama,
historical_figure,"Thierry of Lorraine, Count of Flanders",Flanders,0,3839374,v4_olmo-mix-1124_llama,
historical_figure,David von Himmerod,Himmerod,0,1344,v4_olmo-mix-1124_llama,
historical_figure,Eberhard der Schwabe,Schwabe,0,153219,v4_olmo-mix-1124_llama,
historical_figure,"Oldřich, Prince of Brno",Brno,0,631632,v4_olmo-mix-1124_llama,
historical_figure,Albrecht I. von Meißen,Meißen,0,9519,v4_olmo-mix-1124_llama,
historical_figure,Gottfried von Bures,Bures,0,797881,v4_olmo-mix-1124_llama,
historical_figure,Guy IV de Limoges,Limoges,0,315618,v4_olmo-mix-1124_llama,
historical_figure,"Henry I, Count of Oldenburg",Oldenburg,0,561551,v4_olmo-mix-1124_llama,
historical_figure,Heinrich I. von Freising,Freising,0,74163,v4_olmo-mix-1124_llama,
historical_figure,Heinrich I. von Minden,Minden,0,286851,v4_olmo-mix-1124_llama,
historical_figure,Henri Raspe II,II,0,191309107,v4_olmo-mix-1124_llama,
historical_figure,Walter von St. Abraham,Abraham,0,32045318,v4_olmo-mix-1124_llama,
historical_figure,"Hugo II, Embriaco",Embriaco,0,3481,v4_olmo-mix-1124_llama,
historical_figure,Norbert of Iburg,Iburg,0,6648,v4_olmo-mix-1124_llama,
historical_figure,Mathias II de Bretagne,Bretagne,0,298191,v4_olmo-mix-1124_llama,
historical_figure,Theobald of Dampierre,Dampierre,0,30929,v4_olmo-mix-1124_llama,
historical_figure,Sigfrid I de Lebenau,Lebenau,0,102,v4_olmo-mix-1124_llama,
historical_figure,Walter van Terwaan,Terwaan,0,338,v4_olmo-mix-1124_llama,
historical_figure,Hugo I van Dammartin,Dammartin,0,17926,v4_olmo-mix-1124_llama,
historical_figure,"Wilhelm II, Embriaco",Embriaco,0,3481,v4_olmo-mix-1124_llama,
historical_figure,André de Marchiennes,Marchiennes,0,5861,v4_olmo-mix-1124_llama,
historical_figure,Caïd Richard,Richard,0,101539946,v4_olmo-mix-1124_llama,
historical_figure,Egidio di Anagni,Anagni,0,34666,v4_olmo-mix-1124_llama,
historical_figure,"Bertha, duchess of Lorraine",Lorraine,0,3516544,v4_olmo-mix-1124_llama,
historical_figure,Margaret of Limbourg,Limbourg,0,31666,v4_olmo-mix-1124_llama,
historical_figure,Marie Comnène,Comnène,0,950,v4_olmo-mix-1124_llama,
historical_figure,Pietro Gherardesca,Gherardesca,0,11197,v4_olmo-mix-1124_llama,
historical_figure,Ulrich de Wurtemberg,Wurtemberg,0,23099,v4_olmo-mix-1124_llama,
historical_figure,Étienne de Châlons,Châlons,0,47469,v4_olmo-mix-1124_llama,
historical_figure,Lorenzo da Frazzanò,Frazzanò,0,354,v4_olmo-mix-1124_llama,
historical_figure,Nikolaj di Černigov,Černigov,0,118,v4_olmo-mix-1124_llama,
historical_figure,Riccardo di Raviscanina,Raviscanina,0,182,v4_olmo-mix-1124_llama,
historical_figure,Sulaimon Boqirghonii,Boqirghonii,0,0,v4_olmo-mix-1124_llama,
historical_figure,Włodzimierz II Glebowicz,Glebowicz,0,21,v4_olmo-mix-1124_llama,
historical_figure,Jurij I. Jaroslavič,Jaroslavič,0,370,v4_olmo-mix-1124_llama,
historical_figure,Þorgils Oddson,Oddson,0,5366,v4_olmo-mix-1124_llama,
historical_figure,Kujō Yoshimichi,Yoshimichi,0,9212,v4_olmo-mix-1124_llama,
historical_figure,Gonzalo Froilaz de Traba,Traba,0,16428,v4_olmo-mix-1124_llama,
historical_figure,"William Fitz Allan, Lord of Oswestry",Oswestry,0,113658,v4_olmo-mix-1124_llama,
historical_figure,Sancho Nuñez de Celanova,Celanova,0,3226,v4_olmo-mix-1124_llama,
historical_figure,Anshu Diji,Diji,0,21680,v4_olmo-mix-1124_llama,
historical_figure,Chongde Diji,Diji,0,21680,v4_olmo-mix-1124_llama,
historical_figure,Dunru Zhu,Zhu,0,8293162,v4_olmo-mix-1124_llama,
historical_figure,李石 (宋朝),(宋朝),0,498,v4_olmo-mix-1124_llama,
historical_figure,"Миура, Ёсиаки",Ёсиаки,0,0,v4_olmo-mix-1124_llama,
historical_figure,Guillem de Peñacorada,Peñacorada,0,109,v4_olmo-mix-1124_llama,
historical_figure,Hasan ibn Rustam,Rustam,0,281064,v4_olmo-mix-1124_llama,
historical_figure,Ramon I de Montcada i de Montcada,Montcada,0,13692,v4_olmo-mix-1124_llama,
historical_figure,Bertrand Lapurdikoa,Lapurdikoa,0,0,v4_olmo-mix-1124_llama,
historical_figure,Marcin Turowski,Turowski,0,12276,v4_olmo-mix-1124_llama,
historical_figure,Abū Bakr al-Darbandī,al-Darbandī,0,0,v4_olmo-mix-1124_llama,
historical_figure,Bermudo Perez de Traba,Traba,0,16428,v4_olmo-mix-1124_llama,
historical_figure,Weng Yanshen,Yanshen,0,1967,v4_olmo-mix-1124_llama,
historical_figure,Adam III of Bethsan,Bethsan,0,3835,v4_olmo-mix-1124_llama,
historical_figure,Eberhard von Fürstenberg,Fürstenberg,0,38465,v4_olmo-mix-1124_llama,
historical_figure,Giovanni da Tufara,Tufara,0,401,v4_olmo-mix-1124_llama,
historical_figure,Konrad von Walbeck,Walbeck,0,10551,v4_olmo-mix-1124_llama,
historical_figure,Alan I de la Zouche,Zouche,0,28613,v4_olmo-mix-1124_llama,
historical_figure,Hartwig von Lierheim,Lierheim,0,17,v4_olmo-mix-1124_llama,
historical_figure,Giovanna da Bagno di Romagna,Romagna,0,337939,v4_olmo-mix-1124_llama,
historical_figure,Adémar IV de Limoges,Limoges,0,315618,v4_olmo-mix-1124_llama,
historical_figure,Mary Díaz de Vívar,Vívar,0,12,v4_olmo-mix-1124_llama,
historical_figure,Ibn al-Fahham,al-Fahham,0,769,v4_olmo-mix-1124_llama,
historical_figure,Bernard Prettwicz,Prettwicz,0,0,v4_olmo-mix-1124_llama,
historical_figure,"Philip III, Count of Hanau-Lichtenberg",Hanau-Lichtenberg,0,1944,v4_olmo-mix-1124_llama,
historical_figure,William of Roggendorf,Roggendorf,0,7199,v4_olmo-mix-1124_llama,
historical_figure,Kaspar von Logau,Logau,0,1819,v4_olmo-mix-1124_llama,
historical_figure,Sebastian Ochsenkhun,Ochsenkhun,0,1,v4_olmo-mix-1124_llama,
historical_figure,Aikaterini Cornaro,Cornaro,0,55235,v4_olmo-mix-1124_llama,
historical_figure,Nils Månsson Grabbe,Grabbe,0,60995,v4_olmo-mix-1124_llama,
historical_figure,Adam Grevenstein,Grevenstein,0,774,v4_olmo-mix-1124_llama,
historical_figure,Aimar de Maugiron,Maugiron,0,1195,v4_olmo-mix-1124_llama,
historical_figure,Andreas II. Sonntag,Sonntag,0,282777,v4_olmo-mix-1124_llama,
historical_figure,Takayuki Kōda,Kōda,0,8304,v4_olmo-mix-1124_llama,
historical_figure,Anna of Brandenburg-Ansbach-Kulmbach,Brandenburg-Ansbach-Kulmbach,0,200,v4_olmo-mix-1124_llama,
historical_figure,Antonio Guevara Noroña,Noroña,0,2774,v4_olmo-mix-1124_llama,
historical_figure,Anton II. Zurlauben,Zurlauben,0,1315,v4_olmo-mix-1124_llama,
historical_figure,Matthias Thoraconymus,Thoraconymus,0,0,v4_olmo-mix-1124_llama,
historical_figure,Semeon Olshanski,Olshanski,0,12494,v4_olmo-mix-1124_llama,
historical_figure,Bartholomäus Wagner,Wagner,0,10819549,v4_olmo-mix-1124_llama,
historical_figure,Behrend von Maltzan,Maltzan,0,11469,v4_olmo-mix-1124_llama,
historical_figure,Giovanna Felicita Feltria della Rovere,Rovere,0,138890,v4_olmo-mix-1124_llama,
historical_figure,Johann Schauenburg,Schauenburg,0,10373,v4_olmo-mix-1124_llama,
historical_figure,Heinrich Brömse,Brömse,0,4266,v4_olmo-mix-1124_llama,
historical_figure,Wolfgang Polheim,Polheim,0,2974,v4_olmo-mix-1124_llama,
historical_figure,Hans IX. von Gültlingen,Gültlingen,0,128,v4_olmo-mix-1124_llama,
historical_figure,Johannes Schodehoet,Schodehoet,0,6,v4_olmo-mix-1124_llama,
historical_figure,Hermann Vischer der Jüngere,Jüngere,0,3226,v4_olmo-mix-1124_llama,
historical_figure,Thomas von Přelouč,Přelouč,0,743,v4_olmo-mix-1124_llama,
historical_figure,Arnold de Vitinghove,Vitinghove,0,0,v4_olmo-mix-1124_llama,
historical_figure,Jean III. de Melun,Melun,0,54348,v4_olmo-mix-1124_llama,
historical_figure,Heinrich Berka von Dubá,Dubá,0,1970,v4_olmo-mix-1124_llama,
historical_figure,Ibn al-Bannaʾ al-Marrakushi,al-Marrakushi,0,2846,v4_olmo-mix-1124_llama,
historical_figure,"John of Lusignan, Regent of Armenia",Armenia,0,7446513,v4_olmo-mix-1124_llama,
historical_figure,Arnold von Protzan,Protzan,0,12,v4_olmo-mix-1124_llama,
historical_figure,Jaume Pere d'Aragó i Nicolau,Nicolau,0,104408,v4_olmo-mix-1124_llama,
historical_figure,Bernhard Oldenborch,Oldenborch,0,63,v4_olmo-mix-1124_llama,
historical_figure,"John III, Count of Harcourt",Harcourt,0,1626969,v4_olmo-mix-1124_llama,
historical_figure,"Marie of Lusignan, Queen of Armenia",Armenia,0,7446513,v4_olmo-mix-1124_llama,
historical_figure,Johann I. von Plettenberg,Plettenberg,0,39017,v4_olmo-mix-1124_llama,
historical_figure,Eberhard I. von der Marck-Arenberg,Marck-Arenberg,0,49,v4_olmo-mix-1124_llama,
historical_figure,Eberhard III. von Breuberg,Breuberg,0,1089,v4_olmo-mix-1124_llama,
historical_figure,Eberhard von Neisse,Neisse,0,46526,v4_olmo-mix-1124_llama,
historical_figure,Johann II. von Zesterfleth,Zesterfleth,0,50,v4_olmo-mix-1124_llama,
historical_figure,Walter III. von Geroldseck,Geroldseck,0,1400,v4_olmo-mix-1124_llama,
historical_figure,Johann I. of Sarrebruck-Commercy,Sarrebruck-Commercy,0,1,v4_olmo-mix-1124_llama,
historical_figure,"Tello de Castilla, Lord of Aguilar de Campoo",Campoo,0,3771,v4_olmo-mix-1124_llama,
historical_figure,Orlando di Medici,Medici,0,2197611,v4_olmo-mix-1124_llama,
historical_figure,Friedrich II. von Hoym,Hoym,0,5457,v4_olmo-mix-1124_llama,
historical_figure,Friedrich II. von Truhendingen,Truhendingen,0,58,v4_olmo-mix-1124_llama,
historical_figure,Friedrich Ritzendorfer,Ritzendorfer,0,0,v4_olmo-mix-1124_llama,
historical_figure,Friedrich der Kleine,Kleine,0,343174,v4_olmo-mix-1124_llama,
historical_figure,Friedrich von Kreisbach,Kreisbach,0,136,v4_olmo-mix-1124_llama,
historical_figure,Friedrich von Regensburg,Regensburg,0,459349,v4_olmo-mix-1124_llama,
historical_figure,Goswin von Marienberg,Marienberg,0,19502,v4_olmo-mix-1124_llama,
historical_figure,Gerhard von Oßweiler,Oßweiler,0,0,v4_olmo-mix-1124_llama,
historical_figure,Gerhard III. von Hoya,Hoya,0,720684,v4_olmo-mix-1124_llama,
historical_figure,Gerhard II. von Eppstein,Eppstein,0,89306,v4_olmo-mix-1124_llama,
historical_figure,Johann II. Hut,Hut,0,7822069,v4_olmo-mix-1124_llama,
historical_figure,Johann I. von Isenburg,Isenburg,0,20197,v4_olmo-mix-1124_llama,
historical_figure,Heinrich von Zipplingen,Zipplingen,0,67,v4_olmo-mix-1124_llama,
historical_figure,Hermann I. von Hessen,Hessen,0,332272,v4_olmo-mix-1124_llama,
historical_figure,"John III, Count of Oldenburg",Oldenburg,0,561551,v4_olmo-mix-1124_llama,
historical_figure,Johann III. von Bubenberg,Bubenberg,0,1686,v4_olmo-mix-1124_llama,
historical_figure,Johann Ribi von Lenzburg,Lenzburg,0,12121,v4_olmo-mix-1124_llama,
historical_figure,Johann Strote,Strote,0,2946,v4_olmo-mix-1124_llama,
historical_figure,Johannes Ministri,Ministri,0,7125,v4_olmo-mix-1124_llama,
historical_figure,Johannes VI. von Waldstein,Waldstein,0,70841,v4_olmo-mix-1124_llama,
historical_figure,Johannes von Klenedenst,Klenedenst,0,0,v4_olmo-mix-1124_llama,
historical_figure,Nikolaus Vischel,Vischel,0,153,v4_olmo-mix-1124_llama,
historical_figure,Leopold II. von Egloffstein,Egloffstein,0,2317,v4_olmo-mix-1124_llama,
historical_figure,Jan van Wyvliet,Wyvliet,0,0,v4_olmo-mix-1124_llama,
historical_figure,Nikolaus Hemeling,Hemeling,0,1553,v4_olmo-mix-1124_llama,
historical_figure,Johan IV van Brandenburg,Brandenburg,0,1748643,v4_olmo-mix-1124_llama,
historical_figure,Conrad IV Kettler,Kettler,0,108670,v4_olmo-mix-1124_llama,
historical_figure,Willem II van Boxtel,Boxtel,0,37477,v4_olmo-mix-1124_llama,
historical_figure,Willem I de Cock van Weerdenburg,Weerdenburg,0,2382,v4_olmo-mix-1124_llama,
historical_figure,Peter Kröll von Reichenhall,Reichenhall,0,12575,v4_olmo-mix-1124_llama,
historical_figure,Herman van Loon II,II,0,191309107,v4_olmo-mix-1124_llama,
historical_figure,Reinier of Schönau,Schönau,0,14824,v4_olmo-mix-1124_llama,
historical_figure,"Sohier II, Count of Enghien",Enghien,0,32924,v4_olmo-mix-1124_llama,
historical_figure,Gijsbert IV van Bronckhorst,Bronckhorst,0,32157,v4_olmo-mix-1124_llama,
historical_figure,Hendrik van Cuijk,Cuijk,0,6346,v4_olmo-mix-1124_llama,
historical_figure,Ulrich von Schlüsselberg,Schlüsselberg,0,290,v4_olmo-mix-1124_llama,
historical_figure,Ulrich von Weißeneck,Weißeneck,0,12,v4_olmo-mix-1124_llama,
historical_figure,"Isabella, Countess of Neufchâtel",Neufchâtel,0,21331,v4_olmo-mix-1124_llama,
historical_figure,Louis of Velthem,Velthem,0,968,v4_olmo-mix-1124_llama,
historical_figure,Wilhelm von Chalon-Auxerre,Chalon-Auxerre,0,37,v4_olmo-mix-1124_llama,
historical_figure,Petronella of Thouars,Thouars,0,24313,v4_olmo-mix-1124_llama,
historical_figure,Alain VI de Rohan,Rohan,0,2151987,v4_olmo-mix-1124_llama,
historical_figure,Andrea da Segni,Segni,0,47507,v4_olmo-mix-1124_llama,
historical_figure,Arnaud de La Vie de Villemur,Villemur,0,2971,v4_olmo-mix-1124_llama,
historical_figure,Guillaume Teste,Teste,0,81555,v4_olmo-mix-1124_llama,
historical_figure,Guillaume de Lestranges,Lestranges,0,28278,v4_olmo-mix-1124_llama,
historical_figure,Guillaume de la Garde,Garde,0,1049232,v4_olmo-mix-1124_llama,
historical_figure,Hugues III of Bar,Bar,0,258492248,v4_olmo-mix-1124_llama,
historical_figure,Jean d'Anguerant,d'Anguerant,0,0,v4_olmo-mix-1124_llama,
historical_figure,Jean de Comines,Comines,0,16904,v4_olmo-mix-1124_llama,
historical_figure,Marie de Mortagne,Mortagne,0,17369,v4_olmo-mix-1124_llama,
historical_figure,Niccolò Caracciolo Moschino,Moschino,0,90243,v4_olmo-mix-1124_llama,
historical_figure,Philipp von Ibelin,Ibelin,0,39891,v4_olmo-mix-1124_llama,
historical_figure,Pierre d'Aigrefeuille,d'Aigrefeuille,0,399,v4_olmo-mix-1124_llama,
historical_figure,Pierre de Cuignières,Cuignières,0,0,v4_olmo-mix-1124_llama,
historical_figure,Sinucello Della Rocca,Rocca,0,490822,v4_olmo-mix-1124_llama,
historical_figure,Anna Dovara,Dovara,0,462,v4_olmo-mix-1124_llama,
historical_figure,Filippo da Casaloldo,Casaloldo,0,134,v4_olmo-mix-1124_llama,
historical_figure,Giovanna Novella Malaspina,Malaspina,0,117911,v4_olmo-mix-1124_llama,
historical_figure,Jacopo I Appiano,Appiano,0,10523,v4_olmo-mix-1124_llama,
historical_figure,Marco I Visconti,Visconti,0,725569,v4_olmo-mix-1124_llama,
historical_figure,Marina di Spoleto,Spoleto,0,186470,v4_olmo-mix-1124_llama,
historical_figure,Juan de Castromocho,Castromocho,0,48,v4_olmo-mix-1124_llama,
historical_figure,Miklós Vásári,Vásári,0,101,v4_olmo-mix-1124_llama,
historical_figure,Gonzalo Diego Palomeque,Palomeque,0,7161,v4_olmo-mix-1124_llama,
historical_figure,Juan Alfonso de Castilla,Castilla,0,459303,v4_olmo-mix-1124_llama,
historical_figure,Wojciech Kaunitz,Kaunitz,0,41908,v4_olmo-mix-1124_llama,
historical_figure,Margarida Ebner,Ebner,0,187929,v4_olmo-mix-1124_llama,
historical_figure,Trung Ngạn Nguyễn,Nguyễn,0,352772,v4_olmo-mix-1124_llama,
historical_figure,"Сатакэ, Садаёси",Садаёси,0,0,v4_olmo-mix-1124_llama,
historical_figure,Empress Dowager Yōroku,Yōroku,0,61,v4_olmo-mix-1124_llama,
historical_figure,"Мидзуно, Ёсихару",Ёсихару,0,4,v4_olmo-mix-1124_llama,
historical_figure,Andreas von Wislica,Wislica,0,4211,v4_olmo-mix-1124_llama,
historical_figure,Jarosław z Płonkowa,Płonkowa,0,0,v4_olmo-mix-1124_llama,
historical_figure,Otto III. von Bentheim,Bentheim,0,18052,v4_olmo-mix-1124_llama,
historical_figure,Duan Fuchu,Fuchu,0,27340,v4_olmo-mix-1124_llama,
historical_figure,Henri de Redinghen,Redinghen,0,0,v4_olmo-mix-1124_llama,
historical_figure,Zbigniew ze Szczyrzyca,Szczyrzyca,0,23,v4_olmo-mix-1124_llama,
historical_figure,Gerlach von Erbach,Erbach,0,35038,v4_olmo-mix-1124_llama,
historical_figure,"John Sudeley, 1st Lord Sudeley",Sudeley,0,25362,v4_olmo-mix-1124_llama,
historical_figure,Francesc Carròs i de Cruïlles,Cruïlles,0,1405,v4_olmo-mix-1124_llama,
historical_figure,Richard d'Amory,d'Amory,0,426,v4_olmo-mix-1124_llama,
historical_figure,Ulrich I Landgraf von Leuchtenberg,Leuchtenberg,0,23380,v4_olmo-mix-1124_llama,
historical_figure,Heinrich von Volkach,Volkach,0,1225,v4_olmo-mix-1124_llama,
historical_figure,Yusuf ibn 'Abd al-Râhman al-Fihri,al-Fihri,0,19906,v4_olmo-mix-1124_llama,
historical_figure,Hovhannès III d'Odzoun,d'Odzoun,0,1,v4_olmo-mix-1124_llama,
historical_figure,Ono no Kenu,Kenu,0,22982,v4_olmo-mix-1124_llama,
historical_figure,梁肅 (唐朝),(唐朝),0,896,v4_olmo-mix-1124_llama,
historical_figure,Saad bin Ibrahim al-Zuhri,al-Zuhri,0,12331,v4_olmo-mix-1124_llama,
historical_figure,Tang Hồng,Hồng,0,29856,v4_olmo-mix-1124_llama,
historical_figure,Alexander von Rom,Rom,0,133141795,v4_olmo-mix-1124_llama,
historical_figure,Thẩm Oánh (Tam Quốc),Quốc),0,815,v4_olmo-mix-1124_llama,
historical_figure,Theodorus of Tabenissi,Tabenissi,0,22,v4_olmo-mix-1124_llama,
historical_figure,Theodorus van Tabennisi,Tabennisi,0,1700,v4_olmo-mix-1124_llama,
historical_figure,Алла Готфская,Готфская,0,0,v4_olmo-mix-1124_llama,
historical_figure,"Chi, Chün-tao",Chün-tao,0,0,v4_olmo-mix-1124_llama,
historical_figure,Marco di Eca,Eca,0,59234,v4_olmo-mix-1124_llama,
historical_figure,impératrice Liwenzhen,Liwenzhen,0,0,v4_olmo-mix-1124_llama,
historical_figure,Xue Chuguba,Chuguba,0,0,v4_olmo-mix-1124_llama,
historical_figure,Chu La Hầu,Hầu,0,3863,v4_olmo-mix-1124_llama,
historical_figure,David Kharkatsi,Kharkatsi,0,0,v4_olmo-mix-1124_llama,
historical_figure,Saint Gunther of Bohemia,Bohemia,0,2326478,v4_olmo-mix-1124_llama,
historical_figure,Adelheid van Metz,Metz,0,3054150,v4_olmo-mix-1124_llama,
historical_figure,Benno II. von Osnabrück,Osnabrück,0,146081,v4_olmo-mix-1124_llama,
historical_figure,Walter II of Vexin,Vexin,0,25857,v4_olmo-mix-1124_llama,
historical_figure,Dietmar von Osnabrück,Osnabrück,0,146081,v4_olmo-mix-1124_llama,
historical_figure,Hartwig von Hersfeld,Hersfeld,0,18584,v4_olmo-mix-1124_llama,
historical_figure,Hugo von Genf,Genf,0,56092,v4_olmo-mix-1124_llama,
historical_figure,Friedrich II. von Goseck,Goseck,0,13707,v4_olmo-mix-1124_llama,
historical_figure,Gulstà de Rhuys,Rhuys,0,4716,v4_olmo-mix-1124_llama,
historical_figure,Ulrich von Passau,Passau,0,142307,v4_olmo-mix-1124_llama,
historical_figure,Robert I of Auvergne,Auvergne,0,315337,v4_olmo-mix-1124_llama,
historical_figure,Giovanni Ponzio,Ponzio,0,34187,v4_olmo-mix-1124_llama,
historical_figure,"Heinrich, Count of Zutphen",Zutphen,0,62344,v4_olmo-mix-1124_llama,
historical_figure,"Stanislav Vladimirovich of Kiev, Prince of Smolensk",Smolensk,0,466451,v4_olmo-mix-1124_llama,
historical_figure,Hugo I de Châtellerault,Châtellerault,0,13544,v4_olmo-mix-1124_llama,
historical_figure,Munio Gonçalves,Gonçalves,0,268431,v4_olmo-mix-1124_llama,
historical_figure,Wenbao Zheng,Zheng,0,5215186,v4_olmo-mix-1124_llama,
historical_figure,"Исикава, Мотомицу",Мотомицу,0,0,v4_olmo-mix-1124_llama,
historical_figure,Hugues II de Montfaucon,Montfaucon,0,47705,v4_olmo-mix-1124_llama,
historical_figure,William I of La Tremoille,Tremoille,0,7356,v4_olmo-mix-1124_llama,
historical_figure,Ibn Mahrayazd,Mahrayazd,0,0,v4_olmo-mix-1124_llama,
historical_figure,Heinrich von Scharfenberg,Scharfenberg,0,16479,v4_olmo-mix-1124_llama,
historical_figure,Lucius Aelius Gallus Strabo,Strabo,0,848307,v4_olmo-mix-1124_llama,
historical_figure,Adelheid van Tours,Tours,0,4941578,v4_olmo-mix-1124_llama,
historical_figure,Hartwig von Passau,Passau,0,142307,v4_olmo-mix-1124_llama,
historical_figure,Chou Shi( Mother of Li Wen),Wen),0,26322,v4_olmo-mix-1124_llama,
historical_figure,Shi  Yizhong,Yizhong,0,15088,v4_olmo-mix-1124_llama,
historical_figure,Lý Toàn Lược,Lược,0,1597,v4_olmo-mix-1124_llama,
historical_figure,Gall d'Aoste,d'Aoste,0,6749,v4_olmo-mix-1124_llama,
historical_figure,Zhào Chōnghuá,Chōnghuá,0,0,v4_olmo-mix-1124_llama,
historical_figure,朱瑞 (北魏),(北魏),0,142,v4_olmo-mix-1124_llama,
historical_figure,Pei Jinghan,Jinghan,0,8965,v4_olmo-mix-1124_llama,
historical_figure,李超 (北魏),(北魏),0,142,v4_olmo-mix-1124_llama,
historical_figure,Bùi Tuyên,Tuyên,0,6542,v4_olmo-mix-1124_llama,
