fragment_id,year_true,ruler,period,provenance,domain,sub_genre,pred_tfidf,pred_thalesian_cunei400m,pred_qwen3_32b,ndraws_tfidf,ndraws_thalesian_cunei400m,ndraws_qwen3_32b
Q003230,672.0,Esarhaddon,Neo-Assyrian,Kuyunjik (Nineveh),ORCC,prism,666.0456933855155,635.924548570973,663.0235981434788,24,24,24
Q003231,676.0,Esarhaddon,Neo-Assyrian,Kuyunjik (Nineveh),ORCC,prism,670.4350910172649,661.6764309874494,648.7145930599679,23,23,23
Q003232,669.0,Esarhaddon,Neo-Assyrian,Kuyunjik (Nineveh),ORCC,prism,664.4970874080122,641.7631433074731,636.5828182926979,19,19,19
Q003233,669.0,Esarhaddon,Neo-Assyrian,Kuyunjik (Nineveh),ORCC,prism,679.0519073400252,688.2324236729394,691.4115886324994,27,27,27
Q003234,670.0,Esarhaddon,Neo-Assyrian,Kuyunjik (Nineveh),ORCC,prism,669.7024951111943,634.0326647524327,659.7898518473236,25,25,25
Q003235,670.0,Esarhaddon,Neo-Assyrian,Kuyunjik (Nineveh),ORCC,prism,674.3341484485777,620.2047820895738,610.4050596928699,29,29,29
Q003236,670.0,Esarhaddon,Neo-Assyrian,Kuyunjik (Nineveh),ORCC,prism,651.5284880725944,659.7517894458273,641.8204511792921,18,18,18
Q003237,670.0,Esarhaddon,Neo-Assyrian,Kuyunjik (Nineveh),ORCC,prism,679.0680909498061,698.4910622663342,695.5365383031123,19,19,19
Q003238,670.0,Esarhaddon,Neo-Assyrian,Kuyunjik (Nineveh),ORCC,prism,677.0403310137584,694.5537520127829,681.3002402910454,34,34,34
Q003239,677.0,Esarhaddon,Neo-Assyrian,Kuyunjik (Nineveh),ORCC,cylinder,631.8971645215025,631.5334671349801,647.7676645485736,17,17,17
Q003240,669.0,Esarhaddon,Neo-Assyrian,Kuyunjik (Nineveh),ORCC,cylinder,638.4077133831807,635.3008163061276,659.7923812724824,24,24,24
Q003241,669.0,Esarhaddon,Neo-Assyrian,Kuyunjik (Nineveh),ORCC,cylinder,625.5602497618179,631.3344986549139,664.2426794455341,31,31,31
Q003242,681.0,Esarhaddon,Neo-Assyrian,Kuyunjik (Nineveh),ORCC,cylinder,648.5176484097992,645.3671236968788,699.0081799345833,18,18,18
Q003243,681.0,Esarhaddon,Neo-Assyrian,Kuyunjik (Nineveh),ORCC,cylinder,666.6079996866407,649.6793007587455,669.6502288170478,19,19,19
Q003244,670.0,Esarhaddon,Neo-Assyrian,Kuyunjik (Nineveh),ORCC,cylinder,670.3578038467945,668.4857814497152,675.8721540724299,16,16,16
Q003245,670.0,Esarhaddon,Neo-Assyrian,Kuyunjik (Nineveh),ORCC,cylinder,665.425434424579,667.5885874915064,680.6206645438826,31,31,31
Q003246,669.0,Esarhaddon,Neo-Assyrian,Kuyunjik (Nineveh),ORCC,cylinder,652.350518845415,654.2642889505166,652.4228696830672,28,28,28
Q003247,669.0,Esarhaddon,Neo-Assyrian,Kuyunjik (Nineveh),ORCC,cylinder,638.8595039899445,629.6192839992026,648.0721719991602,18,18,18
Q003248,669.0,Esarhaddon,Neo-Assyrian,Kuyunjik (Nineveh),ORCC,uncertain,653.3730376211761,656.7756218551664,668.7711465101553,12,12,12
Q003249,670.0,Esarhaddon,Neo-Assyrian,Kuyunjik (Nineveh),ORCC,slab,671.6975473047668,705.6385368214835,700.8403660056357,27,27,27
Q003250,669.0,Esarhaddon,Neo-Assyrian,Kuyunjik (Nineveh),ORCC,slab,676.6272065971117,710.8349586899249,702.6428750106322,28,28,28
Q003251,669.0,Esarhaddon,Neo-Assyrian,Kuyunjik (Nineveh),ORCC,slab,672.8151860658837,686.2657953291965,700.7863980593829,24,24,24
Q003252,669.0,Esarhaddon,Neo-Assyrian,Kuyunjik (Nineveh),ORCC,brick,646.786249403135,696.9696419939852,668.3056692277636,21,21,21
Q003253,669.0,Esarhaddon,Neo-Assyrian,Kuyunjik (Nineveh),ORCC,gaming board,682.3886951972676,695.0373693691524,698.1307702715928,29,29,29
Q003254,669.0,Esarhaddon,Neo-Assyrian,Kuyunjik (Nineveh),ORCC,vessel,678.2046860287015,700.22360418579,709.8475587133154,18,18,18
Q003255,670.0,Esarhaddon,Neo-Assyrian,Kuyunjik (Nineveh),ORCC,vessel,664.4842049682011,716.1720868556939,682.3719716944421,29,29,29
Q003256,669.0,Esarhaddon,Neo-Assyrian,Kuyunjik (Nineveh),ORCC,vessel,672.496034525055,686.9441542063703,688.109495373242,28,28,28
Q003257,669.0,Esarhaddon,Neo-Assyrian,Kuyunjik (Nineveh),ORCC,vessel,680.8813453498693,699.6946504341663,696.3456177346651,23,23,23
Q003258,669.0,Esarhaddon,Neo-Assyrian,Kuyunjik (Nineveh),ORCC,vessel,673.6927205273613,725.2750437428983,682.945289612479,22,22,22
Q003259,669.0,Esarhaddon,Neo-Assyrian,Kuyunjik (Nineveh),ORCC,None,661.3024164608033,638.8157047627033,640.2341350353319,22,22,22
Q003260,669.0,Esarhaddon,Neo-Assyrian,Kuyunjik (Nineveh),ORCC,None,666.1578641879552,629.6199002202386,641.768413384604,25,25,25
Q003261,669.0,Esarhaddon,Neo-Assyrian,Kuyunjik (Nineveh),ORCC,None,655.9266294410522,644.2438838040063,666.7490019395179,25,25,25
Q003262,672.0,Esarhaddon,Neo-Assyrian,Kuyunjik (Nineveh),ORCC,None,657.5928005239299,640.7683542617743,670.0387698467861,24,24,24
Q003263,670.0,Esarhaddon,Neo-Assyrian,Kuyunjik (Nineveh),ORCC,None,666.5049556223436,680.8913140148586,719.4881412288588,27,27,27
Q003264,670.0,Esarhaddon,Neo-Assyrian,Kuyunjik (Nineveh),ORCC,None,678.5316675182153,693.1375271822309,715.5658728832569,26,26,26
Q003265,670.0,Esarhaddon,Neo-Assyrian,Kuyunjik (Nineveh),ORCC,None,647.4574323912097,647.5320863679412,662.585598688881,19,19,19
Q003266,670.0,Esarhaddon,Neo-Assyrian,Kuyunjik (Nineveh),ORCC,None,655.6579903382928,658.2995564451987,643.8478610902056,23,23,23
Q003267,670.0,Esarhaddon,Neo-Assyrian,Kuyunjik (Nineveh),ORCC,None,654.2439726921934,661.3017260069474,640.6860293277119,30,30,30
Q003268,670.0,Esarhaddon,Neo-Assyrian,Kuyunjik (Nineveh),ORCC,None,668.0062601429706,687.4060862797679,662.0024001588208,18,18,18
Q003269,669.0,Esarhaddon,Neo-Assyrian,Kuyunjik (Nineveh),ORCC,None,662.0987587222123,652.6404401533116,640.6098468299391,17,17,17
Q003270,669.0,Esarhaddon,Neo-Assyrian,Kuyunjik (Nineveh),ORCC,None,638.0455398873875,644.5995355423387,653.383464186801,18,18,18
Q003271,669.0,Esarhaddon,Neo-Assyrian,Kuyunjik (Nineveh),ORCC,None,665.5043659428923,694.7436662841212,690.4718682220984,26,26,26
Q003272,669.0,Esarhaddon,Neo-Assyrian,Kuyunjik (Nineveh),ORCC,None,629.5826181170617,624.6931021534537,660.8807071467139,30,30,30
Q003273,669.0,Esarhaddon,Neo-Assyrian,Kuyunjik (Nineveh),ORCC,None,619.3623895543074,636.7650472744051,675.3721975406042,23,23,23
Q003274,669.0,Esarhaddon,Neo-Assyrian,Kuyunjik (Nineveh),ORCC,None,640.3651385221557,624.4888043230706,617.6658429807587,30,30,30
Q003275,669.0,Esarhaddon,Neo-Assyrian,Kuyunjik (Nineveh),ORCC,None,657.6978806305028,658.4442266166677,680.2579461460238,30,30,30
Q003276,669.0,Esarhaddon,Neo-Assyrian,Kuyunjik (Nineveh),ORCC,None,653.8159164051568,667.3826647275404,658.9946345155716,25,25,25
Q003277,669.0,Esarhaddon,Neo-Assyrian,Kuyunjik (Nineveh),ORCC,None,641.0390015952017,628.474930912501,643.6639344219594,20,20,20
Q003278,669.0,Esarhaddon,Neo-Assyrian,Kuyunjik (Nineveh),ORCC,None,631.1106350381857,627.5682835798134,636.7549456583599,31,31,31
Q003279,669.0,Esarhaddon,Neo-Assyrian,Kuyunjik (Nineveh),ORCC,None,662.5196955928944,649.6094329527627,636.0512446443416,32,32,32
Q003280,669.0,Esarhaddon,Neo-Assyrian,Kuyunjik (Nineveh),ORCC,None,635.9497402622831,638.6288655728312,668.1006465111326,31,31,31
Q003281,669.0,Esarhaddon,Neo-Assyrian,Kuyunjik (Nineveh),ORCC,None,645.8811989000377,647.8964386111355,652.5264960976182,28,28,28
Q003282,669.0,Esarhaddon,Neo-Assyrian,Kuyunjik (Nineveh),ORCC,None,618.9303531594662,639.7613940966905,624.2160449315429,25,25,25
Q003283,669.0,Esarhaddon,Neo-Assyrian,Kuyunjik (Nineveh),ORCC,None,663.9052472891824,671.4720230608131,713.5623531191969,22,22,22
Q003284,669.0,Esarhaddon,Neo-Assyrian,Kuyunjik (Nineveh),ORCC,None,649.6042368572326,635.750365947984,649.5049011025876,25,25,25
Q003285,669.0,Esarhaddon,Neo-Assyrian,Kuyunjik (Nineveh),ORCC,None,638.6162165444085,616.5098477925296,621.9332823138341,19,19,19
Q003286,679.0,Esarhaddon,Neo-Assyrian,Qalat Sherqat (Assur),ORCC,"prism, tablet",653.4407394300928,643.142710537563,662.9241758206381,31,31,31
Q003287,680.0,Esarhaddon,Neo-Assyrian,Qalat Sherqat (Assur),ORCC,prism,654.049216741011,634.5080104250848,683.1863224217379,28,28,28
Q003288,680.0,Esarhaddon,Neo-Assyrian,Qalat Sherqat (Assur),ORCC,cylinder,651.9732132656222,643.2823387141251,691.588645218134,19,19,19
Q003289,669.0,Esarhaddon,Neo-Assyrian,Kuyunjik (Nineveh),ORCC,None,674.8398117647507,703.3206459676337,732.9044052712163,19,19,19
Q003290,669.0,Esarhaddon,Neo-Assyrian,Qalat Sherqat (Assur),ORCC,brick,669.4196678013981,698.0237239860909,701.8800995943237,20,20,20
Q003291,669.0,Esarhaddon,Neo-Assyrian,Qalat Sherqat (Assur),ORCC,block,672.2089639993326,688.20816979377,703.0124370315642,23,23,23
Q003292,669.0,Esarhaddon,Neo-Assyrian,Qalat Sherqat (Assur),ORCC,series of blocks,668.6891004911066,687.2841250069969,704.6681327237028,20,20,20
Q003293,669.0,Esarhaddon,Neo-Assyrian,Qalat Sherqat (Assur),ORCC,series of blocks,664.333113235685,672.7194459944117,695.5213113355064,31,31,31
Q003294,669.0,Esarhaddon,Neo-Assyrian,Qalat Sherqat (Assur),ORCC,block,650.3654439363498,625.0388400229692,668.8694265890286,28,28,28
Q003295,669.0,Esarhaddon,Neo-Assyrian,Qalat Sherqat (Assur),ORCC,block,668.9046891740792,683.7378623239601,676.69001522053,33,33,33
Q003297,669.0,Esarhaddon,Neo-Assyrian,Qalat Sherqat (Assur),ORCC,door socket,676.6357101952539,705.6297934694499,722.2920074816519,18,18,18
Q003298,669.0,Esarhaddon,Neo-Assyrian,Qalat Sherqat (Assur),ORCC,door socket,671.833393925958,707.7881932932637,718.8784025297904,20,20,20
Q003299,669.0,Esarhaddon,Neo-Assyrian,Qalat Sherqat (Assur),ORCC,vessel,660.0938488831348,672.5939754383294,660.0352840313672,18,18,18
Q003300,669.0,Esarhaddon,Neo-Assyrian,Qalat Sherqat (Assur),ORCC,vessel,662.589578676581,665.9685544210326,676.6961860089663,16,16,16
Q003302,669.0,Esarhaddon,Neo-Assyrian,Qalat Sherqat (Assur),ORCC,vessel,685.8879160252043,699.1451208461267,671.1140424772924,20,20,20
Q003303,669.0,Esarhaddon,Neo-Assyrian,Qalat Sherqat (Assur),ORCC,bead,641.0140478680834,674.1906510981634,702.3443706133172,30,30,30
Q003304,669.0,Esarhaddon,Neo-Assyrian,Qalat Sherqat (Assur),ORCC,amulet,647.8801774627287,680.6253358817396,699.1123206271377,20,20,20
Q003305,669.0,Esarhaddon,Neo-Assyrian,Qalat Sherqat (Assur),ORCC,None,657.9576136149517,649.6763933366551,673.3899877383284,25,25,25
Q003306,672.0,Esarhaddon,Neo-Assyrian,Nimrud (Kalhu),ORCC,cylinder,654.7967647713875,648.5535040468079,668.2188989804321,28,28,28
Q003307,676.0,Esarhaddon,Neo-Assyrian,Nimrud (Kalhu),ORCC,cylinder,660.8251945241105,655.3077135561986,667.6522573883344,25,25,25
Q003308,672.0,Esarhaddon,Neo-Assyrian,Nimrud (Kalhu),ORCC,cylinder,656.0690633744592,644.9409998903034,665.0121718772416,24,24,24
Q003309,669.0,Esarhaddon,Neo-Assyrian,Nimrud (Kalhu),ORCC,cylinder,650.3170702745151,657.4118830066399,661.3083524564671,27,27,27
Q003310,669.0,Esarhaddon,Neo-Assyrian,Nimrud (Kalhu),ORCC,series of blocks,675.2862027846696,687.4085673009758,725.4736204376829,25,25,25
Q003311,669.0,Esarhaddon,Neo-Assyrian,Nimrud (Kalhu),ORCC,series of blocks,674.8327681992657,692.7776216296986,743.7718309481754,26,26,26
Q003312,669.0,Esarhaddon,Neo-Assyrian,Nimrud (Kalhu),ORCC,bull colossus,677.3287202706914,711.674248843221,715.6764984512375,22,22,22
Q003313,669.0,Esarhaddon,Neo-Assyrian,Nimrud (Kalhu),ORCC,bull colossus,669.3151126555902,691.9561968313521,718.7451630142656,23,23,23
Q003314,669.0,Esarhaddon,Neo-Assyrian,Nimrud (Kalhu),ORCC,human-headed lion colossus,664.992561263669,694.9882355580211,705.6932856432312,26,26,26
Q003315,669.0,Esarhaddon,Neo-Assyrian,Negub Tunnel,ORCC,slab,667.5354786760669,693.6106379202923,696.9878036488848,29,29,29
Q003316,669.0,Esarhaddon,Neo-Assyrian,Nimrud (Kalhu),ORCC,slab,662.3272910926041,667.8567681775025,678.2760040456172,23,23,23
Q003317,669.0,Esarhaddon,Neo-Assyrian,Nimrud (Kalhu),ORCC,brick,678.3381008497212,699.4825051367496,695.4364322114972,18,18,18
Q003319,669.0,Esarhaddon,Neo-Assyrian,Nimrud (Kalhu),ORCC,seal (impression),658.8814921617059,647.9017298921573,652.2302353464848,34,34,34
Q003320,669.0,Esarhaddon,Neo-Assyrian,Nimrud (Kalhu),ORCC,vessel,664.607371088172,714.6322000229484,672.1444918542833,26,26,26
Q003321,669.0,Esarhaddon,Neo-Assyrian,Nimrud (Kalhu),ORCC,lump,664.0270289279932,693.6855173335099,704.976389538701,21,21,21
Q003322,672.0,Esarhaddon,Neo-Assyrian,Qalat Sherqat (Assur),ORCC,cylinder,654.2539386378695,647.5848776761532,670.2970243075741,19,19,19
Q003323,669.0,Esarhaddon,Neo-Assyrian,Tell Sherif Khan (Tarbisu),ORCC,slab,667.9417111703552,680.6328372914483,666.7943664442658,23,23,23
Q003324,669.0,Esarhaddon,Neo-Assyrian,Tell Sherif Khan (Tarbisu),ORCC,slab,663.6169610025249,702.4163310299433,672.5729921205368,31,31,31
Q003325,669.0,Esarhaddon,Neo-Assyrian,Tell Sherif Khan (Tarbisu),ORCC,brick,681.3542236869064,696.2291485836917,703.1555854583592,26,26,26
Q003326,669.0,Esarhaddon,Neo-Assyrian,Tell Ahmar (Til Barsip),ORCC,stele,670.7731322123103,652.2260545009028,629.6081422013251,21,21,21
Q003327,669.0,Esarhaddon,Neo-Assyrian,Zinčirli (Samal),ORCC,stele,650.983693442475,653.8976321408933,655.3246745124409,23,23,23
Q003328,669.0,Esarhaddon,Neo-Assyrian,Kuyunjik (Nineveh),ORCC,None,633.1451380202527,642.8817228116083,678.2240937650167,20,20,20
Q003329,669.0,Esarhaddon,Neo-Assyrian,Kuyunjik (Nineveh),ORCC,None,662.2634470271428,675.7836322737696,671.0018058131942,18,18,18
Q003330,669.0,Esarhaddon,Neo-Assyrian,Kuyunjik (Nineveh),ORCC,None,633.8833813416666,647.0142560582509,627.0594092330754,17,17,17
Q003332,669.0,Esarhaddon,Neo-Assyrian,Nahr el-Kelb,ORCC,rock face,668.8864028286371,671.2548391163116,661.4873536028928,24,24,24
Q003333,673.0,Esarhaddon,Neo-Assyrian,Babylon,ORCC,prism,634.1622954446889,637.694060262768,658.9575995459994,25,25,25
Q003334,672.0,Esarhaddon,Neo-Assyrian,Babylon,ORCC,prism,636.0252392731413,635.1367837354084,670.6499583455027,25,25,25
Q003335,670.0,Esarhaddon,Neo-Assyrian,Babylon,ORCC,"prism, tablet",628.140222658736,619.8815224436026,654.6127288711469,27,27,27
Q003336,672.0,Esarhaddon,Neo-Assyrian,Babylon,ORCC,prism,646.7392942153273,650.5635119997918,702.4120951369338,23,23,23
Q003337,678.0,Esarhaddon,Neo-Assyrian,Nineveh,ORCC,prism,646.8911667665568,650.0699081329527,665.6916039127207,39,39,39
Q003338,678.0,Esarhaddon,Neo-Assyrian,Nineveh,ORCC,prism,626.109259007217,641.8692178593525,686.2568531498638,28,28,28
Q003339,672.0,Esarhaddon,Neo-Assyrian,Babylon,ORCC,prism,643.9628858123269,670.4612917038367,675.0812144848778,19,19,19
Q003340,674.0,Esarhaddon,Neo-Assyrian,Babylon,ORCC,prism,658.6764391056565,647.0387805241693,633.7343599076162,18,18,18
Q003341,669.0,Esarhaddon,Neo-Assyrian,Sippar,ORCC,prism,643.4436192824778,652.3172093266402,706.0852607622883,16,16,16
Q003342,669.0,Esarhaddon,Neo-Assyrian,Babylon,ORCC,cylinder,634.3271815481353,630.5725127024807,629.7456459491664,16,16,16
Q003343,672.0,Esarhaddon,Neo-Assyrian,Babylon,ORCC,cubiod monument,637.154979852102,622.9911080995465,656.112661067047,27,27,27
Q003345,677.0,Esarhaddon,Neo-Assyrian,Nineveh,ORCC,None,636.9475919720818,645.4870674255405,653.0480168044248,25,25,25
Q003346,677.0,Esarhaddon,Neo-Assyrian,Nineveh,ORCC,None,622.1686287695501,626.4940058931059,647.2527173300592,27,27,27
Q003347,669.0,Esarhaddon,Neo-Assyrian,Babylon,ORCC,seal,653.0536534813773,651.7405150616548,676.4999380510305,20,20,20
Q003348,669.0,Esarhaddon,Neo-Assyrian,Babylon,ORCC,brick,636.067490089651,644.9651839131104,694.3865091924334,25,25,25
Q003349,669.0,Esarhaddon,Neo-Assyrian,Babylon,ORCC,brick,636.1184281652266,638.6367583549635,702.9357039653665,24,24,24
Q003350,669.0,Esarhaddon,Neo-Assyrian,Babylon,ORCC,brick,634.009524842083,643.9227252499466,698.9641466993073,19,19,19
Q003351,669.0,Esarhaddon,Neo-Assyrian,Babylon,ORCC,brick,631.2166013717614,639.2995450651594,692.798769474415,27,27,27
Q003352,669.0,Esarhaddon,Neo-Assyrian,Babylon,ORCC,brick,636.4232719557856,650.8490882400841,685.5733601950449,29,29,29
Q003353,669.0,Esarhaddon,Neo-Assyrian,Babylon,ORCC,brick,641.1261362047969,654.271838742777,698.8266642096509,17,17,17
Q003354,669.0,Esarhaddon,Neo-Assyrian,Babylon,ORCC,brick,629.8336456247151,648.4046871879061,697.6147879748954,19,19,19
Q003355,669.0,Esarhaddon,Neo-Assyrian,Babylon,ORCC,brick,645.5755472297158,614.6653076522609,670.4619695917564,23,23,23
Q003356,669.0,Esarhaddon,Neo-Assyrian,Borsippa,ORCC,cylinder,642.3862907540281,639.0144650373891,650.2335444708898,18,18,18
Q003357,669.0,Esarhaddon,Neo-Assyrian,Nippur,ORCC,cylinder,631.30370368085,633.3097320882322,623.4525070286605,31,31,31
Q003358,669.0,Esarhaddon,Neo-Assyrian,Nippur,ORCC,cylinder,627.8361816211277,633.3885734420829,680.8860206356259,25,25,25
Q003359,669.0,Esarhaddon,Neo-Assyrian,Nippur,ORCC,cylinder,630.374657539955,646.7404672242291,615.4810520236036,29,29,29
Q003360,669.0,Esarhaddon,Neo-Assyrian,Nippur,ORCC,brick,664.8771273072567,674.1609589833794,761.7116178945785,26,26,26
Q003361,669.0,Esarhaddon,Neo-Assyrian,Nippur,ORCC,brick,649.2027376572452,644.6446066128857,699.6997451571588,28,28,28
Q003362,669.0,Esarhaddon,Neo-Assyrian,Uruk,ORCC,cylinder,630.7995159808321,623.264993752738,630.3770949496899,19,19,19
Q003363,669.0,Esarhaddon,Neo-Assyrian,Uruk,ORCC,cylinder,630.925781745009,625.0839840299141,635.9570394555354,19,19,19
Q003364,669.0,Esarhaddon,Neo-Assyrian,Uruk,ORCC,cylinder,621.8455310332423,627.3897971290427,627.7816779754286,24,24,24
Q003365,669.0,Esarhaddon,Neo-Assyrian,Uruk,ORCC,cylinder,638.697618084586,642.8280000168137,689.7005433316125,21,21,21
Q003366,669.0,Esarhaddon,Neo-Assyrian,Uruk,ORCC,brick,667.4133554043754,666.8487850695727,734.8960893999171,19,19,19
Q003367,669.0,Esarhaddon,Neo-Assyrian,Uruk,ORCC,brick,648.7947984261683,661.9581602046309,654.0608444706287,22,22,22
Q003368,669.0,Esarhaddon,Neo-Assyrian,Uruk,ORCC,brick,656.5013549298739,649.1949810344843,721.6753893507181,26,26,26
Q003369,669.0,Esarhaddon,Neo-Assyrian,Cave Kalm-karra,ORCC,vessel,666.9428788153267,704.9198276996195,678.90784346432,23,23,23
Q003370,669.0,Esarhaddon,Neo-Assyrian,Kuyunjik (Nineveh),ORCC,lion weight,678.3689839873091,742.9973935378841,719.0232596219854,27,27,27
Q003371,669.0,Esarhaddon,Neo-Assyrian,Assyria,ORCC,bead,655.7377521722353,689.6810861981809,665.742531241262,22,22,22
Q003372,669.0,Esarhaddon,Neo-Assyrian,Persepolis (Pārśa),ORCC,bead,659.3809012360126,706.4543189973957,677.7619245000279,23,23,23
Q003373,669.0,Esarhaddon,Neo-Assyrian,Sippar,ORCC,prism,632.252516772137,643.7941601200664,601.0838474799475,19,19,19
Q003374,669.0,Esarhaddon,Neo-Assyrian,Sippar,ORCC,prism,630.8525179804585,657.5074797286834,689.7657794107333,20,20,20
Q003375,669.0,Esarhaddon,Neo-Assyrian,Babylon,ORCC,prism,630.5474571082059,637.7528801266037,673.5099668766885,21,21,21
Q003376,669.0,Esarhaddon,Neo-Assyrian,Nineveh,ORCC,prism,651.0075606604789,639.8042395921523,648.0840670509256,18,18,18
Q003377,669.0,Esarhaddon,Neo-Assyrian,Kuyunjik (Nineveh),ORCC,cylinder,645.6450478639676,640.849101015168,654.8786148649633,18,18,18
Q003378,669.0,Esarhaddon,Neo-Assyrian,Qalat Sherqat (Assur),ORCC,cylinder,642.2762873961824,643.3230641031322,638.2732307686883,32,32,32
Q003379,669.0,Esarhaddon,Neo-Assyrian,Ben Shemen,ORCC,stele,651.7769231475124,667.4241394999401,665.7849360732764,33,33,33
Q003380,669.0,Esarhaddon,Neo-Assyrian,el-Ghab,ORCC,stele,652.2377632149115,653.6707546175533,650.6496446326789,26,26,26
Q003381,669.0,Esarhaddon,Neo-Assyrian,Syria,ORCC,brick,670.3021111499768,639.4123293696587,646.8183506330441,28,28,28
Q003382,669.0,Esarhaddon,Neo-Assyrian,Uruk,ORCC,None,649.1490904414759,666.1496738392378,689.0200301491194,22,22,22
Q003383,669.0,Esarhaddon,Neo-Assyrian,Kuyunjik (Nineveh),ORCC,None,652.3667808562353,643.2500725783185,649.7861632387102,18,18,18
Q003384,669.0,Esarhaddon,Neo-Assyrian,Kuyunjik (Nineveh),ORCC,None,667.1599154188109,681.6547323389087,670.7887484664611,26,26,26
Q003385,669.0,Esarhaddon,Neo-Assyrian,Kuyunjik (Nineveh),ORCC,None,654.3867039838602,652.430399848855,701.0451299158376,14,14,14
Q003386,669.0,Esarhaddon,Neo-Assyrian,Kuyunjik (Nineveh),ORCC,None,644.4116858835916,674.0438784268027,663.361538953398,24,24,24
Q003387,669.0,Esarhaddon,Neo-Assyrian,Kuyunjik (Nineveh),ORCC,None,639.9223607724501,627.8736341041214,634.4208033996448,26,26,26
Q003388,669.0,Esarhaddon,Neo-Assyrian,Kuyunjik (Nineveh),ORCC,None,656.858165445669,631.4961141576088,638.8129092233123,26,26,26
Q003389,669.0,Esarhaddon,Neo-Assyrian,Kuyunjik (Nineveh),ORCC,None,639.665383591402,653.4715548106045,652.7269416397513,27,27,27
Q003390,669.0,Esarhaddon,Neo-Assyrian,Kuyunjik (Nineveh),ORCC,None,641.9707527024452,590.4824208809833,646.3029216948081,27,27,27
Q003391,669.0,Esarhaddon,Neo-Assyrian,Kuyunjik (Nineveh),ORCC,None,665.5148939214614,658.2112307075593,670.0724102418873,21,21,21
Q003392,669.0,Esarhaddon,Neo-Assyrian,Kuyunjik (Nineveh),ORCC,None,649.9375687806906,666.3872737899386,658.3833029416314,24,24,24
Q003394,669.0,Esarhaddon,Neo-Assyrian,Kuyunjik (Nineveh),ORCC,vessel,666.7853942774768,721.049131850926,676.783434537751,26,26,26
Q003395,669.0,Esarhaddon,Neo-Assyrian,Kuyunjik (Nineveh),ORCC,vessel,667.1457024711387,664.7831616265258,661.4344402103916,19,19,19
Q003396,669.0,Esarhaddon,Neo-Assyrian,Kuyunjik (Nineveh),ORCC,vessel,663.9620612604946,671.4811612475758,675.3949212862071,23,23,23
Q003397,669.0,Esarhaddon,Neo-Assyrian,Kuyunjik (Nineveh),ORCC,vessel,671.2389437942187,712.1084194764412,680.6217096508648,24,24,24
Q003398,669.0,Esarhaddon,Neo-Assyrian,Kuyunjik (Nineveh),ORCC,vessel,666.6404219382257,708.016521580258,663.4529399605229,28,28,28
Q003399,669.0,Esarhaddon,Neo-Assyrian,Kuyunjik (Nineveh),ORCC,vessel,660.7536437100686,683.4313755958502,663.9709618464842,28,28,28
Q003400,669.0,Esarhaddon,Neo-Assyrian,Kuyunjik (Nineveh),ORCC,vessel,665.4462652077226,685.9080425524544,666.5165759357188,22,22,22
Q003401,669.0,Esarhaddon,Neo-Assyrian,Kuyunjik (Nineveh),ORCC,vessel,675.3510030780891,684.4903002443409,696.3857779160211,25,25,25
Q003403,669.0,Esarhaddon,Neo-Assyrian,Assyria,ORCC,bead,669.1122289052538,706.0038823258102,682.1905690407531,24,24,24
Q003404,669.0,Esarhaddon,Neo-Assyrian,Qalat Sherqat (Assur),ORCC,block,673.6699520556743,671.2744524552251,662.9986321018922,22,22,22
Q003405,669.0,Esarhaddon,Neo-Assyrian,Kuyunjik (Nineveh),ORCC,prism,653.2875886796874,662.8271859888538,685.6682546903127,21,21,21
Q003406,669.0,Esarhaddon,Neo-Assyrian,Kuyunjik (Nineveh),ORCC,cylinder,655.0439274972404,659.646214633325,673.4518270972497,28,28,28
Q003407,669.0,Esarhaddon,Neo-Assyrian,Kuyunjik (Nineveh),ORCC,None,661.2536267217039,652.6896035501695,656.677828453555,23,23,23
Q003408,669.0,Esarhaddon,Neo-Assyrian,Kuyunjik (Nineveh),ORCC,None,672.1621458057795,672.8382986745538,671.9975254191559,31,31,31
Q003409,669.0,Esarhaddon,Neo-Assyrian,Assyria,ORCC,bead,675.8840791125074,713.2956188515728,671.7795979521719,21,21,21
Q003410,669.0,Esarhaddon,Neo-Assyrian,Assyria,ORCC,bead,663.6758066391671,690.1176253882561,670.6408999978728,22,22,22
Q003411,669.0,Esarhaddon,Neo-Assyrian,Assyria,ORCC,bead,687.4089414469088,684.6404031763351,655.4165572286655,30,30,30
Q003412,669.0,Esarhaddon,Neo-Assyrian,Assyria,ORCC,plating,649.7134047456219,648.1240624826497,620.5987876578873,23,23,23
Q003414,727.0,Tiglath-pileser III,Neo-Assyrian,Nimrud (Kalhu),ORCC,wall slab (with reliefs),665.2110325896008,650.1618187428195,663.7613947999338,62,62,62
Q003415,727.0,Tiglath-pileser III,Neo-Assyrian,Nimrud (Kalhu),ORCC,wall slab (with reliefs),653.8028992165699,660.0615361772894,663.2557154798855,59,59,59
Q003416,727.0,Tiglath-pileser III,Neo-Assyrian,Nimrud (Kalhu),ORCC,wall slab (with reliefs),663.0214758522354,678.881767336749,657.7519187771101,42,42,42
Q003417,727.0,Tiglath-pileser III,Neo-Assyrian,Nimrud (Kalhu),ORCC,wall slab (with reliefs),658.5983725112847,663.3511515608543,631.756708352172,59,59,59
Q003418,727.0,Tiglath-pileser III,Neo-Assyrian,Nimrud (Kalhu),ORCC,wall slab (with reliefs),669.9098538886739,658.6127474897719,672.01829373793,44,44,44
Q003419,727.0,Tiglath-pileser III,Neo-Assyrian,Nimrud (Kalhu),ORCC,wall slab (with reliefs),669.0059988121246,662.8017673284626,677.0191251754777,59,59,59
Q003420,727.0,Tiglath-pileser III,Neo-Assyrian,Nimrud (Kalhu),ORCC,wall slab (with reliefs),668.3306252932197,678.7281599674766,677.6826859294757,58,58,58
Q003421,727.0,Tiglath-pileser III,Neo-Assyrian,Nimrud (Kalhu),ORCC,wall slab (with reliefs),681.3899980558749,679.0531796716447,674.7192925839183,53,53,53
Q003422,727.0,Tiglath-pileser III,Neo-Assyrian,Nimrud (Kalhu),ORCC,wall slab (with reliefs),669.3653924723661,673.4773101844567,704.5296761151288,53,53,53
Q003423,727.0,Tiglath-pileser III,Neo-Assyrian,Nimrud (Kalhu),ORCC,wall slab (with reliefs),656.6731737863827,675.5760356355447,662.6467898119214,64,64,64
Q003424,727.0,Tiglath-pileser III,Neo-Assyrian,Nimrud (Kalhu),ORCC,wall slab (with reliefs),676.9228397904627,670.8151429490883,655.2153278614951,59,59,59
Q003425,727.0,Tiglath-pileser III,Neo-Assyrian,Nimrud (Kalhu),ORCC,wall slab (with reliefs),679.2869181619296,661.1915937581454,655.5117019063662,58,58,58
Q003426,727.0,Tiglath-pileser III,Neo-Assyrian,Nimrud (Kalhu),ORCC,wall slab (with reliefs),675.1847579684902,679.2812467169421,676.0430757864066,66,66,66
Q003427,727.0,Tiglath-pileser III,Neo-Assyrian,Nimrud (Kalhu),ORCC,wall slab (with reliefs),669.6631430531821,681.5879313246078,658.9479306444392,65,65,65
Q003428,727.0,Tiglath-pileser III,Neo-Assyrian,Nimrud (Kalhu),ORCC,wall slab (with reliefs),681.778106798139,678.2391584396478,654.3443734804264,58,58,58
Q003429,727.0,Tiglath-pileser III,Neo-Assyrian,Nimrud (Kalhu),ORCC,wall slab (with reliefs),660.7090827130495,658.1307359638595,667.6382175218151,54,54,54
Q003430,727.0,Tiglath-pileser III,Neo-Assyrian,Nimrud (Kalhu),ORCC,wall slab (with reliefs),672.6202370776834,680.9238935663004,688.2686583655341,50,50,50
Q003431,727.0,Tiglath-pileser III,Neo-Assyrian,Nimrud (Kalhu),ORCC,wall slab (with reliefs),670.1715940365352,666.6380754611479,671.4395424676592,52,52,52
Q003432,727.0,Tiglath-pileser III,Neo-Assyrian,Nimrud (Kalhu),ORCC,wall slab (with reliefs),672.3612440574101,672.9426442864898,679.5660467609316,50,50,50
Q003433,727.0,Tiglath-pileser III,Neo-Assyrian,Nimrud (Kalhu),ORCC,wall slab (with reliefs),677.4280122341628,662.6631107204201,683.3527643340775,51,51,51
Q003434,727.0,Tiglath-pileser III,Neo-Assyrian,Nimrud (Kalhu),ORCC,wall slab (with reliefs),667.6027592800148,690.4879532006539,696.3292353149129,60,60,60
Q003435,727.0,Tiglath-pileser III,Neo-Assyrian,Nimrud (Kalhu),ORCC,wall slab (with reliefs),665.9280652830373,684.0708714618953,677.0898907203728,68,68,68
Q003436,727.0,Tiglath-pileser III,Neo-Assyrian,Nimrud (Kalhu),ORCC,wall slab (with reliefs),655.8038251139479,694.8824770046098,659.0210696025836,51,51,51
Q003437,727.0,Tiglath-pileser III,Neo-Assyrian,Nimrud (Kalhu),ORCC,wall slab (with reliefs),653.8022987465838,663.4135729430425,638.5451517044406,54,54,54
Q003438,727.0,Tiglath-pileser III,Neo-Assyrian,Nimrud (Kalhu),ORCC,wall slab (with reliefs),660.4173362767986,663.1987580292947,656.2564427133398,48,48,48
Q003439,727.0,Tiglath-pileser III,Neo-Assyrian,Nimrud (Kalhu),ORCC,wall slab (with reliefs),660.579034785282,680.1542162866148,655.1655030117863,58,58,58
Q003440,727.0,Tiglath-pileser III,Neo-Assyrian,Nimrud (Kalhu),ORCC,wall slab (with reliefs),677.5452727264067,681.9402265764542,658.2410746630179,47,47,47
Q003441,727.0,Tiglath-pileser III,Neo-Assyrian,Nimrud (Kalhu),ORCC,wall slab (with reliefs),675.5691668656802,677.1639171945537,650.4592731060237,71,71,71
Q003443,727.0,Tiglath-pileser III,Neo-Assyrian,Nimrud (Kalhu),ORCC,wall slab (with reliefs),674.374115404574,677.2862273585639,665.3320017851004,67,67,67
Q003444,727.0,Tiglath-pileser III,Neo-Assyrian,Nimrud (Kalhu),ORCC,wall slab (with reliefs),672.7766614776078,677.8967323161131,679.455283872629,54,54,54
Q003445,727.0,Tiglath-pileser III,Neo-Assyrian,Nimrud (Kalhu),ORCC,wall slab (with reliefs),679.8240652412003,678.2780124739595,662.4674505003954,60,60,60
Q003448,727.0,Tiglath-pileser III,Neo-Assyrian,Luristan,ORCC,stele,678.4039812459347,653.1882253305106,664.1924122833129,55,55,55
Q003449,727.0,Tiglath-pileser III,Neo-Assyrian,Nimrud (Kalhu),ORCC,anthropomorphic statue,671.5276853672443,665.9733893423431,660.4550336219313,57,57,57
Q003450,727.0,Tiglath-pileser III,Neo-Assyrian,Mila Mergi,ORCC,rock face,670.4710022059276,651.2600310615579,634.1254405502992,62,62,62
Q003451,727.0,Tiglath-pileser III,Neo-Assyrian,Qalat Sherqat (Assur),ORCC,uncertain,670.1568155203918,691.4613585092814,659.4042485790337,58,58,58
Q003452,727.0,Tiglath-pileser III,Neo-Assyrian,Nimrud (Kalhu),ORCC,slab,676.0561055524237,671.4084949395958,664.3132591753001,59,59,59
Q003453,727.0,Tiglath-pileser III,Neo-Assyrian,Nimrud (Kalhu),ORCC,slab,673.9956906796311,675.3079513960669,656.0950933162994,51,51,51
Q003454,727.0,Tiglath-pileser III,Neo-Assyrian,Nimrud (Kalhu),ORCC,slab,681.114578132845,687.1306696879547,672.449373867234,54,54,54
Q003455,727.0,Tiglath-pileser III,Neo-Assyrian,Nimrud (Kalhu),ORCC,slab,671.6343421950852,670.7083138263204,657.9988520327938,52,52,52
Q003456,727.0,Tiglath-pileser III,Neo-Assyrian,Nimrud (Kalhu),ORCC,slab,672.5034636289485,679.3377134367465,667.9634093352777,59,59,59
Q003457,727.0,Tiglath-pileser III,Neo-Assyrian,Nimrud (Kalhu),ORCC,slab,666.014756468612,671.5139612165555,669.0548477031065,54,54,54
Q003458,727.0,Tiglath-pileser III,Neo-Assyrian,Nimrud (Kalhu),ORCC,slab,670.447917300859,682.0820587815715,644.8795358976993,61,61,61
Q003459,727.0,Tiglath-pileser III,Neo-Assyrian,Nimrud (Kalhu),ORCC,None,667.6751625651942,676.37420121412,686.0033450146157,51,51,51
Q003460,727.0,Tiglath-pileser III,Neo-Assyrian,Nimrud (Kalhu),ORCC,None,675.6843278845776,669.1596025832042,655.6961085650497,43,43,43
Q003461,727.0,Tiglath-pileser III,Neo-Assyrian,Nimrud (Kalhu),ORCC,None,674.4335226012929,675.4458633100719,665.488001926851,50,50,50
Q003462,727.0,Tiglath-pileser III,Neo-Assyrian,Nimrud (Kalhu),ORCC,None,672.8762396604574,663.4905185256595,681.0859030489885,60,60,60
Q003463,727.0,Tiglath-pileser III,Neo-Assyrian,Nimrud (Kalhu),ORCC,None,675.1790878191573,675.3925403870029,661.111595389486,60,60,60
Q003464,727.0,Tiglath-pileser III,Neo-Assyrian,Nimrud (Kalhu),ORCC,None,673.7461634383856,665.9663602833323,657.5346260840943,51,51,51
Q003465,727.0,Tiglath-pileser III,Neo-Assyrian,Nimrud (Kalhu),ORCC,None,664.8991037824956,669.0368925123303,658.7057792560288,51,51,51
Q003466,727.0,Tiglath-pileser III,Neo-Assyrian,Arslan Tash (Ḫadatu),ORCC,bull colossus,674.8227896943129,660.8809151445764,684.983828902759,45,45,45
Q003467,727.0,Tiglath-pileser III,Neo-Assyrian,Qalat Sherqat (Assur),ORCC,block,671.0671952817423,683.5417362494378,673.284356948986,64,64,64
Q003468,727.0,Tiglath-pileser III,Neo-Assyrian,Nimrud (Kalhu),ORCC,wall slab (with reliefs),661.8624541188875,680.9389325121489,658.8314023194495,66,66,66
Q003469,727.0,Tiglath-pileser III,Neo-Assyrian,Nimrud (Kalhu),ORCC,wall slab (with reliefs),667.2508487997006,684.5123679555342,660.3330262424937,69,69,69
Q003470,727.0,Tiglath-pileser III,Neo-Assyrian,Nimrud (Kalhu),ORCC,wall slab (with reliefs),664.0579351187205,693.106890617843,658.3517354469715,61,61,61
Q003471,727.0,Tiglath-pileser III,Neo-Assyrian,Qalat Sherqat (Assur),ORCC,brick,660.3396869747139,670.9638345592332,664.4676725901488,43,43,43
Q003472,727.0,Tiglath-pileser III,Neo-Assyrian,Qalat Sherqat (Assur),ORCC,brick,660.4652420448493,686.0385696022418,658.2761895877495,58,58,58
Q003473,727.0,Tiglath-pileser III,Neo-Assyrian,Qalat Sherqat (Assur),ORCC,brick,661.9042177253976,681.9833639460395,661.6753699602064,68,68,68
Q003474,727.0,Tiglath-pileser III,Neo-Assyrian,Nimrud (Kalhu),ORCC,duck weight,659.9939518335578,682.3443594502849,659.5323566077751,50,50,50
Q003475,681.0,Sennacherib,Neo-Assyrian,Kuyunjik (Nineveh),ORCC,cylinder,676.8984378458548,636.3743129057468,657.6137207135442,14,14,14
Q003476,681.0,Sennacherib,Neo-Assyrian,Kuyunjik (Nineveh),ORCC,cylinder,677.3085677045873,657.7639389827367,654.6721787059768,23,23,23
Q003477,681.0,Sennacherib,Neo-Assyrian,Kuyunjik (Nineveh),ORCC,cylinder,678.4355288043816,653.3531648276714,655.7418302373635,17,17,17
Q003478,681.0,Sennacherib,Neo-Assyrian,Kuyunjik (Nineveh),ORCC,cylinder,681.4881087781166,657.996932164291,647.9874257702917,13,13,13
Q003479,681.0,Sennacherib,Neo-Assyrian,Kuyunjik (Nineveh),ORCC,cylinder,628.7837986255324,635.1547620128629,635.208699721338,13,13,13
Q003481,681.0,Sennacherib,Neo-Assyrian,Kuyunjik (Nineveh),ORCC,cylinder,651.8683879755724,637.8334186278082,649.503451202923,23,23,23
Q003482,681.0,Sennacherib,Neo-Assyrian,Kuyunjik (Nineveh),ORCC,cylinder,665.5243944230264,654.9590056514627,656.6781403425789,22,22,22
Q003483,681.0,Sennacherib,Neo-Assyrian,Kuyunjik (Nineveh),ORCC,cylinder,671.7718588013391,663.2928101077567,653.9778463535783,20,20,20
Q003484,681.0,Sennacherib,Neo-Assyrian,Kuyunjik (Nineveh),ORCC,cylinder,630.8350701273084,634.6534530341069,649.4269022853716,17,17,17
Q003485,681.0,Sennacherib,Neo-Assyrian,Kuyunjik (Nineveh),ORCC,cylinder,647.996201543686,654.8137123445501,683.5072745644633,32,32,32
Q003486,681.0,Sennacherib,Neo-Assyrian,Kuyunjik (Nineveh),ORCC,cylinder,638.0496207569003,642.7760095563781,665.1866434329099,16,16,16
Q003487,681.0,Sennacherib,Neo-Assyrian,Kuyunjik (Nineveh),ORCC,cylinder,637.0470998860388,648.7936345564897,671.1492564341036,20,20,20
Q003489,681.0,Sennacherib,Neo-Assyrian,Kuyunjik (Nineveh),ORCC,prism,672.4755682098522,657.1352122136075,639.8673421432759,14,14,14
Q003490,681.0,Sennacherib,Neo-Assyrian,Kuyunjik (Nineveh),ORCC,prism,678.4168280347099,654.4128771457772,644.3492476994036,17,17,17
Q003491,681.0,Sennacherib,Neo-Assyrian,Kuyunjik (Nineveh),ORCC,prism,678.5332902740518,646.8819042472711,648.720068885856,18,18,18
Q003492,681.0,Sennacherib,Neo-Assyrian,Kuyunjik (Nineveh),ORCC,prism,663.2275556849555,672.2779501793726,669.6882385081468,18,18,18
Q003493,681.0,Sennacherib,Neo-Assyrian,Kuyunjik (Nineveh),ORCC,prism,669.8551197843593,674.4523749209325,654.3729633321409,19,19,19
Q003494,681.0,Sennacherib,Neo-Assyrian,Kuyunjik (Nineveh),ORCC,prism,659.5416333308963,686.9832272463037,675.2389132336823,24,24,24
Q003495,681.0,Sennacherib,Neo-Assyrian,Kuyunjik (Nineveh),ORCC,prism,682.8931031537593,683.0881699430871,657.3731120378147,21,21,21
Q003496,681.0,Sennacherib,Neo-Assyrian,Kuyunjik (Nineveh),ORCC,prism,687.3580821396283,659.7128093186564,643.7204942908102,20,20,20
Q003497,681.0,Sennacherib,Neo-Assyrian,Kuyunjik (Nineveh),ORCC,prism,685.1436763045832,662.8438161188399,642.2883870501579,26,26,26
Q003498,681.0,Sennacherib,Neo-Assyrian,Kuyunjik (Nineveh),ORCC,prism,662.179368842808,655.2711382679175,644.9996430032485,18,18,18
Q003499,681.0,Sennacherib,Neo-Assyrian,Kuyunjik (Nineveh),ORCC,prism,663.0772146268425,655.9690981199636,649.8305160326314,21,21,21
Q003500,681.0,Sennacherib,Neo-Assyrian,Kuyunjik (Nineveh),ORCC,prism,688.6565904979662,691.5691834670248,685.0546942450568,15,15,15
Q003501,681.0,Sennacherib,Neo-Assyrian,Kuyunjik (Nineveh),ORCC,prism,626.9074948533527,662.6436101967297,632.5786676743113,16,16,16
Q003502,681.0,Sennacherib,Neo-Assyrian,Kuyunjik (Nineveh),ORCC,prism,676.4240266693425,677.657872963115,659.5934959201015,19,19,19
Q003503,681.0,Sennacherib,Neo-Assyrian,Kuyunjik (Nineveh),ORCC,prism,682.7805111332723,680.4092507444357,674.5157497453848,17,17,17
Q003504,681.0,Sennacherib,Neo-Assyrian,Kuyunjik (Nineveh),ORCC,prism,667.7912713625709,659.2896565830254,650.7257562813213,14,14,14
Q003505,681.0,Sennacherib,Neo-Assyrian,Kuyunjik (Nineveh),ORCC,prism,669.6177595560978,673.0437436896757,677.2380913704128,13,13,13
Q003506,681.0,Sennacherib,Neo-Assyrian,Kuyunjik (Nineveh),ORCC,prism,692.4099412413664,678.7843218462478,684.0784948949116,14,14,14
Q003508,681.0,Sennacherib,Neo-Assyrian,Kuyunjik (Nineveh),ORCC,None,669.3304276406728,653.5094468677983,669.1805113380199,14,14,14
Q003509,681.0,Sennacherib,Neo-Assyrian,Kuyunjik (Nineveh),ORCC,None,666.4686204386318,667.7711216033827,660.049107287813,13,13,13
Q003510,681.0,Sennacherib,Neo-Assyrian,Kuyunjik (Nineveh),ORCC,None,654.4709918651314,635.5789686032439,638.4510079833933,17,17,17
Q003511,681.0,Sennacherib,Neo-Assyrian,Kuyunjik (Nineveh),ORCC,None,627.2766116106098,643.3667615866133,650.1741956760533,12,12,12
Q003512,681.0,Sennacherib,Neo-Assyrian,Kuyunjik (Nineveh),ORCC,stele,668.0836566460328,643.9870230106374,677.5613089578055,20,20,20
Q003513,681.0,Sennacherib,Neo-Assyrian,Kuyunjik (Nineveh),ORCC,human-headed bull colossus,660.8360420665306,648.5479241882682,671.630018759045,21,21,21
Q003514,681.0,Sennacherib,Neo-Assyrian,Kuyunjik (Nineveh),ORCC,human-headed lion colossus,658.6054299526346,638.3064470859429,639.4684475077487,21,21,21
Q003515,681.0,Sennacherib,Neo-Assyrian,Kuyunjik (Nineveh),ORCC,human-headed bull colossus,653.9616155810851,636.2117936684288,640.4115047531106,19,19,19
Q003516,681.0,Sennacherib,Neo-Assyrian,Kuyunjik (Nineveh),ORCC,human-headed bull colossus,652.4924065686054,670.5894989752164,673.0375754354496,17,17,17
Q003517,681.0,Sennacherib,Neo-Assyrian,Kuyunjik (Nineveh),ORCC,human-headed bull colossus,652.6400883290796,633.2632887305542,659.2115139493038,19,19,19
Q003518,681.0,Sennacherib,Neo-Assyrian,Kuyunjik (Nineveh),ORCC,human-headed bull colossus,683.6717318582312,676.9922178170182,678.1973353711593,19,19,19
Q003519,681.0,Sennacherib,Neo-Assyrian,Kuyunjik (Nineveh),ORCC,human-headed bull colossus,668.5844328467527,685.7926333412244,635.6276523208355,14,14,14
Q003520,681.0,Sennacherib,Neo-Assyrian,Kuyunjik (Nineveh),ORCC,human-headed bull colossus,673.6180882337087,669.0617265126606,680.3886216804277,18,18,18
Q003521,681.0,Sennacherib,Neo-Assyrian,Kuyunjik (Nineveh),ORCC,human-headed bull colossus,630.3950664978662,613.625647459605,641.44608090347,19,19,19
Q003523,681.0,Sennacherib,Neo-Assyrian,Kuyunjik (Nineveh),ORCC,human-headed bull colossus,648.9485390465047,625.3148420012373,661.7985957686626,24,24,24
Q003524,681.0,Sennacherib,Neo-Assyrian,Kuyunjik (Nineveh),ORCC,human-headed bull colossus,656.1494117036884,635.0958094601826,662.4313226520441,19,19,19
Q003525,681.0,Sennacherib,Neo-Assyrian,Kuyunjik (Nineveh),ORCC,human-headed lion colossus,652.6355160536839,674.607344232513,677.5615527351682,14,14,14
Q003526,681.0,Sennacherib,Neo-Assyrian,Kuyunjik (Nineveh),ORCC,human-headed bull colossus,648.8986682864738,635.9590615861282,656.3738870504578,16,16,16
Q003527,681.0,Sennacherib,Neo-Assyrian,Kuyunjik (Nineveh),ORCC,wall slab (with reliefs),660.8980746449718,694.1172373756897,682.8360761180376,11,11,11
Q003528,681.0,Sennacherib,Neo-Assyrian,Kuyunjik (Nineveh),ORCC,wall slab (with reliefs),651.7647538082122,683.0741327504992,665.0925499004915,15,15,15
Q003529,681.0,Sennacherib,Neo-Assyrian,Kuyunjik (Nineveh),ORCC,wall slab (with reliefs),684.8469641630292,646.7127967153442,663.3917721905818,13,13,13
Q003530,681.0,Sennacherib,Neo-Assyrian,Kuyunjik (Nineveh),ORCC,wall slab (with reliefs),678.6551451657489,681.8044549217141,663.6643521061493,18,18,18
Q003531,681.0,Sennacherib,Neo-Assyrian,Kuyunjik (Nineveh),ORCC,wall slab (with reliefs),666.1612591914877,677.6626371916096,668.3133579833451,12,12,12
Q003532,681.0,Sennacherib,Neo-Assyrian,Kuyunjik (Nineveh),ORCC,wall slab (with reliefs),680.9567664009662,706.850196299042,676.2162705642439,20,20,20
Q003533,681.0,Sennacherib,Neo-Assyrian,Kuyunjik (Nineveh),ORCC,wall slab (with reliefs),682.7106537223955,667.1477182264874,671.0890471226097,23,23,23
Q003534,681.0,Sennacherib,Neo-Assyrian,Kuyunjik (Nineveh),ORCC,wall slab (with reliefs),676.5591099957684,716.761242746015,671.3369075580486,17,17,17
Q003535,681.0,Sennacherib,Neo-Assyrian,Kuyunjik (Nineveh),ORCC,wall slab (with reliefs),656.6737741352018,721.6326744501984,678.5464200619336,19,19,19
Q003536,681.0,Sennacherib,Neo-Assyrian,Kuyunjik (Nineveh),ORCC,wall slab (with reliefs),649.5014107250292,712.7187068945756,679.0667286040155,19,19,19
Q003537,681.0,Sennacherib,Neo-Assyrian,Kuyunjik (Nineveh),ORCC,wall slab (with reliefs),647.5363429319736,705.1390939248737,672.9155306155483,18,18,18
Q003538,681.0,Sennacherib,Neo-Assyrian,Kuyunjik (Nineveh),ORCC,wall slab (with reliefs),650.0376736308899,705.2574575550329,671.4353804133872,22,22,22
Q003539,681.0,Sennacherib,Neo-Assyrian,Kuyunjik (Nineveh),ORCC,wall slab (with reliefs),643.5172227433269,666.0177011048394,659.3026648321206,18,18,18
Q003540,681.0,Sennacherib,Neo-Assyrian,Kuyunjik (Nineveh),ORCC,wall slab (with reliefs),643.8400787751386,702.4036145951097,675.567766453115,15,15,15
Q003541,681.0,Sennacherib,Neo-Assyrian,Kuyunjik (Nineveh),ORCC,wall slab (with reliefs),654.6857980060753,646.5210620137057,647.7449678878993,19,19,19
Q003542,681.0,Sennacherib,Neo-Assyrian,Kuyunjik (Nineveh),ORCC,wall slab (with reliefs),652.5412520725141,689.9420723424568,658.226179736799,26,26,26
Q003547,681.0,Sennacherib,Neo-Assyrian,Kuyunjik (Nineveh),ORCC,wall slab (with reliefs),652.7894784579825,658.239150720969,660.7068178843786,16,16,16
Q003548,681.0,Sennacherib,Neo-Assyrian,Kuyunjik (Nineveh),ORCC,wall slab (with reliefs),659.067964355201,685.5177351376872,654.8196764730613,15,15,15
Q003549,681.0,Sennacherib,Neo-Assyrian,Kuyunjik (Nineveh),ORCC,wall slab (with reliefs),658.4481178898263,695.4052151428517,662.9486563168925,16,16,16
Q003550,681.0,Sennacherib,Neo-Assyrian,Kuyunjik (Nineveh),ORCC,wall slab (with reliefs),667.7181511562844,702.8118724096687,672.6392133098724,21,21,21
Q003552,681.0,Sennacherib,Neo-Assyrian,Kuyunjik (Nineveh),ORCC,threshold slab,658.4370982865407,661.061512399205,661.2546340073526,18,18,18
Q003553,681.0,Sennacherib,Neo-Assyrian,Kuyunjik (Nineveh),ORCC,threshold slab,666.2777082617953,682.4872004874952,671.9469769948427,13,13,13
Q003554,681.0,Sennacherib,Neo-Assyrian,Kuyunjik (Nineveh),ORCC,human-headed lion colossus,660.149397818958,700.206520424956,662.3375857814693,24,24,24
Q003556,681.0,Sennacherib,Neo-Assyrian,Kuyunjik (Nineveh),ORCC,slab,652.3373784329876,677.9951480118563,673.3943898875604,19,19,19
Q003557,681.0,Sennacherib,Neo-Assyrian,Kuyunjik (Nineveh),ORCC,slab,652.6712010670561,671.8570688369402,673.4912863309556,20,20,20
Q003558,681.0,Sennacherib,Neo-Assyrian,Kuyunjik (Nineveh),ORCC,slab,654.2078086017044,668.2270440808445,666.401575003159,16,16,16
Q003559,681.0,Sennacherib,Neo-Assyrian,Kuyunjik (Nineveh),ORCC,slab,656.4762974519799,685.3904103888442,666.0890697393387,16,16,16
Q003560,681.0,Sennacherib,Neo-Assyrian,Kuyunjik (Nineveh),ORCC,door socket,650.3019122221234,676.1562812378419,672.2350813790667,19,19,19
Q003561,681.0,Sennacherib,Neo-Assyrian,Kuyunjik (Nineveh),ORCC,door socket,652.8648338814177,684.5707346605468,653.4798161186966,20,20,20
Q003562,681.0,Sennacherib,Neo-Assyrian,Kuyunjik (Nineveh),ORCC,brick,655.7481079028929,702.4322480544628,661.8084483376375,18,18,18
Q003563,681.0,Sennacherib,Neo-Assyrian,Kuyunjik (Nineveh),ORCC,brick,658.2137624081963,691.4554747266552,661.183439507707,11,11,11
Q003564,681.0,Sennacherib,Neo-Assyrian,Kuyunjik (Nineveh),ORCC,brick,662.1186523436567,699.2267121801625,663.7965731348381,24,24,24
Q003565,681.0,Sennacherib,Neo-Assyrian,Kuyunjik (Nineveh),ORCC,brick,647.0654922175199,700.5592297304712,654.7252711442769,19,19,19
Q003566,681.0,Sennacherib,Neo-Assyrian,Kuyunjik (Nineveh),ORCC,brick,668.2411859986637,683.8042327540358,668.1671595516191,18,18,18
Q003567,681.0,Sennacherib,Neo-Assyrian,Kuyunjik (Nineveh),ORCC,brick,659.2565966169979,657.3809927818413,654.1610795644616,18,18,18
Q003568,681.0,Sennacherib,Neo-Assyrian,Kuyunjik (Nineveh),ORCC,brick,657.2744320372947,682.9495269794083,683.9008683242747,17,17,17
Q003569,681.0,Sennacherib,Neo-Assyrian,Kuyunjik (Nineveh),ORCC,brick,655.1667673962346,666.3603498622921,665.6924589037175,19,19,19
Q003570,681.0,Sennacherib,Neo-Assyrian,Kuyunjik (Nineveh),ORCC,brick,665.9979661033034,690.7337802462459,671.8147885012999,22,22,22
Q003571,681.0,Sennacherib,Neo-Assyrian,Kuyunjik (Nineveh),ORCC,brick,668.522757988564,680.4490636307188,672.5869209579329,20,20,20
Q003572,681.0,Sennacherib,Neo-Assyrian,Kuyunjik (Nineveh),ORCC,brick,655.5101648660766,680.2708231418364,651.3037229616085,13,13,13
Q003573,681.0,Sennacherib,Neo-Assyrian,Kuyunjik (Nineveh),ORCC,brick,648.6061331795846,683.1834736969247,668.6642994536745,19,19,19
Q003574,681.0,Sennacherib,Neo-Assyrian,Kuyunjik (Nineveh),ORCC,brick,641.7046043813668,680.8403799973436,653.8024090145791,16,16,16
Q003576,681.0,Sennacherib,Neo-Assyrian,Kuyunjik (Nineveh),ORCC,bead,664.0621478041577,686.302828838094,661.5661426346958,19,19,19
Q003577,681.0,Sennacherib,Neo-Assyrian,Kuyunjik (Nineveh),ORCC,bead,658.0593536553026,677.0296183365072,672.7730836137468,21,21,21
Q003578,681.0,Sennacherib,Neo-Assyrian,Kuyunjik (Nineveh),ORCC,bead,641.8838789375521,679.929720826424,665.8628687321668,15,15,15
Q003579,681.0,Sennacherib,Neo-Assyrian,Kuyunjik (Nineveh),ORCC,bead,654.2325890138203,695.0834833852056,683.7201280319043,25,25,25
Q003608,727.0,Tiglath-pileser III,Neo-Assyrian,Nimrud (Kalhu),ORCC,duck weight,660.0966324321797,676.1797617811992,655.7166385569316,51,51,51
Q003609,727.0,Tiglath-pileser III,Neo-Assyrian,Nimrud (Kalhu),ORCC,lion weight,665.2666562415366,671.9626925151847,659.5244626270663,60,60,60
Q003610,727.0,Tiglath-pileser III,Neo-Assyrian,Qalat Sherqat (Assur),ORCC,vessel,660.6522616604478,663.3129143821409,660.1689206521506,54,54,54
Q003611,727.0,Tiglath-pileser III,Neo-Assyrian,Qalat Sherqat (Assur),ORCC,enameled tile,661.4373082366737,677.5319426649176,655.3326948112065,65,65,65
Q003612,727.0,Tiglath-pileser III,Neo-Assyrian,Qalat Sherqat (Assur),ORCC,enameled tile,661.9032440524836,677.554927511932,659.197431805678,60,60,60
Q003613,727.0,Tiglath-pileser III,Neo-Assyrian,Qalat Sherqat (Assur),ORCC,bead,668.7567698059704,672.009190084129,662.1427219740281,49,49,49
Q003617,727.0,Tiglath-pileser III,Neo-Assyrian,Arslan Tash (Ḫadatu),ORCC,lion colossus,668.3436259487875,671.4820891909384,665.3203450449116,52,52,52
Q003618,727.0,Tiglath-pileser III,Neo-Assyrian,Tell Tayinat (Unqi),ORCC,disk,663.2067167539527,673.9603734334622,662.0453040825566,56,56,56
Q003619,727.0,Tiglath-pileser III,Neo-Assyrian,Nimrud (Kalhu),ORCC,None,653.7902747355719,659.182255489155,659.9249231554096,52,52,52
Q003620,727.0,Tiglath-pileser III,Neo-Assyrian,Nimrud (Kalhu),ORCC,vessel,665.1158483008543,675.2232217087256,658.9950960086055,47,47,47
Q003621,727.0,Tiglath-pileser III,Neo-Assyrian,Nimrud (Kalhu),ORCC,vessel,667.2039291995407,674.442359733539,657.8523129268746,51,51,51
Q003700,631.0,Ashurbanipal,Neo-Assyrian,Kuyunjik (Nineveh),ORCC,prism,639.5057192745073,677.0997227595976,697.9711534716345,16,16,16
Q003701,631.0,Ashurbanipal,Neo-Assyrian,Kuyunjik (Nineveh),ORCC,prism,662.9378032297889,617.954254220136,591.1394694355206,19,19,19
Q003702,631.0,Ashurbanipal,Neo-Assyrian,Kuyunjik (Nineveh),ORCC,prism,662.466832399393,643.8377115178449,619.9384039660818,21,21,21
Q003703,631.0,Ashurbanipal,Neo-Assyrian,Kuyunjik (Nineveh),ORCC,prism,664.7140608373539,647.6340438380226,618.9337227178455,17,17,17
Q003704,631.0,Ashurbanipal,Neo-Assyrian,Kuyunjik (Nineveh),ORCC,prism,629.3346859286278,647.0174557576794,615.0802575997213,11,11,11
Q003705,631.0,Ashurbanipal,Neo-Assyrian,Kuyunjik (Nineveh),ORCC,prism,661.0252027210416,643.282196542888,663.7637025982572,13,13,13
Q003706,631.0,Ashurbanipal,Neo-Assyrian,Nimrud (Kalhu),ORCC,prism,659.534125231529,617.5507960149772,614.3197449522588,8,8,8
Q003707,631.0,Ashurbanipal,Neo-Assyrian,Kuyunjik (Nineveh),ORCC,prism,650.8467458283584,634.6840416975862,663.0766355175942,11,11,11
Q003708,631.0,Ashurbanipal,Neo-Assyrian,Kuyunjik (Nineveh),ORCC,"prism, vertical cylinder",664.5870979834955,627.1236644351019,588.6239534973022,14,14,14
Q003709,631.0,Ashurbanipal,Neo-Assyrian,Kuyunjik (Nineveh),ORCC,prism,630.3815477745302,638.0263743643363,588.4937959994686,17,17,17
Q003710,631.0,Ashurbanipal,Neo-Assyrian,Kuyunjik (Nineveh),ORCC,prism,664.0813239322463,619.5551534476623,573.5267950651476,13,13,13
Q003711,631.0,Ashurbanipal,Neo-Assyrian,Babylon (Bābili),ORCC,prism,653.8265501907374,608.4635615669218,602.3532426305806,21,21,21
Q003712,631.0,Ashurbanipal,Neo-Assyrian,Kuyunjik (Nineveh),ORCC,prism,638.6227476111455,618.9208450781108,576.4360601006641,19,19,19
Q003713,631.0,Ashurbanipal,Neo-Assyrian,Kuyunjik (Nineveh),ORCC,prism,644.0418046993819,660.9654317606208,683.2925088915421,10,10,10
Q003714,631.0,Ashurbanipal,Neo-Assyrian,Kuyunjik (Nineveh),ORCC,prism,642.4961908676498,628.3108189839089,660.9898412793675,20,20,20
Q003715,631.0,Ashurbanipal,Neo-Assyrian,Kuyunjik (Nineveh),ORCC,prism,651.1049569373695,659.1487701853403,659.5211112607175,11,11,11
Q003716,631.0,Ashurbanipal,Neo-Assyrian,Kuyunjik (Nineveh),ORCC,prism,637.078994450221,653.4129509716317,651.1814581038075,18,18,18
Q003717,631.0,Ashurbanipal,Neo-Assyrian,Kuyunjik (Nineveh),ORCC,prism,637.6569566373058,626.7040702895343,629.1253828629866,15,15,15
Q003718,631.0,Ashurbanipal,Neo-Assyrian,Kuyunjik (Nineveh),ORCC,prism,645.3588343529344,669.7421185829382,642.8147867462619,13,13,13
Q003719,631.0,Ashurbanipal,Neo-Assyrian,Kuyunjik (Nineveh),ORCC,prism,663.5075917936252,653.160890662127,675.4295954122493,17,17,17
Q003720,631.0,Ashurbanipal,Neo-Assyrian,Kuyunjik (Nineveh),ORCC,cylinder,645.5016722543112,652.5657874266836,626.459739147376,13,13,13
Q003721,631.0,Ashurbanipal,Neo-Assyrian,Kuyunjik (Nineveh),ORCC,slab,655.1304728173182,620.3141335744668,627.6544515652532,14,14,14
Q003722,631.0,Ashurbanipal,Neo-Assyrian,Kuyunjik (Nineveh),ORCC,slab,641.5609060489201,621.1007965729135,632.2104247903502,19,19,19
Q003723,631.0,Ashurbanipal,Neo-Assyrian,Kuyunjik (Nineveh),ORCC,slab (sculptured),669.8627183005888,720.2872730420551,666.2132921473459,18,18,18
Q003724,631.0,Ashurbanipal,Neo-Assyrian,Kuyunjik (Nineveh),ORCC,slab (sculptured),632.4580775186844,630.124386404851,635.9373457367258,15,15,15
Q003725,631.0,Ashurbanipal,Neo-Assyrian,Kuyunjik (Nineveh),ORCC,slab (sculptured),660.6642835381094,699.6131495249236,644.2949143448834,13,13,13
Q003726,631.0,Ashurbanipal,Neo-Assyrian,Kuyunjik (Nineveh),ORCC,slab (sculptured),667.4416231057716,666.581377840249,659.0882230052143,18,18,18
Q003727,631.0,Ashurbanipal,Neo-Assyrian,Kuyunjik (Nineveh),ORCC,slab (sculptured),635.6551146445913,660.5878628861606,636.103540550795,17,17,17
Q003728,631.0,Ashurbanipal,Neo-Assyrian,Kuyunjik (Nineveh),ORCC,slab (sculptured),675.2994475429323,687.4372389020173,648.2847112520363,21,21,21
Q003730,631.0,Ashurbanipal,Neo-Assyrian,Kuyunjik (Nineveh),ORCC,slab (sculptured),665.3721407884938,661.4714689811957,657.101327617485,16,16,16
Q003731,631.0,Ashurbanipal,Neo-Assyrian,Kuyunjik (Nineveh),ORCC,slab (sculptured),666.6459673077966,680.3975066394069,642.2141301050298,12,12,12
Q003732,631.0,Ashurbanipal,Neo-Assyrian,Kuyunjik (Nineveh),ORCC,slab (sculptured),647.8907319874995,663.5518910622592,667.3700855308138,11,11,11
Q003733,631.0,Ashurbanipal,Neo-Assyrian,Kuyunjik (Nineveh),ORCC,slab (sculptured),623.893941806284,667.0523258587749,661.0547646153524,14,14,14
Q003734,631.0,Ashurbanipal,Neo-Assyrian,Kuyunjik (Nineveh),ORCC,slab (sculptured),653.4897646730293,652.4634974501148,622.841143569676,17,17,17
Q003735,631.0,Ashurbanipal,Neo-Assyrian,Kuyunjik (Nineveh),ORCC,slab (sculptured),657.9241772159106,667.478009510014,657.8047123918583,14,14,14
Q003736,631.0,Ashurbanipal,Neo-Assyrian,Kuyunjik (Nineveh),ORCC,slab (sculptured),651.269479360699,675.7628489242046,652.6920857074612,20,20,20
Q003737,631.0,Ashurbanipal,Neo-Assyrian,Kuyunjik (Nineveh),ORCC,slab (sculptured),659.3439717038871,668.9780950169446,642.1292149695203,14,14,14
Q003738,631.0,Ashurbanipal,Neo-Assyrian,Kuyunjik (Nineveh),ORCC,slab (sculptured),654.3324119812166,597.6851513685954,658.6557206753007,8,8,8
Q003739,631.0,Ashurbanipal,Neo-Assyrian,Kuyunjik (Nineveh),ORCC,slab (sculptured),671.5638598595408,700.0749962753843,675.0235013021028,14,14,14
Q003740,631.0,Ashurbanipal,Neo-Assyrian,Kuyunjik (Nineveh),ORCC,slab (sculptured),680.806535302198,697.4744837829642,670.5232364817334,20,20,20
Q003741,631.0,Ashurbanipal,Neo-Assyrian,Kuyunjik (Nineveh),ORCC,slab (sculptured),660.3022252343543,691.9368816739084,658.2520004110319,11,11,11
Q003742,631.0,Ashurbanipal,Neo-Assyrian,Kuyunjik (Nineveh),ORCC,slab (sculptured),663.3908242989393,673.2887988583425,651.9856581854615,13,13,13
Q003743,631.0,Ashurbanipal,Neo-Assyrian,Kuyunjik (Nineveh),ORCC,slab (sculptured),661.549730598166,657.5261921483162,663.8261138843202,13,13,13
Q003744,631.0,Ashurbanipal,Neo-Assyrian,Kuyunjik (Nineveh),ORCC,slab (sculptured),678.2024967745792,690.0777128448162,668.1895081718569,14,14,14
Q003745,631.0,Ashurbanipal,Neo-Assyrian,Kuyunjik (Nineveh),ORCC,slab (sculptured),639.2215457057574,626.261947650197,645.5561054677831,20,20,20
Q003746,631.0,Ashurbanipal,Neo-Assyrian,Kuyunjik (Nineveh),ORCC,slab (sculptured),647.2590101203342,660.4387433719158,659.4644061350581,13,13,13
Q003748,631.0,Ashurbanipal,Neo-Assyrian,Kuyunjik (Nineveh),ORCC,slab (sculptured),655.8216499488507,671.417036193692,699.044704089803,17,17,17
Q003749,631.0,Ashurbanipal,Neo-Assyrian,Kuyunjik (Nineveh),ORCC,slab (sculptured),656.0610197460811,684.558382844086,670.4455591570943,20,20,20
Q003750,631.0,Ashurbanipal,Neo-Assyrian,Kuyunjik (Nineveh),ORCC,slab (sculptured),668.7226381181631,679.1114463400286,661.1408124861886,11,11,11
Q003751,631.0,Ashurbanipal,Neo-Assyrian,Kuyunjik (Nineveh),ORCC,slab (sculptured),677.6206151273063,674.8365701010107,672.9935567387276,7,7,7
Q003753,631.0,Ashurbanipal,Neo-Assyrian,Kuyunjik (Nineveh),ORCC,slab (sculptured),648.4313583617841,645.6913083781619,635.2416583140665,14,14,14
Q003754,631.0,Ashurbanipal,Neo-Assyrian,Kuyunjik (Nineveh),ORCC,slab (sculptured),648.1548951025123,660.6062680172569,630.1604037369751,18,18,18
Q003755,631.0,Ashurbanipal,Neo-Assyrian,Kuyunjik (Nineveh),ORCC,slab (sculptured),666.4500188864862,663.1731124753959,661.0811304137974,20,20,20
Q003756,631.0,Ashurbanipal,Neo-Assyrian,Kuyunjik (Nineveh),ORCC,slab (sculptured),645.7665897347883,648.5114827735665,604.3690704370938,19,19,19
Q003757,631.0,Ashurbanipal,Neo-Assyrian,Kuyunjik (Nineveh),ORCC,slab (sculptured),644.0998071643598,677.1776030401008,647.6755043399602,17,17,17
Q003758,631.0,Ashurbanipal,Neo-Assyrian,Kuyunjik (Nineveh),ORCC,paving stone,651.104248234351,652.6837547831219,624.7217630894515,18,18,18
Q003759,631.0,Ashurbanipal,Neo-Assyrian,Kuyunjik (Nineveh),ORCC,paving stone,646.0500985912,656.090799894717,646.0935834129123,23,23,23
Q003760,631.0,Ashurbanipal,Neo-Assyrian,Qalat Sherqat (Assur),ORCC,None,632.2127208899608,623.9062859389229,660.4764429048262,16,16,16
Q003761,631.0,Ashurbanipal,Neo-Assyrian,Kuyunjik (Nineveh),ORCC,None,597.0134772448488,615.3365659161491,628.5609146063581,23,23,23
Q003762,631.0,Ashurbanipal,Neo-Assyrian,Kuyunjik (Nineveh),ORCC,anthropomorphic statue,651.3253339997779,647.7075559068235,657.170907220553,14,14,14
Q003763,631.0,Ashurbanipal,Neo-Assyrian,Kuyunjik (Nineveh),ORCC,"human-headed bull colossus, slab",657.1095688860959,682.6212007197871,681.14975807896,13,13,13
Q003764,631.0,Ashurbanipal,Neo-Assyrian,Kuyunjik (Nineveh),ORCC,seal (impression),651.7712871763348,650.9322202471625,666.8977667323234,21,21,21
Q003765,631.0,Ashurbanipal,Neo-Assyrian,Kuyunjik (Nineveh),ORCC,seal (impression),658.6315201826852,665.1384354632252,675.4427525080304,12,12,12
Q003766,631.0,Ashurbanipal,Neo-Assyrian,Kuyunjik (Nineveh),ORCC,seal (impression),653.670133259145,655.0306468487717,667.0839884162098,20,20,20
Q003767,631.0,Ashurbanipal,Neo-Assyrian,Kuyunjik (Nineveh),ORCC,vessel,655.8320418692439,644.1900853172907,661.2759617423889,11,11,11
Q003768,631.0,Ashurbanipal,Neo-Assyrian,Kuyunjik (Nineveh),ORCC,vessel,653.1820262239343,656.2776453262096,662.6756732197806,12,12,12
Q003769,631.0,Ashurbanipal,Neo-Assyrian,Kuyunjik (Nineveh),ORCC,vessel,662.6920750747456,645.3292800974624,667.9832420742141,17,17,17
Q003770,631.0,Ashurbanipal,Neo-Assyrian,Kuyunjik (Nineveh),ORCC,glazed brick,685.3366936778204,667.1237223032339,657.0101335648708,18,18,18
Q003771,631.0,Ashurbanipal,Neo-Assyrian,Kuyunjik (Nineveh),ORCC,None,655.8756928618853,659.8080083347237,677.5473797753466,12,12,12
Q003772,631.0,Ashurbanipal,Neo-Assyrian,Kuyunjik (Nineveh),ORCC,None,675.9509378486164,682.2482806794332,698.1519026229151,13,13,13
Q003773,631.0,Ashurbanipal,Neo-Assyrian,Kuyunjik (Nineveh),ORCC,None,663.1001781697296,659.6102583940801,678.2305986238364,14,14,14
Q003774,631.0,Ashurbanipal,Neo-Assyrian,Kuyunjik (Nineveh),ORCC,None,658.6380045642752,660.0186854098285,623.0809714598736,12,12,12
Q003775,631.0,Ashurbanipal,Neo-Assyrian,Kuyunjik (Nineveh),ORCC,None,679.1642463404106,703.3040519474386,702.499208259961,12,12,12
Q003776,631.0,Ashurbanipal,Neo-Assyrian,Kuyunjik (Nineveh),ORCC,None,645.5802963656656,650.2489757705862,657.9999236228298,11,11,11
Q003777,631.0,Ashurbanipal,Neo-Assyrian,Kuyunjik (Nineveh),ORCC,None,667.3038921976532,693.3191528666476,654.8650720876057,14,14,14
Q003778,631.0,Ashurbanipal,Neo-Assyrian,Kuyunjik (Nineveh),ORCC,None,637.2687635335118,669.5860978294594,675.3045092052312,18,18,18
Q003779,631.0,Ashurbanipal,Neo-Assyrian,Kuyunjik (Nineveh),ORCC,None,640.5815302720462,644.7495065074553,657.8409971324714,19,19,19
Q003780,631.0,Ashurbanipal,Neo-Assyrian,Kuyunjik (Nineveh),ORCC,None,657.6382372998476,678.2853562868058,652.0961078282836,22,22,22
Q003781,631.0,Ashurbanipal,Neo-Assyrian,Kuyunjik (Nineveh),ORCC,None,654.2749148763453,680.182708190981,652.9728906494313,13,13,13
Q003782,631.0,Ashurbanipal,Neo-Assyrian,Kuyunjik (Nineveh),ORCC,None,652.6662926929089,655.9960617214502,632.5795362039693,12,12,12
Q003783,631.0,Ashurbanipal,Neo-Assyrian,Kuyunjik (Nineveh),ORCC,None,620.4415514291125,629.4378784130379,640.7871996994816,20,20,20
Q003784,631.0,Ashurbanipal,Neo-Assyrian,Kuyunjik (Nineveh),ORCC,None,646.8422231577581,678.2461933006844,666.777845532916,20,20,20
Q003785,631.0,Ashurbanipal,Neo-Assyrian,Kuyunjik (Nineveh),ORCC,None,670.9766647491928,669.0190899570315,680.7986115763691,15,15,15
Q003786,631.0,Ashurbanipal,Neo-Assyrian,Kuyunjik (Nineveh),ORCC,None,650.7588558126602,644.3800304806091,654.6596042221034,16,16,16
Q003787,631.0,Ashurbanipal,Neo-Assyrian,Kuyunjik (Nineveh),ORCC,None,647.1951187421611,641.0852725449414,686.8844185751227,9,9,9
Q003788,631.0,Ashurbanipal,Neo-Assyrian,Kuyunjik (Nineveh),ORCC,None,665.4316428721128,667.7265151055806,676.1858426302193,14,14,14
Q003789,631.0,Ashurbanipal,Neo-Assyrian,Kuyunjik (Nineveh),ORCC,None,669.1540742113383,670.4651375960689,686.3017681566488,13,13,13
Q003790,631.0,Ashurbanipal,Neo-Assyrian,Kuyunjik (Nineveh),ORCC,None,670.2688996604102,657.7285965423957,650.8505994317451,13,13,13
Q003791,631.0,Ashurbanipal,Neo-Assyrian,Kuyunjik (Nineveh),ORCC,None,670.6351972335331,651.062195275801,630.9858242945523,17,17,17
Q003792,631.0,Ashurbanipal,Neo-Assyrian,Kuyunjik (Nineveh),ORCC,None,681.0239220022279,680.8761247083809,677.658945911429,14,14,14
Q003793,631.0,Ashurbanipal,Neo-Assyrian,Kuyunjik (Nineveh),ORCC,None,658.9032325347965,647.9151567698964,676.0473093245703,17,17,17
Q003794,631.0,Ashurbanipal,Neo-Assyrian,Kuyunjik (Nineveh),ORCC,None,653.4263844190908,660.1945409663773,659.9542675611268,18,18,18
Q003795,631.0,Ashurbanipal,Neo-Assyrian,Kuyunjik (Nineveh),ORCC,None,655.0900712991933,666.9268599096652,659.282550153349,19,19,19
Q003796,631.0,Ashurbanipal,Neo-Assyrian,Kuyunjik (Nineveh),ORCC,None,617.3494490411762,635.4126654680007,643.509641022783,17,17,17
Q003797,631.0,Ashurbanipal,Neo-Assyrian,Kuyunjik (Nineveh),ORCC,None,623.9475961314382,630.204999123191,604.5938580566478,16,16,16
Q003798,631.0,Ashurbanipal,Neo-Assyrian,Kuyunjik (Nineveh),ORCC,None,644.1824206716407,639.8868206550438,631.2091352945808,17,17,17
Q003799,631.0,Ashurbanipal,Neo-Assyrian,Babylon,ORCC,cylinder,627.060919085535,630.8522646446108,588.0296808301711,14,14,14
Q003800,631.0,Ashurbanipal,Neo-Assyrian,Babylon,ORCC,stele,634.5380249405387,653.0079005737133,649.3174811049803,11,11,11
Q003801,631.0,Ashurbanipal,Neo-Assyrian,Babylon,ORCC,cylinder,634.5955732759744,663.0703520136739,646.3443510262011,18,18,18
Q003802,631.0,Ashurbanipal,Neo-Assyrian,Babylon,ORCC,cylinder,634.3322282011036,661.5906409273381,632.0823540927437,20,20,20
Q003803,631.0,Ashurbanipal,Neo-Assyrian,Babylon,ORCC,cylinder,622.954074114186,641.4083705729836,639.9607416532501,7,7,7
Q003804,631.0,Ashurbanipal,Neo-Assyrian,Babylon,ORCC,stele,633.9989313296522,662.1393093133853,632.7134129937707,20,20,20
Q003805,631.0,Ashurbanipal,Neo-Assyrian,Babylon,ORCC,brick,642.6970725388094,653.832335123165,681.9005861664679,19,19,19
Q003806,631.0,Ashurbanipal,Neo-Assyrian,Babylon,ORCC,brick,650.4953648564373,660.9342317307769,694.1555230325441,18,18,18
Q003807,631.0,Ashurbanipal,Neo-Assyrian,Babylon,ORCC,brick,668.0941586493511,652.6611234197755,668.0972861220778,20,20,20
Q003808,631.0,Ashurbanipal,Neo-Assyrian,Babylon,ORCC,brick,656.7143376622151,653.1227785975735,673.4961816076386,14,14,14
Q003809,631.0,Ashurbanipal,Neo-Assyrian,Babylon,ORCC,brick,644.731212462437,641.1073626709011,665.3154280198057,13,13,13
Q003810,631.0,Ashurbanipal,Neo-Assyrian,Sippar,ORCC,cylinder,622.1574765984626,643.9244974871997,639.6291031278005,17,17,17
Q003811,631.0,Ashurbanipal,Neo-Assyrian,Borsippa,ORCC,stele,631.8667121469952,669.2922528104042,681.5819030475656,19,19,19
Q003812,631.0,Ashurbanipal,Neo-Assyrian,Borsippa,ORCC,cylinder,617.6252585879768,651.5476570774622,607.5597722505163,13,13,13
Q003813,631.0,Ashurbanipal,Neo-Assyrian,Nippur,ORCC,cylinder,629.4311340416308,651.6491005048247,583.4229829005252,15,15,15
Q003814,631.0,Ashurbanipal,Neo-Assyrian,Nippur,ORCC,brick,621.5357891178501,647.5770020950391,617.9462800351732,14,14,14
Q003815,631.0,Ashurbanipal,Neo-Assyrian,Nippur,ORCC,brick,639.6750142184682,616.9074156274887,624.4460875374232,15,15,15
Q003816,631.0,Ashurbanipal,Neo-Assyrian,Nippur,ORCC,brick,652.6821276044807,676.9022425916158,707.5526460259205,18,18,18
Q003817,631.0,Ashurbanipal,Neo-Assyrian,Uruk,ORCC,brick,649.3596756677804,659.047108348703,636.3342154349656,11,11,11
Q003818,631.0,Ashurbanipal,Neo-Assyrian,Nineveh,ORCC,cylinder,632.2629951912025,661.1881874367042,678.3820977793096,15,15,15
Q003819,631.0,Ashurbanipal,Neo-Assyrian,Dur-Kurigalzu,ORCC,brick,639.7324626805636,679.2439914333601,638.6117327763258,11,11,11
Q003820,631.0,Ashurbanipal,Neo-Assyrian,Me-Turran,ORCC,brick,642.7624060622826,662.7257845181999,647.2190870857164,19,19,19
Q003821,631.0,Ashurbanipal,Neo-Assyrian,Babylonia,ORCC,None,656.1742732868058,674.9554265034424,678.8876155597349,21,21,21
Q003822,631.0,Ashurbanipal,Neo-Assyrian,Kuyunjik (Nineveh),ORCC,None,660.236377681595,661.1492434940401,624.188726340149,8,8,8
Q003823,631.0,Ashurbanipal,Neo-Assyrian,Kuyunjik (Nineveh),ORCC,None,653.1158593780551,716.4008892359557,664.9760350852071,19,19,19
Q003824,631.0,Ashurbanipal,Neo-Assyrian,Kuyunjik (Nineveh),ORCC,None,658.1328231117578,683.4084642696038,665.1573383009703,20,20,20
Q003825,631.0,Ashurbanipal,Neo-Assyrian,Kuyunjik (Nineveh),ORCC,None,678.5092150874732,680.9307237869048,647.6269445256543,18,18,18
Q003826,631.0,Ashurbanipal,Neo-Assyrian,Kuyunjik (Nineveh),ORCC,None,669.0969390002059,664.8398560686959,656.0334548907209,10,10,10
Q003827,631.0,Ashurbanipal,Neo-Assyrian,Kuyunjik (Nineveh),ORCC,None,673.9488739263338,622.9214565259152,659.7603651248156,13,13,13
Q003828,631.0,Ashurbanipal,Neo-Assyrian,Kuyunjik (Nineveh),ORCC,None,667.5866945695936,663.6679988500567,655.4779243673495,16,16,16
Q003829,631.0,Ashurbanipal,Neo-Assyrian,Kuyunjik (Nineveh),ORCC,None,657.5322911720672,654.8959639370228,681.3670058246294,18,18,18
Q003840,631.0,Ashurbanipal,Neo-Assyrian,Ur,ORCC,door socket,655.5018694574652,695.9141063322419,675.4569348831108,12,12,12
Q003841,631.0,Ashurbanipal,Neo-Assyrian,Ur,ORCC,cone,643.11566406963,662.9616201743833,701.9023334933328,10,10,10
Q003845,631.0,Ashurbanipal,Neo-Assyrian,Ur,ORCC,brick,625.1070336241241,638.6384813812131,617.62249610329,16,16,16
Q003846,631.0,Ashurbanipal,Neo-Assyrian,Ur,ORCC,brick,611.6795815423018,617.5806412159567,598.6928384867799,14,14,14
Q003854,631.0,Ashurbanipal,Neo-Assyrian,Ur,ORCC,disk,614.4713037242809,636.5323787997309,612.0384651350905,23,23,23
Q003855,631.0,Ashurbanipal,Neo-Assyrian,Ur,ORCC,uncertain,603.3432110584824,605.0210002988808,593.669657700966,15,15,15
Q003862,612.0,Sîn-šarru-iškun,Neo-Assyrian,Kuyunjik (Nineveh),ORCC,cylinder,635.6611714024739,632.0390318369234,575.5370454053964,200,200,200
Q003863,612.0,Sîn-šarru-iškun,Neo-Assyrian,Kuyunjik (Nineveh),ORCC,cylinder,621.6332149447065,625.0835969314122,614.2844903594977,200,200,200
Q003864,612.0,Sîn-šarru-iškun,Neo-Assyrian,Kuyunjik (Nineveh),ORCC,cylinder,637.491967373525,617.6194130100597,612.971338056453,200,200,200
Q003865,612.0,Sîn-šarru-iškun,Neo-Assyrian,Kuyunjik (Nineveh),ORCC,cylinder,669.812568378245,623.946201369146,656.6361054110861,200,200,200
Q003866,612.0,Sîn-šarru-iškun,Neo-Assyrian,Kuyunjik (Nineveh),ORCC,cylinder,661.9837850526528,632.8383180497196,653.1374200740238,200,200,200
Q003867,612.0,Sîn-šarru-iškun,Neo-Assyrian,Kuyunjik (Nineveh),ORCC,None,636.0806416898394,631.0549120644968,574.0846276050756,200,200,200
Q003868,612.0,Sîn-šarru-iškun,Neo-Assyrian,Qalat Sherqat (Assur),ORCC,prism,630.0379817816947,646.0405346100474,604.3201623369578,200,200,200
Q003869,612.0,Sîn-šarru-iškun,Neo-Assyrian,Qalat Sherqat (Assur),ORCC,prism,633.8043687770444,621.552859938433,624.2955257041199,200,200,200
Q003870,612.0,Sîn-šarru-iškun,Neo-Assyrian,Qalat Sherqat (Assur),ORCC,prism,655.6167696283468,647.5186761433508,662.7432983905802,200,200,200
Q003871,612.0,Sîn-šarru-iškun,Neo-Assyrian,Qalat Sherqat (Assur),ORCC,cylinder,629.9038156841547,639.1832478668424,612.5283459638232,200,200,200
Q003872,612.0,Sîn-šarru-iškun,Neo-Assyrian,Qalat Sherqat (Assur),ORCC,cone,659.3755155405869,668.798490694461,692.8231695494873,200,200,200
Q003873,612.0,Sîn-šarru-iškun,Neo-Assyrian,Qalat Sherqat (Assur),ORCC,block,667.95656857048,673.0522903444647,685.8023107060185,200,200,200
Q003874,612.0,Sîn-šarru-iškun,Neo-Assyrian,Qalat Sherqat (Assur),ORCC,brick,669.970814450156,674.684175655811,706.7830623910747,200,200,200
Q003875,612.0,Sîn-šarru-iškun,Neo-Assyrian,Qalat Sherqat (Assur),ORCC,brick,673.847706245322,689.4936208437431,754.0124828076764,200,200,200
Q003876,612.0,Sîn-šarru-iškun,Neo-Assyrian,Qalat Sherqat (Assur),ORCC,None,657.3846781816196,650.5000597139839,681.3669693867087,200,200,200
Q003877,612.0,Sîn-šarru-iškun,Neo-Assyrian,Qalat Sherqat (Assur),ORCC,None,646.2738863253925,638.8392416668569,650.7958984373031,200,200,200
Q003878,612.0,Sîn-šarru-iškun,Neo-Assyrian,Qalat Sherqat (Assur),ORCC,None,636.3770135045908,651.4058046170856,682.2257572005296,200,200,200
Q003879,612.0,Sîn-šarru-iškun,Neo-Assyrian,Qalat Sherqat (Assur),ORCC,None,638.6602917147918,657.4117435455281,677.0684219928117,200,200,200
Q003880,612.0,Sîn-šarru-iškun,Neo-Assyrian,Nimrud (Kalhu),ORCC,cylinder,632.8713502301302,636.454505259996,580.5468726511748,200,200,200
Q003911,681.0,Sennacherib,Neo-Assyrian,Kuyunjik (Nineveh),ORCC,bead,673.0140247361335,689.1954091091364,678.2081513345597,17,17,17
Q003912,681.0,Sennacherib,Neo-Assyrian,Kuyunjik (Nineveh),ORCC,bead,664.7127473247135,680.5539682633645,673.1862309372308,20,20,20
Q003913,681.0,Sennacherib,Neo-Assyrian,Kuyunjik (Nineveh),ORCC,bead,661.6783673835613,694.1263188520163,665.1340082954358,19,19,19
Q003914,681.0,Sennacherib,Neo-Assyrian,Kuyunjik (Nineveh),ORCC,bead,656.440336315473,650.6017790257556,669.2292941741769,17,17,17
Q003915,681.0,Sennacherib,Neo-Assyrian,Kuyunjik (Nineveh),ORCC,bead,663.1926087077405,675.055095143683,677.7860229281521,16,16,16
Q003916,681.0,Sennacherib,Neo-Assyrian,Kuyunjik (Nineveh),ORCC,bead,665.0524571112597,680.3614611982277,679.1190029876889,19,19,19
Q003917,681.0,Sennacherib,Neo-Assyrian,Kuyunjik (Nineveh),ORCC,bead,651.937506218181,675.7541864947568,672.5961394926206,14,14,14
Q003918,681.0,Sennacherib,Neo-Assyrian,Kuyunjik (Nineveh),ORCC,bead,660.6735126354204,666.3133386651743,679.8821311950317,18,18,18
Q003919,681.0,Sennacherib,Neo-Assyrian,Kuyunjik (Nineveh),ORCC,bead,663.1029106312018,670.876157358639,675.5328249682555,17,17,17
Q003920,681.0,Sennacherib,Neo-Assyrian,Kuyunjik (Nineveh),ORCC,bead,648.3251639062148,662.8828279897978,686.415252370655,10,10,10
Q003921,681.0,Sennacherib,Neo-Assyrian,Kuyunjik (Nineveh),ORCC,bead,665.7798764188053,668.7593872754458,678.9104956973795,14,14,14
Q003922,681.0,Sennacherib,Neo-Assyrian,Kuyunjik (Nineveh),ORCC,bead,649.9196471505728,660.7604261052564,647.5372133995891,11,11,11
Q003923,681.0,Sennacherib,Neo-Assyrian,Kuyunjik (Nineveh),ORCC,bead,653.6134063033676,663.3091498093125,668.5685920324757,22,22,22
Q003924,681.0,Sennacherib,Neo-Assyrian,Kuyunjik (Nineveh),ORCC,bead,647.8260250799904,673.7555043314117,660.1929766559564,16,16,16
Q003925,681.0,Sennacherib,Neo-Assyrian,Kuyunjik (Nineveh),ORCC,bead,659.0633560377636,665.7726822195318,671.5299443272177,21,21,21
Q003926,681.0,Sennacherib,Neo-Assyrian,Kuyunjik (Nineveh),ORCC,bead,655.3124711651744,650.2177740202407,666.9787795478779,13,13,13
Q003927,681.0,Sennacherib,Neo-Assyrian,Kuyunjik (Nineveh),ORCC,bead,665.112636773384,666.3887802799279,671.0778743665408,19,19,19
Q003928,681.0,Sennacherib,Neo-Assyrian,Kuyunjik (Nineveh),ORCC,bead,653.8794479239658,655.4468567442891,660.3824787960664,23,23,23
Q003929,681.0,Sennacherib,Neo-Assyrian,Kuyunjik (Nineveh),ORCC,bead,669.2430303736279,699.7401434085024,670.3153940939737,14,14,14
Q003930,681.0,Sennacherib,Neo-Assyrian,Kuyunjik (Nineveh),ORCC,bead,649.5789348766481,644.8973745598288,650.3456744083423,19,19,19
Q003931,681.0,Sennacherib,Neo-Assyrian,Kuyunjik (Nineveh),ORCC,bead,645.7429246066537,646.2335972177531,642.982911604538,17,17,17
Q003932,681.0,Sennacherib,Neo-Assyrian,Kuyunjik (Nineveh),ORCC,bead,665.4613591553137,654.4529115761653,649.5635396908147,17,17,17
Q003933,681.0,Sennacherib,Neo-Assyrian,Kuyunjik (Nineveh),ORCC,bead,645.7522502146518,648.5227105635319,637.7950316533498,14,14,14
Q003934,681.0,Sennacherib,Neo-Assyrian,Kuyunjik (Nineveh),ORCC,bead,632.1703624993842,633.08788538834,631.3834564664272,18,18,18
Q003935,681.0,Sennacherib,Neo-Assyrian,Kuyunjik (Nineveh),ORCC,bead,662.1091953791324,612.1837646582227,654.19873066847,22,22,22
Q003936,681.0,Sennacherib,Neo-Assyrian,Kuyunjik (Nineveh),ORCC,bead,666.8843931992689,650.1766414524628,653.5185788236581,11,11,11
Q003937,681.0,Sennacherib,Neo-Assyrian,Kuyunjik (Nineveh),ORCC,horse trough,640.8737425570158,650.6774790966243,630.3023533589511,20,20,20
Q003938,681.0,Sennacherib,Neo-Assyrian,Kuyunjik (Nineveh),ORCC,vessel,653.7161592558147,681.6587516270181,660.8714741642838,25,25,25
Q003939,681.0,Sennacherib,Neo-Assyrian,Kuyunjik (Nineveh),ORCC,vessel,655.0471025810097,680.830512743184,675.8825815254058,17,17,17
Q003940,681.0,Sennacherib,Neo-Assyrian,Kuyunjik (Nineveh),ORCC,None,663.5571664234722,665.6675463796959,679.2213528864905,13,13,13
Q003941,681.0,Sennacherib,Neo-Assyrian,Kuyunjik (Nineveh),ORCC,None,643.0210729712181,654.7813996744486,650.0403596649295,21,21,21
Q003942,681.0,Sennacherib,Neo-Assyrian,Kuyunjik (Nineveh),ORCC,None,683.9782543542573,664.740691477255,652.9043678836854,18,18,18
Q003943,681.0,Sennacherib,Neo-Assyrian,Kuyunjik (Nineveh),ORCC,None,677.804063849395,696.6058555189126,692.6400474185339,17,17,17
Q003944,681.0,Sennacherib,Neo-Assyrian,Kuyunjik (Nineveh),ORCC,None,681.0595990649838,684.5249539266919,677.296965939012,14,14,14
Q003945,681.0,Sennacherib,Neo-Assyrian,Kuyunjik (Nineveh),ORCC,None,688.3666188447901,681.2188007510908,696.4161394071423,17,17,17
Q003946,681.0,Sennacherib,Neo-Assyrian,Kuyunjik (Nineveh),ORCC,None,675.549007636091,686.3255817909912,651.7326083274857,14,14,14
Q003947,681.0,Sennacherib,Neo-Assyrian,Kuyunjik (Nineveh),ORCC,None,683.4251670357996,673.0539845581355,675.179126909573,19,19,19
Q003948,681.0,Sennacherib,Neo-Assyrian,Kuyunjik (Nineveh),ORCC,None,697.2689405767122,694.9158410229569,694.5161422943353,16,16,16
Q003949,681.0,Sennacherib,Neo-Assyrian,Kuyunjik (Nineveh),ORCC,None,649.9506400154256,666.9097477933177,656.9016094511271,21,21,21
Q003950,681.0,Sennacherib,Neo-Assyrian,Kuyunjik (Nineveh),ORCC,None,661.6864324423659,664.0232176890763,622.4256695450681,18,18,18
Q003951,681.0,Sennacherib,Neo-Assyrian,Kuyunjik (Nineveh),ORCC,None,650.1921374243866,662.3594751562086,625.1886155938541,15,15,15
Q003952,681.0,Sennacherib,Neo-Assyrian,Kuyunjik (Nineveh),ORCC,None,644.0135605769998,660.2466159215394,617.484263311928,22,22,22
Q003953,681.0,Sennacherib,Neo-Assyrian,Kuyunjik (Nineveh),ORCC,None,628.6414494218895,613.1397131743182,609.43778790229,16,16,16
Q003954,681.0,Sennacherib,Neo-Assyrian,Kuyunjik (Nineveh),ORCC,None,645.2549913402087,681.7169758965332,672.703184558985,15,15,15
Q003955,681.0,Sennacherib,Neo-Assyrian,Kuyunjik (Nineveh),ORCC,None,639.7920823560931,629.1018826223367,620.4750924614161,18,18,18
Q003956,681.0,Sennacherib,Neo-Assyrian,Kuyunjik (Nineveh),ORCC,None,649.2679257943175,649.6506747551808,641.4513947972245,14,14,14
Q003957,681.0,Sennacherib,Neo-Assyrian,Kuyunjik (Nineveh),ORCC,None,647.6816667322898,657.3540456197719,655.3667704264116,12,12,12
Q003958,681.0,Sennacherib,Neo-Assyrian,Kuyunjik (Nineveh),ORCC,None,646.7405042205517,625.3804664354577,589.4431858752004,17,17,17
Q003959,681.0,Sennacherib,Neo-Assyrian,Kuyunjik (Nineveh),ORCC,None,652.0726069518626,650.0348909188773,686.915106819736,12,12,12
Q003960,681.0,Sennacherib,Neo-Assyrian,Kuyunjik (Nineveh),ORCC,None,642.7883829236389,644.9581512522539,644.6920790902947,16,16,16
Q003961,681.0,Sennacherib,Neo-Assyrian,Kuyunjik (Nineveh),ORCC,None,656.3444784438985,646.4557845680091,706.0014750792764,14,14,14
Q003962,681.0,Sennacherib,Neo-Assyrian,Kuyunjik (Nineveh),ORCC,None,652.8882325385633,628.2075178452407,657.6859036948052,13,13,13
Q003963,681.0,Sennacherib,Neo-Assyrian,Kuyunjik (Nineveh),ORCC,None,628.7675464781604,623.6630709470658,587.1616799391034,18,18,18
Q003964,681.0,Sennacherib,Neo-Assyrian,Kuyunjik (Nineveh),ORCC,None,642.217173366635,635.8610129748198,624.4058401050416,22,22,22
Q003965,681.0,Sennacherib,Neo-Assyrian,Kuyunjik (Nineveh),ORCC,None,644.1112492431737,641.4212360030627,635.4535556044035,14,14,14
Q003966,681.0,Sennacherib,Neo-Assyrian,Kuyunjik (Nineveh),ORCC,None,664.6894598414526,650.9373368834201,659.4558606414853,24,24,24
Q003967,681.0,Sennacherib,Neo-Assyrian,Kuyunjik (Nineveh),ORCC,None,657.1123043610107,642.076933705086,659.9189696786727,13,13,13
Q003968,681.0,Sennacherib,Neo-Assyrian,Kuyunjik (Nineveh),ORCC,None,645.6905923163586,654.5918050040314,650.1586940253442,18,18,18
Q003969,681.0,Sennacherib,Neo-Assyrian,Qalat Sherqat (Assur),ORCC,prism,658.2374850185535,655.7512457461529,684.3477429203351,22,22,22
Q003970,681.0,Sennacherib,Neo-Assyrian,Qalat Sherqat (Assur),ORCC,prism,693.8838596207944,675.5736810221424,665.227456971639,26,26,26
Q003971,681.0,Sennacherib,Neo-Assyrian,Qalat Sherqat (Assur),ORCC,prismatic cylinder,640.9140527518082,644.2361830619537,670.2670960017908,20,20,20
Q003972,681.0,Sennacherib,Neo-Assyrian,Qalat Sherqat (Assur),ORCC,stele,622.6695092888351,626.6724714738934,649.9532697559392,22,22,22
Q003973,681.0,Sennacherib,Neo-Assyrian,Qalat Sherqat (Assur),ORCC,None,644.6466683647052,656.2863017300738,718.2567838532556,15,15,15
Q003974,681.0,Sennacherib,Neo-Assyrian,Qalat Sherqat (Assur),ORCC,block,649.8483750177267,663.9910061683736,649.7152870599982,15,15,15
Q003975,681.0,Sennacherib,Neo-Assyrian,Qalat Sherqat (Assur),ORCC,block,656.4807672445214,667.0563306332339,651.0279757708913,21,21,21
Q003976,681.0,Sennacherib,Neo-Assyrian,Qalat Sherqat (Assur),ORCC,block,647.0208839087278,672.3102299693259,645.6773739052811,24,24,24
Q003977,681.0,Sennacherib,Neo-Assyrian,Qalat Sherqat (Assur),ORCC,block,635.0958274496853,661.6610459990895,620.6558286453845,26,26,26
Q003978,681.0,Sennacherib,Neo-Assyrian,Qalat Sherqat (Assur),ORCC,block,631.6705129264492,655.0409076115407,621.2994517891183,16,16,16
Q003979,681.0,Sennacherib,Neo-Assyrian,Qalat Sherqat (Assur),ORCC,series of blocks,642.703971774544,664.2196538924534,660.621530714749,26,26,26
Q003980,681.0,Sennacherib,Neo-Assyrian,Qalat Sherqat (Assur),ORCC,series of blocks,635.1283398747572,655.994157965442,592.9387079554009,17,17,17
Q003981,681.0,Sennacherib,Neo-Assyrian,Qalat Sherqat (Assur),ORCC,series of blocks,648.760733643941,583.0925234356685,641.9562672656148,17,17,17
Q003982,681.0,Sennacherib,Neo-Assyrian,Qalat Sherqat (Assur),ORCC,block,641.7015258142723,670.1344524014299,649.0438301451692,11,11,11
Q003983,681.0,Sennacherib,Neo-Assyrian,Qalat Sherqat (Assur),ORCC,block,643.8421721293776,678.6775601938908,645.0627779876701,22,22,22
Q003984,681.0,Sennacherib,Neo-Assyrian,Qalat Sherqat (Assur),ORCC,block,651.7718088019012,661.4472156710312,654.3343671772825,15,15,15
Q003985,681.0,Sennacherib,Neo-Assyrian,Qalat Sherqat (Assur),ORCC,block,648.5538596085823,672.9529418872293,661.9695387330102,20,20,20
Q003986,681.0,Sennacherib,Neo-Assyrian,Qalat Sherqat (Assur),ORCC,block,654.5210324124151,657.8594071508215,632.0896458157723,13,13,13
Q003987,681.0,Sennacherib,Neo-Assyrian,Qalat Sherqat (Assur),ORCC,block,658.7101857339264,649.3842673502663,644.7141425689834,17,17,17
Q003989,681.0,Sennacherib,Neo-Assyrian,Qalat Sherqat (Assur),ORCC,block,642.7836995704515,654.527476640142,630.6982809390546,19,19,19
Q003990,681.0,Sennacherib,Neo-Assyrian,Qalat Sherqat (Assur),ORCC,block,654.096194592554,679.4304602880715,651.9152308602221,21,21,21
Q003991,681.0,Sennacherib,Neo-Assyrian,Qalat Sherqat (Assur),ORCC,block,646.443656003625,655.8441383964564,636.393565021589,16,16,16
Q003992,681.0,Sennacherib,Neo-Assyrian,Qalat Sherqat (Assur),ORCC,block,647.7634933191233,659.8849600576945,650.296619384145,17,17,17
Q003993,681.0,Sennacherib,Neo-Assyrian,Qalat Sherqat (Assur),ORCC,block,651.850070052126,711.7557605751481,657.5408781383393,12,12,12
Q003995,681.0,Sennacherib,Neo-Assyrian,Qalat Sherqat (Assur),ORCC,door socket,646.2860859429584,644.2483391432343,637.805018286628,23,23,23
Q003996,681.0,Sennacherib,Neo-Assyrian,Qalat Sherqat (Assur),ORCC,door socket,656.3926379484026,654.2291308131166,664.0818428009004,20,20,20
Q003998,681.0,Sennacherib,Neo-Assyrian,Qalat Sherqat (Assur),ORCC,plating,655.4288724785048,646.3936530094362,637.1293481935722,12,12,12
Q003999,681.0,Sennacherib,Neo-Assyrian,Qalat Sherqat (Assur),ORCC,plating,671.8685264578978,648.3797400099423,666.1526447872129,26,26,26
Q004000,681.0,Sennacherib,Neo-Assyrian,Qalat Sherqat (Assur),ORCC,brick,666.579178673519,651.0353515451754,640.5389108046406,16,16,16
Q004001,681.0,Sennacherib,Neo-Assyrian,Qalat Sherqat (Assur),ORCC,brick,651.4751905878146,656.092581623744,661.6205762436341,14,14,14
Q004002,681.0,Sennacherib,Neo-Assyrian,Qalat Sherqat (Assur),ORCC,brick,645.0358732857704,664.6532293391999,658.4981070486344,14,14,14
Q004003,681.0,Sennacherib,Neo-Assyrian,Qalat Sherqat (Assur),ORCC,brick,655.9153429423511,665.2815994798657,659.3432556663328,13,13,13
Q004004,681.0,Sennacherib,Neo-Assyrian,Qalat Sherqat (Assur),ORCC,brick,647.4574991599441,673.0077782049522,670.239756448176,20,20,20
Q004005,681.0,Sennacherib,Neo-Assyrian,Qalat Sherqat (Assur),ORCC,brick,656.1381847602074,687.3624062760663,658.2514167118792,20,20,20
Q004006,681.0,Sennacherib,Neo-Assyrian,Qalat Sherqat (Assur),ORCC,brick,657.41952870373,685.9358502979131,669.5082348786559,17,17,17
Q004007,681.0,Sennacherib,Neo-Assyrian,Qalat Sherqat (Assur),ORCC,brick,653.480838394402,673.7527944780229,675.2566043823205,20,20,20
Q004008,681.0,Sennacherib,Neo-Assyrian,Qalat Sherqat (Assur),ORCC,brick,649.666062925132,678.322718751898,674.4267178140609,14,14,14
Q004009,681.0,Sennacherib,Neo-Assyrian,Qalat Sherqat (Assur),ORCC,brick,646.9782942944087,672.0251955767111,666.9818631802424,19,19,19
Q004010,681.0,Sennacherib,Neo-Assyrian,Qalat Sherqat (Assur),ORCC,brick,654.3639201942308,667.7273362090259,663.862665174447,18,18,18
Q004014,681.0,Sennacherib,Neo-Assyrian,Qalat Sherqat (Assur),ORCC,None,639.6088158069854,627.607320006073,622.4046710341547,13,13,13
Q004015,681.0,Sennacherib,Neo-Assyrian,Nimrud (Kalhu),ORCC,bead,658.3470224064972,665.282824074934,668.2514511154475,10,10,10
Q004016,681.0,Sennacherib,Neo-Assyrian,Nimrud (Kalhu),ORCC,lion weight,655.7167511471143,671.2297192304183,660.7707572800392,19,19,19
Q004017,681.0,Sennacherib,Neo-Assyrian,Nimrud (Kalhu),ORCC,tablet (with seal impressions),647.1111597838562,642.1277289315129,648.8771508443651,18,18,18
Q004018,681.0,Sennacherib,Neo-Assyrian,Tell Sherif Khan (Tarbisu),ORCC,cylinder,678.0128365048001,641.0983288234498,662.1591522602585,19,19,19
Q004019,681.0,Sennacherib,Neo-Assyrian,Tell Sherif Khan (Tarbisu),ORCC,cone,658.1750033443041,670.5829725430275,667.6904207035305,22,22,22
Q004020,681.0,Sennacherib,Neo-Assyrian,Tell Sherif Khan (Tarbisu),ORCC,slab,657.638382312662,691.1929167918465,647.784303261004,22,22,22
Q004021,681.0,Sennacherib,Neo-Assyrian,Tell Sherif Khan (Tarbisu),ORCC,brick,657.297975790297,679.9028736633263,651.6042343360045,18,18,18
Q004023,681.0,Sennacherib,Neo-Assyrian,Qasr Shamamuk (Kilizu),ORCC,slab,659.4167537884136,688.4072048840355,691.3309937374632,20,20,20
Q004024,681.0,Sennacherib,Neo-Assyrian,Qasr Shamamuk (Kilizu),ORCC,brick,658.9260457642473,695.6916805948537,670.5354941006715,24,24,24
Q004027,681.0,Sennacherib,Neo-Assyrian,Judi Dagh,ORCC,rock face,677.2120754745423,685.8373828176489,650.8373177448782,20,20,20
Q004028,681.0,Sennacherib,Neo-Assyrian,Bavian,ORCC,rock face,665.7365347542952,653.4193469687975,642.7283044886327,17,17,17
Q004029,681.0,Sennacherib,Neo-Assyrian,Jerwan Aqueduct,ORCC,block,659.177900461097,681.9364129724073,658.322804459109,14,14,14
Q004030,681.0,Sennacherib,Neo-Assyrian,Jerwan Aqueduct,ORCC,block,655.3948598749458,666.4576757237279,659.2262000969115,14,14,14
Q004031,681.0,Sennacherib,Neo-Assyrian,Jerwan Aqueduct,ORCC,series of blocks,658.4277118681191,705.7742412822263,711.314222551932,16,16,16
Q004032,681.0,Sennacherib,Neo-Assyrian,Jerwan Aqueduct,ORCC,series of blocks,658.7826631892823,675.741802706883,652.560794289122,19,19,19
Q004033,681.0,Sennacherib,Neo-Assyrian,Jerwan Aqueduct,ORCC,series of blocks,672.2041157410374,646.8529545703587,676.5770540672029,17,17,17
Q004034,681.0,Sennacherib,Neo-Assyrian,Wadi Bastura Tunnel,ORCC,series of blocks,655.0568993575954,680.1295465013749,694.7558703964719,19,19,19
Q004035,681.0,Sennacherib,Neo-Assyrian,Samarra (Sur-marrati),ORCC,None,663.1387609475947,655.9041790349485,626.6921572859487,17,17,17
Q004036,681.0,Sennacherib,Neo-Assyrian,Tikrit,ORCC,None,656.5681036405513,644.1064322552269,673.6547085238361,19,19,19
Q004037,681.0,Sennacherib,Neo-Assyrian,Babylon,ORCC,paving stone,657.3916507390624,672.8523609558404,654.7657100915081,14,14,14
Q004038,681.0,Sennacherib,Neo-Assyrian,Sippar,ORCC,lion-head finial,653.5403422951601,668.9602024565964,687.211866889081,19,19,19
Q004058,681.0,Sennacherib,Neo-Assyrian,Kuyunjik (Nineveh),ORCC,vessel,652.3618367944538,678.3571028231568,657.4174952777573,20,20,20
Q004059,681.0,Sennacherib,Neo-Assyrian,Kuyunjik (Nineveh),ORCC,vessel,645.7269702544085,647.3326154096213,647.2529612012986,18,18,18
Q004060,681.0,Sennacherib,Neo-Assyrian,Kuyunjik (Nineveh),ORCC,vessel,647.935901595543,644.5649079373104,645.837135293617,16,16,16
Q004061,681.0,Sennacherib,Neo-Assyrian,Kuyunjik (Nineveh),ORCC,vessel,648.307105626913,639.5561429070028,646.612327364524,14,14,14
Q004062,681.0,Sennacherib,Neo-Assyrian,Kuyunjik (Nineveh),ORCC,vessel,656.7778880917966,713.4387341609221,657.473728568245,19,19,19
Q004063,681.0,Sennacherib,Neo-Assyrian,Kuyunjik (Nineveh),ORCC,vessel,649.6971805907518,672.7074058330492,657.5112251981398,14,14,14
Q004064,681.0,Sennacherib,Neo-Assyrian,Kuyunjik (Nineveh),ORCC,vessel,651.2190036666144,655.4860183910662,651.7959490788945,25,25,25
Q004065,681.0,Sennacherib,Neo-Assyrian,Kuyunjik (Nineveh),ORCC,vessel,648.7962759553558,644.0887902864271,644.1268335521522,15,15,15
Q004066,681.0,Sennacherib,Neo-Assyrian,Kuyunjik (Nineveh),ORCC,vessel,648.6915055368678,649.7501161587987,652.3676531168941,11,11,11
Q004067,681.0,Sennacherib,Neo-Assyrian,Kuyunjik (Nineveh),ORCC,bead,648.0856987295747,659.2820887486542,650.4212680671623,17,17,17
Q004070,681.0,Sennacherib,Neo-Assyrian,Kuyunjik (Nineveh),ORCC,bead,633.9039337679599,566.3334581174579,650.0117138391181,17,17,17
Q004071,681.0,Sennacherib,Neo-Assyrian,Kuyunjik (Nineveh),ORCC,None,686.0389963592265,671.9550751078391,672.5916497655937,18,18,18
Q004072,681.0,Sennacherib,Neo-Assyrian,Kuyunjik (Nineveh),ORCC,None,656.664069421486,666.2184045578899,659.5374722005955,15,15,15
Q004073,681.0,Sennacherib,Neo-Assyrian,Kuyunjik (Nineveh),ORCC,None,667.4524919945708,664.1310117846282,663.2554923487749,22,22,22
Q004074,681.0,Sennacherib,Neo-Assyrian,Kuyunjik (Nineveh),ORCC,None,654.9430433345017,660.055353732289,660.6178127537607,16,16,16
Q004075,681.0,Sennacherib,Neo-Assyrian,Kuyunjik (Nineveh),ORCC,None,643.0026321776537,657.5883879872246,638.331541095,21,21,21
Q004077,681.0,Sennacherib,Neo-Assyrian,Kuyunjik (Nineveh),ORCC,None,646.3793171302625,631.4486930546154,644.9058284529481,10,10,10
Q004078,681.0,Sennacherib,Neo-Assyrian,Kuyunjik (Nineveh),ORCC,None,663.7199951915243,644.9785042536274,649.5908783367136,19,19,19
Q004079,681.0,Sennacherib,Neo-Assyrian,Kuyunjik (Nineveh),ORCC,None,625.1875662451178,634.0446340207425,634.7329599016803,8,8,8
Q004080,681.0,Sennacherib,Neo-Assyrian,Kuyunjik (Nineveh),ORCC,tablet or prism,619.9765678408713,610.8393290758776,628.232783165924,18,18,18
Q004081,681.0,Sennacherib,Neo-Assyrian,Kuyunjik (Nineveh),ORCC,tablet or prism,649.3690387749856,659.4527285650524,644.8748362985165,23,23,23
Q004082,681.0,Sennacherib,Neo-Assyrian,Kuyunjik (Nineveh),ORCC,tablet or prism,650.707280543753,704.3304587940237,652.789891723087,17,17,17
Q004088,681.0,Sennacherib,Neo-Assyrian,Qalat Sherqat (Assur),ORCC,stele,643.9378775901417,696.412515255706,657.5104065798763,18,18,18
Q004089,681.0,Sennacherib,Neo-Assyrian,Qalat Sherqat (Assur),ORCC,vessel,652.6823587878346,684.6720337573042,657.8642812993307,20,20,20
Q004177,727.0,Tiglath-pileser III,Neo-Assyrian,Assyria,ORCC,bead,664.6905074456073,667.1324852219157,658.604328697295,58,58,58
Q004178,727.0,Tiglath-pileser III,Neo-Assyrian,Assyria,ORCC,brick,664.6474035660493,662.1958610206802,655.593216122505,67,67,67
Q005398,539.0,Nabonidus,Neo-Babylonian,Babylon,ORCC,cylinder,600.8455951113312,607.1461341252729,592.9128055345218,50,50,50
Q005399,539.0,Nabonidus,Neo-Babylonian,Babylon,ORCC,cylinder,593.906312889291,595.3960386158842,598.897807798733,64,64,64
Q005400,539.0,Nabonidus,Neo-Babylonian,Babylon,ORCC,stele,625.1889437142506,615.0136431962907,637.2003250218891,73,73,73
Q005401,539.0,Nabonidus,Neo-Babylonian,Babylon,ORCC,stele,623.9653954533208,634.3526208811601,618.3783231132562,59,59,59
Q005402,539.0,Nabonidus,Neo-Babylonian,Babylon,ORCC,None,614.9079503418914,588.5566653966761,614.9473050974083,65,65,65
Q005404,539.0,Nabonidus,Neo-Babylonian,Babylon,ORCC,brick,603.3475662294717,564.5863166989701,610.7833735704729,56,56,56
Q005405,539.0,Nabonidus,Neo-Babylonian,Babylon,ORCC,brick,614.5037766714952,567.7135085774532,595.4755367968987,70,70,70
Q005407,539.0,Nabonidus,Neo-Babylonian,Babylon,ORCC,cylinder,613.7249865911144,590.0617144544891,614.5167247431136,62,62,62
Q005408,539.0,Nabonidus,Neo-Babylonian,Babylon,ORCC,cylinder,641.3174815276761,603.7950219496688,652.9060516640383,71,71,71
Q005409,539.0,Nabonidus,Neo-Babylonian,Babylon,ORCC,cylinder,629.0116602633314,593.000513138021,642.5473384851352,62,62,62
Q005410,539.0,Nabonidus,Neo-Babylonian,Borsippa,ORCC,cylinder,576.6192275303024,590.2723594429417,583.9427477885598,67,67,67
Q005411,539.0,Nabonidus,Neo-Babylonian,Kish,ORCC,cylinder,606.6512745605887,576.1465219885378,595.0131850622943,40,40,40
Q005412,539.0,Nabonidus,Neo-Babylonian,Kissik,ORCC,cylinder,597.3511201463547,595.1413056322617,615.0778719189173,66,66,66
Q005413,539.0,Nabonidus,Neo-Babylonian,Larsa,ORCC,cylinder,602.0118079512254,588.4525110741636,612.5593714050142,52,52,52
Q005414,539.0,Nabonidus,Neo-Babylonian,Larsa,ORCC,stele,638.5488164422346,635.7887579484739,614.5167988710522,76,76,76
Q005415,539.0,Nabonidus,Neo-Babylonian,Larsa,ORCC,brick,623.7167294127792,585.1483586694484,615.76226443846,59,59,59
Q005416,539.0,Nabonidus,Neo-Babylonian,Marad,ORCC,cylinder,599.9635545508347,601.5086950177681,627.4652614110626,57,57,57
Q005417,539.0,Nabonidus,Neo-Babylonian,Seleucia,ORCC,brick,642.7665775575272,593.7457225924375,653.2717566749122,57,57,57
Q005418,539.0,Nabonidus,Neo-Babylonian,Sippar,ORCC,cylinder,619.6839748548678,587.234263494324,617.2049517632678,64,64,64
Q005419,539.0,Nabonidus,Neo-Babylonian,Sippar,ORCC,cylinder,603.9669923073733,588.5988771104013,615.218732420836,60,60,60
Q005420,539.0,Nabonidus,Neo-Babylonian,Sippar,ORCC,cylinder,600.0538657198381,580.7584143901446,619.2495962431809,61,61,61
Q005421,539.0,Nabonidus,Neo-Babylonian,Sippar,ORCC,cylinder,618.548185137342,625.7672597250881,627.7336627262773,64,64,64
Q005422,539.0,Nabonidus,Neo-Babylonian,Sippar,ORCC,cylinder,614.7144923038508,606.1889398302746,604.3400493808527,59,59,59
Q005423,539.0,Nabonidus,Neo-Babylonian,Sippar,ORCC,cylinder,620.693237356244,608.2359641165177,599.9597787177014,68,68,68
Q005424,539.0,Nabonidus,Neo-Babylonian,Ur,ORCC,cylinder,628.660385656942,601.1083498777514,614.2609677244956,61,61,61
Q005425,539.0,Nabonidus,Neo-Babylonian,Sippar,ORCC,cylinder,620.3924910123776,592.8246449506555,587.6690406603722,71,71,71
Q005426,539.0,Nabonidus,Neo-Babylonian,Sippar,ORCC,cylinder,615.6041463416782,603.1335244459042,630.8663969765473,61,61,61
Q005427,539.0,Nabonidus,Neo-Babylonian,Sippar,ORCC,None,612.1281534945864,596.0098608842545,626.3613608137186,56,56,56
Q005428,539.0,Nabonidus,Neo-Babylonian,Sippar,ORCC,brick,608.3366990007684,551.6719451348441,628.6505029985228,59,59,59
Q005429,539.0,Nabonidus,Neo-Babylonian,Ur,ORCC,cylinder,632.9766715392143,605.4496069461671,626.2013906009961,69,69,69
Q005430,539.0,Nabonidus,Neo-Babylonian,Ur,ORCC,cylinder,636.028698435967,611.5364870022125,620.9436392435924,66,66,66
Q005431,539.0,Nabonidus,Neo-Babylonian,Ur,ORCC,cylinder,612.4315528565029,592.3641847891195,606.1176241224907,49,49,49
Q005432,539.0,Nabonidus,Neo-Babylonian,Ur,ORCC,cylinder,634.2508909060834,626.2657946035904,640.6996948825433,56,56,56
Q005433,539.0,Nabonidus,Neo-Babylonian,Ur,ORCC,door socket,631.4708767296171,608.5225775960545,611.4128356247492,56,56,56
Q005434,539.0,Nabonidus,Neo-Babylonian,Ur,ORCC,brick,633.0505320638246,612.5440547033039,610.34987984476,67,67,67
Q005435,539.0,Nabonidus,Neo-Babylonian,Ur,ORCC,brick,640.3323195505081,618.4640358191698,619.519106660823,59,59,59
Q005436,539.0,Nabonidus,Neo-Babylonian,Ur,ORCC,brick,613.9431916236732,580.2012935906196,584.2679210940009,69,69,69
Q005438,539.0,Nabonidus,Neo-Babylonian,Ur,ORCC,cylinder,618.3584922954342,620.1399361021907,600.2649745368011,59,59,59
Q005439,539.0,Nabonidus,Neo-Babylonian,Babylonia,ORCC,cylinder,608.6609730322311,597.3139777866174,643.431571171426,62,62,62
Q005440,539.0,Nabonidus,Neo-Babylonian,Babylonia,ORCC,stele,650.8050629693747,633.7746448083917,629.2503741884611,68,68,68
Q005441,539.0,Nabonidus,Neo-Babylonian,Babylonia,ORCC,None,623.9349934202706,608.8408846818588,628.1871102600043,55,55,55
Q005442,539.0,Nabonidus,Neo-Babylonian,Babylonia,ORCC,None,638.391041956987,630.5325112086861,646.2103206690754,64,64,64
Q005443,539.0,Nabonidus,Neo-Babylonian,Harran,ORCC,cylinder,643.0206474350058,616.9680481468057,629.9759392865499,68,68,68
Q005444,539.0,Nabonidus,Neo-Babylonian,Harran,ORCC,stele,646.4200008148608,641.58382752666,630.3741647315774,69,69,69
Q005445,539.0,Nabonidus,Neo-Babylonian,Harran,ORCC,uncertain,650.5709159381976,591.2245325340018,657.104207751295,68,68,68
Q005446,539.0,Nabonidus,Neo-Babylonian,Harran,ORCC,uncertain,653.3240026199425,620.5417429426878,623.9312129939524,67,67,67
Q005447,539.0,Nabonidus,Neo-Babylonian,Harran,ORCC,uncertain,647.7698357421563,679.4469997143538,659.8456920310102,61,61,61
Q005448,539.0,Nabonidus,Neo-Babylonian,Harran,ORCC,brick,638.2193000603598,605.5694939839885,601.6769763368859,62,62,62
Q005449,539.0,Nabonidus,Neo-Babylonian,Harran,ORCC,vessel,642.6616833941225,620.6829265283104,611.6974163365248,57,57,57
Q005450,539.0,Nabonidus,Neo-Babylonian,Harran,ORCC,bead,647.1166553563852,655.6097542503069,649.0299334501065,72,72,72
Q005451,539.0,Nabonidus,Neo-Babylonian,Padakku,ORCC,slab,652.9145837722573,648.772670368536,627.6792297243271,61,61,61
Q005452,539.0,Nabonidus,Neo-Babylonian,Selaʾ,ORCC,rock face,646.8554977930041,627.2169124412562,642.6790545942386,64,64,64
Q005453,539.0,Nabonidus,Neo-Babylonian,Tayma,ORCC,stele,642.2356357510323,638.837939810207,604.4101239168623,63,63,63
Q005454,539.0,Nabonidus,Neo-Babylonian,Tayma,ORCC,statue base,645.286911397061,584.2446224926721,646.4187144121645,57,57,57
Q005455,539.0,Nabonidus,Neo-Babylonian,Tayma,ORCC,stele,635.9015321595754,608.2563957309592,652.2340676086874,65,65,65
Q005456,539.0,Nabonidus,Neo-Babylonian,Tayma,ORCC,stele,649.5207816414876,646.5223605637926,653.3708447176826,63,63,63
Q005457,539.0,Nabonidus,Neo-Babylonian,Tayma,ORCC,stele,631.7017425880646,600.5394488244805,650.1685285338696,47,47,47
Q005458,539.0,Nabonidus,Neo-Babylonian,Tayma,ORCC,stele,653.2733349963675,641.776307768928,655.2974857050915,61,61,61
Q005463,539.0,Nabonidus,Neo-Babylonian,Babylonia,ORCC,cylinder,617.8235312725856,611.0712676934377,644.4578449898859,51,51,51
Q005464,539.0,Nabonidus,Neo-Babylonian,Borsippa,ORCC,cylinder,619.8964567018683,608.1630037020406,637.8558022710293,65,65,65
Q005465,539.0,Nabonidus,Neo-Babylonian,Babylonia,ORCC,stele,632.6578091281798,598.0342808681061,656.0367138351564,60,60,60
Q005466,539.0,Nabonidus,Neo-Babylonian,Kish,ORCC,cylinder,630.376483926692,614.6496057278316,640.3975221862544,64,64,64
Q005467,539.0,Nabonidus,Neo-Babylonian,Tell al-Lahm,ORCC,brick,655.9182386276466,683.9126316295367,662.9739538468277,67,67,67
Q005468,539.0,Nabonidus,Neo-Babylonian,Marad,ORCC,cylinder,618.5204141618215,598.9028934969327,629.4347968153992,56,56,56
Q005469,539.0,Nabonidus,Neo-Babylonian,Sippar,ORCC,cylinder,614.1484646200747,581.7944128771572,640.4936941055997,66,66,66
Q005470,539.0,Nabonidus,Neo-Babylonian,Sippar,ORCC,cylinder,637.4130898930649,603.7374651150853,642.5274240067939,55,55,55
Q005471,539.0,Nabonidus,Neo-Babylonian,Harran,ORCC,stele,639.2107964228501,614.3897432636192,608.6197168964507,61,61,61
Q005472,562.0,Nebuchadnezzar II,Neo-Babylonian,Babylon,ORCC,stele,584.5575724299082,565.8626197943681,560.9468181977685,49,49,49
Q005473,562.0,Nebuchadnezzar II,Neo-Babylonian,Babylon,ORCC,None,574.8323953356835,543.3883181033793,546.2795002170782,47,47,47
Q005474,562.0,Nebuchadnezzar II,Neo-Babylonian,Babylon,ORCC,block,586.8259790004518,581.7610597092652,593.3664776547289,32,32,32
Q005475,562.0,Nebuchadnezzar II,Neo-Babylonian,Babylon,ORCC,block,595.5402061733475,591.5402373330743,581.4209367647177,48,48,48
Q005476,562.0,Nebuchadnezzar II,Neo-Babylonian,Babylon,ORCC,block,593.8582838184767,589.2537151680667,600.2340395691248,41,41,41
Q005477,562.0,Nebuchadnezzar II,Neo-Babylonian,Babylon,ORCC,block,592.4225058521264,589.4521292757476,590.2854359568319,40,40,40
Q005478,562.0,Nebuchadnezzar II,Neo-Babylonian,Babylon,ORCC,paving stone,601.3445122849977,585.7113340957018,587.9948747318431,61,61,61
Q005479,562.0,Nebuchadnezzar II,Neo-Babylonian,Babylon,ORCC,paving stone,608.8502592555199,639.5259776458507,632.1076807059411,38,38,38
Q005481,562.0,Nebuchadnezzar II,Neo-Babylonian,Babylon,ORCC,paving stone,592.3029838303884,603.6521016397323,606.9991463374444,50,50,50
Q005482,562.0,Nebuchadnezzar II,Neo-Babylonian,Babylon,ORCC,prism,598.918163361313,585.5837471703603,604.9698822259398,41,41,41
Q005483,562.0,Nebuchadnezzar II,Neo-Babylonian,Babylon,ORCC,cylinder,564.4785173431943,525.0590452233721,551.1820098070442,47,47,47
Q005484,562.0,Nebuchadnezzar II,Neo-Babylonian,Babylon,ORCC,cylinder,574.8979636817254,561.8763267826059,566.5302767742266,40,40,40
Q005485,562.0,Nebuchadnezzar II,Neo-Babylonian,Babylon,ORCC,cylinder,564.1972570462066,539.0685650646698,556.1657983327851,47,47,47
Q005486,562.0,Nebuchadnezzar II,Neo-Babylonian,Babylon,ORCC,cylinder,571.734463401879,574.2454610188971,555.4385448618664,39,39,39
Q005487,562.0,Nebuchadnezzar II,Neo-Babylonian,Babylon,ORCC,cylinder,591.8511587849257,561.0885932495177,574.1882111998376,39,39,39
Q005488,562.0,Nebuchadnezzar II,Neo-Babylonian,Babylon,ORCC,cylinder,582.1972513524111,596.6467280493255,595.8037277915654,43,43,43
Q005489,562.0,Nebuchadnezzar II,Neo-Babylonian,Babylon,ORCC,cylinder,574.8381286248563,549.4429702199253,539.9296982325088,42,42,42
Q005490,562.0,Nebuchadnezzar II,Neo-Babylonian,Babylon,ORCC,cylinder,570.6224040898904,549.6454836784569,566.4364748113913,44,44,44
Q005492,562.0,Nebuchadnezzar II,Neo-Babylonian,Babylon,ORCC,cylinder,575.7961592206273,532.8934866853111,557.6912356778644,46,46,46
Q005493,562.0,Nebuchadnezzar II,Neo-Babylonian,Babylon,ORCC,cylinder,590.9273870854674,589.608902071345,588.5749407114267,55,55,55
Q005494,562.0,Nebuchadnezzar II,Neo-Babylonian,Babylon,ORCC,cylinder,566.8458213140686,533.1598557418403,561.4858311329047,56,56,56
Q005495,562.0,Nebuchadnezzar II,Neo-Babylonian,Babylon,ORCC,cylinder,604.0411279364907,588.9099233427844,599.9358914428146,53,53,53
Q005497,562.0,Nebuchadnezzar II,Neo-Babylonian,Babylon,ORCC,cylinder,569.3282359144263,553.26424929963,562.5127887675064,40,40,40
Q005498,562.0,Nebuchadnezzar II,Neo-Babylonian,Babylon,ORCC,cylinder,575.5397799784986,529.9234800139297,547.7852472010978,52,52,52
Q005499,562.0,Nebuchadnezzar II,Neo-Babylonian,Babylon,ORCC,cylinder,618.9426939276751,615.6559340900315,607.9992257282835,37,37,37
Q005500,562.0,Nebuchadnezzar II,Neo-Babylonian,Babylon,ORCC,cylinder,580.1016418828965,560.0810698336368,547.4014624410429,47,47,47
Q005501,562.0,Nebuchadnezzar II,Neo-Babylonian,Babylon,ORCC,cylinder,557.8576659679477,533.6115996434054,547.8942772263571,53,53,53
Q005502,562.0,Nebuchadnezzar II,Neo-Babylonian,Babylon,ORCC,cylinder,574.0822853096266,544.1688703393655,574.3022443899943,50,50,50
Q005503,562.0,Nebuchadnezzar II,Neo-Babylonian,Babylon,ORCC,cylinder,570.1213328798873,558.5428180026092,562.930683583789,55,55,55
Q005504,562.0,Nebuchadnezzar II,Neo-Babylonian,Babylon,ORCC,cylinder,572.6611111943208,554.7720186876409,561.7568558209583,35,35,35
Q005505,562.0,Nebuchadnezzar II,Neo-Babylonian,Babylon,ORCC,cylinder,575.8722120767752,569.4398695700698,562.3851054229356,54,54,54
Q005506,562.0,Nebuchadnezzar II,Neo-Babylonian,Babylon,ORCC,cylinder,568.7086601895659,563.4225455988968,573.8534644786006,48,48,48
Q005507,562.0,Nebuchadnezzar II,Neo-Babylonian,Babylon,ORCC,cylinder,575.5260896282317,560.2379418515031,603.206082131898,53,53,53
Q005508,562.0,Nebuchadnezzar II,Neo-Babylonian,Babylon,ORCC,cylinder,571.1204835392377,586.4713140866475,589.1977442063696,50,50,50
Q005521,562.0,Nebuchadnezzar II,Neo-Babylonian,Babylon,ORCC,cylinder,578.6598657595564,551.3094220443239,555.2170113993345,40,40,40
Q005522,562.0,Nebuchadnezzar II,Neo-Babylonian,Babylon,ORCC,cylinder,584.2855243937877,613.1272820202562,600.1718556034507,43,43,43
Q005523,562.0,Nebuchadnezzar II,Neo-Babylonian,Babylon,ORCC,cylinder,598.6631709933557,522.9464177116323,617.0445813482605,51,51,51
Q005524,562.0,Nebuchadnezzar II,Neo-Babylonian,Babylon,ORCC,cylinder,588.232111283856,632.671811753179,619.4389473800943,53,53,53
Q005525,562.0,Nebuchadnezzar II,Neo-Babylonian,Babylon,ORCC,cylinder,573.4916759436315,573.646312955877,594.8944176545757,54,54,54
Q005526,562.0,Nebuchadnezzar II,Neo-Babylonian,Babylon,ORCC,cylinder,591.9812665758446,562.1065581210313,605.5344670592581,44,44,44
Q005528,562.0,Nebuchadnezzar II,Neo-Babylonian,Babylon,ORCC,glazed brick panel,580.2224470320396,574.8541634042649,597.5052929038953,48,48,48
Q005531,562.0,Nebuchadnezzar II,Neo-Babylonian,Babylon,ORCC,brick,585.4077854412469,568.3875562159595,551.9235836200853,57,57,57
Q005532,562.0,Nebuchadnezzar II,Neo-Babylonian,Babylon,ORCC,brick,581.3557580842896,560.0087086382398,565.3417142717836,44,44,44
Q005533,562.0,Nebuchadnezzar II,Neo-Babylonian,Babylon,ORCC,brick,595.6714226197995,561.0139819180033,581.8637660421406,47,47,47
Q005534,562.0,Nebuchadnezzar II,Neo-Babylonian,Babylon,ORCC,brick,582.926293815601,561.5854887662141,563.3304201822923,43,43,43
Q005535,562.0,Nebuchadnezzar II,Neo-Babylonian,Babylon,ORCC,brick,599.4438160377789,578.1534640300614,559.4333356695125,57,57,57
Q005536,562.0,Nebuchadnezzar II,Neo-Babylonian,Babylon,ORCC,brick,612.0361930152503,544.5983912136684,587.6798317393285,40,40,40
Q005537,562.0,Nebuchadnezzar II,Neo-Babylonian,Babylon,ORCC,brick,572.842772290453,547.3959907174005,543.3581207655315,50,50,50
Q005538,562.0,Nebuchadnezzar II,Neo-Babylonian,Babylon,ORCC,brick,584.9453619586,555.0405937291441,550.1621238889297,47,47,47
Q005540,562.0,Nebuchadnezzar II,Neo-Babylonian,Babylon,ORCC,brick,623.5479008215993,612.7893037621527,627.6393943904612,41,41,41
Q005541,562.0,Nebuchadnezzar II,Neo-Babylonian,Babylon,ORCC,brick,629.350787282893,665.5843497619685,649.5527076137953,41,41,41
Q005542,562.0,Nebuchadnezzar II,Neo-Babylonian,Babylon,ORCC,brick,547.2793297947288,535.2181704936426,554.4091031002081,50,50,50
Q005545,562.0,Nebuchadnezzar II,Neo-Babylonian,Babylon,ORCC,eyestone,579.7314495112404,533.3821015062317,546.8929382771134,51,51,51
Q005550,562.0,Nebuchadnezzar II,Neo-Babylonian,Borsippa,ORCC,cylinder,585.451094678189,554.0351955548684,600.3136482903462,63,63,63
Q005551,562.0,Nebuchadnezzar II,Neo-Babylonian,Borsippa,ORCC,cylinder,579.7614293598967,551.8735454827757,607.7575355611733,62,62,62
Q005552,562.0,Nebuchadnezzar II,Neo-Babylonian,Borsippa,ORCC,cylinder,577.3068465428518,615.4959151575077,583.725708405819,37,37,37
Q005554,562.0,Nebuchadnezzar II,Neo-Babylonian,Borsippa,ORCC,cylinder,590.5717585461151,628.1327656149273,571.6014179309428,39,39,39
Q005555,562.0,Nebuchadnezzar II,Neo-Babylonian,Borsippa,ORCC,cylinder,581.4357986882562,537.4700042814568,558.0858582248627,54,54,54
Q005556,562.0,Nebuchadnezzar II,Neo-Babylonian,Borsippa,ORCC,cylinder,599.406468903836,563.8464134949865,563.955496477336,48,48,48
Q005557,562.0,Nebuchadnezzar II,Neo-Babylonian,Borsippa,ORCC,cylinder,576.1587692515218,565.193554127418,557.8503232034639,52,52,52
Q005558,562.0,Nebuchadnezzar II,Neo-Babylonian,Borsippa,ORCC,block,566.667184763941,548.4354341415183,574.851065278146,44,44,44
Q005559,562.0,Nebuchadnezzar II,Neo-Babylonian,Borsippa,ORCC,paving stone,593.2026889109317,574.1441745967867,574.7513496112119,51,51,51
Q005560,562.0,Nebuchadnezzar II,Neo-Babylonian,Borsippa,ORCC,block,568.4601360473531,586.1626077153195,572.4640738326488,64,64,64
Q005561,562.0,Nebuchadnezzar II,Neo-Babylonian,Borsippa,ORCC,door socket,557.7875067414689,566.9714549745765,558.6089724199654,59,59,59
Q005562,562.0,Nebuchadnezzar II,Neo-Babylonian,Borsippa,ORCC,brick,557.425893032514,565.9564189735964,580.5479349218616,38,38,38
Q005563,562.0,Nebuchadnezzar II,Neo-Babylonian,Borsippa,ORCC,brick,563.8475947055026,566.4366888539406,555.7072695382149,44,44,44
Q005566,562.0,Nebuchadnezzar II,Neo-Babylonian,Borsippa,ORCC,eye stone,551.6088047030144,532.3793842508657,534.1055170978823,50,50,50
Q005567,562.0,Nebuchadnezzar II,Neo-Babylonian,Borsippa,ORCC,eyestone,566.9120739913632,547.6365531642689,587.3212386666604,68,68,68
Q005568,562.0,Nebuchadnezzar II,Neo-Babylonian,Cutha,ORCC,eyestone,572.0919968658069,552.2949378940824,558.9422189730933,44,44,44
Q005570,562.0,Nebuchadnezzar II,Neo-Babylonian,Isin,ORCC,brick,549.9026556304692,540.9716883448144,552.9815005573663,60,60,60
Q005571,562.0,Nebuchadnezzar II,Neo-Babylonian,Kish,ORCC,cylinder,561.3311785183184,563.3967472533235,561.4682216912505,51,51,51
Q005575,562.0,Nebuchadnezzar II,Neo-Babylonian,Larsa,ORCC,brick,554.536757380015,552.0143040110113,560.0520831710429,61,61,61
Q005576,562.0,Nebuchadnezzar II,Neo-Babylonian,Marad,ORCC,cylinder,578.984022941169,584.6838908520527,583.3348068751264,47,47,47
Q005577,562.0,Nebuchadnezzar II,Neo-Babylonian,Marad,ORCC,cylinder,569.8675928376748,577.221617107069,576.4737697081971,53,53,53
Q005579,562.0,Nebuchadnezzar II,Neo-Babylonian,Sippar,ORCC,cylinder,594.5035530411494,586.7806452794931,570.7496212373651,40,40,40
Q005580,562.0,Nebuchadnezzar II,Neo-Babylonian,Sippar,ORCC,cylinder,576.1087288470774,518.5347556656866,597.9373518195142,53,53,53
Q005582,562.0,Nebuchadnezzar II,Neo-Babylonian,Sippar,ORCC,cylinder,568.3559165091336,556.6092887073019,593.3471309982906,48,48,48
Q005584,562.0,Nebuchadnezzar II,Neo-Babylonian,Sippar,ORCC,brick,621.1756263904514,644.0617530989224,641.3303761314428,47,47,47
Q005585,562.0,Nebuchadnezzar II,Neo-Babylonian,Sippar,ORCC,brick,619.6826965949562,632.4672282300173,638.0427649081631,40,40,40
Q005586,562.0,Nebuchadnezzar II,Neo-Babylonian,Sippar,ORCC,brick,594.2107720199843,646.5311847133112,627.0569185349118,59,59,59
Q005587,562.0,Nebuchadnezzar II,Neo-Babylonian,Ur,ORCC,brick,583.7708257567818,634.8865604472047,620.7178165704509,53,53,53
Q005588,562.0,Nebuchadnezzar II,Neo-Babylonian,Ur,ORCC,brick,601.9469906895686,630.8104740471649,625.9803988436236,52,52,52
Q005589,562.0,Nebuchadnezzar II,Neo-Babylonian,Uruk,ORCC,cylinder,618.6238728867613,633.053179977486,627.1894476522681,50,50,50
Q005591,562.0,Nebuchadnezzar II,Neo-Babylonian,Babylonia,ORCC,cylinder,610.8664976587941,681.8060075158784,650.6338135968737,56,56,56
Q005592,562.0,Nebuchadnezzar II,Neo-Babylonian,Babylonia,ORCC,brick,628.5830224358449,633.9288650307775,642.1188603753152,53,53,53
Q005594,562.0,Nebuchadnezzar II,Neo-Babylonian,Babylonia,ORCC,eyestone,620.3537139898427,629.1830329645271,609.6229229595253,47,47,47
Q005597,562.0,Nebuchadnezzar II,Neo-Babylonian,Brissa,ORCC,rock face,618.0394749358024,640.0844680900564,654.4341320053495,40,40,40
Q006204,612.0,Sîn-šarru-iškun,Neo-Assyrian,Nimrud (Kalhu),ORCC,bulla,664.0872005716926,679.833400292886,662.0065082462855,200,200,200
Q006323,705.0,Sargon II,Neo-Assyrian,Babylon,ORCC,brick,611.9871359904805,595.4325025915084,591.9079648100789,27,27,27
Q006325,705.0,Sargon II,Neo-Assyrian,Uruk,ORCC,cylinder,608.4345878606197,621.9377665044187,624.4077919197472,32,32,32
Q006326,705.0,Sargon II,Neo-Assyrian,Uruk,ORCC,brick,630.0865028910039,631.9735526263923,610.8960090099888,36,36,36
Q006329,727.0,Tiglath-pileser III,wall slab (with reliefs),Nimrud,ORCC,None,675.0254807954398,650.495657201623,651.2486605483665,56,56,56
Q006330,727.0,Tiglath-pileser III,wall slab (with reliefs),Nimrud,ORCC,None,673.589350833725,659.1914072393054,675.6084887477971,51,51,51
Q006331,727.0,Tiglath-pileser III,wall slab (with reliefs),Nimrud,ORCC,None,676.3226582615442,674.3096989806995,705.494439470148,49,49,49
Q006333,727.0,Tiglath-pileser III,wall slab (with reliefs),Nimrud,ORCC,None,676.8678313533125,647.8670576715858,652.5458076932206,56,56,56
Q006482,705.0,Sargon II,Neo-Assyrian,Khorsabad (Dur-Šarrukin),ORCC,wall slab (with reliefs),674.1193449531496,647.6507000670307,634.8459521475156,33,33,33
Q006483,705.0,Sargon II,Neo-Assyrian,Khorsabad (Dur-Šarrukin),ORCC,wall slab (with reliefs),670.8705953877906,675.2525102121273,678.8147828822009,29,29,29
Q006484,705.0,Sargon II,Neo-Assyrian,Khorsabad (Dur-Šarrukin),ORCC,wall slab (with reliefs),684.1808005656677,658.8596341954739,671.418393215561,21,21,21
Q006485,705.0,Sargon II,Neo-Assyrian,Khorsabad (Dur-Šarrukin),ORCC,wall slab (with reliefs),674.823248143379,671.3861646576767,690.4500642077254,37,37,37
Q006486,705.0,Sargon II,Neo-Assyrian,Khorsabad (Dur-Šarrukin),ORCC,wall slab (with reliefs),647.2123374157806,614.5749217364829,654.4511090489167,27,27,27
Q006487,705.0,Sargon II,Neo-Assyrian,Khorsabad (Dur-Šarrukin),ORCC,wall slab (with reliefs),673.538406073771,679.297316294109,654.646814978858,39,39,39
Q006488,705.0,Sargon II,Neo-Assyrian,Khorsabad (Dur-Šarrukin),ORCC,wall slab (with reliefs),676.5174307551354,632.2183531155214,635.7061014952583,31,31,31
Q006489,705.0,Sargon II,Neo-Assyrian,Khorsabad (Dur-Šarrukin),ORCC,wall slab (with reliefs),659.6653471487446,625.7755099927189,624.8679145828196,32,32,32
Q006490,705.0,Sargon II,Neo-Assyrian,Khorsabad (Dur-Šarrukin),ORCC,human-headed bull colossus,661.3853169261068,641.9209012175128,658.6431016608836,28,28,28
Q006491,705.0,Sargon II,Neo-Assyrian,Khorsabad (Dur-Šarrukin),ORCC,slab,666.107530892679,676.5979610372743,664.5162243894915,32,32,32
Q006492,705.0,Sargon II,Neo-Assyrian,Khorsabad (Dur-Šarrukin),ORCC,slab,666.080710982006,672.7009354348398,667.3709778762745,31,31,31
Q006493,705.0,Sargon II,Neo-Assyrian,Khorsabad (Dur-Šarrukin),ORCC,slab,666.0273624657574,659.6414331198667,652.1495432613447,36,36,36
Q006494,705.0,Sargon II,Neo-Assyrian,Khorsabad (Dur-Šarrukin),ORCC,slab,669.9790128839683,672.3105666867517,660.2217151998243,32,32,32
Q006495,705.0,Sargon II,Neo-Assyrian,Khorsabad (Dur-Šarrukin),ORCC,slab,665.6852189447046,646.6180582868684,653.0947052128121,26,26,26
Q006496,705.0,Sargon II,Neo-Assyrian,Khorsabad (Dur-Šarrukin),ORCC,slab,658.9833905715553,697.8829371967978,662.8638072962476,30,30,30
Q006497,705.0,Sargon II,Neo-Assyrian,Khorsabad (Dur-Šarrukin),ORCC,slab,625.9941418617481,633.5950473189172,641.4884324069027,34,34,34
Q006498,705.0,Sargon II,Neo-Assyrian,Khorsabad (Dur-Šarrukin),ORCC,slab,629.6560540162399,621.3596021585971,634.7522288145213,24,24,24
Q006499,705.0,Sargon II,Neo-Assyrian,Khorsabad (Dur-Šarrukin),ORCC,slab,628.103696563034,617.8799899475459,651.4165161979837,27,27,27
Q006500,705.0,Sargon II,Neo-Assyrian,Khorsabad (Dur-Šarrukin),ORCC,slab,639.2929948896652,640.4851762136931,647.9493554415259,22,22,22
Q006501,705.0,Sargon II,Neo-Assyrian,Khorsabad (Dur-Šarrukin),ORCC,slab,616.6830860347469,618.8756454432156,630.1332298136482,28,28,28
Q006503,705.0,Sargon II,Neo-Assyrian,Khorsabad (Dur-Šarrukin),ORCC,slab,618.4703655633118,605.0474157389592,612.2717427269494,25,25,25
Q006504,705.0,Sargon II,Neo-Assyrian,Khorsabad (Dur-Šarrukin),ORCC,wall slab (with reliefs),647.2607899187151,672.6375775021352,637.5105189426754,33,33,33
Q006505,705.0,Sargon II,Neo-Assyrian,Khorsabad (Dur-Šarrukin),ORCC,wall slab (with reliefs),638.059401538778,666.6744210919292,628.0091775723619,32,32,32
Q006506,705.0,Sargon II,Neo-Assyrian,Khorsabad (Dur-Šarrukin),ORCC,wall slab (with reliefs),649.5827478603885,668.0808581018697,638.3655238272829,28,28,28
Q006507,705.0,Sargon II,Neo-Assyrian,Khorsabad (Dur-Šarrukin),ORCC,wall slab (with reliefs),638.2580689780492,676.8461199513366,637.0516319599519,36,36,36
Q006508,705.0,Sargon II,Neo-Assyrian,Khorsabad (Dur-Šarrukin),ORCC,wall slab (with reliefs),639.7300438718393,692.4245991883475,639.4708520012291,22,22,22
Q006509,705.0,Sargon II,Neo-Assyrian,Khorsabad (Dur-Šarrukin),ORCC,wall slab (with reliefs),646.876040549728,703.7908653305785,632.4368348535523,37,37,37
Q006510,705.0,Sargon II,Neo-Assyrian,Khorsabad (Dur-Šarrukin),ORCC,wall slab (with reliefs),642.7070710254366,704.7977902075097,639.133607060251,29,29,29
Q006511,705.0,Sargon II,Neo-Assyrian,Khorsabad (Dur-Šarrukin),ORCC,wall slab (with reliefs),645.232729339605,703.3209968775609,636.0492991126882,34,34,34
Q006512,705.0,Sargon II,Neo-Assyrian,Khorsabad (Dur-Šarrukin),ORCC,wall slab (with reliefs),646.983985056912,677.1025639196339,638.2300471883423,27,27,27
Q006513,705.0,Sargon II,Neo-Assyrian,Khorsabad (Dur-Šarrukin),ORCC,wall slab (with reliefs),649.0649340326089,710.2045621999232,636.8103110335677,24,24,24
Q006515,705.0,Sargon II,Neo-Assyrian,Khorsabad (Dur-Šarrukin),ORCC,wall slab (with reliefs),664.5891300030414,714.217699739177,652.8347165283325,35,35,35
Q006516,705.0,Sargon II,Neo-Assyrian,Khorsabad (Dur-Šarrukin),ORCC,wall slab (with reliefs),670.0642488836398,716.805785423035,635.8052973427712,30,30,30
Q006517,705.0,Sargon II,Neo-Assyrian,Khorsabad (Dur-Šarrukin),ORCC,wall slab (with reliefs),660.5891219605193,709.3411499527175,643.5986771394321,25,25,25
Q006518,705.0,Sargon II,Neo-Assyrian,Khorsabad (Dur-Šarrukin),ORCC,wall slab (with reliefs),640.4291274189029,744.1965473304242,652.7547577968306,25,25,25
Q006519,705.0,Sargon II,Neo-Assyrian,Khorsabad (Dur-Šarrukin),ORCC,wall slab (with reliefs),640.8979492176124,668.642818514463,643.3479629253211,36,36,36
Q006520,705.0,Sargon II,Neo-Assyrian,Khorsabad (Dur-Šarrukin),ORCC,wall slab (with reliefs),653.8905800775051,711.2266683622341,646.1262808337469,33,33,33
Q006521,705.0,Sargon II,Neo-Assyrian,Khorsabad (Dur-Šarrukin),ORCC,wall slab (with reliefs),649.6398401042956,665.2024279929336,637.0142401254778,22,22,22
Q006522,705.0,Sargon II,Neo-Assyrian,Khorsabad (Dur-Šarrukin),ORCC,wall slab (with reliefs); human-headed bull colossus,658.5453066080491,665.8813003974944,678.1238403096136,26,26,26
Q006523,705.0,Sargon II,Neo-Assyrian,Khorsabad (Dur-Šarrukin),ORCC,wall slab (with reliefs),665.9957126301174,673.9813051560768,661.0627971204432,34,34,34
Q006524,705.0,Sargon II,Neo-Assyrian,Khorsabad (Dur-Šarrukin),ORCC,prismatic cylinder,647.9168516463343,645.9363051754531,635.5826137668198,30,30,30
Q006525,705.0,Sargon II,Neo-Assyrian,Khorsabad (Dur-Šarrukin),ORCC,None,648.5704345960942,651.132271395812,644.275874513665,29,29,29
Q006526,705.0,Sargon II,Neo-Assyrian,Khorsabad (Dur-Šarrukin),ORCC,None,664.4466614917003,647.7287047744766,638.522591208357,33,33,33
Q006527,705.0,Sargon II,Neo-Assyrian,Khorsabad (Dur-Šarrukin),ORCC,None,657.097762762126,649.7892243027719,627.9557964751549,22,22,22
Q006528,705.0,Sargon II,Neo-Assyrian,Khorsabad (Dur-Šarrukin),ORCC,None,662.4380221517581,649.8451593787412,663.8905085771177,40,40,40
Q006529,705.0,Sargon II,Neo-Assyrian,Khorsabad (Dur-Šarrukin),ORCC,None,647.0783894138175,634.5595318168996,606.0443076410236,38,38,38
Q006530,705.0,Sargon II,Neo-Assyrian,Khorsabad (Dur-Šarrukin),ORCC,altar,629.251149460752,637.0720544646057,622.9027057129373,34,34,34
Q006531,705.0,Sargon II,Neo-Assyrian,Khorsabad (Dur-Šarrukin),ORCC,brick,660.1677266688356,666.6215454794495,647.2442117209847,27,27,27
Q006532,705.0,Sargon II,Neo-Assyrian,Khorsabad (Dur-Šarrukin),ORCC,brick,648.5831678756522,631.8103270992738,637.289477750961,31,31,31
Q006533,705.0,Sargon II,Neo-Assyrian,Khorsabad (Dur-Šarrukin),ORCC,brick,635.5020100872885,653.7729007317215,631.8439329015484,29,29,29
Q006535,705.0,Sargon II,Neo-Assyrian,Khorsabad (Dur-Šarrukin),ORCC,brick,645.9931663622117,626.389217036958,640.8887544883321,40,40,40
Q006536,705.0,Sargon II,Neo-Assyrian,Khorsabad (Dur-Šarrukin),ORCC,brick,650.3921932707311,645.710406952574,673.089520002579,31,31,31
Q006537,705.0,Sargon II,Neo-Assyrian,Khorsabad (Dur-Šarrukin),ORCC,brick,650.3587640127361,641.6998582360195,652.1258717419821,21,21,21
Q006538,705.0,Sargon II,Neo-Assyrian,Khorsabad (Dur-Šarrukin),ORCC,glazed brick frieze,642.7586524341581,641.0232732321505,629.0943715822322,33,33,33
Q006540,705.0,Sargon II,Neo-Assyrian,Khorsabad (Dur-Šarrukin),ORCC,bowl,628.5870526527339,625.5442539560114,602.7714977621479,34,34,34
Q006541,705.0,Sargon II,Neo-Assyrian,Khorsabad (Dur-Šarrukin),ORCC,bowl,632.2821861351289,660.2586164771357,627.3261074634468,23,23,23
Q006542,705.0,Sargon II,Neo-Assyrian,Khorsabad (Dur-Šarrukin),ORCC,eyestone,636.600110121548,631.9426391065648,634.2348080466821,22,22,22
Q006544,705.0,Sargon II,Neo-Assyrian,Qalat Sherqat (Assur),ORCC,prism,675.728324216584,688.2041685078979,677.1784556815694,27,27,27
Q006545,705.0,Sargon II,Neo-Assyrian,Qalat Sherqat (Assur),ORCC,cylinder,656.6840880195006,647.3492452675978,679.1616391672861,27,27,27
Q006546,705.0,Sargon II,Neo-Assyrian,Qalat Sherqat (Assur),ORCC,None,667.7856550212556,616.582737456179,637.6535901796964,31,31,31
Q006547,705.0,Sargon II,Neo-Assyrian,Qalat Sherqat (Assur),ORCC,glazed wall plaque,669.534837242126,686.051510927657,661.8988204654856,37,37,37
Q006548,705.0,Sargon II,Neo-Assyrian,Qalat Sherqat (Assur),ORCC,cone,649.3608919930139,649.657803289331,659.3562919149621,34,34,34
Q006549,705.0,Sargon II,Neo-Assyrian,Qalat Sherqat (Assur),ORCC,brick,644.6823403090596,651.3835509966937,651.2251297735237,33,33,33
Q006550,705.0,Sargon II,Neo-Assyrian,Qalat Sherqat (Assur),ORCC,brick,635.9877805328198,614.1446203675404,619.650317294795,26,26,26
Q006551,705.0,Sargon II,Neo-Assyrian,Qalat Sherqat (Assur),ORCC,brick,631.8371665276634,600.4436773808866,626.0641679499374,20,20,20
Q006552,705.0,Sargon II,Neo-Assyrian,Qalat Sherqat (Assur),ORCC,grazed brick frieze,670.7757795483224,723.0007825132624,643.7375669845605,29,29,29
Q006553,705.0,Sargon II,Neo-Assyrian,Qalat Sherqat (Assur),ORCC,None,658.5688591809626,652.6777941371688,649.1530432226066,36,36,36
Q006554,705.0,Sargon II,Neo-Assyrian,Nimrud (Kalhu),ORCC,slab,659.9185105810412,652.5592306287485,645.7812305778301,32,32,32
Q006555,705.0,Sargon II,Neo-Assyrian,Nimrud (Kalhu),ORCC,prism,671.180566175237,639.0809965355033,628.2129266429126,26,26,26
Q006556,705.0,Sargon II,Neo-Assyrian,Nimrud (Kalhu),ORCC,prism,649.9100228449937,642.6643758674976,616.1930977428528,31,31,31
Q006557,705.0,Sargon II,Neo-Assyrian,Nimrud (Kalhu),ORCC,prismatic cylinder,661.5273149645086,645.5629838261724,627.5893081329879,25,25,25
Q006558,705.0,Sargon II,Neo-Assyrian,Nimrud (Kalhu),ORCC,vase; jar,651.0112428352331,649.2331130753007,639.4473240059056,33,33,33
Q006559,705.0,Sargon II,Neo-Assyrian,Nimrud (Kalhu),ORCC,lion weight,652.4126307275399,632.0893497060606,652.1858175172439,32,32,32
Q006560,705.0,Sargon II,Neo-Assyrian,Nimrud (Kalhu),ORCC,lion weight,651.244463903916,629.2431906639712,641.3283242428887,26,26,26
Q006561,705.0,Sargon II,Neo-Assyrian,Nimrud (Kalhu),ORCC,writing board,645.4926885850765,633.7660127403465,639.7724984382198,26,26,26
Q006562,705.0,Sargon II,Neo-Assyrian,Kuyunjik (Nineveh),ORCC,wall slab (with reliefs),670.2765412778289,661.1402460346516,666.4219671899921,27,27,27
Q006563,705.0,Sargon II,Neo-Assyrian,Kuyunjik (Nineveh),ORCC,prism,668.6536015662496,656.1948950631022,664.8665823399308,27,27,27
Q006564,705.0,Sargon II,Neo-Assyrian,Kuyunjik (Nineveh),ORCC,prism,648.2890352901396,639.6500640474767,647.7157604935358,28,28,28
Q006565,705.0,Sargon II,Neo-Assyrian,Kuyunjik (Nineveh),ORCC,cylinder,673.3752501545283,622.2514459599909,622.5689339048175,27,27,27
Q006566,705.0,Sargon II,Neo-Assyrian,Kuyunjik (Nineveh),ORCC,prismatic cylinder,654.9347863118493,661.1358158757614,635.8005107274529,37,37,37
Q006567,705.0,Sargon II,Neo-Assyrian,Kuyunjik (Nineveh),ORCC,cylinder,654.7698569949972,652.1734702899112,657.2253254178264,23,23,23
Q006568,705.0,Sargon II,Neo-Assyrian,Kuyunjik (Nineveh),ORCC,cylinder,654.6152070713945,650.4996302783768,669.1975280222803,30,30,30
Q006569,705.0,Sargon II,Neo-Assyrian,Kuyunjik (Nineveh),ORCC,prismatic cylinder,677.0122135875382,691.4345290053434,723.3029553124223,33,33,33
Q006570,705.0,Sargon II,Neo-Assyrian,Kuyunjik (Nineveh),ORCC,None,656.0239540316006,637.5685238545558,635.481187901605,25,25,25
Q006571,705.0,Sargon II,Neo-Assyrian,Kuyunjik (Nineveh),ORCC,None,637.1203446511599,615.8382924517275,630.0417146757859,29,29,29
Q006572,705.0,Sargon II,Neo-Assyrian,Kuyunjik (Nineveh),ORCC,None,650.1477329869675,669.6615632569084,651.5137211112599,26,26,26
Q006573,705.0,Sargon II,Neo-Assyrian,Kuyunjik (Nineveh),ORCC,cone,632.4392709700265,604.2970824297445,594.6300574826859,28,28,28
Q006574,705.0,Sargon II,Neo-Assyrian,Kuyunjik (Nineveh),ORCC,slab,646.1101913544902,609.8815134347518,634.076964110383,25,25,25
Q006575,705.0,Sargon II,Neo-Assyrian,Kuyunjik (Nineveh),ORCC,slab,648.7103573511303,582.9010264221328,637.2956298672386,31,31,31
Q006576,705.0,Sargon II,Neo-Assyrian,Kuyunjik (Nineveh),ORCC,brick; slab,641.0006452574385,634.7595498544954,633.6768741311765,26,26,26
Q006577,705.0,Sargon II,Neo-Assyrian,Kuyunjik (Nineveh),ORCC,brick,634.9398890902517,651.6241351549763,646.125936328832,29,29,29
Q006578,705.0,Sargon II,Neo-Assyrian,Kuyunjik (Nineveh),ORCC,brick,643.19739831516,626.7812721481783,633.5220871093434,37,37,37
Q006579,705.0,Sargon II,Neo-Assyrian,Kuyunjik (Nineveh),ORCC,brick,654.9525740365851,635.593663785136,637.7908614323144,26,26,26
Q006580,705.0,Sargon II,Neo-Assyrian,Kuyunjik (Nineveh),ORCC,plating (for doorjamb),640.5327383213091,632.215476872264,629.1195697709132,34,34,34
Q006581,705.0,Sargon II,Neo-Assyrian,Kuyunjik (Nineveh),ORCC,eyestone,630.3090532012108,648.9190816741154,644.8901494721864,35,35,35
Q006582,705.0,Sargon II,Neo-Assyrian,Kuyunjik (Nineveh),ORCC,tablet ?,654.5732072309327,718.2543460914393,658.1222993067181,30,30,30
Q006583,705.0,Sargon II,Neo-Assyrian,uncertain,ORCC,None,648.063484097092,657.4225370840868,632.588676196277,27,27,27
Q006584,705.0,Sargon II,Neo-Assyrian,Larnaka,ORCC,stele,662.2176844325911,634.0321222636672,636.3944698934502,30,30,30
Q006585,705.0,Sargon II,Neo-Assyrian,Ashdod (Asdūdu),ORCC,stele,658.9419724360937,697.401299947754,689.5158802928062,30,30,30
Q006586,705.0,Sargon II,Neo-Assyrian,uncertain,ORCC,stele,688.9648507143233,698.1444724082477,676.8806417467722,25,25,25
Q006587,705.0,Sargon II,Neo-Assyrian,Acharneh (Tunip),ORCC,stele,669.4753133798459,661.446117267671,665.0110515355871,25,25,25
Q006588,705.0,Sargon II,Neo-Assyrian, Ahmar (Til Barsip),ORCC,stele,623.8105104251806,631.5612423067221,628.8730273201094,31,31,31
Q006589,705.0,Sargon II,Neo-Assyrian,Tell Tayinat (Unqi),ORCC,stele,665.0437137934947,653.7491754068005,667.4857269747264,33,33,33
Q006590,705.0,Sargon II,Neo-Assyrian,Europos (Carchemish),ORCC,cylinder,666.8813135033957,664.3172492410063,685.0752743200425,33,33,33
Q006591,705.0,Sargon II,Neo-Assyrian,Europos (Carchemish),ORCC,brick,653.556976604643,657.7110650652603,642.653556120681,28,28,28
Q006592,705.0,Sargon II,Neo-Assyrian,Arslantepe (Melidu),ORCC,cylinder,657.3128207142041,626.9821892514342,624.8665459936157,27,27,27
Q006593,705.0,Sargon II,Neo-Assyrian,Arslantepe (Melidu),ORCC,cylinder,669.1970026320132,706.6360812482154,716.1658868264939,27,27,27
Q006594,705.0,Sargon II,Neo-Assyrian,Arslantepe (Melidu),ORCC,cylinder,655.4610061527172,649.2036773158734,627.5942640510075,36,36,36
Q006595,705.0,Sargon II,Neo-Assyrian,Arslantepe (Melidu),ORCC,cylinder,651.3669372626734,652.1920570709533,653.6030503972787,29,29,29
Q006596,705.0,Sargon II,Neo-Assyrian,Najafabad (Kišesim),ORCC,stele,680.1295941914556,625.5805471622562,650.8971457059803,23,23,23
Q006597,705.0,Sargon II,Neo-Assyrian,Tang-i Var,ORCC,rock cliff,668.8412763378433,630.3006774691536,655.0590834273643,24,24,24
Q006598,705.0,Sargon II,Neo-Assyrian,Persepolis (Pārśa),ORCC,bead,641.4302609350628,641.99192538053,643.964587106915,30,30,30
Q006599,705.0,Sargon II,Neo-Assyrian,Persepolis (Pārśa),ORCC,eyestone,626.5006460207645,603.9988906360924,618.1593621273809,27,27,27
Q006600,705.0,Sargon II,Neo-Assyrian,Persepolis (Pārśa),ORCC,eyestone,626.0122493556485,592.7700879934397,618.5062128162826,31,31,31
Q006601,705.0,Sargon II,Neo-Assyrian,Persepolis (Pārśa),ORCC,eyestone,646.2024156588233,614.7933355566494,634.4883693957663,27,27,27
Q006602,705.0,Sargon II,Neo-Assyrian,Persepolis (Pārśa),ORCC,eyestone,634.6564350285614,583.025773590673,631.9019980383937,28,28,28
Q006603,705.0,Sargon II,Neo-Assyrian,Babylon (Bābili),ORCC,brick,610.271150574384,596.6657176564195,598.0565338637491,32,32,32
Q006604,705.0,Sargon II,Neo-Assyrian,Babylon (Bābili),ORCC,brick,636.3796439034394,627.9268453320097,630.3532697676171,27,27,27
Q006605,705.0,Sargon II,Neo-Assyrian,Warka (Uruk),ORCC,cylinder,614.2850509552976,621.1264403764885,631.3859099426401,37,37,37
Q006606,705.0,Sargon II,Neo-Assyrian,Warka (Uruk),ORCC,brick,628.1660988836398,632.449392059306,603.7898333106916,30,30,30
Q006608,705.0,Sargon II,Neo-Assyrian,Warka (Uruk),ORCC,brick,634.9062368080823,602.7301102122639,627.2646129638856,27,27,27
Q006609,705.0,Sargon II,Neo-Assyrian,Tell Haddad (Me-Turan),ORCC,cylinder,665.1076288428396,650.4147188706312,633.1078513907681,28,28,28
Q006610,705.0,Sargon II,Neo-Assyrian,uncertain,ORCC,bead,632.2759491991576,640.8927797229545,635.2502394251995,26,26,26
Q006611,705.0,Sargon II,Neo-Assyrian,Qalʾeh-i Imam,ORCC,None,641.5699702911133,675.0702218410753,639.1728734534321,30,30,30
Q006633,705.0,Sargon II,Neo-Assyrian,Qalat Sherqat (Assur),ORCC,cone,669.5659360567603,690.1066110910228,672.5066867729911,27,27,27
Q006634,705.0,Sargon II,Neo-Assyrian,Qalat Sherqat (Assur),ORCC,cone,639.7082628838949,650.3291706617915,631.3588322860932,30,30,30
Q006636,705.0,Sargon II,Neo-Assyrian,Nimrud (Kalhu),ORCC,prismatic cylinder,616.016917794192,614.7897332089852,633.0910805123183,32,32,32
Q006637,705.0,Sargon II,Neo-Assyrian,Kuyunjik (Nineveh),ORCC,block,635.4408673989321,580.0183024325074,636.6952985673645,23,23,23
Q006638,705.0,Sargon II,Neo-Assyrian,Kuyunjik (Nineveh),ORCC,lion colossus,659.7462193064031,698.3042254346183,648.8970476895212,27,27,27
Q006639,705.0,Sargon II,Neo-Assyrian,Samaria (Sāmerīna),ORCC,stele ?,644.2910810910228,651.9893809354694,636.4304157326387,20,20,20
Q006640,705.0,Sargon II,Neo-Assyrian,Europos (Carchemish),ORCC,stele ?,641.083383364579,644.9256628919412,623.3793055086335,40,40,40
Q006643,705.0,Sargon II,Neo-Assyrian,Nimrud (Kalhu),ORCC,bowl; jar; mirror,662.5282611738883,672.9556208014403,638.8262969535668,31,31,31
Q006644,705.0,Sargon II,Neo-Assyrian,Khorsabad (Dur-Šarrukin),ORCC,slab,637.3406536604955,629.9293543320941,653.9997369404263,25,25,25
Q006645,705.0,Sargon II,Neo-Assyrian,Khorsabad (Dur-Šarrukin),ORCC,macehead,645.9226218258684,634.9167523698358,646.0684650422451,27,27,27
Q006647,705.0,Sargon II,Neo-Assyrian,Qalat Sherqat (Assur),ORCC,coffer,634.3820041623554,633.3334380589304,632.2712330849846,23,23,23
Q006648,705.0,Sargon II,Neo-Assyrian,Nimrud (Kalhu),ORCC,cylinder seal (sealing),666.2190875235923,698.5398085112748,658.3114504089347,28,28,28
Q006649,705.0,Sargon II,Neo-Assyrian,uncertain,ORCC,cylinder seal,655.6667258846251,647.3664250387563,639.2357992692757,21,21,21
Q006650,705.0,Sargon II,Neo-Assyrian,Tell Haddad (Me-Turan),ORCC,axehead,629.418288360608,638.2555447067259,638.6536998161985,20,20,20
Q006651,705.0,Sargon II,Neo-Assyrian,Tell Baradan,ORCC,cylinder,621.2302336499966,600.7279451471605,607.6016214808865,21,21,21
Q006652,705.0,Sargon II,Neo-Assyrian,Tell Ahmar (Til Barsip),ORCC,stele,661.7391202315041,675.4635832588245,636.288010247166,19,19,19
Q007539,631.0,Ashurbanipal,Neo-Assyrian,Kuyunjik (Nineveh),ORCC,None,633.146910170929,600.3075605765893,644.2400176456014,14,14,14
Q007540,631.0,Ashurbanipal,Neo-Assyrian,Kuyunjik (Nineveh),ORCC,None,649.0409054043208,646.2276274423158,628.0862470593058,15,15,15
Q007541,631.0,Ashurbanipal,Neo-Assyrian,Kuyunjik (Nineveh),ORCC,None,650.6341095222062,644.8695378463028,634.6305972402517,15,15,15
Q007542,631.0,Ashurbanipal,Neo-Assyrian,Kuyunjik (Nineveh),ORCC,None,673.1717218044062,663.2669497759273,655.9081857381439,16,16,16
Q007543,631.0,Ashurbanipal,Neo-Assyrian,Kuyunjik (Nineveh),ORCC,None,656.8722969148305,660.5526367540306,660.802640645293,16,16,16
Q007544,631.0,Ashurbanipal,Neo-Assyrian,Kuyunjik (Nineveh),ORCC,None,667.4092869587764,658.4591445294393,662.7941283938013,20,20,20
Q007545,631.0,Ashurbanipal,Neo-Assyrian,Kuyunjik (Nineveh),ORCC,None,642.5231345662522,655.302467700594,638.5181211335334,15,15,15
Q007546,631.0,Ashurbanipal,Neo-Assyrian,Kuyunjik (Nineveh),ORCC,None,644.8135936063588,652.2897285501881,655.3759105084868,16,16,16
Q007547,631.0,Ashurbanipal,Neo-Assyrian,Kuyunjik (Nineveh),ORCC,None,665.447311412548,671.1166311399561,668.9193267935786,13,13,13
Q007548,631.0,Ashurbanipal,Neo-Assyrian,Kuyunjik (Nineveh),ORCC,None,660.645894833071,680.8228743310212,670.4598777428614,17,17,17
Q007549,631.0,Ashurbanipal,Neo-Assyrian,Kuyunjik (Nineveh),ORCC,None,625.0865513563638,658.6069869681014,661.868229704325,11,11,11
Q007550,631.0,Ashurbanipal,Neo-Assyrian,Kuyunjik (Nineveh),ORCC,None,645.9804979387483,651.6690089628343,662.4282580259357,16,16,16
Q007551,631.0,Ashurbanipal,Neo-Assyrian,Kuyunjik (Nineveh),ORCC,None,664.2610509476726,672.3598321284857,678.7001378085132,17,17,17
Q007552,631.0,Ashurbanipal,Neo-Assyrian,Kuyunjik (Nineveh),ORCC,None,653.1184031676584,654.49606037393,663.9515765296711,14,14,14
Q007553,631.0,Ashurbanipal,Neo-Assyrian,Kuyunjik (Nineveh),ORCC,None,649.5010448401571,648.4972498145299,632.0892115545919,14,14,14
Q007554,631.0,Ashurbanipal,Neo-Assyrian,Kuyunjik (Nineveh),ORCC,None,662.1815350195061,716.386690312179,655.002177137683,22,22,22
Q007555,631.0,Ashurbanipal,Neo-Assyrian,Kuyunjik (Nineveh),ORCC,None,643.9160655358392,676.1289308999246,640.5435760688473,14,14,14
Q007556,631.0,Ashurbanipal,Neo-Assyrian,Kuyunjik (Nineveh),ORCC,None,660.2141605011877,647.5371454139075,632.6078000194449,19,19,19
Q007557,631.0,Ashurbanipal,Neo-Assyrian,Kuyunjik (Nineveh),ORCC,None,661.0051318659379,703.3165421433739,672.4521558412205,18,18,18
Q007558,631.0,Ashurbanipal,Neo-Assyrian,Kuyunjik (Nineveh),ORCC,None,663.6411426187276,678.0301965711873,665.8169608434716,10,10,10
Q007559,631.0,Ashurbanipal,Neo-Assyrian,Kuyunjik (Nineveh),ORCC,None,651.3496551280379,666.2241458075222,664.1611280946053,18,18,18
Q007560,631.0,Ashurbanipal,Neo-Assyrian,Kuyunjik (Nineveh),ORCC,None,651.1998304792672,663.7114416908968,658.5718125306202,18,18,18
Q007561,631.0,Ashurbanipal,Neo-Assyrian,Kuyunjik (Nineveh),ORCC,None,650.6503483566908,650.3142988638964,647.2103308395082,13,13,13
Q007562,631.0,Ashurbanipal,Neo-Assyrian,Kuyunjik (Nineveh),ORCC,None,633.2506340312176,636.260997879231,660.690597617578,17,17,17
Q007563,631.0,Ashurbanipal,Neo-Assyrian,Kuyunjik (Nineveh),ORCC,None,673.5049466919891,660.4989392137364,650.0444517652774,12,12,12
Q007564,631.0,Ashurbanipal,Neo-Assyrian,Kuyunjik (Nineveh),ORCC,None,648.708984182676,645.0704490359742,660.029998597935,18,18,18
Q007565,631.0,Ashurbanipal,Neo-Assyrian,Kuyunjik (Nineveh),ORCC,None,650.6661995806679,647.904078483548,653.6795376899809,14,14,14
Q007566,631.0,Ashurbanipal,Neo-Assyrian,Kuyunjik (Nineveh),ORCC,None,645.3768461516319,672.0450563300845,663.5811362253864,13,13,13
Q007567,631.0,Ashurbanipal,Neo-Assyrian,Kuyunjik (Nineveh),ORCC,None,613.1654992797983,633.9785725245833,638.5223269137032,19,19,19
Q007568,631.0,Ashurbanipal,Neo-Assyrian,Kuyunjik (Nineveh),ORCC,None,630.6627010527378,642.7075330290871,636.0332967084624,22,22,22
Q007569,631.0,Ashurbanipal,Neo-Assyrian,Kuyunjik (Nineveh),ORCC,None,656.0947652966186,654.7716258782049,675.5907360524247,16,16,16
Q007570,631.0,Ashurbanipal,Neo-Assyrian,Kuyunjik (Nineveh),ORCC,None,650.0322157945319,647.4500838635382,651.1966163153886,18,18,18
Q007571,631.0,Ashurbanipal,Neo-Assyrian,Kuyunjik (Nineveh),ORCC,None,661.1794251241994,670.2122619736432,651.1608403494585,12,12,12
Q007572,631.0,Ashurbanipal,Neo-Assyrian,Kuyunjik (Nineveh),ORCC,None,654.9938505970928,657.8505997002738,665.9793354566547,14,14,14
Q007573,631.0,Ashurbanipal,Neo-Assyrian,Kuyunjik (Nineveh),ORCC,None,654.665830221457,646.562073388548,644.4818932646116,20,20,20
Q007574,631.0,Ashurbanipal,Neo-Assyrian,Kuyunjik (Nineveh),ORCC,None,673.8784005169863,689.1700042019248,687.6611583622047,13,13,13
Q007575,631.0,Ashurbanipal,Neo-Assyrian,Kuyunjik (Nineveh),ORCC,None,654.1063794739428,658.5732139633415,643.679998237639,17,17,17
Q007576,631.0,Ashurbanipal,Neo-Assyrian,Kuyunjik (Nineveh),ORCC,None,655.9496835556953,657.4034458295816,640.8716131443045,17,17,17
Q007577,631.0,Ashurbanipal,Neo-Assyrian,Kuyunjik (Nineveh),ORCC,None,665.1376362412619,676.5463135221022,641.7609437503592,12,12,12
Q007578,631.0,Ashurbanipal,Neo-Assyrian,Kuyunjik (Nineveh),ORCC,None,674.5856496450828,669.794323071314,695.8134404149421,13,13,13
Q007579,631.0,Ashurbanipal,Neo-Assyrian,Kuyunjik (Nineveh),ORCC,None,639.3858552182757,641.1615970762862,643.8403946253272,14,14,14
Q007580,631.0,Ashurbanipal,Neo-Assyrian,Kuyunjik (Nineveh),ORCC,None,653.717910151651,635.8711288625835,627.1570440842147,16,16,16
Q007581,631.0,Ashurbanipal,Neo-Assyrian,Kuyunjik (Nineveh),ORCC,None,661.4697591625232,638.1846001466093,653.3754628088351,14,14,14
Q007582,631.0,Ashurbanipal,Neo-Assyrian,Kuyunjik (Nineveh),ORCC,None,654.5741474830096,655.0015538572258,656.0773667179704,14,14,14
Q007583,631.0,Ashurbanipal,Neo-Assyrian,Kuyunjik (Nineveh),ORCC,None,662.7513453196447,642.3366952812173,653.6686204927606,16,16,16
Q007584,631.0,Ashurbanipal,Neo-Assyrian,Kuyunjik (Nineveh),ORCC,None,657.1954117421332,658.6482594808252,643.7548717391153,14,14,14
Q007585,631.0,Ashurbanipal,Neo-Assyrian,Kuyunjik (Nineveh),ORCC,None,655.5272206013066,648.862453806451,641.4802769084706,18,18,18
Q007586,631.0,Ashurbanipal,Neo-Assyrian,Kuyunjik (Nineveh),ORCC,None,667.7698443231994,659.5832600115415,647.5731918090361,17,17,17
Q007587,631.0,Ashurbanipal,Neo-Assyrian,Kuyunjik (Nineveh),ORCC,None,649.1650551203245,661.8052703359132,662.2845559239305,19,19,19
Q007588,631.0,Ashurbanipal,Neo-Assyrian,Kuyunjik (Nineveh),ORCC,None,643.1271021059441,629.9127914236129,649.1659873908419,14,14,14
Q007589,631.0,Ashurbanipal,Neo-Assyrian,Qalat Sherqat (Assur),ORCC,None,665.6135798241368,664.467357167408,665.5907620227587,22,22,22
Q007590,631.0,Ashurbanipal,Neo-Assyrian,Qalat Sherqat (Assur),ORCC,None,648.9151578341009,626.2593851730634,651.9441168923817,14,14,14
Q007591,631.0,Ashurbanipal,Neo-Assyrian,Kuyunjik (Nineveh),ORCC,None,645.2299472719695,675.6282863994991,669.3813692716302,15,15,15
Q007592,631.0,Ashurbanipal,Neo-Assyrian,Kuyunjik (Nineveh),ORCC,None,655.1215058700026,661.4542295702407,649.3881030093904,14,14,14
Q007593,631.0,Ashurbanipal,Neo-Assyrian,Kuyunjik (Nineveh),ORCC,None,629.4130053999087,638.0145688012963,646.5346353335765,13,13,13
Q007594,631.0,Ashurbanipal,Neo-Assyrian,Kuyunjik (Nineveh),ORCC,None,659.5091891848718,626.0267190456158,607.7983692870555,14,14,14
Q007595,631.0,Ashurbanipal,Neo-Assyrian,Kuyunjik (Nineveh),ORCC,None,648.362595361379,645.9228570202408,652.3110790131627,18,18,18
Q007596,631.0,Ashurbanipal,Neo-Assyrian,Kuyunjik (Nineveh),ORCC,None,686.2415518770205,684.1307170686296,705.4720916821203,11,11,11
Q007597,631.0,Ashurbanipal,Neo-Assyrian,Kuyunjik (Nineveh),ORCC,None,663.105640550287,651.1243467584343,681.4550025819847,10,10,10
Q007598,631.0,Ashurbanipal,Neo-Assyrian,Kuyunjik (Nineveh),ORCC,None,617.9194659503723,602.2397487948834,593.1805745270301,9,9,9
Q007599,631.0,Ashurbanipal,Neo-Assyrian,Kuyunjik (Nineveh),ORCC,None,633.2722350228327,633.4139919959525,643.2444711361692,16,16,16
Q007600,631.0,Ashurbanipal,Neo-Assyrian,Kuyunjik (Nineveh),ORCC,None,637.6612034178052,624.177652609697,655.4522131306345,14,14,14
Q007601,631.0,Ashurbanipal,Neo-Assyrian,Kuyunjik (Nineveh),ORCC,None,637.6878787561101,614.5102608979679,631.8253593660739,22,22,22
Q007602,631.0,Ashurbanipal,Neo-Assyrian,Kuyunjik (Nineveh),ORCC,None,666.1465223173618,636.3858047863862,642.2602526081545,13,13,13
Q007603,631.0,Ashurbanipal,Neo-Assyrian,Kuyunjik (Nineveh),ORCC,None,634.7908032234245,626.3901895373508,664.2904967219016,20,20,20
Q007604,631.0,Ashurbanipal,Neo-Assyrian,Kuyunjik (Nineveh),ORCC,None,655.1136485284867,662.8991716716625,653.722613818494,14,14,14
Q007605,631.0,Ashurbanipal,Neo-Assyrian,Kuyunjik (Nineveh),ORCC,None,672.5915428965427,657.2883423955344,631.3128586495578,12,12,12
Q007606,631.0,Ashurbanipal,Neo-Assyrian,Kuyunjik (Nineveh),ORCC,None,649.4421686138667,646.0465935262353,693.0374118184177,10,10,10
Q007607,631.0,Ashurbanipal,Neo-Assyrian,Kuyunjik (Nineveh),ORCC,None,635.9310100097132,622.245826685092,641.9624053041143,19,19,19
Q007608,631.0,Ashurbanipal,Neo-Assyrian,Kuyunjik (Nineveh),ORCC,None,616.8412319257521,632.6605315556076,653.1612447231001,15,15,15
Q007609,631.0,Ashurbanipal,Neo-Assyrian,Kuyunjik (Nineveh),ORCC,None,638.9551617793616,617.769070216398,624.2910486628497,13,13,13
Q007610,631.0,Ashurbanipal,Neo-Assyrian,Kuyunjik (Nineveh),ORCC,None,667.4487523124718,684.3712517845755,672.972422303846,17,17,17
Q007611,631.0,Ashurbanipal,Neo-Assyrian,Kuyunjik (Nineveh),ORCC,None,661.2325087054251,637.3196821244297,640.0934668817387,16,16,16
Q007612,631.0,Ashurbanipal,Neo-Assyrian,Kuyunjik (Nineveh),ORCC,None,656.5691146575062,653.6598217744419,656.4232861308255,21,21,21
Q007613,631.0,Ashurbanipal,Neo-Assyrian,Kuyunjik (Nineveh),ORCC,None,655.823760661748,653.070262668919,689.4488802183517,21,21,21
Q007614,631.0,Ashurbanipal,Neo-Assyrian,Kuyunjik (Nineveh),ORCC,None,634.9768221030769,637.0619693152651,651.8171019401523,15,15,15
Q007615,631.0,Ashurbanipal,Neo-Assyrian,Kuyunjik (Nineveh),ORCC,None,661.3991398646473,651.9732276281669,663.7462702326734,8,8,8
Q007616,631.0,Ashurbanipal,Neo-Assyrian,Kuyunjik (Nineveh),ORCC,None,610.5749303154224,617.9120771518872,615.2501266281218,17,17,17
Q007617,631.0,Ashurbanipal,Neo-Assyrian,Kuyunjik (Nineveh),ORCC,None,627.9094902385341,627.8258834030562,579.9879722777135,19,19,19
Q007618,631.0,Ashurbanipal,Neo-Assyrian,Kuyunjik (Nineveh),ORCC,None,621.7018396387188,632.8124012018634,633.4522878292819,19,19,19
Q007619,631.0,Ashurbanipal,Neo-Assyrian,Kuyunjik (Nineveh),ORCC,None,616.2423642740164,630.1782138963,637.0989419855109,13,13,13
Q007620,631.0,Ashurbanipal,Neo-Assyrian,Kuyunjik (Nineveh),ORCC,None,620.2026342318493,610.2613395994679,614.444099828029,20,20,20
Q007621,631.0,Ashurbanipal,Neo-Assyrian,Kuyunjik (Nineveh),ORCC,None,625.38294491438,632.7874526243982,674.9655447976454,13,13,13
Q007622,631.0,Ashurbanipal,Neo-Assyrian,Kuyunjik (Nineveh),ORCC,None,616.2068560131908,632.1283196068874,633.4296811805906,15,15,15
Q007623,631.0,Ashurbanipal,Neo-Assyrian,Kuyunjik (Nineveh),ORCC,None,641.589245863453,609.1446717599384,610.6741326064691,17,17,17
Q007624,631.0,Ashurbanipal,Neo-Assyrian,Kuyunjik (Nineveh),ORCC,None,629.1514791730019,627.9675368602032,662.916450897209,17,17,17
Q007625,631.0,Ashurbanipal,Neo-Assyrian,Kuyunjik (Nineveh),ORCC,None,664.8760139454796,657.4074219175351,644.8741768027664,14,14,14
Q007626,631.0,Ashurbanipal,Neo-Assyrian,Kuyunjik (Nineveh),ORCC,None,640.9684503454545,633.7680472130854,636.9310379350578,20,20,20
Q007627,631.0,Ashurbanipal,Neo-Assyrian,Kuyunjik (Nineveh),ORCC,None,627.9144848898336,618.7535596733018,626.9436419461654,15,15,15
Q007628,631.0,Ashurbanipal,Neo-Assyrian,Kuyunjik (Nineveh),ORCC,None,633.3211085422206,628.3035001421712,605.0725174161411,9,9,9
Q007629,631.0,Ashurbanipal,Neo-Assyrian,Kuyunjik (Nineveh),ORCC,None,627.4445296679644,628.7140106205175,633.5092483814936,18,18,18
Q007630,631.0,Ashurbanipal,Neo-Assyrian,Kuyunjik (Nineveh),ORCC,None,639.0108445488389,626.2161489167293,639.5750821859775,11,11,11
Q007631,631.0,Ashurbanipal,Neo-Assyrian,Kuyunjik (Nineveh),ORCC,None,621.122981998379,626.3597548820031,629.2904568222741,16,16,16
Q007632,631.0,Ashurbanipal,Neo-Assyrian,Kuyunjik (Nineveh),ORCC,None,610.4363497485499,611.8833535744728,612.7564257868349,16,16,16
Q007633,631.0,Ashurbanipal,Neo-Assyrian,Kuyunjik (Nineveh),ORCC,None,607.6961151126188,626.0317800479595,613.3543473005192,17,17,17
Q007634,631.0,Ashurbanipal,Neo-Assyrian,Kuyunjik (Nineveh),ORCC,None,616.5870789403855,611.4990390227701,624.7789380302547,14,14,14
Q007635,631.0,Ashurbanipal,Neo-Assyrian,Kuyunjik (Nineveh),ORCC,None,631.7845958736975,635.1215974451763,619.6150054403539,19,19,19
Q007636,631.0,Ashurbanipal,Neo-Assyrian,Kuyunjik (Nineveh),ORCC,None,636.8873869191759,620.6779662617334,648.1002735888354,18,18,18
Q007637,631.0,Ashurbanipal,Neo-Assyrian,Kuyunjik (Nineveh),ORCC,None,648.9421430630787,635.8434694429621,610.8155266957615,11,11,11
Q007638,631.0,Ashurbanipal,Neo-Assyrian,Kuyunjik (Nineveh),ORCC,None,647.0987565144075,642.6249299204497,644.8547532102784,19,19,19
Q007770,705.0,Sargon II,Neo-Assyrian,Turlu Höyük,ORCC,stele,641.8416763343196,635.6045322290596,624.9768881434836,30,30,30
Q008319,631.0,Ashurbanipal,Neo-Assyrian,Kuyunjik (Nineveh),ORCC,None,660.2537342805759,649.3507721358898,641.1531975969899,21,21,21
Q008320,631.0,Ashurbanipal,Neo-Assyrian,Kuyunjik (Nineveh),ORCC,None,627.0262367253637,645.4898237257448,627.8044058336192,18,18,18
Q008321,631.0,Ashurbanipal,Neo-Assyrian,Kuyunjik (Nineveh),ORCC,None,667.4475093627392,669.8041262624963,645.7478856845388,15,15,15
Q008322,631.0,Ashurbanipal,Neo-Assyrian,Kuyunjik (Nineveh),ORCC,None,655.5772214926219,650.2092230113623,670.7650117840138,18,18,18
Q008323,631.0,Ashurbanipal,Neo-Assyrian,Kuyunjik (Nineveh),ORCC,None,649.7763822992418,654.4189492500291,670.9648137937571,20,20,20
Q008324,631.0,Ashurbanipal,Neo-Assyrian,Kuyunjik (Nineveh),ORCC,None,650.8721120867923,654.3410725814184,637.3542211495993,9,9,9
Q008325,631.0,Ashurbanipal,Neo-Assyrian,Kuyunjik (Nineveh),ORCC,None,633.0105278757196,646.209177908406,635.1822711556852,19,19,19
Q008326,631.0,Ashurbanipal,Neo-Assyrian,Kuyunjik (Nineveh),ORCC,None,633.3002089211732,658.833284207041,677.0998940798587,16,16,16
Q008327,631.0,Ashurbanipal,Neo-Assyrian,Kuyunjik (Nineveh),ORCC,None,649.0919309113364,675.8540758499574,685.8950607992733,9,9,9
Q008328,631.0,Ashurbanipal,Neo-Assyrian,Kuyunjik (Nineveh),ORCC,None,669.0291014085487,684.8897359792867,659.6799343214199,19,19,19
Q008329,631.0,Ashurbanipal,Neo-Assyrian,Babylon (Bābili),ORCC,cylinder,622.9755286619811,612.0410721418242,593.8092718552507,21,21,21
Q008330,631.0,Ashurbanipal,Neo-Assyrian,Babylon (Bābili),ORCC,cylinder,622.9584928472383,619.4671975628353,617.5600607718953,15,15,15
Q008331,631.0,Ashurbanipal,Neo-Assyrian,Babylon (Bābili),ORCC,cylinder,639.1258934905441,630.3226510736171,634.7371534874518,15,15,15
Q008332,631.0,Ashurbanipal,Neo-Assyrian,Babylon (Bābili),ORCC,cylinder,620.6611454896532,623.0021628203306,601.9643437748158,10,10,10
Q008333,631.0,Ashurbanipal,Neo-Assyrian,Babylon (Bābili),ORCC,cylinder,631.3740308561411,630.7237518800204,620.4512157632756,20,20,20
Q008334,631.0,Ashurbanipal,Neo-Assyrian,Babylon (Bābili),ORCC,stele,635.4941049047777,643.139179924141,651.4250806530348,20,20,20
Q008335,631.0,Ashurbanipal,Neo-Assyrian,Babylon (Bābili),ORCC,brick,636.6849615565663,622.6461763001101,654.1652633496255,19,19,19
Q008336,631.0,Ashurbanipal,Neo-Assyrian,Babylon (Bābili),ORCC,brick,636.7651365659123,644.3875467248977,667.9448129017653,16,16,16
Q008338,631.0,Ashurbanipal,Neo-Assyrian,Babylon (Bābili),ORCC,brick,634.4154063792606,612.5237632003347,652.7268689457128,15,15,15
Q008339,631.0,Ashurbanipal,Neo-Assyrian,Babylon (Bābili),ORCC,brick,637.0915460651738,626.5208801775184,649.0331851554747,22,22,22
Q008340,631.0,Ashurbanipal,Neo-Assyrian,Babylon (Bābili),ORCC,brick,646.2315599997028,651.5944291303704,673.64978412558,18,18,18
Q008341,631.0,Ashurbanipal,Neo-Assyrian,Babylonia,ORCC,cylinder,632.9930121412677,601.0382770563443,653.0244559462723,16,16,16
Q008343,631.0,Ashurbanipal,Neo-Assyrian,Birs Nimrud (Borsippa),ORCC,stele,629.3986569604598,636.516919491317,641.5926599624171,17,17,17
Q008344,631.0,Ashurbanipal,Neo-Assyrian,Babylonia,ORCC,None,613.521174268282,602.6529170319542,629.3572837522004,14,14,14
Q008345,631.0,Ashurbanipal,Neo-Assyrian,Aqar Quf (Dur-Kurigalzu),ORCC,brick,648.9750626379079,705.1200030999654,656.8739677581763,14,14,14
Q008346,631.0,Ashurbanipal,Neo-Assyrian,Tell Haddad (Me-Turan),ORCC,brick,638.4939779614725,637.2989332624043,659.2077575932135,19,19,19
Q008350,631.0,Ashurbanipal,Neo-Assyrian,Nuffar (Nippur),ORCC,brick,627.5309513812929,634.479075872524,656.1734301717325,14,14,14
Q008351,631.0,Ashurbanipal,Neo-Assyrian,Tell Abu Habbah (Sippar-Yahrurum),ORCC,cylinder,620.5722332237706,617.502011823729,624.8845442725781,16,16,16
Q008352,631.0,Ashurbanipal,Neo-Assyrian,Warka (Uruk),ORCC,cylinder,624.2482538380518,646.7063036919676,632.1150970797942,22,22,22
Q008353,631.0,Ashurbanipal,Neo-Assyrian,Warka (Uruk),ORCC,None,618.2255433003367,624.346189708162,696.5825439691557,12,12,12
Q008354,631.0,Ashurbanipal,Neo-Assyrian,Tell Aqar (Der),ORCC,cylinder,631.7471083419969,614.6530069841846,656.4447061537492,13,13,13
Q008355,631.0,Ashurbanipal,Neo-Assyrian,Persepolis (Pārśa),ORCC,eyestone,645.3012961323404,690.6300062250335,662.2757884991178,19,19,19
Q008356,631.0,Ashurbanipal,Neo-Assyrian,Persepolis (Pārśa),ORCC,bead,641.9470314667345,680.9090592715663,660.8966100013166,14,14,14
Q008357,631.0,Ashurbanipal,Neo-Assyrian,Persepolis (Pārśa),ORCC,bead,646.995702987606,699.75065939181,661.2510359767045,20,20,20
Q008358,631.0,Ashurbanipal,Neo-Assyrian,Persepolis (Pārśa),ORCC,bowl (with sculpture),646.7555914161112,652.2487687675045,659.9745534730378,20,20,20
Q008368,612.0,Sîn-šarru-iškun,Neo-Assyrian,Kuyunjik (Nineveh),ORCC,vessel,664.0007019133425,720.3290078358292,657.0134988417583,200,200,200
Q009238,539.0,Nabonidus,Neo-Babylonian,Sippar,ORCC,None,640.5950494799495,635.9580521748379,624.9441205002837,61,61,61
