{
  "layer": 8,
  "config": {
    "d_in": 384,
    "d_sae": 1536,
    "l1_coefficient": 0.001
  },
  "training_losses": [
    7.153110340833664,
    0.7220428534348806,
    0.41614129682381945,
    0.29434269229571025,
    0.2260935801267624,
    0.1826523107290268,
    0.15217598418394723,
    0.12953467831015586,
    0.11238395656148592,
    0.0988429323832194,
    0.08794057175517082,
    0.07874772076805432,
    0.07109247704346974,
    0.0644700788706541,
    0.058972711066404976,
    0.0543707620849212,
    0.05017681459585826,
    0.04630864605307579,
    0.04290733893712362,
    0.03999896151324113,
    0.03741499734421571,
    0.03497374522189299,
    0.032906477563083174,
    0.030953828133642673,
    0.02934226763745149,
    0.027740134696165722,
    0.02607357210169236,
    0.024726993789275488,
    0.023553855381906033,
    0.022438071854412555,
    0.021278818858166536,
    0.02035804724941651,
    0.01952030318478743,
    0.018543377767006555,
    0.01787056035672625,
    0.01704028109709422,
    0.016672792670627434,
    0.015729244500398636,
    0.01511901787792643,
    0.014645154116054377,
    0.014131079347183308,
    0.013545244888712962,
    0.01303854645540317,
    0.012603153667102258,
    0.012217292053004106,
    0.011839629473785558,
    0.011446856906016668,
    0.011158285439014435,
    0.010830596021066109,
    0.010540451593697072
  ],
  "top_features": [
    1390,
    542,
    1419,
    103,
    134,
    1145,
    1254,
    1170,
    484,
    1317,
    355,
    961,
    1126,
    452,
    197,
    1408,
    1067,
    632,
    874,
    233
  ],
  "dead_features": 17,
  "avg_active_features": 37808.0
}