regime,model,cleaning,pool,layer,year_transform,spearman_mean,spearman_std,r2_mean,r2_std,mae_mean,mae_std,n_valid_folds_or_draws
fullset,qwen3_1b7,tier0,mean,0,raw,0.37181980503690243,0.1531860075877429,0.07537805896322151,0.06772764274160763,83.41844450940543,7.240588062274585,3
fullset,qwen3_1b7,tier0,mean,0,log,0.24498398707159375,0.11907349865150273,-0.43888706991988286,0.28927670027627034,108.53986249317377,11.137663286449884,3
fullset,qwen3_1b7,tier0,mean,1,raw,0.4054612409478496,0.25974690030029113,0.0808233108142895,0.0740818219245564,82.41359191589375,6.664045207105218,3
fullset,qwen3_1b7,tier0,mean,1,log,0.23469271789232757,0.1398512693675488,-0.16576036069118585,0.10641397534016993,96.52338998926253,8.113883976406935,3
fullset,qwen3_1b7,tier0,mean,2,raw,0.4436986421307096,0.26390716882060017,0.09134419377441434,0.08555382693396758,80.64961114838398,7.1081736455504565,3
fullset,qwen3_1b7,tier0,mean,2,log,0.2661283739102094,0.11212408367895244,-0.15512910381261946,0.1304536626616659,94.34276453291842,9.808267161462066,3
fullset,qwen3_1b7,tier0,mean,3,raw,0.24201679183128977,0.24955723930970544,-0.0002134847722623142,0.02381116546714824,87.80803274880496,11.7314991412473,3
fullset,qwen3_1b7,tier0,mean,3,log,0.014037584791649607,0.03215895146815667,-0.08079917849696365,0.03347156483154025,96.86734190183343,6.629994876661357,3
fullset,qwen3_1b7,tier0,mean,4,raw,0.2883890664250457,0.2484009276892342,0.0062628062505259985,0.027050820218676937,87.23135250785157,11.304523258687757,3
fullset,qwen3_1b7,tier0,mean,4,log,0.07412354463523238,0.05713329316988698,-0.07539536933511319,0.031991117532760245,96.16381816816943,6.020912299381668,3
fullset,qwen3_1b7,tier0,mean,5,raw,0.28831585178192043,0.2253265344680779,0.007685152096355415,0.026189488890807452,87.34569012533449,11.10924491359946,3
fullset,qwen3_1b7,tier0,mean,5,log,0.08182306103678805,0.06837124025014388,-0.07651462824905171,0.0331919777652601,96.34960716396763,6.004350949358717,3
fullset,qwen3_1b7,tier0,mean,6,raw,0.31646384411240486,0.22568086335335766,0.011671248460678315,0.028489025657865683,86.90118870264097,10.950206191120762,3
fullset,qwen3_1b7,tier0,mean,6,log,0.1169566081692885,0.09111372121190461,-0.07609755084414378,0.03525225266098211,95.7896348765784,6.026345530669832,3
fullset,qwen3_1b7,tier0,mean,7,raw,0.3248716331916693,0.22147457027048859,0.011910652205154674,0.029436832436025667,87.01846124549945,10.869540677261856,3
fullset,qwen3_1b7,tier0,mean,7,log,0.11586466135128197,0.08350472280220517,-0.07991288498386462,0.03527815221196595,96.21129774995705,5.874191592870873,3
fullset,qwen3_1b7,tier0,mean,8,raw,0.3310070823982207,0.22471507903138369,0.012745491002565501,0.03094954765623908,86.83885006011042,10.72094732474296,3
fullset,qwen3_1b7,tier0,mean,8,log,0.1298151388121969,0.1012676128341357,-0.07860538384446936,0.03657651965882569,95.78282274784954,5.629733997442657,3
fullset,qwen3_1b7,tier0,mean,9,raw,0.3431393601108563,0.20423479444254733,0.01596218341588144,0.03343987469394315,86.60837852623364,10.628216475892676,3
fullset,qwen3_1b7,tier0,mean,9,log,0.1389961400268718,0.088951723781183,-0.07921466573581466,0.035571189007399674,95.45750741383438,5.688128550936296,3
fullset,qwen3_1b7,tier0,mean,10,raw,0.3355483246638955,0.19404446310254542,0.015166187138726047,0.034410145919896294,86.82565870302535,10.627379587404812,3
fullset,qwen3_1b7,tier0,mean,10,log,0.13433751478429024,0.08905497923999056,-0.0858415711225952,0.03537519855143412,95.73502689378718,5.809497908091563,3
fullset,qwen3_1b7,tier0,mean,11,raw,0.34643132022649326,0.19765612649892,0.017133053907800438,0.03620534923278076,86.66150046655719,10.48724901686159,3
fullset,qwen3_1b7,tier0,mean,11,log,0.13353799996129742,0.08881002112282955,-0.08959654954177905,0.03778181953145866,95.67195709172512,5.6972274557135885,3
fullset,qwen3_1b7,tier0,mean,12,raw,0.3682521652944815,0.2090534080301241,0.01907895624617099,0.03675375204354076,86.36310069741619,10.434643799343712,3
fullset,qwen3_1b7,tier0,mean,12,log,0.1498577545119057,0.10222398377694468,-0.09205211136375446,0.04337952351064774,95.34134954227154,5.626567895261141,3
fullset,qwen3_1b7,tier0,mean,13,raw,0.3639557373791722,0.204258050755056,0.020576307743310946,0.03776603476444708,86.13816718173989,10.320844130723582,3
fullset,qwen3_1b7,tier0,mean,13,log,0.1469538781349601,0.10385944048873119,-0.0921927033503976,0.04444605197736601,95.10916117570444,5.145042318959483,3
fullset,qwen3_1b7,tier0,mean,14,raw,0.3581552097494911,0.19893152138576675,0.019963371381678585,0.038041949222764465,86.29846454342969,10.273267073850677,3
fullset,qwen3_1b7,tier0,mean,14,log,0.1363341574792801,0.09994089051151069,-0.09623793157313847,0.04524043790074141,95.47353773771927,5.075244728144712,3
fullset,qwen3_1b7,tier0,mean,15,raw,0.35378471783740845,0.19495325667424662,0.0184577826505196,0.037664408380247726,86.44578886083406,10.29673951774455,3
fullset,qwen3_1b7,tier0,mean,15,log,0.12278551759547912,0.10181695191973181,-0.10167450747376994,0.04762023863412045,95.87780128036245,5.2575831107176505,3
fullset,qwen3_1b7,tier0,mean,16,raw,0.36261294120284293,0.1887922700864002,0.021361978795052677,0.03941886377593782,85.86227814197753,10.172584764851129,3
fullset,qwen3_1b7,tier0,mean,16,log,0.12834604352855924,0.11049801212681215,-0.1036039821381572,0.04927712700766362,95.36407139048266,5.039105344445258,3
fullset,qwen3_1b7,tier0,mean,17,raw,0.4026192661692465,0.21839696830485147,0.033850273406065536,0.047619002787012775,84.51001752007575,9.67918183103743,3
fullset,qwen3_1b7,tier0,mean,17,log,0.1759202239897797,0.115711451516785,-0.09885909696324598,0.04845906870697642,93.81499409981906,4.963876739394681,3
fullset,qwen3_1b7,tier0,mean,18,raw,0.39967207633310675,0.22173302024514083,0.03379765348859772,0.04876316281083862,84.7845784748561,9.697894411901936,3
fullset,qwen3_1b7,tier0,mean,18,log,0.16977540831798313,0.11390484566742703,-0.10525883027273937,0.04876287328304877,94.4790830526358,4.921906762399856,3
fullset,qwen3_1b7,tier0,mean,19,raw,0.41717608557904323,0.23887007327203233,0.04318974094821578,0.05272909533691995,84.11236169150068,9.168882645515943,3
fullset,qwen3_1b7,tier0,mean,19,log,0.19527650384479575,0.11451643803920382,-0.10782605430410053,0.05166744912644975,94.02689675217108,5.262048436483104,3
fullset,qwen3_1b7,tier0,mean,20,raw,0.42426478251377736,0.24567571758078205,0.049809568796185665,0.054625025467874296,84.04262543429559,8.710039072501287,3
fullset,qwen3_1b7,tier0,mean,20,log,0.20190840915526867,0.13597343139298537,-0.11330730785420189,0.06191369370240846,95.16833941235923,5.897266463513614,3
fullset,qwen3_1b7,tier0,mean,21,raw,0.4312436590298865,0.25308769269656284,0.06268241818381648,0.06280415702015406,82.67530630177,8.245231539752734,3
fullset,qwen3_1b7,tier0,mean,21,log,0.2340310516520958,0.12502537916246853,-0.1253473594728849,0.07042826597587899,94.774047637953,6.759537700604599,3
fullset,qwen3_1b7,tier0,mean,22,raw,0.4334947960184734,0.2517618983847971,0.06751869754638962,0.06340954822230893,82.93019190316834,7.795629070839789,3
fullset,qwen3_1b7,tier0,mean,22,log,0.2394088732847469,0.12567261088428316,-0.13018104563120203,0.07457391682453299,95.29418297337851,6.378721584088285,3
fullset,qwen3_1b7,tier0,mean,23,raw,0.42742124374392443,0.25588708252444525,0.06693671606674878,0.06275740359434091,83.14576445256567,7.755565401547246,3
fullset,qwen3_1b7,tier0,mean,23,log,0.2358728494527964,0.12421615910201618,-0.13559538003672236,0.0827155224851678,95.62077470736811,6.784034515197533,3
fullset,qwen3_1b7,tier0,mean,24,raw,0.42000874454375775,0.2520767352489998,0.06130801759754693,0.05965831414451237,83.64096215926924,8.485158983017689,3
fullset,qwen3_1b7,tier0,mean,24,log,0.22685384684537369,0.11786172965624873,-0.13095247876976956,0.07349814623294429,95.43182577231319,6.123072677518506,3
fullset,qwen3_1b7,tier0,mean,25,raw,0.42262279778048134,0.2520074005146442,0.05726448265381223,0.05752213056666533,84.1118267236288,8.785499944706597,3
fullset,qwen3_1b7,tier0,mean,25,log,0.2282297309949954,0.11144455276454138,-0.11922185872582654,0.06436280515353514,94.98324864198423,5.804235830313845,3
fullset,qwen3_1b7,tier0,mean,26,raw,0.4162564750923188,0.2543161675090769,0.05363951068416628,0.05487765205943572,84.27319335473972,8.772709585088396,3
fullset,qwen3_1b7,tier0,mean,26,log,0.22534150923213692,0.11424510371109839,-0.11372497115331164,0.06146218255817641,94.699389840802,5.655157879924745,3
fullset,qwen3_1b7,tier0,mean,27,raw,0.41147677590069964,0.26128010951805425,0.05213477442237502,0.05361714238884866,84.5025788603112,8.833775360708346,3
fullset,qwen3_1b7,tier0,mean,27,log,0.21501172465356957,0.11825257521623075,-0.10841732199788161,0.057589717864689284,94.60014099503509,5.800957574513369,3
fullset,qwen3_1b7,tier0,mean,28,raw,0.32829002387215206,0.23852711022509776,0.039975464705454655,0.04308673330796396,85.4858684817188,8.948652094106974,3
fullset,qwen3_1b7,tier0,mean,28,log,0.20632565217301738,0.13740150782418123,-0.1347138502232875,0.08829230382782667,96.21611881269386,6.211676325952588,3
fullset,qwen3_1b7,tier0,last,0,raw,0.07289501504288826,0.0674697232641097,-0.06550862784449607,0.010761426584012444,92.79934392402417,9.415771898093109,3
fullset,qwen3_1b7,tier0,last,0,log,0.060076670014897686,0.08812681961447583,-0.38967881357719275,0.20947161769508396,105.4694147860685,11.005893945236028,3
fullset,qwen3_1b7,tier0,last,1,raw,0.1708680148489801,0.0793988447925607,0.01744657512445354,0.03876986053591618,88.36905100247685,8.392073481967632,3
fullset,qwen3_1b7,tier0,last,1,log,0.14107150998873716,0.10163547449035454,-0.3637174071532852,0.24380566114569213,105.29273257357255,11.546088372212525,3
fullset,qwen3_1b7,tier0,last,2,raw,0.2205222847649013,0.07159463771667253,0.048175480745002296,0.06552352185281517,86.63409612561605,9.04998572759645,3
fullset,qwen3_1b7,tier0,last,2,log,0.133656070766737,0.08897108478012897,-0.3548369041757428,0.280158307677796,105.28464401705752,11.657516530442487,3
fullset,qwen3_1b7,tier0,last,3,raw,0.23130857740395736,0.07054993956988324,0.025450747185365774,0.08973971666349081,87.32018536254503,10.067587250564488,3
fullset,qwen3_1b7,tier0,last,3,log,0.14176272611905164,0.08196503816287269,-0.4590825718290957,0.4136317131966073,107.92950178621602,14.658505505835345,3
fullset,qwen3_1b7,tier0,last,4,raw,0.24306966763051832,0.09585937672799759,0.02704910702571295,0.09732108714755444,87.20852613312091,9.794433073069197,3
fullset,qwen3_1b7,tier0,last,4,log,0.14487744418468904,0.10242400326872682,-0.4702281480438304,0.43271126377031555,109.19605411886603,14.066192983125578,3
fullset,qwen3_1b7,tier0,last,5,raw,0.2285040420739046,0.09792430918395043,0.020524747094052942,0.07750736232674797,87.90718959105573,9.293905212069282,3
fullset,qwen3_1b7,tier0,last,5,log,0.124697540052941,0.1056559030414638,-0.4641460339470432,0.41356775487783654,108.61363449816118,13.623402842438527,3
fullset,qwen3_1b7,tier0,last,6,raw,0.22132298658265692,0.09435768944783078,0.019590243612419973,0.06936640749352736,88.02303724943795,9.558621675016058,3
fullset,qwen3_1b7,tier0,last,6,log,0.11816401329264008,0.07353096927813167,-0.4840880001794035,0.4097076286532817,110.27335954507647,13.366915094359689,3
fullset,qwen3_1b7,tier0,last,7,raw,0.20641417886066835,0.0791382276718105,0.01914836847414625,0.06952417115088003,88.0046876827076,9.800369871378459,3
fullset,qwen3_1b7,tier0,last,7,log,0.11033131687883108,0.06575947354767858,-0.4662661633787821,0.38597029276992445,109.61538083967507,13.443429841733826,3
fullset,qwen3_1b7,tier0,last,8,raw,0.20081616910725733,0.08019026076744448,0.01700171206431078,0.06684943338313681,87.79385855535746,9.410261702038596,3
fullset,qwen3_1b7,tier0,last,8,log,0.10488625670361894,0.07054096319832533,-0.5001473221602799,0.3842678474943615,111.0145237434213,13.078026683986058,3
fullset,qwen3_1b7,tier0,last,9,raw,0.20417236245194084,0.05367640772103217,0.02002235493018086,0.07138583140812559,87.92538171636254,10.308506257757521,3
fullset,qwen3_1b7,tier0,last,9,log,0.1212948699657878,0.04886535347419964,-0.45105199146665936,0.37382253308110214,110.25457010379618,13.954888335287091,3
fullset,qwen3_1b7,tier0,last,10,raw,0.20902619955553303,0.03442044042889247,0.013502488917915242,0.07394666826279275,87.95118869916449,11.122343621974817,3
fullset,qwen3_1b7,tier0,last,10,log,0.13023017682482219,0.03635771603146938,-0.45381786984592387,0.38145695274157077,109.65079375195148,12.903228303991481,3
fullset,qwen3_1b7,tier0,last,11,raw,0.21849931450230908,0.0425958904961115,0.008060944210195875,0.08297076808955173,88.08282890273954,10.604479643212686,3
fullset,qwen3_1b7,tier0,last,11,log,0.11427145736417472,0.0604537054017412,-0.49860554885847225,0.3727043256952849,110.21033310845235,11.565920216631092,3
fullset,qwen3_1b7,tier0,last,12,raw,0.20665515869483464,0.057034341779427344,0.007328029887353001,0.0785373867646156,87.88861742581561,10.763457474660342,3
fullset,qwen3_1b7,tier0,last,12,log,0.10506740495434878,0.05882338126233847,-0.477900168892098,0.3451365853436807,109.98040951642575,11.630894661683973,3
fullset,qwen3_1b7,tier0,last,13,raw,0.2126847290186892,0.06899338048149135,0.015642571565864943,0.08075667274410621,87.85234478366924,10.336452191557326,3
fullset,qwen3_1b7,tier0,last,13,log,0.10778681233051686,0.06543142623515737,-0.4580230957986903,0.32215243119437487,110.15239860544811,9.820680988984007,3
fullset,qwen3_1b7,tier0,last,14,raw,0.20940662171989333,0.08041539728802459,0.014834144016302711,0.08171636618694615,88.00786590663084,10.503169194439911,3
fullset,qwen3_1b7,tier0,last,14,log,0.09209121461600833,0.07031469469822786,-0.45529538172397505,0.3265765618449119,109.71999061023894,10.293429034630085,3
fullset,qwen3_1b7,tier0,last,15,raw,0.20788688144214865,0.0669587994110848,0.027968271984400477,0.07185820693615212,87.51204336270314,9.868715170044082,3
fullset,qwen3_1b7,tier0,last,15,log,0.09543945040060868,0.06055420303337142,-0.4283180529699749,0.30992320595276035,109.39598231941197,9.58281291457049,3
fullset,qwen3_1b7,tier0,last,16,raw,0.2103088152720137,0.062398565634730785,0.031075713052508742,0.06326807467334088,86.8454589190947,9.268208597634708,3
fullset,qwen3_1b7,tier0,last,16,log,0.09966124414773843,0.0537960117902086,-0.4408046136521013,0.3333156186404537,110.70724715785765,11.044440731799755,3
fullset,qwen3_1b7,tier0,last,17,raw,0.23603430905613346,0.0642163737237176,0.027431167942840656,0.06044570346483849,87.22425008532021,9.6530730317771,3
fullset,qwen3_1b7,tier0,last,17,log,0.1311799297277367,0.05237613120892939,-0.4286150745849309,0.3033161585605263,109.720685978683,9.637340827606394,3
fullset,qwen3_1b7,tier0,last,18,raw,0.23365471790688128,0.06270437452623724,0.017156415631675914,0.059005017041960706,87.42282467435246,9.729485024150494,3
fullset,qwen3_1b7,tier0,last,18,log,0.11989078065900986,0.057332952282650465,-0.4433835088984233,0.29129011403350785,110.3997716672526,8.920015359295842,3
fullset,qwen3_1b7,tier0,last,19,raw,0.23057924157992557,0.07071956808833935,0.00857771724255918,0.057230385694151814,87.70564722327083,9.907102852393043,3
fullset,qwen3_1b7,tier0,last,19,log,0.11557260259774155,0.0542435157814258,-0.44707117487735054,0.2973917421012006,110.08178566876609,10.802070510042912,3
fullset,qwen3_1b7,tier0,last,20,raw,0.23275646200856878,0.0592472671879415,0.007056004550142399,0.06276413093667134,87.34765550526372,10.28593862344691,3
fullset,qwen3_1b7,tier0,last,20,log,0.12484807649636982,0.05340439883631648,-0.46025426809069,0.33662033630977595,110.63376449373477,12.740695254182205,3
fullset,qwen3_1b7,tier0,last,21,raw,0.24324643020600342,0.06833333410428429,-0.00665897512956104,0.066443199240967,87.44927293420041,10.06508168851604,3
fullset,qwen3_1b7,tier0,last,21,log,0.14910578857902984,0.09822090746080271,-0.4878258421800073,0.3327762557997636,110.24636092433734,10.283934737141848,3
fullset,qwen3_1b7,tier0,last,22,raw,0.2461424042024921,0.0980108306832343,-0.021229048386487166,0.08449120166494987,88.16478741541216,10.60588249946989,3
fullset,qwen3_1b7,tier0,last,22,log,0.1650136151813765,0.11799534668811457,-0.4733131477832213,0.3568119341334766,107.30926265780533,9.865702900022649,3
fullset,qwen3_1b7,tier0,last,23,raw,0.255163785094984,0.09101873913736021,-0.024327542200998975,0.0818451561993831,88.16375852050936,11.08663745348587,3
fullset,qwen3_1b7,tier0,last,23,log,0.18382138437992201,0.11232071812446792,-0.45647623441002433,0.3505179959418554,104.65561816252516,10.20662614048252,3
fullset,qwen3_1b7,tier0,last,24,raw,0.2429588719905645,0.07781208438135422,-0.0188039218659309,0.06995735118552651,88.46027416748062,10.790645318358207,3
fullset,qwen3_1b7,tier0,last,24,log,0.1827270856465465,0.11193078678053046,-0.44916602050179105,0.31518249557569766,105.2906704664789,9.527838896957606,3
fullset,qwen3_1b7,tier0,last,25,raw,0.2677054606740035,0.10529711958982739,-0.01153367745117743,0.07343420832402614,88.09735116962842,10.743004927247078,3
fullset,qwen3_1b7,tier0,last,25,log,0.1997135238070349,0.13371064982448796,-0.41096896285781814,0.29870596134128335,103.83173508589486,8.43625230176829,3
fullset,qwen3_1b7,tier0,last,26,raw,0.28524376017127095,0.12231056027301436,-0.007061177983815337,0.0744848999375027,87.5926327375783,10.763970171932883,3
fullset,qwen3_1b7,tier0,last,26,log,0.21460146707696806,0.13590503805266457,-0.3806722338275607,0.2905428452302695,101.62647731760006,8.641681861231342,3
fullset,qwen3_1b7,tier0,last,27,raw,0.26779868000125046,0.1103941087112457,-0.016491630809119973,0.06570169261389527,88.37484908081309,10.953424237405281,3
fullset,qwen3_1b7,tier0,last,27,log,0.18230836204476206,0.10769209586821682,-0.38617678953912776,0.2688097803742853,102.73452212645901,9.437942677704031,3
fullset,qwen3_1b7,tier0,last,28,raw,0.21518762008184958,0.10978277234665285,-0.025927674698516572,0.05042254860470591,89.58569915657534,10.577619894717904,3
fullset,qwen3_1b7,tier0,last,28,log,0.08151822717164343,0.1015161352328079,-0.35927903859603477,0.2074766848130878,103.72153428372657,9.649225473815843,3
fullset,qwen3_1b7,maximal,mean,0,raw,0.2573412733331945,0.0909829081304149,0.025389790876660195,0.0672082368142286,87.68326545880946,6.518235630768216,3
fullset,qwen3_1b7,maximal,mean,0,log,0.18175380620117135,0.09916878381356158,-0.31692324679341377,0.24341484450043482,105.03727528239104,6.218697581918181,3
fullset,qwen3_1b7,maximal,mean,1,raw,0.3594441610376918,0.18460622388981157,0.06478385006546712,0.07172403008458741,85.16415185213134,6.757400527027387,3
fullset,qwen3_1b7,maximal,mean,1,log,0.16896353554745888,0.0931903592423728,-0.2046917706050014,0.1108744197141471,99.22860927597482,8.989995796262216,3
fullset,qwen3_1b7,maximal,mean,2,raw,0.3953100737503685,0.19812469677255204,0.08402507686477727,0.0909318588466184,84.83987227170032,7.09994481656824,3
fullset,qwen3_1b7,maximal,mean,2,log,0.22367744574406057,0.06460676641354994,-0.20274633156353872,0.11293212357058884,98.00826328157605,7.929633445100111,3
fullset,qwen3_1b7,maximal,mean,3,raw,0.13886039195703134,0.18783736257254768,-0.004229033170538132,0.018586462186194686,88.11681930863564,12.154098756604613,3
fullset,qwen3_1b7,maximal,mean,3,log,-0.12103040408700032,0.05911574489848762,-0.08666639217601498,0.03062289793549946,98.39597172874436,6.882665209415133,3
fullset,qwen3_1b7,maximal,mean,4,raw,0.14644741066983044,0.18861591258495808,-0.00309814834612158,0.020620736252044337,87.93872809525072,12.126738938207676,3
fullset,qwen3_1b7,maximal,mean,4,log,-0.11432640040874019,0.0584265972480813,-0.09099387949490516,0.03296491060061222,98.46280644430516,7.014507410513016,3
fullset,qwen3_1b7,maximal,mean,5,raw,0.140605879377498,0.18604321963361162,-0.0034758682695828305,0.02133861030726277,87.99326449103857,12.071858554973312,3
fullset,qwen3_1b7,maximal,mean,5,log,-0.11240791388432787,0.061673839608055246,-0.09613852979870015,0.03639948075115338,98.64550297905339,7.069688286670878,3
fullset,qwen3_1b7,maximal,mean,6,raw,0.16637344902064422,0.1968304883834121,-0.0026721061477129235,0.022592276259894125,87.88797374575903,12.027770397695857,3
fullset,qwen3_1b7,maximal,mean,6,log,-0.09041263961629055,0.0700292690303955,-0.10078564146111701,0.03980869545199842,98.64708038382231,7.187261810208082,3
fullset,qwen3_1b7,maximal,mean,7,raw,0.1758090281232145,0.20284322610815483,-0.0026015533026428894,0.02345928501983397,87.88988516359537,11.964178300191636,3
fullset,qwen3_1b7,maximal,mean,7,log,-0.08530735208063893,0.07123963284183912,-0.10348275146503554,0.04189654044448933,98.74091220206537,7.171097407786252,3
fullset,qwen3_1b7,maximal,mean,8,raw,0.19313811524630312,0.2126926036320655,-0.0020650584025595498,0.02361071439293364,87.86767146154777,11.92483068398727,3
fullset,qwen3_1b7,maximal,mean,8,log,-0.06830596435814777,0.0802309156714857,-0.10369328594162479,0.042551782012717074,98.67479065764176,7.041697532508768,3
fullset,qwen3_1b7,maximal,mean,9,raw,0.22269187598020643,0.22807206266288693,-0.0002938037939794376,0.02578273762192743,87.73399283826355,11.749735844364961,3
fullset,qwen3_1b7,maximal,mean,9,log,-0.027211468414078354,0.0955497439353416,-0.10696305342201977,0.04491100212386851,98.55113197984781,7.071110805616852,3
fullset,qwen3_1b7,maximal,mean,10,raw,0.2315172067760164,0.2264138095294629,0.0013312700425424095,0.02760135267665744,87.52037877341809,11.68110345357687,3
fullset,qwen3_1b7,maximal,mean,10,log,-0.0017402232940627292,0.08869233145678689,-0.10912576553212901,0.04626576804477972,98.42363267653161,7.163208793010467,3
fullset,qwen3_1b7,maximal,mean,11,raw,0.2320806846850992,0.2264474676795428,0.0024356891357454704,0.029251745621784876,87.45848932198034,11.506678334782222,3
fullset,qwen3_1b7,maximal,mean,11,log,0.015621911681045852,0.08264205583607546,-0.11414502818029552,0.04907034535834972,98.48927398656538,7.202237764999726,3
fullset,qwen3_1b7,maximal,mean,12,raw,0.23986231993930765,0.22751053868507656,0.0033273133730303828,0.03022982824290735,87.39048048291852,11.418178987750762,3
fullset,qwen3_1b7,maximal,mean,12,log,0.04186097397254753,0.08776703948456627,-0.1185445538159237,0.0521727819754647,98.37401228808704,7.361499628783283,3
fullset,qwen3_1b7,maximal,mean,13,raw,0.24020176184354317,0.22423879293344434,0.004233080612319602,0.030740311520819446,87.31378842816082,11.310349688237018,3
fullset,qwen3_1b7,maximal,mean,13,log,0.04871241806715417,0.09517009592610937,-0.1203654088056753,0.05378145704154103,98.36603196207302,7.3351811147847705,3
fullset,qwen3_1b7,maximal,mean,14,raw,0.2353977933905701,0.22204096798101833,0.004740278759851058,0.03134794671824496,87.35352362318963,11.161961714549696,3
fullset,qwen3_1b7,maximal,mean,14,log,0.0555442993600348,0.09323228317460754,-0.1261082237756205,0.057519648881559575,98.55125422321106,7.464463497551115,3
fullset,qwen3_1b7,maximal,mean,15,raw,0.23429880317971388,0.2158702508826199,0.005596839328550633,0.03157866206676801,87.2624006344875,11.148148087165351,3
fullset,qwen3_1b7,maximal,mean,15,log,0.06610185891430263,0.09470856966016843,-0.1284839759011808,0.0599659139670313,98.39327044892896,7.612627981815363,3
fullset,qwen3_1b7,maximal,mean,16,raw,0.2423966611931784,0.21628953673275972,0.0076218492527786825,0.0326325630944768,87.06530944078709,11.015235671139667,3
fullset,qwen3_1b7,maximal,mean,16,log,0.07548515121052009,0.0957638501355784,-0.12972669456448704,0.060647472628812336,98.247076344555,7.636907443056606,3
fullset,qwen3_1b7,maximal,mean,17,raw,0.28613667643935375,0.22000817892100144,0.014242611265076977,0.038227072944011016,86.39362670210869,10.785295374595673,3
fullset,qwen3_1b7,maximal,mean,17,log,0.11230604519542838,0.09074939756063044,-0.1324426553684673,0.06117825632968285,97.34377259046296,8.058811979628537,3
fullset,qwen3_1b7,maximal,mean,18,raw,0.2789944388850467,0.21134872505770738,0.014378567394603378,0.03855299080346016,86.58433761485627,10.6033963192975,3
fullset,qwen3_1b7,maximal,mean,18,log,0.10920323794769295,0.09165000587945257,-0.1405562747015686,0.06633522907918687,97.86071011053376,8.259585899156058,3
fullset,qwen3_1b7,maximal,mean,19,raw,0.28805910976955085,0.20715481074540953,0.016839875620932365,0.042738002098822434,86.40385758990419,10.352108856440912,3
fullset,qwen3_1b7,maximal,mean,19,log,0.10334109668352565,0.09778540991980794,-0.14742924318540718,0.06609948127224075,98.23726203512392,8.277135065147379,3
fullset,qwen3_1b7,maximal,mean,20,raw,0.30013253169054965,0.21161596297049004,0.01979735560624048,0.046255123685381434,86.333175790706,10.220943883715133,3
fullset,qwen3_1b7,maximal,mean,20,log,0.12273167674552617,0.10615157861047811,-0.14945959858629956,0.06539731723903369,98.00660514573228,8.28418038026666,3
fullset,qwen3_1b7,maximal,mean,21,raw,0.33263013123418883,0.21357505627590515,0.029797150927401022,0.05448188922494131,85.22489761189338,9.4964809353955,3
fullset,qwen3_1b7,maximal,mean,21,log,0.13442122664901549,0.11403758646409258,-0.15028095289440543,0.058685181154001384,97.07211422258435,7.2454571597965085,3
fullset,qwen3_1b7,maximal,mean,22,raw,0.31973420741629544,0.20539481438483317,0.02667296848417322,0.053422111703686846,85.4716926415852,9.766310802364542,3
fullset,qwen3_1b7,maximal,mean,22,log,0.11973190991805542,0.1167308778678268,-0.15962322133310355,0.062269721291430234,97.31671719323852,7.365322379414423,3
fullset,qwen3_1b7,maximal,mean,23,raw,0.30881092144675093,0.19512457324455507,0.02514230253299828,0.052131189833141994,85.47247141518251,9.720442510129692,3
fullset,qwen3_1b7,maximal,mean,23,log,0.11694541461403556,0.12308182311014002,-0.17203199443904382,0.07811333804816582,97.45197273535895,7.495690931159551,3
fullset,qwen3_1b7,maximal,mean,24,raw,0.3014867605770466,0.19198546076476075,0.024423123299051868,0.05183687230496366,85.56698891691796,9.887097256710904,3
fullset,qwen3_1b7,maximal,mean,24,log,0.10777600550061468,0.11812122284560689,-0.1716671990753483,0.07602337609204872,98.07633681747859,6.982174833725895,3
fullset,qwen3_1b7,maximal,mean,25,raw,0.2820284991766633,0.17669719919335786,0.019515135252568983,0.04944755971009,86.07816432848828,10.172314830415223,3
fullset,qwen3_1b7,maximal,mean,25,log,0.10352821240350392,0.1180746565975587,-0.17779085370549894,0.08269378336022642,98.63203959931275,7.341113415834996,3
fullset,qwen3_1b7,maximal,mean,26,raw,0.2751528680612158,0.17490894400972282,0.017724154817652438,0.048538804085946415,86.10355194402747,10.426159659236818,3
fullset,qwen3_1b7,maximal,mean,26,log,0.10057353432855497,0.11678639198835847,-0.1803939961048422,0.08514849988017463,98.59554682578873,7.799989855448747,3
fullset,qwen3_1b7,maximal,mean,27,raw,0.2742178746699108,0.16551294749405374,0.017095154304796172,0.04629769615955038,86.24303823876295,10.354266498922083,3
fullset,qwen3_1b7,maximal,mean,27,log,0.10538517608228144,0.1347892517940217,-0.1784138818442166,0.09385327795790743,98.3666365801704,7.60180107659907,3
fullset,qwen3_1b7,maximal,mean,28,raw,0.2614668130838431,0.16272226920711025,0.017214501864027176,0.043217302425027526,86.31428324014549,10.058631183350004,3
fullset,qwen3_1b7,maximal,mean,28,log,0.14098823397725574,0.13469153453759836,-0.22724566178409966,0.1526024299560079,98.97778199292857,8.30401218872247,3
fullset,qwen3_1b7,maximal,last,0,raw,0.08758765787636581,0.033390247226424793,-0.013219610138636373,0.024604712335084378,90.15719790676262,8.034718250785824,3
fullset,qwen3_1b7,maximal,last,0,log,0.045763829154492265,0.03653127195607669,-0.30641268362001206,0.2606603986734302,102.90928309768769,5.655873244302048,3
fullset,qwen3_1b7,maximal,last,1,raw,0.1438501273160296,0.021593884420183274,-0.005861563312512271,0.019480026274500135,88.48023120461744,8.107111895233635,3
fullset,qwen3_1b7,maximal,last,1,log,0.03671965296708341,0.05755086066351983,-0.366086694640608,0.2697902168667676,106.54120321839336,9.515804119430777,3
fullset,qwen3_1b7,maximal,last,2,raw,0.13721761868932478,0.02923042647568448,0.010740172043940436,0.002810728792400354,87.81369695499889,8.646945824867705,3
fullset,qwen3_1b7,maximal,last,2,log,0.09072417110166366,0.06471946300501288,-0.3255582566331517,0.2477282934977882,104.43082392238516,8.140698682537074,3
fullset,qwen3_1b7,maximal,last,3,raw,0.16753061873897102,0.0289279245963599,0.03512389562186883,0.014278874679151492,86.98211306862935,7.3893927485389606,3
fullset,qwen3_1b7,maximal,last,3,log,0.11153420286754723,0.10041739418658469,-0.3419069187022627,0.2903691828221795,106.52181881683161,9.545279418180563,3
fullset,qwen3_1b7,maximal,last,4,raw,0.1952872736798699,0.03716851191489664,0.04600775590863201,0.017264198186048144,85.89639663942539,7.156939223246855,3
fullset,qwen3_1b7,maximal,last,4,log,0.13196345817834074,0.09795095687627574,-0.3648872074786858,0.36882636611132463,106.47677408564465,11.357408275582612,3
fullset,qwen3_1b7,maximal,last,5,raw,0.12853969779081786,0.020391929523325834,0.01623277563567238,0.022944423843064332,87.72035963122327,8.499599371358883,3
fullset,qwen3_1b7,maximal,last,5,log,0.07519105573165992,0.09947430405246185,-0.4109617316244696,0.3831365848570952,109.33958345346457,11.60607755001195,3
fullset,qwen3_1b7,maximal,last,6,raw,0.08532021486593451,0.027578921315797828,-0.0004054174487881183,0.018913487226309374,89.25886157965118,9.12460803408191,3
fullset,qwen3_1b7,maximal,last,6,log,0.019910272751214212,0.10079226583675019,-0.4387135037147027,0.3723690889777553,111.29999559628318,11.826262569112162,3
fullset,qwen3_1b7,maximal,last,7,raw,0.09069455382661558,0.02374324526913054,0.0019710454324224727,0.014207173720398968,89.30602696538688,9.082096989257154,3
fullset,qwen3_1b7,maximal,last,7,log,0.0062686516645243245,0.08695637576739301,-0.448499816971317,0.3444100941513194,112.02813743531921,11.442571791300796,3
fullset,qwen3_1b7,maximal,last,8,raw,0.10592540067531418,0.014371685249854828,0.005544205970267724,0.016376548883669004,88.41001306324621,8.852190479799363,3
fullset,qwen3_1b7,maximal,last,8,log,0.035000205858399545,0.08020026505129933,-0.4323793411245082,0.32413451761128126,112.0965979884225,9.474227093306723,3
fullset,qwen3_1b7,maximal,last,9,raw,0.1081412219337462,0.027468417137016622,0.008673794027361273,0.018756708921253997,88.43426104414561,8.859791567110662,3
fullset,qwen3_1b7,maximal,last,9,log,0.04002745116978472,0.08769751532985458,-0.4126339501716143,0.29815126373443096,110.72984045948624,9.959882732379997,3
fullset,qwen3_1b7,maximal,last,10,raw,0.10663770066501925,0.03652822679750731,0.007922065599998382,0.026924601150288753,88.46773299422493,8.87113190178625,3
fullset,qwen3_1b7,maximal,last,10,log,0.029323539675704943,0.0600130486828814,-0.3833675731526891,0.2647194819948573,108.57145196525867,9.774762591217009,3
fullset,qwen3_1b7,maximal,last,11,raw,0.10489774542934087,0.029803578486899292,0.007837149530765641,0.02981156627643202,88.52732873900572,8.971064121460994,3
fullset,qwen3_1b7,maximal,last,11,log,0.041924794634142636,0.058565704893219994,-0.38533695225059134,0.26925347001510225,108.42569522639182,8.161808054395072,3
fullset,qwen3_1b7,maximal,last,12,raw,0.10624908198988359,0.026874430836034243,-0.002091848312377483,0.028100741969811518,88.80669456430269,8.903118351668008,3
fullset,qwen3_1b7,maximal,last,12,log,0.028235590296922575,0.06497522762019801,-0.4226804217721139,0.30647569881973136,109.87226139858295,8.951424641317153,3
fullset,qwen3_1b7,maximal,last,13,raw,0.10584024788038664,0.0222887202515159,-0.008250809763469702,0.0263925629550773,88.96019096985309,9.026612708583073,3
fullset,qwen3_1b7,maximal,last,13,log,0.02207863027204995,0.05835224621806365,-0.44862563437864655,0.31426151078380343,111.38587079530699,9.364180490293714,3
fullset,qwen3_1b7,maximal,last,14,raw,0.1000679770646347,0.03792169099465588,0.00012523132227126865,0.027926832536503125,88.71839480984629,8.710981802548002,3
fullset,qwen3_1b7,maximal,last,14,log,0.031469992098143613,0.07183494164182858,-0.42137535259374953,0.2930756836278408,109.83507840806162,9.528337334626015,3
fullset,qwen3_1b7,maximal,last,15,raw,0.0944017890047335,0.032511395369306965,0.0010825318781806,0.023561958627069543,88.8533322587963,9.136052260253578,3
fullset,qwen3_1b7,maximal,last,15,log,0.016277509000900612,0.066954017474026,-0.41470543433771523,0.27298536656522965,109.85103293378388,9.597857116626805,3
fullset,qwen3_1b7,maximal,last,16,raw,0.10982754830775067,0.04227414065538251,0.008095712393163127,0.024029143710040512,88.88781513585657,8.609736375374053,3
fullset,qwen3_1b7,maximal,last,16,log,0.04376159376069716,0.0715276487691732,-0.4116030551999202,0.25787046281845394,110.37752876964964,8.131587459643644,3
fullset,qwen3_1b7,maximal,last,17,raw,0.10610344008480725,0.051270007981032,-0.009361421655918023,0.03594120949728941,89.00536629506799,8.174813874865153,3
fullset,qwen3_1b7,maximal,last,17,log,0.035449638778067845,0.09166535031239632,-0.479749091263022,0.34752389359201613,112.22484300375727,12.113878077466222,3
fullset,qwen3_1b7,maximal,last,18,raw,0.09821998524003273,0.05197744733917534,-0.0036325530388363614,0.03132178626988644,88.74585716489463,7.771990786155107,3
fullset,qwen3_1b7,maximal,last,18,log,0.02728505158438574,0.0903132784752542,-0.44976940400944115,0.3376602439329695,110.37159014976403,10.789511103866305,3
fullset,qwen3_1b7,maximal,last,19,raw,0.12023836342462402,0.04902406787451095,0.006752636600980133,0.030601880770234045,87.89949829147916,8.229829628639212,3
fullset,qwen3_1b7,maximal,last,19,log,0.03960879581078806,0.09287733402080103,-0.4264082021824252,0.3167383525557185,108.17789854493056,11.096486777693361,3
fullset,qwen3_1b7,maximal,last,20,raw,0.08799649020346774,0.04736188139565198,-0.004942175820621879,0.033283513862105193,88.81550396528813,8.537241395481125,3
fullset,qwen3_1b7,maximal,last,20,log,-0.0012078975062497683,0.07743179161065188,-0.4767227481414849,0.36763634494400743,110.2517566279908,11.473313156061844,3
fullset,qwen3_1b7,maximal,last,21,raw,0.11012978732323382,0.0751633362997565,0.004143109023060772,0.036983643163066196,87.7589259518286,7.335072894915247,3
fullset,qwen3_1b7,maximal,last,21,log,0.011603510699072991,0.07456732038639746,-0.48180517966658704,0.39172160911958454,109.7694617253136,11.265640733200952,3
fullset,qwen3_1b7,maximal,last,22,raw,0.10151442908756543,0.04546337039688248,-0.005107417044244296,0.02962683064505909,88.01464814238666,8.068131915659146,3
fullset,qwen3_1b7,maximal,last,22,log,0.008977000631387982,0.07067472151978732,-0.4871405379731684,0.3686760179022405,108.60248560874378,11.193925783592993,3
fullset,qwen3_1b7,maximal,last,23,raw,0.0901073359893076,0.050390229527542185,-0.011659885555215688,0.0349506941411376,87.81725712975295,8.374584448331813,3
fullset,qwen3_1b7,maximal,last,23,log,-0.02010996120460042,0.06025116728558753,-0.4984741293500789,0.35435965954668514,107.97765278330668,11.405707870375672,3
fullset,qwen3_1b7,maximal,last,24,raw,0.09976411956447845,0.057721706899695344,-0.00461130536026344,0.0364065599702721,87.50146727804879,8.615641348427587,3
fullset,qwen3_1b7,maximal,last,24,log,-0.02344757800792938,0.05190217946971428,-0.44603608435041636,0.3203453116823036,106.32634488577696,11.16869937053195,3
fullset,qwen3_1b7,maximal,last,25,raw,0.09006910089757297,0.04844748894527628,-0.003965188107369751,0.03412672281685788,87.83633549742574,9.716548331853764,3
fullset,qwen3_1b7,maximal,last,25,log,-0.032133459448436506,0.0458633386351439,-0.39578519850660304,0.264830949690803,105.1243501103956,10.775632633287753,3
fullset,qwen3_1b7,maximal,last,26,raw,0.10963235031829284,0.061543267223156645,-0.0007592598065106296,0.035692128655485045,87.6649074508332,9.980699784503502,3
fullset,qwen3_1b7,maximal,last,26,log,-0.021373305320989727,0.04617836362210956,-0.3591139253968167,0.2274196697217379,103.86442008679087,9.72743804228235,3
fullset,qwen3_1b7,maximal,last,27,raw,0.14158269797817544,0.08059124734941493,0.009111518709877772,0.0392678667415955,87.57254942244619,9.939258547842254,3
fullset,qwen3_1b7,maximal,last,27,log,-0.00681705591047752,0.06222677465597323,-0.31162376330077174,0.18953409641829747,102.66496899896138,9.3470754753748,3
fullset,qwen3_1b7,maximal,last,28,raw,0.16958881692892946,0.10356178183329821,0.004746143782288585,0.037677961651545466,87.81553352258906,10.33319562371675,3
fullset,qwen3_1b7,maximal,last,28,log,-0.017478684164493916,0.04385476291211721,-0.2752974374551769,0.14804312100946634,102.25039212142555,9.083727353200972,3
fullset,qwen3_8b,tier0,mean,0,raw,0.36902010712394545,0.15796596877524152,0.08880013755081655,0.06851862547502731,82.61554703908921,7.317155906257893,3
fullset,qwen3_8b,tier0,mean,0,log,0.24455555179387423,0.09838622255188942,-0.4120122758162778,0.286798914756325,108.29270145108933,12.355396146182855,3
fullset,qwen3_8b,tier0,mean,1,raw,0.4246594556423073,0.27150641265917697,0.07689965887137969,0.066611295313562,82.81269611981268,7.508345378116373,3
fullset,qwen3_8b,tier0,mean,1,log,0.2274524520852248,0.14376451799357312,-0.10358364106630757,0.07401472473866524,93.22951433954194,7.286829759448503,3
fullset,qwen3_8b,tier0,mean,2,raw,0.4392725763921376,0.2695138813058859,0.09023521834879393,0.07753742218520808,81.65358418361514,7.384893206814597,3
fullset,qwen3_8b,tier0,mean,2,log,0.24153753883613116,0.12791949310247944,-0.1128066025287983,0.07527660821450344,92.93113146873002,7.491075714676914,3
fullset,qwen3_8b,tier0,mean,3,raw,0.4349856966039655,0.2712495818145816,0.09951526084257174,0.0847893892680663,81.27895051738777,6.235435193937019,3
fullset,qwen3_8b,tier0,mean,3,log,0.233114610930819,0.11378068886341589,-0.14846775737584275,0.10678296163191395,94.79532740921111,8.531746086512339,3
fullset,qwen3_8b,tier0,mean,4,raw,0.4287914081070432,0.2642593714185657,0.10638325150897181,0.0867238516674771,81.44434054613521,5.339174298758235,3
fullset,qwen3_8b,tier0,mean,4,log,0.22713908058239932,0.11611601830057791,-0.20896851034827305,0.16803333974280366,99.23537933038664,10.622858643683944,3
fullset,qwen3_8b,tier0,mean,5,raw,0.42999829763660974,0.2541909389700271,0.10943372970152825,0.08512770757216642,81.71685711211416,5.2035210808536,3
fullset,qwen3_8b,tier0,mean,5,log,0.2473983340268333,0.10763629642935348,-0.2349700687224423,0.1885042489653104,100.98422133961962,9.970116288006341,3
fullset,qwen3_8b,tier0,mean,6,raw,0.4292048354665699,0.2460880275350374,0.10269012922660763,0.08013912265658228,82.32282621983478,5.787161690421573,3
fullset,qwen3_8b,tier0,mean,6,log,0.2444659072450344,0.10931808592659088,-0.23237885847642092,0.18993019508518705,100.17056955994555,10.558692903362157,3
fullset,qwen3_8b,tier0,mean,7,raw,0.36061380456586284,0.2216617958538571,0.019983682918033468,0.035591469030613665,86.38382078177658,10.180020677813161,3
fullset,qwen3_8b,tier0,mean,7,log,0.121933308637986,0.05845559577466697,-0.08201012583000389,0.035928430544515784,95.12453676784703,4.76923931335071,3
fullset,qwen3_8b,tier0,mean,8,raw,0.34880466787367065,0.22292084593027786,0.017966665663574855,0.03517053704638966,86.7183393629161,10.107552568198775,3
fullset,qwen3_8b,tier0,mean,8,log,0.10592399033796183,0.06578890110963075,-0.08789908984647281,0.03939717953523009,95.71535485888522,4.83574493966728,3
fullset,qwen3_8b,tier0,mean,9,raw,0.3415728736511668,0.22013672716496455,0.01711708411168822,0.03473410106770502,86.68551240931522,10.06994386661315,3
fullset,qwen3_8b,tier0,mean,9,log,0.1057807231886949,0.07470604137818307,-0.09113377794392326,0.04219577059930118,95.78989137333643,4.912625317607894,3
fullset,qwen3_8b,tier0,mean,10,raw,0.3356672301991541,0.19572198075590672,0.017909718515551825,0.03342383216133935,86.18034503416021,9.789551710328668,3
fullset,qwen3_8b,tier0,mean,10,log,0.10167249132892227,0.08028715374982295,-0.09471152167769059,0.043780019786738934,95.89792846502007,5.172969067461791,3
fullset,qwen3_8b,tier0,mean,11,raw,0.33182012013172807,0.1854546905800615,0.01686478359294145,0.03335983100807587,86.44348597476153,9.875172801419636,3
fullset,qwen3_8b,tier0,mean,11,log,0.09699892381089864,0.08021577904306754,-0.09670465156513723,0.04288041361337235,96.33811310878644,5.220312257948815,3
fullset,qwen3_8b,tier0,mean,12,raw,0.33888093643176487,0.18715945933296757,0.017919879434309876,0.034060312734755016,86.35012047924984,9.972576313686515,3
fullset,qwen3_8b,tier0,mean,12,log,0.09782085629102777,0.08384446700539212,-0.09572945759560773,0.042682365135287455,96.23405422956449,5.358083116862609,3
fullset,qwen3_8b,tier0,mean,13,raw,0.33155341969335783,0.18378323934001498,0.015468570147129249,0.03297829184872951,86.78182637065161,10.179327015323011,3
fullset,qwen3_8b,tier0,mean,13,log,0.08870687177981568,0.08468003726699605,-0.0994606930136303,0.044767417210688595,96.66527590447765,5.820117770021079,3
fullset,qwen3_8b,tier0,mean,14,raw,0.3311840892290802,0.18326972199632144,0.015319027607184657,0.03289740272957736,86.81899176619868,10.152905379454756,3
fullset,qwen3_8b,tier0,mean,14,log,0.0854010914616677,0.08920960784552254,-0.10086453865751095,0.04602915337994178,96.83159125300126,5.814878827202086,3
fullset,qwen3_8b,tier0,mean,15,raw,0.330250063297388,0.18951438123900916,0.014383524043931692,0.03319690212307347,87.02278250906785,10.231992872985606,3
fullset,qwen3_8b,tier0,mean,15,log,0.08561080710058333,0.09745242252746882,-0.10329590321489286,0.04817342165259635,97.11334415819898,5.904598382641515,3
fullset,qwen3_8b,tier0,mean,16,raw,0.3222957431684532,0.1872412793569171,0.013010200086642628,0.03284763306694421,87.21650493644279,10.315264893964754,3
fullset,qwen3_8b,tier0,mean,16,log,0.0740408805887439,0.09381655574603993,-0.10639782626469134,0.04958733286247162,97.48057714350871,6.083557365252096,3
fullset,qwen3_8b,tier0,mean,17,raw,0.3026599622937161,0.17208417844113635,0.012818963376050188,0.031855447231273544,87.21650399045774,10.446030507085695,3
fullset,qwen3_8b,tier0,mean,17,log,0.06489874507140696,0.1154480027199794,-0.10507243824322154,0.05163346367987791,97.38756377113513,6.241968492205704,3
fullset,qwen3_8b,tier0,mean,18,raw,0.2942101742605825,0.17051318002040508,0.011327762828582721,0.03175935890910509,87.4364895995105,10.495893874017183,3
fullset,qwen3_8b,tier0,mean,18,log,0.05310106630057932,0.11193367496369665,-0.11020417024259392,0.05390346292342841,97.87230235811329,6.474206130821879,3
fullset,qwen3_8b,tier0,mean,19,raw,0.30728293507578225,0.18134788274373276,0.012200633464530708,0.03351706551073582,87.3599505100331,10.418414392279026,3
fullset,qwen3_8b,tier0,mean,19,log,0.057128522894702626,0.10807882301188101,-0.11122031911627683,0.05382575915133885,97.84067849199745,6.362148583597226,3
fullset,qwen3_8b,tier0,mean,20,raw,0.3294886877785941,0.19463820012807265,0.01502808198494665,0.03640037800207625,87.03404625880023,10.277477935279387,3
fullset,qwen3_8b,tier0,mean,20,log,0.07193035338955366,0.10322810022001697,-0.10956699817479983,0.05304345730628423,97.3463063613953,6.327706834588321,3
fullset,qwen3_8b,tier0,mean,21,raw,0.33028984003128037,0.19461565960365113,0.01479848624610817,0.03605892807340979,87.10012384678667,10.356237880395833,3
fullset,qwen3_8b,tier0,mean,21,log,0.07333804356334,0.1037774310316309,-0.1115469581302971,0.05480150563191654,97.46609379720276,6.366747431545597,3
fullset,qwen3_8b,tier0,mean,22,raw,0.3393221257513033,0.2061845373108998,0.016172959064279402,0.0381326405098434,86.9255018742324,10.252849699101107,3
fullset,qwen3_8b,tier0,mean,22,log,0.08109848790245337,0.0977935702423669,-0.11145890118481823,0.05461976580857081,97.18521788001829,6.140373686052037,3
fullset,qwen3_8b,tier0,mean,23,raw,0.3585443820104275,0.22351746690373753,0.01822233338378502,0.039686148320283526,86.54506385387496,10.113244634327247,3
fullset,qwen3_8b,tier0,mean,23,log,0.0947989614885671,0.11024546171605619,-0.11375898997470846,0.06025921431328741,96.5374980956692,6.173884465458246,3
fullset,qwen3_8b,tier0,mean,24,raw,0.3837890592535283,0.24098777411982575,0.022878172495459648,0.042408155240308915,86.16810207942733,9.977514588312184,3
fullset,qwen3_8b,tier0,mean,24,log,0.12120035619451536,0.11036500775891209,-0.11380666564174136,0.0632758847020885,95.73286639256361,6.089038706167919,3
fullset,qwen3_8b,tier0,mean,25,raw,0.39809388020438036,0.25788392109625213,0.025695728477695856,0.04455945407551606,86.1535948150347,9.805180724432088,3
fullset,qwen3_8b,tier0,mean,25,log,0.1425452327138987,0.10571239493205616,-0.11893674860447612,0.06786592346861119,95.24726454922695,6.212242759796998,3
fullset,qwen3_8b,tier0,mean,26,raw,0.4091687533019283,0.26481222984903896,0.028694795518789246,0.04625647111586258,85.99349264300976,9.75133184105018,3
fullset,qwen3_8b,tier0,mean,26,log,0.15374949511278047,0.0955075264058195,-0.1163546613568777,0.06549109415560728,94.96105447188192,6.083849693368218,3
fullset,qwen3_8b,tier0,mean,27,raw,0.4070987013701231,0.2672036607820908,0.027457349896431265,0.04553945000330184,86.20530085020762,9.887925225008152,3
fullset,qwen3_8b,tier0,mean,27,log,0.1491766466892652,0.08941956774745616,-0.1214951573253656,0.06813705887385574,95.37162537969196,6.1891504366831125,3
fullset,qwen3_8b,tier0,mean,28,raw,0.41233427510025605,0.2721295915806048,0.030893722082192026,0.04742546497714773,85.88994318851827,9.717905346893614,3
fullset,qwen3_8b,tier0,mean,28,log,0.1623814003599474,0.08882705346373487,-0.12114313971617241,0.06947631272352835,95.00271875562419,6.005717864081158,3
fullset,qwen3_8b,tier0,mean,29,raw,0.41449604637571175,0.27321245422092916,0.032123157107626664,0.047865436782327735,85.69729963681282,9.837244899719845,3
fullset,qwen3_8b,tier0,mean,29,log,0.16365305139017214,0.0782902367719157,-0.12151093404855295,0.06558381504041515,94.95752784772947,6.045492927097786,3
fullset,qwen3_8b,tier0,mean,30,raw,0.4082081950038006,0.27773123062961835,0.032223662955443766,0.047556842907448,85.75719774182359,9.852885289428881,3
fullset,qwen3_8b,tier0,mean,30,log,0.1628435734411042,0.07539824312845549,-0.12476709366010397,0.0664911734233509,95.22780679983175,6.16605068057294,3
fullset,qwen3_8b,tier0,mean,31,raw,0.39741430473449446,0.2728010228250663,0.02990549108973195,0.04663029042984031,86.06008435822645,9.94044651379705,3
fullset,qwen3_8b,tier0,mean,31,log,0.1482178783148525,0.06291538237127732,-0.13078365122800006,0.06762036888537716,95.91821061894761,6.476316087510684,3
fullset,qwen3_8b,tier0,mean,32,raw,0.40001275147205456,0.2768433134345877,0.031005697311652553,0.04658624233961541,86.0210470888722,9.978948039386129,3
fullset,qwen3_8b,tier0,mean,32,log,0.1399953454675733,0.06871620719676742,-0.12860622832680155,0.0675261702297755,96.03839253979122,6.596569331637014,3
fullset,qwen3_8b,tier0,mean,33,raw,0.40429883422489404,0.28062264312723745,0.03246055480335486,0.04848467445860661,85.94681898679215,9.957260998946168,3
fullset,qwen3_8b,tier0,mean,33,log,0.1387487409956729,0.07322516096404649,-0.12881928343900442,0.06567712244868731,96.0996284974949,6.715150190162146,3
fullset,qwen3_8b,tier0,mean,34,raw,0.4286825525660065,0.28798685935706314,0.04112637213910305,0.05480650471188024,85.26036364167454,9.575557756270213,3
fullset,qwen3_8b,tier0,mean,34,log,0.15724172680899262,0.0885432253675555,-0.12261542449767286,0.061877732854963265,95.64565563415567,6.521547517066541,3
fullset,qwen3_8b,tier0,mean,35,raw,0.41663989252315653,0.3007132819867789,0.03616549257420646,0.05047432784073194,85.86097324309293,9.756830958817538,3
fullset,qwen3_8b,tier0,mean,35,log,0.1348296781512418,0.09861523884421838,-0.12202441481095298,0.06374025386021476,96.33895374068993,6.815581888762609,3
fullset,qwen3_8b,tier0,mean,36,raw,0.33642334678888997,0.25952684456558617,0.024346199633108134,0.04239038094177137,86.98219676146016,9.804794437927598,3
fullset,qwen3_8b,tier0,mean,36,log,0.13432610743923049,0.1102062369502299,-0.11551307538618705,0.06085219566836503,96.1479772556765,6.523140795951595,3
fullset,qwen3_8b,tier0,last,0,raw,0.09041250098263102,0.06200404474487751,-0.0676778244887996,0.012934182014612551,92.93830638021451,9.723007493756224,3
fullset,qwen3_8b,tier0,last,0,log,0.06411888812431231,0.10318092929295,-0.38985748317577595,0.21345840035265037,105.65869536613805,11.058779502366582,3
fullset,qwen3_8b,tier0,last,1,raw,0.22593367805406675,0.07071222404384196,0.02387972245042073,0.04440938041449985,88.27612662377233,8.628307189853466,3
fullset,qwen3_8b,tier0,last,1,log,0.10910368743064051,0.05259812546180673,-0.35957925872633884,0.2708170109676675,107.1139570356072,13.630832329770843,3
fullset,qwen3_8b,tier0,last,2,raw,0.24662320759901502,0.08996702451843235,0.04365152897353238,0.07167424107647909,86.73091291141891,8.570275709108195,3
fullset,qwen3_8b,tier0,last,2,log,0.13092792261805528,0.11661843481354545,-0.3569646555940473,0.27742418123013474,106.6990744179438,10.609237549810747,3
fullset,qwen3_8b,tier0,last,3,raw,0.26349530861204906,0.09881016064306739,0.06742514389207277,0.07825173538006241,85.61626415756048,7.5614552903360135,3
fullset,qwen3_8b,tier0,last,3,log,0.15593847524376125,0.12546254735253343,-0.3524710229391715,0.3000741101633018,105.65775885368616,10.882982395300644,3
fullset,qwen3_8b,tier0,last,4,raw,0.27519344147743646,0.09306010248092007,0.07953866845527979,0.08996646305307202,84.90646221700948,7.478491362880599,3
fullset,qwen3_8b,tier0,last,4,log,0.17552958911403016,0.1052488536760099,-0.3578883328806614,0.3773485465747048,106.34327662216698,12.807762439352029,3
fullset,qwen3_8b,tier0,last,5,raw,0.2805121537318067,0.11206790133744507,0.04778240069717551,0.08326184570405529,86.0895205336774,7.355409037573068,3
fullset,qwen3_8b,tier0,last,5,log,0.18747394891319377,0.12995173143748528,-0.4579403093190995,0.4122454711999356,108.56990920936495,11.613788245995918,3
fullset,qwen3_8b,tier0,last,6,raw,0.2576706269733811,0.09979857832612549,0.018370291838419244,0.09765725325817845,87.96372050380761,8.896955885919652,3
fullset,qwen3_8b,tier0,last,6,log,0.182173263685505,0.11487639120177394,-0.4741812885408485,0.44730812515419394,107.92909658709765,14.061012297695381,3
fullset,qwen3_8b,tier0,last,7,raw,0.244507475481429,0.0923560194430732,0.002486549024478535,0.11837910145804416,88.9728060026394,9.547239065529277,3
fullset,qwen3_8b,tier0,last,7,log,0.16462504468363742,0.11768780665306139,-0.4841877094522456,0.46609992684163104,108.67395686269163,13.894999579372762,3
fullset,qwen3_8b,tier0,last,8,raw,0.21478288808257648,0.09860067704082826,-0.004028537369204462,0.1068264754501293,89.58088199559226,8.830911064262963,3
fullset,qwen3_8b,tier0,last,8,log,0.14098847913692505,0.11555385194620675,-0.49946910698260366,0.45588311921621866,110.28870039003714,13.97825901099636,3
fullset,qwen3_8b,tier0,last,9,raw,0.22518264091234452,0.0919218131824955,-0.0026257927226635003,0.10908877271763914,88.97064968399077,9.089053616968824,3
fullset,qwen3_8b,tier0,last,9,log,0.14813830378968817,0.1143979234128762,-0.5106380807336803,0.45933113256127733,110.24434744923808,14.054880057811477,3
fullset,qwen3_8b,tier0,last,10,raw,0.21531030619253078,0.07313418912726871,0.0062475696369641565,0.09585707765024902,88.63710707782847,8.884083535767894,3
fullset,qwen3_8b,tier0,last,10,log,0.12721513422403932,0.10443952689094323,-0.4742784906910389,0.41834748208115324,110.32940610566102,14.412084949996633,3
fullset,qwen3_8b,tier0,last,11,raw,0.2262333536037264,0.07096465934085598,0.03204906080088399,0.07736876854977626,87.50714464343942,8.577339288648671,3
fullset,qwen3_8b,tier0,last,11,log,0.1299965755338153,0.0826687379962668,-0.4113884933302357,0.3465668791575382,109.18786242197575,14.1679828849174,3
fullset,qwen3_8b,tier0,last,12,raw,0.2230933833032961,0.07565322652678408,0.02548976457975009,0.07473052020927032,88.14033945659527,8.329625612888787,3
fullset,qwen3_8b,tier0,last,12,log,0.1266180001640115,0.08590071671580538,-0.4379080179603612,0.3525116482406582,110.373653529534,12.846152552157216,3
fullset,qwen3_8b,tier0,last,13,raw,0.22025919761818447,0.08840828581901396,0.024227434393194896,0.07088811649277513,88.14045890835628,8.078893969404593,3
fullset,qwen3_8b,tier0,last,13,log,0.11617475036383418,0.09078662474491206,-0.46169310129854635,0.3380637281136922,111.83804995993877,11.172901160638771,3
fullset,qwen3_8b,tier0,last,14,raw,0.19102880268344946,0.0892629795699557,0.012459541043243353,0.07309625796258098,88.55948289096615,8.528161165251804,3
fullset,qwen3_8b,tier0,last,14,log,0.09530795845211275,0.09595707366778905,-0.4728156764084204,0.3535719910107358,112.28077782830762,11.341590759182582,3
fullset,qwen3_8b,tier0,last,15,raw,0.17696917698232784,0.090220754897914,-0.0010087570394713048,0.06505044324799136,89.24455560843904,8.75310913264256,3
fullset,qwen3_8b,tier0,last,15,log,0.06381475384591824,0.11482463981175745,-0.5089992453846179,0.33061533922795333,114.23861766086338,9.893532317029987,3
fullset,qwen3_8b,tier0,last,16,raw,0.17258933085708453,0.07799059559781926,-0.005597755202270349,0.06592813185407644,89.2750966117651,9.203936214300201,3
fullset,qwen3_8b,tier0,last,16,log,0.07600490748897498,0.10465980382559395,-0.5070925071481628,0.33930960432753204,113.04408983614816,10.587944694885921,3
fullset,qwen3_8b,tier0,last,17,raw,0.17966349439848647,0.07254149208067123,-0.0008781483020067204,0.06168018369273587,88.86525453000526,8.914746691594878,3
fullset,qwen3_8b,tier0,last,17,log,0.08420999761414356,0.11664019253811471,-0.49210183684304115,0.31635157836489836,112.52369908611126,10.257172752225225,3
fullset,qwen3_8b,tier0,last,18,raw,0.18710025278871237,0.09598826223516821,0.0012597074295025434,0.05879494955761913,88.71546076981072,8.81719134247415,3
fullset,qwen3_8b,tier0,last,18,log,0.08994303981526498,0.12903836285635692,-0.4706772879652836,0.30312575521700297,111.27785545915499,9.011668454971023,3
fullset,qwen3_8b,tier0,last,19,raw,0.20481745907196255,0.08418678427124181,0.009052556313965251,0.06114896863598502,88.34644245886214,8.887448418949303,3
fullset,qwen3_8b,tier0,last,19,log,0.1053188060118384,0.11901085538872404,-0.46544658882573625,0.30113752335234306,111.44389849744205,9.233284081820303,3
fullset,qwen3_8b,tier0,last,20,raw,0.18422776395123727,0.0925681939360607,0.009220837155582307,0.05569575108481045,88.335072180552,8.47592895607882,3
fullset,qwen3_8b,tier0,last,20,log,0.09443451782581064,0.1306498100528904,-0.4794180872638703,0.2779455975399579,113.51604401729855,8.09259044708843,3
fullset,qwen3_8b,tier0,last,21,raw,0.18152981305689075,0.08086918975606515,0.009756900180027136,0.053027834788271375,88.38105692982062,8.304008305451514,3
fullset,qwen3_8b,tier0,last,21,log,0.09270238594360607,0.1223459193616687,-0.46018746091698026,0.2627845836599287,111.88878734833186,7.53113054262993,3
fullset,qwen3_8b,tier0,last,22,raw,0.17373749879507228,0.09033863819753585,0.006568119428343307,0.05626724800145658,88.58329996273538,8.294009374383894,3
fullset,qwen3_8b,tier0,last,22,log,0.08106887856188,0.1253040499976045,-0.47538312523051074,0.27543917983982225,112.65809102229521,8.01769743575182,3
fullset,qwen3_8b,tier0,last,23,raw,0.17370235030320383,0.08363608861067313,0.006566508547286835,0.0639623847179031,88.36562843281712,8.491415046806274,3
fullset,qwen3_8b,tier0,last,23,log,0.08061433273716681,0.11145737790451091,-0.4744050012194842,0.28380570020630114,112.06405694267586,8.962361378570536,3
fullset,qwen3_8b,tier0,last,24,raw,0.16792830671046785,0.07251065423363551,0.002311640737582906,0.06302252320329108,88.91520771475415,8.854663645199647,3
fullset,qwen3_8b,tier0,last,24,log,0.06885710774361552,0.10027991157681122,-0.4691802108913699,0.27268541185335543,112.48274740143434,9.255465666720989,3
fullset,qwen3_8b,tier0,last,25,raw,0.19084982702087053,0.08281601591782792,0.012240576686297447,0.05943977293963743,88.42101381368393,8.606735951331224,3
fullset,qwen3_8b,tier0,last,25,log,0.09049832778728632,0.11513733031824665,-0.42203253749836905,0.24320851574711583,109.88197955340424,7.740001872261685,3
fullset,qwen3_8b,tier0,last,26,raw,0.21355967133911444,0.09362814112996018,0.02363609419979869,0.057728361695825035,87.70392332640142,8.126356454620492,3
fullset,qwen3_8b,tier0,last,26,log,0.11423485979391457,0.13381793494700384,-0.38783398572087296,0.23173533863134851,108.58713774199761,6.9335878449999875,3
fullset,qwen3_8b,tier0,last,27,raw,0.21610528425027606,0.08398028784263918,0.02790861019531854,0.05172546754580777,87.50382046472286,7.932680976468369,3
fullset,qwen3_8b,tier0,last,27,log,0.12002475724847382,0.1281030272429284,-0.3588165136323506,0.21429720493084342,107.12471933407723,7.096047362645699,3
fullset,qwen3_8b,tier0,last,28,raw,0.2223502302279924,0.07337316772145645,0.026348838328117335,0.04912313814110539,87.4427661743898,8.40362660317307,3
fullset,qwen3_8b,tier0,last,28,log,0.13120451928960283,0.11107132682179148,-0.34012187036842545,0.21712272826639528,105.80667528536691,8.158374518250271,3
fullset,qwen3_8b,tier0,last,29,raw,0.21872932690244087,0.07733274315972849,0.024755555167382592,0.04831821068478835,87.28210797483398,8.342245093448467,3
fullset,qwen3_8b,tier0,last,29,log,0.12444674050427473,0.11610392963681238,-0.3464581250272037,0.20823469396173822,106.19124784771988,8.102742156370887,3
fullset,qwen3_8b,tier0,last,30,raw,0.20869197380163854,0.06850687963232559,0.02284064286493222,0.04704707465142262,87.58715895829069,8.761721780709234,3
fullset,qwen3_8b,tier0,last,30,log,0.11460231527342468,0.1183517760064706,-0.33665820431825616,0.20200722199463478,105.4256134626134,8.102509217047748,3
fullset,qwen3_8b,tier0,last,31,raw,0.20132674995594332,0.06865864495260529,0.023606787598440444,0.0438801884462178,87.78271544286099,8.857011994860173,3
fullset,qwen3_8b,tier0,last,31,log,0.11476575056786503,0.11454032035179697,-0.302369724312698,0.1629494259875757,104.107412400278,6.981499042479843,3
fullset,qwen3_8b,tier0,last,32,raw,0.20926073904881803,0.06708034469180163,0.027783603691158287,0.04296731864466417,87.46020360951121,8.980549843743859,3
fullset,qwen3_8b,tier0,last,32,log,0.12254649679820988,0.11088967566301523,-0.2953554226774995,0.1577333995470816,102.90454529592733,7.429011081021597,3
fullset,qwen3_8b,tier0,last,33,raw,0.2048004285720452,0.06475100262051038,0.03002751840944225,0.04551705519066873,87.55785247008941,8.92871335395447,3
fullset,qwen3_8b,tier0,last,33,log,0.12384964843234351,0.1123596160672571,-0.2982727753786891,0.15799220658549457,102.94004022769559,6.862032062861401,3
fullset,qwen3_8b,tier0,last,34,raw,0.22861314094934007,0.075127994986416,0.04770944140009955,0.04962372943918978,86.95921835352836,8.878694610097646,3
fullset,qwen3_8b,tier0,last,34,log,0.15702716821253607,0.11318241245153918,-0.27059455264093996,0.1489911863344144,101.59381676611063,6.555042107936753,3
fullset,qwen3_8b,tier0,last,35,raw,0.2534680789499885,0.08705936739093983,0.059407270371185095,0.04988796179207034,86.29964940650699,8.775151246156836,3
fullset,qwen3_8b,tier0,last,35,log,0.1770128918490794,0.0963108739479992,-0.1913858240188513,0.09459557015016579,98.6587929949626,5.5057790060705365,3
fullset,qwen3_8b,tier0,last,36,raw,0.21611400541093984,0.09184357417744077,0.04400521399679495,0.043047302439773415,87.50952554102464,9.165755790506987,3
fullset,qwen3_8b,tier0,last,36,log,0.11639726577027443,0.0762870400863117,-0.1506550491240224,0.06911133413539594,98.98213095388856,3.9129175572384196,3
fullset,qwen3_8b,maximal,mean,0,raw,0.2581390773308498,0.07691090682191731,0.029861363155162485,0.06947827533805073,87.02745892029986,6.2073243069287765,3
fullset,qwen3_8b,maximal,mean,0,log,0.19775659401532872,0.10482499257180028,-0.3382094443007004,0.30037624898601795,104.67784558985404,7.581264186444859,3
fullset,qwen3_8b,maximal,mean,1,raw,0.36016765622721625,0.18537714345823372,0.07518332187861317,0.06423903951655247,84.8834869089266,7.299355495487395,3
fullset,qwen3_8b,maximal,mean,1,log,0.17463576874967712,0.09487626006075416,-0.1520185703330282,0.09054285898359714,98.07025697311117,8.563892198713985,3
fullset,qwen3_8b,maximal,mean,2,raw,0.38110213689210554,0.18874111439005198,0.07339442811601952,0.08068004654931353,84.95138739774245,7.562818593983528,3
fullset,qwen3_8b,maximal,mean,2,log,0.16112144744649903,0.11423144629462523,-0.16949174954304547,0.09291743348482474,98.03249944673978,7.731044441792694,3
fullset,qwen3_8b,maximal,mean,3,raw,0.39813495166923524,0.19973196095680318,0.07622582395538564,0.08476875699113966,84.38411543815772,7.248038702744393,3
fullset,qwen3_8b,maximal,mean,3,log,0.19768917687092824,0.10754161033627122,-0.17945618722454934,0.09897402431128903,96.59758832873702,6.75200677143939,3
fullset,qwen3_8b,maximal,mean,4,raw,0.3841907012995784,0.18642583400177234,0.07677309949183009,0.0876151938235747,84.71853380436822,7.440045259883178,3
fullset,qwen3_8b,maximal,mean,4,log,0.20253595724010268,0.09689279976537783,-0.22145727496480597,0.12974307553199432,98.41978863924417,6.08150424861389,3
fullset,qwen3_8b,maximal,mean,5,raw,0.35226142138439376,0.1501336976875025,0.06871504815423386,0.08603678063302256,85.6073396782084,7.679881871571891,3
fullset,qwen3_8b,maximal,mean,5,log,0.18289309683207655,0.09426234538304358,-0.2509952838692382,0.14148196370325297,99.54541215657001,6.250528783030177,3
fullset,qwen3_8b,maximal,mean,6,raw,0.34357959833606705,0.14067437130264615,0.06914929095343181,0.07812779264723266,85.93357298390924,7.304208582373799,3
fullset,qwen3_8b,maximal,mean,6,log,0.16913371517051526,0.08902325326299096,-0.27245622271697584,0.16162477611510903,101.5174922394848,7.131127640945418,3
fullset,qwen3_8b,maximal,mean,7,raw,0.21605893054906025,0.20380814234587036,0.0027852256727470825,0.031653342193863114,87.22589330693135,11.543466844518044,3
fullset,qwen3_8b,maximal,mean,7,log,-0.08709243270893414,0.06700133267135494,-0.10247981651345217,0.03650490491382789,98.43540687771078,7.735548681691668,3
fullset,qwen3_8b,maximal,mean,8,raw,0.2082362581897946,0.2002620780353315,0.0022279460384793484,0.031083177199889674,87.31416422294278,11.555424351822802,3
fullset,qwen3_8b,maximal,mean,8,log,-0.09372525279103765,0.068932248192847,-0.10525404851899085,0.03873935249666275,98.64935877587362,7.831629160627202,3
fullset,qwen3_8b,maximal,mean,9,raw,0.2112739006667387,0.20254702449937192,0.0015880535104971412,0.030428084051665447,87.35660508122446,11.604488485813851,3
fullset,qwen3_8b,maximal,mean,9,log,-0.09731851238758842,0.06733133295965332,-0.10644449902614854,0.03931220490991609,98.74320066157618,7.90597897711099,3
fullset,qwen3_8b,maximal,mean,10,raw,0.20934516959943525,0.19565604524281133,0.0015421100324155186,0.030228327926094534,87.34158818389967,11.568842031952517,3
fullset,qwen3_8b,maximal,mean,10,log,-0.09810844482558813,0.06855578489051421,-0.10833488839554528,0.04005186941919521,98.84516851443163,7.966699153994244,3
fullset,qwen3_8b,maximal,mean,11,raw,0.20290713703726868,0.18846621187768184,0.0010200784504090787,0.02994498359446949,87.38774603916175,11.509207077689279,3
fullset,qwen3_8b,maximal,mean,11,log,-0.0947720268064004,0.07272306460438244,-0.11058821250006738,0.04112614402557347,98.92445442658897,8.037701709537265,3
fullset,qwen3_8b,maximal,mean,12,raw,0.20476530022331252,0.19114551060785528,0.001419392746924819,0.030412593965682574,87.3985600682197,11.478801156425481,3
fullset,qwen3_8b,maximal,mean,12,log,-0.09025381005264953,0.07097312177418066,-0.11150496601022586,0.041939590706140825,98.90551272034311,8.012282437030368,3
fullset,qwen3_8b,maximal,mean,13,raw,0.20305632264834492,0.1923778794826671,0.001154482499051294,0.03064593837123593,87.47836305371915,11.433855724612513,3
fullset,qwen3_8b,maximal,mean,13,log,-0.08858739151440786,0.06786553219410983,-0.11464375405598674,0.04400807550890432,98.98324507319869,8.003141958503623,3
fullset,qwen3_8b,maximal,mean,14,raw,0.21069712380761985,0.19589125706030142,0.0012264422474620822,0.03072123171783531,87.47122039341049,11.428727985516081,3
fullset,qwen3_8b,maximal,mean,14,log,-0.08270356994023166,0.07070541693471173,-0.11548736155783194,0.04457431301024038,98.99584373028465,7.956503486309592,3
fullset,qwen3_8b,maximal,mean,15,raw,0.20893874055522277,0.1956232094510081,0.0011725809083801275,0.030619338747520458,87.52281798949446,11.381149938922983,3
fullset,qwen3_8b,maximal,mean,15,log,-0.08163031523471197,0.06992910230317709,-0.11796574439859997,0.046897633881380664,99.04291249846115,7.975892037033555,3
fullset,qwen3_8b,maximal,mean,16,raw,0.20624309019111497,0.19437714781718674,0.00035338139376532113,0.03057878182156812,87.64065846098606,11.371856878835706,3
fullset,qwen3_8b,maximal,mean,16,log,-0.08798166011946651,0.0662864347864465,-0.12041501688904373,0.04808420432318055,99.1964957824441,7.989197808290485,3
fullset,qwen3_8b,maximal,mean,17,raw,0.20312300747956624,0.18871853024001506,-0.00015495745638475592,0.02977924459978543,87.6258711776796,11.494018023461258,3
fullset,qwen3_8b,maximal,mean,17,log,-0.0937633863520025,0.06835472443402338,-0.12172772583789133,0.04916242406179659,99.3140022988094,8.023882328965636,3
fullset,qwen3_8b,maximal,mean,18,raw,0.1986389708761456,0.1877465800058539,-0.0005789557857277897,0.030037512579177836,87.7621015544964,11.420845746056486,3
fullset,qwen3_8b,maximal,mean,18,log,-0.09468005274221614,0.0645164649497361,-0.12474703479921057,0.051024405548378636,99.5141183664238,7.973457767872588,3
fullset,qwen3_8b,maximal,mean,19,raw,0.20031714864859315,0.18900686030515,-0.00023749052971448284,0.03067011299414907,87.75620994261266,11.395374167819897,3
fullset,qwen3_8b,maximal,mean,19,log,-0.08440571085714532,0.060000793056033286,-0.12587099670668844,0.05155574019577287,99.48190150094653,7.919820495164319,3
fullset,qwen3_8b,maximal,mean,20,raw,0.20880479183590803,0.19143778319492014,0.0006728118728700124,0.031492021804274045,87.6509551389709,11.397637545423272,3
fullset,qwen3_8b,maximal,mean,20,log,-0.05835824659119229,0.05671094091176076,-0.12690461355975455,0.0519139502736223,99.22269520341627,7.924441570868133,3
fullset,qwen3_8b,maximal,mean,21,raw,0.20727883868794428,0.18980856136142815,0.0006222304899150174,0.03158877314676323,87.71129989764047,11.35833014534043,3
fullset,qwen3_8b,maximal,mean,21,log,-0.047837784740225146,0.05390892980728314,-0.12962137111269278,0.05376969242495993,99.28700076286032,7.888727336544241,3
fullset,qwen3_8b,maximal,mean,22,raw,0.20905588317318388,0.19168512177207972,0.00079786486214987,0.03190864554810136,87.7213148540156,11.35677126715057,3
fullset,qwen3_8b,maximal,mean,22,log,-0.03737766155934481,0.05145901818135975,-0.13099804747025331,0.05471069507455085,99.25107760444173,7.904347624472643,3
fullset,qwen3_8b,maximal,mean,23,raw,0.2224047394476143,0.19811989793489831,0.0024709602774874626,0.03302509689299681,87.60070856945492,11.319196311914348,3
fullset,qwen3_8b,maximal,mean,23,log,0.014646418261127905,0.05773703170641639,-0.13335245195970033,0.05663494216272333,98.99673430703128,7.8841690224930945,3
fullset,qwen3_8b,maximal,mean,24,raw,0.24520211062911898,0.19631048526132233,0.005942177672364306,0.03483291278144637,87.26676549139553,11.262042053076629,3
fullset,qwen3_8b,maximal,mean,24,log,0.0573236595968817,0.0708174847569557,-0.13571083684376614,0.058586559458399586,98.57085966717773,7.992312668618706,3
fullset,qwen3_8b,maximal,mean,25,raw,0.2779833871797143,0.19736212740090397,0.010725880475131308,0.03812484349691825,86.87340738762332,11.031060127834127,3
fullset,qwen3_8b,maximal,mean,25,log,0.10245311433230997,0.06841594053469122,-0.13905076036032726,0.06056786877193906,97.77752173617937,8.186666953204872,3
fullset,qwen3_8b,maximal,mean,26,raw,0.28658893460804874,0.20402654573478962,0.011522094895591639,0.03919321218051467,86.8441326990436,10.980694472038225,3
fullset,qwen3_8b,maximal,mean,26,log,0.10482297100830658,0.06780791531475976,-0.14300860415372293,0.06257979582354872,97.93770135614322,8.30464332285349,3
fullset,qwen3_8b,maximal,mean,27,raw,0.2749970101311369,0.19973168752695053,0.010943794393064218,0.03947325681411731,87.01196488843418,10.871515722880163,3
fullset,qwen3_8b,maximal,mean,27,log,0.09470604415876953,0.07236909951114175,-0.1498142754340548,0.06570347096872242,98.31910836262222,8.334717086551203,3
fullset,qwen3_8b,maximal,mean,28,raw,0.28655795763913217,0.19631583829655494,0.013191853703443482,0.041615779835264356,86.75650126583537,10.718380349453993,3
fullset,qwen3_8b,maximal,mean,28,log,0.11143322761142715,0.07425441378495953,-0.15127645001430987,0.06497104125279206,97.78792704136858,8.321993635888129,3
fullset,qwen3_8b,maximal,mean,29,raw,0.2842082699560762,0.189735646704135,0.01251975837758205,0.04139765391865085,86.844003890181,10.693151404851243,3
fullset,qwen3_8b,maximal,mean,29,log,0.10649693691742022,0.07954593449936298,-0.15505311210725461,0.06700441029547768,98.09564324557563,8.378815481712632,3
fullset,qwen3_8b,maximal,mean,30,raw,0.2716559601075394,0.18270369907510706,0.011526960550573043,0.041345660819085764,87.00678292641375,10.586913392371164,3
fullset,qwen3_8b,maximal,mean,30,log,0.10114920250580099,0.08155579416105177,-0.1596958614813646,0.06842667979230393,98.43151193472357,8.245886225829707,3
fullset,qwen3_8b,maximal,mean,31,raw,0.26924682821275986,0.17557816055887784,0.012052824583071664,0.041927215494143015,86.9832556686947,10.418668944288072,3
fullset,qwen3_8b,maximal,mean,31,log,0.09865772142116243,0.07787333942932415,-0.16350929995209293,0.06962297860899538,98.50111008738202,7.962596686164212,3
fullset,qwen3_8b,maximal,mean,32,raw,0.2632761742649126,0.17009048865416426,0.011722495538093236,0.04172050300404375,87.02699973629846,10.469938416785373,3
fullset,qwen3_8b,maximal,mean,32,log,0.09888966486252158,0.07719390267529891,-0.16489102144217757,0.07064385763934679,98.68113876621861,7.979500109177051,3
fullset,qwen3_8b,maximal,mean,33,raw,0.2590986747535542,0.166619843374753,0.011027938412557411,0.04196947633889202,87.0762640917394,10.48279324571727,3
fullset,qwen3_8b,maximal,mean,33,log,0.0990384008816218,0.07542520490260654,-0.1699256564680558,0.07487988576750403,98.94302980485627,8.108611124476125,3
fullset,qwen3_8b,maximal,mean,34,raw,0.278915426758735,0.1691573986266281,0.013798910769445135,0.04370855297452341,86.7911275710707,10.387628700881226,3
fullset,qwen3_8b,maximal,mean,34,log,0.12075918778033552,0.08432718833185214,-0.17059227936364216,0.07479781937123249,98.70344834108914,8.025913583178335,3
fullset,qwen3_8b,maximal,mean,35,raw,0.27714668562509875,0.1662255175158841,0.012200471302013552,0.0420362343099896,87.10929380018162,10.626330167049776,3
fullset,qwen3_8b,maximal,mean,35,log,0.11009957565548495,0.08874589352579175,-0.1729228339238098,0.07702623398205063,99.31673675260929,8.414695022822455,3
fullset,qwen3_8b,maximal,mean,36,raw,0.25819203026319065,0.13568122638965752,0.01784525305878522,0.03912251437692401,86.89297156284734,10.83606105622897,3
fullset,qwen3_8b,maximal,mean,36,log,0.07894997160841444,0.026085145447671213,-0.20503330551354693,0.11528540473644,100.4447288998441,9.822946112434911,3
fullset,qwen3_8b,maximal,last,0,raw,0.10282105720808087,0.030758802612720636,-0.01000828958590109,0.024055736809382187,89.9435725190671,7.975860848089206,3
fullset,qwen3_8b,maximal,last,0,log,0.06317149515315551,0.023395969972478333,-0.2985081935294454,0.252043494487145,102.40804921817681,5.348083880213843,3
fullset,qwen3_8b,maximal,last,1,raw,0.1338671950040556,0.031052920820829586,0.0001350457579292567,0.018016001678549626,88.55100693947439,8.199170737383556,3
fullset,qwen3_8b,maximal,last,1,log,0.004002608011735007,0.038287526343480045,-0.35942016948722194,0.2723438077032682,107.65681579253788,9.698048816169058,3
fullset,qwen3_8b,maximal,last,2,raw,0.15989307913916298,0.03752157552883908,0.03354094746267152,0.023675434152758155,86.78909456730945,7.635742829362355,3
fullset,qwen3_8b,maximal,last,2,log,0.05210584524435913,0.08461115660156916,-0.3003515163874855,0.2623343323002901,106.37219536310965,11.008845022014178,3
fullset,qwen3_8b,maximal,last,3,raw,0.15837982153778082,0.05087765650849222,0.031362614585607664,0.03341197040836058,86.1414181769826,7.301084979402056,3
fullset,qwen3_8b,maximal,last,3,log,0.05740082419576833,0.07744824273723228,-0.3811825120005401,0.3107976644756979,108.31589396819386,10.996807950663468,3
fullset,qwen3_8b,maximal,last,4,raw,0.16792159563421113,0.07983710886486917,0.03230972536146796,0.0380142403633332,85.38373961556404,6.20817033217446,3
fullset,qwen3_8b,maximal,last,4,log,0.095789704941742,0.11471068587234498,-0.4277899140457735,0.3655378547541888,107.3003219155449,12.825422302611287,3
fullset,qwen3_8b,maximal,last,5,raw,0.19742678812725542,0.05722761217625553,0.04302064106941791,0.03472760541400898,85.22190762431657,6.5756006969014615,3
fullset,qwen3_8b,maximal,last,5,log,0.10438695378368897,0.09325983582654743,-0.41146947792686484,0.34443384520962217,107.97351830156991,11.841040829713256,3
fullset,qwen3_8b,maximal,last,6,raw,0.16404415771017744,0.024369782303711757,0.03200064637399099,0.025874171216898393,86.0965871659904,7.615124680488689,3
fullset,qwen3_8b,maximal,last,6,log,0.06577882943445244,0.06351445153609844,-0.3845546581037125,0.33510817722482494,107.27996469660282,11.213482531081594,3
fullset,qwen3_8b,maximal,last,7,raw,0.16740786341769662,0.015599596147807248,0.032103895598232825,0.020427874831849446,87.15584378845745,8.188872646570667,3
fullset,qwen3_8b,maximal,last,7,log,0.08486798169074583,0.06643086761468937,-0.3798806758868271,0.3422411287170335,108.32704191964142,11.10958932990519,3
fullset,qwen3_8b,maximal,last,8,raw,0.16558917897418898,0.02308374809801102,0.03238568012308696,0.024344213077413877,87.54879903315926,7.899543085951121,3
fullset,qwen3_8b,maximal,last,8,log,0.08296007081748084,0.08193629200136292,-0.384017923108533,0.3381273408490823,109.00211413578857,10.846552012746736,3
fullset,qwen3_8b,maximal,last,9,raw,0.14096153674110634,0.010460043378225916,0.01690922692770051,0.02314958505552061,88.402842959328,7.954529786999618,3
fullset,qwen3_8b,maximal,last,9,log,0.05712495214998318,0.10393220115435445,-0.4284264699390981,0.35167735351612534,110.28843678651332,12.026495936309475,3
fullset,qwen3_8b,maximal,last,10,raw,0.10086304974579842,0.013286147614062655,-0.0015583649027052966,0.016421199269610914,89.15229960776502,8.465777220888398,3
fullset,qwen3_8b,maximal,last,10,log,0.014083163728160925,0.0931345244097081,-0.4702647202533446,0.3407931624158896,113.05468720256904,10.1379666302754,3
fullset,qwen3_8b,maximal,last,11,raw,0.10549871493607683,0.008753380275139432,-0.0007022855348251719,0.01791119904005863,89.09373686166212,8.670769855605732,3
fullset,qwen3_8b,maximal,last,11,log,0.0038961664222020922,0.0734933064096009,-0.4572792492625217,0.31738938594267824,112.6451649607107,9.90805646835825,3
fullset,qwen3_8b,maximal,last,12,raw,0.11734090767633738,0.024984678194900276,0.006725105525989557,0.023414401162687826,88.60428176936858,8.730289906219273,3
fullset,qwen3_8b,maximal,last,12,log,0.027121339606618347,0.041777934836224884,-0.4088952743730973,0.2504592956978365,110.50725939714282,6.2923434592660445,3
fullset,qwen3_8b,maximal,last,13,raw,0.09862173346055769,0.017855802089127223,-0.0027948983562195253,0.02233510838200903,88.55270912310918,8.968009125072427,3
fullset,qwen3_8b,maximal,last,13,log,0.014512530980930116,0.04789695310362728,-0.423351379534654,0.24456073340039813,111.04368476884578,7.282723664998259,3
fullset,qwen3_8b,maximal,last,14,raw,0.10371562097563869,0.01339739369977812,-0.0024657183398080207,0.02258938416226757,88.58050541706037,8.73660556684064,3
fullset,qwen3_8b,maximal,last,14,log,0.024082565762624738,0.06001509594143441,-0.4089493151702237,0.23810187773478408,109.88575994046037,7.107992658934557,3
fullset,qwen3_8b,maximal,last,15,raw,0.11092845451722172,0.017500775270025776,0.0009884607805601038,0.026462837655643754,88.81716283099665,8.866398627308207,3
fullset,qwen3_8b,maximal,last,15,log,0.03174629786245805,0.05198698485308665,-0.3934302145498921,0.22383336040520818,109.8064162171828,6.824076650387524,3
fullset,qwen3_8b,maximal,last,16,raw,0.11111916543316684,0.016759351695112657,-0.00011496378022883096,0.023918794134343932,89.21314658599597,8.88193459377848,3
fullset,qwen3_8b,maximal,last,16,log,0.017828393526012305,0.04271247176393066,-0.3825069872582301,0.21468439592203512,110.12510613621994,6.72259394008856,3
fullset,qwen3_8b,maximal,last,17,raw,0.11505878031698134,0.02007929735503629,0.0032012516861988916,0.027021511853932634,88.88565206900103,9.047609565922127,3
fullset,qwen3_8b,maximal,last,17,log,0.01870128574685977,0.04109151797617288,-0.37211524086559256,0.205981838195809,109.10661180557902,7.246442500450367,3
fullset,qwen3_8b,maximal,last,18,raw,0.12187757701391384,0.020255240634781808,0.005009984399734324,0.027416827077662288,88.66067231632577,9.203134643115146,3
fullset,qwen3_8b,maximal,last,18,log,0.01560544282260244,0.038659344701184116,-0.356517970682332,0.19918906922272372,107.69514513654913,7.8396908025433545,3
fullset,qwen3_8b,maximal,last,19,raw,0.12297156686911177,0.020261441117634064,0.0017639961849670316,0.027744128222423194,88.6362333179071,8.899619490465538,3
fullset,qwen3_8b,maximal,last,19,log,0.004128209832922465,0.046213585360707375,-0.3625541758954478,0.19620330271792746,107.52730494549245,6.549576402132851,3
fullset,qwen3_8b,maximal,last,20,raw,0.10076094044361376,0.026434151468023383,-0.0033787527170940543,0.02739897817495569,89.31960486725956,8.580456208056322,3
fullset,qwen3_8b,maximal,last,20,log,-0.014557663660803584,0.047982431655904656,-0.3922357127055413,0.2177196725827745,109.51504153919241,5.815579058924995,3
fullset,qwen3_8b,maximal,last,21,raw,0.1104704453099933,0.038756171018492304,0.0023290666496874244,0.03036831620922251,89.13348061806808,8.144956491500897,3
fullset,qwen3_8b,maximal,last,21,log,-0.010570822039048527,0.056621467790806915,-0.3671212572908935,0.21262534324829324,108.44459751115392,5.518932758616212,3
fullset,qwen3_8b,maximal,last,22,raw,0.10999059646755527,0.038704098066932285,0.003944939580226865,0.02699353457122367,88.98036982793008,7.939857638696809,3
fullset,qwen3_8b,maximal,last,22,log,-0.00247679868471024,0.06655832409375596,-0.3749502285129134,0.23134240326785685,108.75166123038149,5.631514191147444,3
fullset,qwen3_8b,maximal,last,23,raw,0.11145288062960886,0.04429269411600713,0.004145821113706316,0.02781854840959066,88.4190027043198,7.839603883297444,3
fullset,qwen3_8b,maximal,last,23,log,-0.008517926810016013,0.09569780611447747,-0.38387299686295623,0.25694788665287555,108.82472044741549,6.873051737735277,3
fullset,qwen3_8b,maximal,last,24,raw,0.11415333159009061,0.03795164261947581,0.009661714732178953,0.02892587832041637,88.31083830908335,8.298647300732803,3
fullset,qwen3_8b,maximal,last,24,log,-0.0069075617141842365,0.07085073653489572,-0.3677465572991209,0.2451569915070521,108.30235211872302,7.111891408022676,3
fullset,qwen3_8b,maximal,last,25,raw,0.11742785160699304,0.03234427351625051,0.0029978931407429465,0.02703002512447566,88.31910488654235,8.592954012721693,3
fullset,qwen3_8b,maximal,last,25,log,-0.016508451831160523,0.05784737753821337,-0.3746813509227224,0.24959627883886146,107.13988123663728,7.644956009702261,3
fullset,qwen3_8b,maximal,last,26,raw,0.11642661800358807,0.024420825439193092,0.0018244177790862626,0.02724200078655904,88.49102982829532,8.811209073024594,3
fullset,qwen3_8b,maximal,last,26,log,-0.013067815356907408,0.05465331719997053,-0.3795687977884646,0.24903454679210818,107.19329093091513,8.77296785142103,3
fullset,qwen3_8b,maximal,last,27,raw,0.11680797626144579,0.03532183722738802,0.00023526395909164352,0.028142437743671405,88.38951014058891,8.74446064790698,3
fullset,qwen3_8b,maximal,last,27,log,-9.710424598724972e-05,0.06521821961627694,-0.3771030672010363,0.25619087483791964,106.54606196911276,8.969652846975784,3
fullset,qwen3_8b,maximal,last,28,raw,0.12651686854875793,0.03356944656660327,-0.00010524413517642994,0.02739992463908288,88.056622553943,8.929622310810158,3
fullset,qwen3_8b,maximal,last,28,log,0.010852405178560792,0.06684411355890789,-0.38181249745063167,0.25140614177852494,106.51103278665214,8.719078974001329,3
fullset,qwen3_8b,maximal,last,29,raw,0.12299990694662322,0.03358417356199439,-0.0010136387434297085,0.026879326480624206,87.85276499687211,8.867624302081273,3
fullset,qwen3_8b,maximal,last,29,log,0.014678857951842818,0.07558626767459137,-0.37615681373010773,0.2432387966555745,105.82273487414331,8.775523333017846,3
fullset,qwen3_8b,maximal,last,30,raw,0.13103169127085118,0.03831855211308495,0.004234686422476264,0.026956816962100966,87.62627896019858,8.824926843260512,3
fullset,qwen3_8b,maximal,last,30,log,0.028372027039928083,0.07453603134838058,-0.3492077446997663,0.2242281466944826,104.75054209636563,8.265815134733163,3
fullset,qwen3_8b,maximal,last,31,raw,0.14012614563944992,0.045157818028005295,0.004576315480063394,0.027419609595619357,87.54885063704927,8.898751984559077,3
fullset,qwen3_8b,maximal,last,31,log,0.026206577421656246,0.07975344964455337,-0.3349815488914614,0.21150662370910245,103.98033516022404,8.060078994520481,3
fullset,qwen3_8b,maximal,last,32,raw,0.14644521191487586,0.041188174957758346,0.004303568654116334,0.027519814888297696,87.45611982990779,9.11234287249855,3
fullset,qwen3_8b,maximal,last,32,log,0.025594331216741498,0.07451421018269548,-0.329262591406712,0.19284506404276236,103.275746363856,7.190990617376702,3
fullset,qwen3_8b,maximal,last,33,raw,0.15619809809063492,0.04351746635339799,0.0017001358052517086,0.03260625798898915,87.40121406152969,9.058945052377757,3
fullset,qwen3_8b,maximal,last,33,log,0.020645225960230253,0.08152937459748742,-0.34430902562466575,0.1900782187027507,103.20027448312447,7.159417203929123,3
fullset,qwen3_8b,maximal,last,34,raw,0.1688474565420591,0.05311708734023874,0.006512287603059812,0.03218966684978022,86.85974043066399,9.15551082762834,3
fullset,qwen3_8b,maximal,last,34,log,0.028169652671173735,0.09088713396425632,-0.3290653560490075,0.18680503526460107,102.54918348627315,7.182441574661163,3
fullset,qwen3_8b,maximal,last,35,raw,0.1914667484846725,0.05931202317939319,0.011497334344811186,0.035082232234718416,86.68848630278542,9.800421150710095,3
fullset,qwen3_8b,maximal,last,35,log,0.032356828634040116,0.07910858823576289,-0.27516688077495605,0.14760014389295986,100.52964048620407,7.195771417547494,3
fullset,qwen3_8b,maximal,last,36,raw,0.223562663826534,0.0843471367915883,0.015159022633304967,0.03741847378897792,86.72533611903333,9.717217177473426,3
fullset,qwen3_8b,maximal,last,36,log,-0.0003518454339812155,0.051830833400267534,-0.2433748630059623,0.11244845342803955,101.53766644817468,7.068791080455378,3
fullset,qwen3_32b,tier0,mean,0,raw,0.3677695056956985,0.1668427469773422,0.09383777381950498,0.07209311262981905,82.58501456198938,7.123473385577324,3
fullset,qwen3_32b,tier0,mean,0,log,0.25183604231716217,0.11295646897979336,-0.3558525014420826,0.2578593802368621,105.88178769709093,11.558326067826163,3
fullset,qwen3_32b,tier0,mean,1,raw,0.4062679669366509,0.27075691719232814,0.0733831225850482,0.07270345395469201,83.20440849466917,7.149019283775954,3
fullset,qwen3_32b,tier0,mean,1,log,0.20762937997920763,0.13716210701607023,-0.12385050474213359,0.07967403523076035,94.87908181095797,7.846746527212841,3
fullset,qwen3_32b,tier0,mean,2,raw,0.40970328376245685,0.26395311930761034,0.07655204603887289,0.07216398949666362,82.65240682159282,7.891853606236402,3
fullset,qwen3_32b,tier0,mean,2,log,0.22368528520491052,0.112788066411965,-0.1253090850257772,0.08163764422055779,93.51581632634539,8.097178429428027,3
fullset,qwen3_32b,tier0,mean,3,raw,0.41679379558153484,0.25058970054891033,0.08413596375694377,0.08216279746350276,82.57375916427362,7.240829338935578,3
fullset,qwen3_32b,tier0,mean,3,log,0.2304996783435865,0.09764539060277384,-0.15047722267225624,0.10119767178492668,95.10363912394695,8.653121998193903,3
fullset,qwen3_32b,tier0,mean,4,raw,0.42611682643116455,0.22839976596010722,0.10140152738286264,0.0917545246708906,81.711772863126,6.247551301799906,3
fullset,qwen3_32b,tier0,mean,4,log,0.2334693505565503,0.07641169449960464,-0.19750801272316476,0.1631231909666564,98.51901373340849,11.849456371028888,3
fullset,qwen3_32b,tier0,mean,5,raw,0.41132241848700035,0.20875576700893111,0.1038642073975768,0.09256769958050597,82.08852881455782,6.065075168470748,3
fullset,qwen3_32b,tier0,mean,5,log,0.22855207419750567,0.07961111280062597,-0.2603490872594373,0.2199203292248925,101.67278452425938,13.270196555936723,3
fullset,qwen3_32b,tier0,mean,6,raw,0.38902618367781333,0.19471400241443804,0.10188163898231617,0.09343288928625644,82.67628748217577,6.2828187187210895,3
fullset,qwen3_32b,tier0,mean,6,log,0.2198668137688031,0.06591357788104549,-0.32802831642459473,0.28234848556757697,104.54421591521232,15.55732597770871,3
fullset,qwen3_32b,tier0,mean,7,raw,0.40489816217756,0.28306758954058586,0.02184201648788464,0.036660392694832955,85.15926766913115,10.824107288060212,3
fullset,qwen3_32b,tier0,mean,7,log,0.14558341804559394,0.06018858226917149,-0.07992612208223664,0.03775031076153315,93.47191289811569,6.275713348682958,3
fullset,qwen3_32b,tier0,mean,8,raw,0.4005256016975434,0.2806334413176104,0.021440108035342315,0.037294088266817356,84.99358742344977,10.707228369134693,3
fullset,qwen3_32b,tier0,mean,8,log,0.13763276985140627,0.05445285322126895,-0.08513862843688647,0.03827064744099376,93.5045965150885,6.367685701795898,3
fullset,qwen3_32b,tier0,mean,9,raw,0.3997310726825507,0.2808340657790961,0.020701072734224096,0.03692711173107565,85.23407752420486,10.743912203031813,3
fullset,qwen3_32b,tier0,mean,9,log,0.13415771645741145,0.05097284486137617,-0.08643030155872629,0.03779534819451661,93.77010796752573,6.312167884883087,3
fullset,qwen3_32b,tier0,mean,10,raw,0.392590951170515,0.2870893327396169,0.01770318140155347,0.03549676353584628,85.9111280478101,10.858328954984056,3
fullset,qwen3_32b,tier0,mean,10,log,0.12110816185721744,0.04782909958541875,-0.08984592991238911,0.03958900953051849,94.4376958737562,6.488983958605779,3
fullset,qwen3_32b,tier0,mean,11,raw,0.39137686998987853,0.28783047968024844,0.0173491190692077,0.03560834129190737,86.01899920854002,10.886279044651719,3
fullset,qwen3_32b,tier0,mean,11,log,0.11729914666908398,0.046816346550310195,-0.09138639542069497,0.039984614478431844,94.61215961650164,6.51396246306368,3
fullset,qwen3_32b,tier0,mean,12,raw,0.3843691907804978,0.2880402477621971,0.016270308384751297,0.034995166581527966,86.23375374662614,10.909387966471096,3
fullset,qwen3_32b,tier0,mean,12,log,0.11203381593287524,0.04592568146143507,-0.09421543427451569,0.04150347690676211,95.007480704918,6.593984828635214,3
fullset,qwen3_32b,tier0,mean,13,raw,0.38319530972023114,0.2895840337133203,0.015798687990844457,0.03475359872888025,86.34843940239949,10.91035525702126,3
fullset,qwen3_32b,tier0,mean,13,log,0.11144068682364894,0.04498925637248496,-0.09558802275681126,0.042244696971595996,95.24593567508714,6.627614679197526,3
fullset,qwen3_32b,tier0,mean,14,raw,0.38278053969015186,0.28839268390554823,0.01568140943640865,0.034719346809648485,86.48448479143428,10.890820347458682,3
fullset,qwen3_32b,tier0,mean,14,log,0.10917933243133206,0.045902069090558884,-0.09507612205787257,0.04157418491474788,95.47803707476491,6.603607671884127,3
fullset,qwen3_32b,tier0,mean,15,raw,0.37212614814191003,0.28618389140510836,0.014622691070262298,0.03403700709509971,86.63726602687946,10.904053677499682,3
fullset,qwen3_32b,tier0,mean,15,log,0.10153093029317994,0.046575758906396356,-0.09652233206291487,0.04253733964085263,95.82538466788229,6.657379432488514,3
fullset,qwen3_32b,tier0,mean,16,raw,0.3661044752887375,0.28656661527235616,0.01349781102147655,0.03353378151716989,86.82879531480837,10.885900654428617,3
fullset,qwen3_32b,tier0,mean,16,log,0.09727289901382703,0.04784002252778508,-0.09858159437534579,0.0434894832255935,96.12120588418621,6.620554642045382,3
fullset,qwen3_32b,tier0,mean,17,raw,0.36308122690998895,0.287600822797005,0.0127658841846926,0.03313835457009381,86.95804317820323,10.891717979406945,3
fullset,qwen3_32b,tier0,mean,17,log,0.09438054696365346,0.048857769916311355,-0.10022295278576106,0.04466369004939995,96.41515327561292,6.628142192632212,3
fullset,qwen3_32b,tier0,mean,18,raw,0.3597889690299811,0.28469524698973653,0.012362434269036235,0.033148873023684744,87.01788061192788,10.915547167653278,3
fullset,qwen3_32b,tier0,mean,18,log,0.09135000037291435,0.04966091262816203,-0.10217068574385284,0.04562810261640016,96.63845096412145,6.737016505959719,3
fullset,qwen3_32b,tier0,mean,19,raw,0.35446943756948907,0.28530312152650267,0.011776012971220847,0.03295570826455363,87.11119046041945,10.919502870759091,3
fullset,qwen3_32b,tier0,mean,19,log,0.0877708446679768,0.05049849174081792,-0.10302509948132606,0.04618843769841362,96.77583730029022,6.749131045914312,3
fullset,qwen3_32b,tier0,mean,20,raw,0.352649957689079,0.28592589593999707,0.011627609819385154,0.03302730630401436,87.15210124640424,10.890200803059228,3
fullset,qwen3_32b,tier0,mean,20,log,0.0872520502391137,0.05354413429416969,-0.10317108564907373,0.0463554592291463,96.83770322725451,6.7200412258525875,3
fullset,qwen3_32b,tier0,mean,21,raw,0.3548393231829861,0.28563261255851186,0.012190880731089315,0.033369230326136194,87.11783861274108,10.86974799503705,3
fullset,qwen3_32b,tier0,mean,21,log,0.09058372382220996,0.05519006326543254,-0.10164871879007209,0.04560286072732365,96.71890283356096,6.652854545817851,3
fullset,qwen3_32b,tier0,mean,22,raw,0.3534792064420124,0.2854626901771044,0.011966322532346788,0.03349765239187602,87.16612979909921,10.858296756324401,3
fullset,qwen3_32b,tier0,mean,22,log,0.08779607648535197,0.055475686384348445,-0.10192942837905032,0.04521017457380988,96.80431903901645,6.619459995263145,3
fullset,qwen3_32b,tier0,mean,23,raw,0.3526283410138967,0.28502333965723675,0.01155136461729315,0.03339614122900861,87.19341540868038,10.877625305651808,3
fullset,qwen3_32b,tier0,mean,23,log,0.08626250270510204,0.055244188036923596,-0.10287781691816085,0.04531135160964999,96.88963839978366,6.647016105630284,3
fullset,qwen3_32b,tier0,mean,24,raw,0.34992737024016685,0.28324474204595496,0.01134911547500328,0.033239195229207666,87.23184626955721,10.889077905931428,3
fullset,qwen3_32b,tier0,mean,24,log,0.08423502902941844,0.054407659326414747,-0.10295436781354465,0.04526848408076428,96.94797174586402,6.681104960172803,3
fullset,qwen3_32b,tier0,mean,25,raw,0.3508102883319313,0.283464543420732,0.011394090781087848,0.033233514812340416,87.22394769148438,10.875341390708162,3
fullset,qwen3_32b,tier0,mean,25,log,0.08601983762256983,0.055692906237441886,-0.10295751744848729,0.045534149244603264,96.88940981055028,6.649546755089454,3
fullset,qwen3_32b,tier0,mean,26,raw,0.3506564410832735,0.280304649026748,0.011484051653934327,0.033241118247990566,87.16357970538604,10.908088454587823,3
fullset,qwen3_32b,tier0,mean,26,log,0.08685003450791147,0.056293315510981774,-0.10361013283057652,0.04587053768870795,96.84180977964218,6.739575661529068,3
fullset,qwen3_32b,tier0,mean,27,raw,0.35505347956424704,0.2753123581111119,0.012142235264805698,0.03355145362775416,87.03315668984249,10.899476048852616,3
fullset,qwen3_32b,tier0,mean,27,log,0.09630146570571092,0.060907681004852644,-0.10486021324469948,0.04680935583686536,96.70016208250586,6.769521429441539,3
fullset,qwen3_32b,tier0,mean,28,raw,0.3617902961235047,0.2800750064345132,0.012611434144384667,0.034603936380988645,86.96649502658306,10.899491686546618,3
fullset,qwen3_32b,tier0,mean,28,log,0.10036060444739976,0.05699508935505796,-0.10458099394333235,0.045826852817514564,96.43715128766148,6.611522638155025,3
fullset,qwen3_32b,tier0,mean,29,raw,0.36434697894439555,0.2794518903613834,0.012873830271080541,0.03487765479277727,86.98437559872472,10.870187755125333,3
fullset,qwen3_32b,tier0,mean,29,log,0.10338098326137517,0.056924326720376284,-0.10539498099151705,0.046140766479297386,96.4016667232945,6.575352941091931,3
fullset,qwen3_32b,tier0,mean,30,raw,0.36879126899811215,0.27983958752469074,0.013568745330012585,0.03534605399043232,86.88908324600452,10.860189081603323,3
fullset,qwen3_32b,tier0,mean,30,log,0.1062555777688165,0.05886116343005192,-0.10508914064145174,0.046020075977984305,96.24896783490148,6.579917944677399,3
fullset,qwen3_32b,tier0,mean,31,raw,0.3737198286061405,0.2761094255255804,0.014933952493429067,0.036293846759320056,86.73000570248594,10.792981523343736,3
fullset,qwen3_32b,tier0,mean,31,log,0.10989201813482073,0.05980548815299228,-0.10342566698696094,0.04468025421849322,96.04252337104549,6.489179032679327,3
fullset,qwen3_32b,tier0,mean,32,raw,0.3845594611843552,0.26631097916089264,0.017529406614671988,0.03820072908886333,86.3140053237211,10.685460975199344,3
fullset,qwen3_32b,tier0,mean,32,log,0.12448718530697389,0.06400674393019773,-0.10392441942589592,0.04471701677945564,95.61996959335983,6.351620488668313,3
fullset,qwen3_32b,tier0,mean,33,raw,0.389059491940466,0.25765971264141785,0.02223781391871038,0.0424725859557737,85.59429625518472,10.318996449864052,3
fullset,qwen3_32b,tier0,mean,33,log,0.13947878505291775,0.07888533996451763,-0.10376439648549833,0.045163551745548064,94.96679401773122,5.751967789108417,3
fullset,qwen3_32b,tier0,mean,34,raw,0.3812323088988216,0.2617270245945526,0.019680532109329258,0.03994585178130943,85.94388063323474,10.464311834489731,3
fullset,qwen3_32b,tier0,mean,34,log,0.12912195353723815,0.07474904759354223,-0.10458179872360929,0.04584209167393385,95.3658716517924,6.148650804071659,3
fullset,qwen3_32b,tier0,mean,35,raw,0.3793268601057682,0.26371896482963236,0.018956067041284348,0.04000729633357658,86.03596640024885,10.5579165822254,3
fullset,qwen3_32b,tier0,mean,35,log,0.1266294084916911,0.06966736242620866,-0.10462243170494771,0.04404623230902565,95.37262333945445,6.299159392228365,3
fullset,qwen3_32b,tier0,mean,36,raw,0.37879507086438974,0.2657759859973579,0.018704691707734478,0.0401992178171001,86.06841671390025,10.576915201248616,3
fullset,qwen3_32b,tier0,mean,36,log,0.12706905918948389,0.06963992478907234,-0.1055077932856326,0.043770221183635036,95.42228467642049,6.392977320896242,3
fullset,qwen3_32b,tier0,mean,37,raw,0.38171233755919004,0.2686037705394274,0.019092849174159765,0.04048268206725787,86.07960245945917,10.527038893448307,3
fullset,qwen3_32b,tier0,mean,37,log,0.12789305329823852,0.06868472778413041,-0.10530290702453127,0.04381674696166194,95.39478201676941,6.347494002396514,3
fullset,qwen3_32b,tier0,mean,38,raw,0.38044504856852,0.26964360475071075,0.019765529471087007,0.04121105653782545,86.08484550685147,10.484603053968517,3
fullset,qwen3_32b,tier0,mean,38,log,0.12452254326179003,0.06925463994505106,-0.10484096429072347,0.043584933884569986,95.57749120508164,6.378007730886079,3
fullset,qwen3_32b,tier0,mean,39,raw,0.37528152930648423,0.27006192262341716,0.017790608482844084,0.040465561817455045,86.38420354996322,10.484786471018108,3
fullset,qwen3_32b,tier0,mean,39,log,0.11418132400626164,0.07204863948854201,-0.10738287187658886,0.04549425481022935,96.1371994629834,6.3868202298731465,3
fullset,qwen3_32b,tier0,mean,40,raw,0.3699271340626122,0.2723453862324113,0.01702538338248827,0.03969256957457274,86.52706604409495,10.494800104366353,3
fullset,qwen3_32b,tier0,mean,40,log,0.10322329123873868,0.0684920147348013,-0.1089480758808999,0.046618504616260464,96.55036231884064,6.419081957429455,3
fullset,qwen3_32b,tier0,mean,41,raw,0.36795894952913694,0.27085619047696036,0.01722991725352548,0.03944912451914234,86.5216616863586,10.52038943488963,3
fullset,qwen3_32b,tier0,mean,41,log,0.09796142235169729,0.0755303980605278,-0.11023387380124043,0.049171896032814265,96.6992046112125,6.584968666768019,3
fullset,qwen3_32b,tier0,mean,42,raw,0.3702412208379413,0.26790915181185715,0.017385138762654868,0.03966011638135293,86.58329727658592,10.502313422669378,3
fullset,qwen3_32b,tier0,mean,42,log,0.09388686767787542,0.07842816606265458,-0.11232342703640426,0.05112466117738465,97.01865338166833,6.705716240669481,3
fullset,qwen3_32b,tier0,mean,43,raw,0.3677478690463671,0.26812804157396825,0.016921586993118926,0.03957122787895498,86.75377060061096,10.450295966850966,3
fullset,qwen3_32b,tier0,mean,43,log,0.09145606642628527,0.07725190053653519,-0.11267552681017046,0.05148329350613889,97.19772117841205,6.654118174686477,3
fullset,qwen3_32b,tier0,mean,44,raw,0.36962258707109097,0.27419967535675654,0.015108440723053729,0.03789893775481605,86.69621697025023,10.656380167033372,3
fullset,qwen3_32b,tier0,mean,44,log,0.08285801065684611,0.06599098570833166,-0.10889888133470005,0.047109033129933184,96.9110537781338,6.58011820230896,3
fullset,qwen3_32b,tier0,mean,45,raw,0.3752541842478348,0.2787430575654542,0.015671747369082834,0.038539201081489144,86.68512881836494,10.621752123392726,3
fullset,qwen3_32b,tier0,mean,45,log,0.08397448314402028,0.06200646328268233,-0.10686666824263698,0.04501975262267919,96.82255981089946,6.34968637943947,3
fullset,qwen3_32b,tier0,mean,46,raw,0.3738000608823513,0.27681837875889553,0.015721626624399503,0.0387746120952495,86.78137249444137,10.591134238532074,3
fullset,qwen3_32b,tier0,mean,46,log,0.07973649936720939,0.06121597430424923,-0.10848306506830523,0.04573026034160402,97.02001234539466,6.3314759255206505,3
fullset,qwen3_32b,tier0,mean,47,raw,0.3743715825474568,0.27392895959392427,0.01614626419170051,0.03919974847493478,86.7747099812246,10.609440695118707,3
fullset,qwen3_32b,tier0,mean,47,log,0.07902517091932851,0.06059019056553027,-0.10927334313351733,0.046382825700334536,96.97155322988736,6.403251940408602,3
fullset,qwen3_32b,tier0,mean,48,raw,0.36979959169697924,0.2763948048236583,0.016071366486158995,0.03888119413608621,86.813755976895,10.544108668848445,3
fullset,qwen3_32b,tier0,mean,48,log,0.07842203731712234,0.0674014447632512,-0.10863804512973063,0.047556401283979755,96.89333249998585,6.316279716773259,3
fullset,qwen3_32b,tier0,mean,49,raw,0.3689878199741567,0.28019270940768615,0.015168208110115692,0.03867880753024412,86.89571322336143,10.57923562539895,3
fullset,qwen3_32b,tier0,mean,49,log,0.07398675962994442,0.0628252321448054,-0.11089627424256292,0.048073713757148306,97.0822032817655,6.405475200888524,3
fullset,qwen3_32b,tier0,mean,50,raw,0.36775645377325356,0.28024826711843764,0.014638308720225868,0.0383402138081192,86.9450216476453,10.574771263316396,3
fullset,qwen3_32b,tier0,mean,50,log,0.0772411457896066,0.06716808999632008,-0.11233716664085332,0.04925425842063902,97.09150214484059,6.463942268019701,3
fullset,qwen3_32b,tier0,mean,51,raw,0.3673892911098062,0.2796999282114913,0.016022821951288086,0.039933163012777086,86.8073931196039,10.379971146013858,3
fullset,qwen3_32b,tier0,mean,51,log,0.08811470970627333,0.07537207945512346,-0.11497901373824619,0.05053107146422752,96.80936681176361,6.181577463519822,3
fullset,qwen3_32b,tier0,mean,52,raw,0.38254943785876855,0.2870843513067989,0.019105645431139757,0.042404313146851697,86.65754110465343,10.291291191545128,3
fullset,qwen3_32b,tier0,mean,52,log,0.1072172233699435,0.07603080486354968,-0.114099563876769,0.05106782590877336,96.2667927279623,5.92689062956708,3
fullset,qwen3_32b,tier0,mean,53,raw,0.3921389504252602,0.28851262701570124,0.021667494319127845,0.04419178426598101,86.47846930108942,10.192697034996653,3
fullset,qwen3_32b,tier0,mean,53,log,0.11698776472507433,0.07836694121880833,-0.11523297479340784,0.051927698182253124,95.8678130920036,5.876534173446215,3
fullset,qwen3_32b,tier0,mean,54,raw,0.3913709534621123,0.2868385573111738,0.023205361141245717,0.04463414316941491,86.38053301788345,10.140975582775729,3
fullset,qwen3_32b,tier0,mean,54,log,0.12461030657836202,0.077625733805688,-0.11666455842480139,0.05381362384174532,95.56945506710854,5.981660097780184,3
fullset,qwen3_32b,tier0,mean,55,raw,0.4042191589000716,0.2830674865396699,0.02830637955644581,0.046786515250499774,85.99511444379571,9.978305736903065,3
fullset,qwen3_32b,tier0,mean,55,log,0.15086854203757427,0.07595476603869404,-0.11702555363419494,0.05472096679867998,94.88172885152892,5.998970150459078,3
fullset,qwen3_32b,tier0,mean,56,raw,0.4021482484821859,0.27374916262101173,0.03207794948847039,0.04950092864720599,85.74368551580312,9.7495444463902,3
fullset,qwen3_32b,tier0,mean,56,log,0.16218421160342308,0.07554357050791681,-0.12049452722390812,0.056248514163500435,94.82197394563269,6.100650170685194,3
fullset,qwen3_32b,tier0,mean,57,raw,0.39323126259193025,0.2647361757828936,0.03135449789233916,0.04994686532524795,85.99025943375382,9.817157263725743,3
fullset,qwen3_32b,tier0,mean,57,log,0.1456325818682336,0.07527096869738813,-0.13322822140129653,0.062037909820025154,95.72854328955835,6.607002303099078,3
fullset,qwen3_32b,tier0,mean,58,raw,0.3948713321101806,0.26159776667244417,0.03424062680245047,0.0513461171786117,85.67909842788642,9.666852100955277,3
fullset,qwen3_32b,tier0,mean,58,log,0.15252990926402796,0.07522832173141457,-0.13353070126164632,0.06181729540260466,95.54850990976706,6.555450141963092,3
fullset,qwen3_32b,tier0,mean,59,raw,0.4001268045197022,0.2525816745783739,0.03848467163731132,0.053624876554367325,85.22441997558253,9.516037826270214,3
fullset,qwen3_32b,tier0,mean,59,log,0.15924462502729717,0.07057376385901337,-0.133676102123633,0.06288766244289165,95.31036510488055,6.620792712784638,3
fullset,qwen3_32b,tier0,mean,60,raw,0.4007394747861787,0.2536213706562549,0.0397860655250731,0.05404244514266631,85.11483215868952,9.459478960519585,3
fullset,qwen3_32b,tier0,mean,60,log,0.16289474403669582,0.08422979967275997,-0.13224082309831595,0.0635873841087544,95.21523506025015,6.610842485621534,3
fullset,qwen3_32b,tier0,mean,61,raw,0.41232346966634054,0.25728226254869585,0.04521499690981542,0.056581813065565346,84.71698993706762,9.351109856237835,3
fullset,qwen3_32b,tier0,mean,61,log,0.1729480819632383,0.08060913367592784,-0.12847667407395794,0.06453597144971075,94.83302874314354,7.004001554278814,3
fullset,qwen3_32b,tier0,mean,62,raw,0.4293578667352194,0.2683410617844184,0.05022238892412386,0.06011392451547074,84.46385955549812,9.014752981574697,3
fullset,qwen3_32b,tier0,mean,62,log,0.17210879191432818,0.08441738712558035,-0.12912444897495576,0.06663473846660901,95.4093073170681,7.247480340402862,3
fullset,qwen3_32b,tier0,mean,63,raw,0.41238394576831516,0.2775802136636027,0.04760386328988645,0.05941637931535568,85.14752947100733,8.930798770906456,3
fullset,qwen3_32b,tier0,mean,63,log,0.15489104575975396,0.09875478765762753,-0.13514512923392652,0.07560148317557343,96.59371803621205,7.189797150262598,3
fullset,qwen3_32b,tier0,mean,64,raw,0.35365851499934847,0.2845348669138991,0.052638082957129094,0.07462256483460518,86.20724065338959,7.074883676166173,3
fullset,qwen3_32b,tier0,mean,64,log,0.17763810519507303,0.0708163012543714,-0.17376731667980838,0.12690860268975712,98.15436079446432,7.772410605914662,3
fullset,qwen3_32b,tier0,last,0,raw,0.08751534616419204,0.08090216083634477,-0.06820445553271726,0.011080945425961814,92.98749810262206,9.284126853249461,3
fullset,qwen3_32b,tier0,last,0,log,0.05182935783573454,0.11205472539737851,-0.3940194958024694,0.20927657210569303,105.64155524264531,10.357136801441882,3
fullset,qwen3_32b,tier0,last,1,raw,0.20734202829010814,0.05643329144971715,0.014102921956805589,0.047173528434374876,87.90633734157512,8.993505221437028,3
fullset,qwen3_32b,tier0,last,1,log,0.1278402685542865,0.06923969507783068,-0.36751037853655094,0.2588507411404414,106.42054032750104,12.425052249574362,3
fullset,qwen3_32b,tier0,last,2,raw,0.24129979331136853,0.07804902390568813,0.0421667437425098,0.0652425204006714,86.7985927620656,7.533316257257835,3
fullset,qwen3_32b,tier0,last,2,log,0.13972115428979032,0.08213931081157758,-0.3667929977646723,0.2807286273459356,107.48377205871812,11.867674507484727,3
fullset,qwen3_32b,tier0,last,3,raw,0.25689680441843366,0.08450090627368403,0.07744419331471541,0.08498036707020717,85.90816376522353,7.562714342430581,3
fullset,qwen3_32b,tier0,last,3,log,0.1717313846121847,0.07608698778886376,-0.33716394655765036,0.3037506238701704,106.76956675650011,12.11849214296137,3
fullset,qwen3_32b,tier0,last,4,raw,0.2556418786723349,0.07449434516033196,0.07432611371310933,0.09583308315113846,86.87745433368228,8.725632639711542,3
fullset,qwen3_32b,tier0,last,4,log,0.18082789634840077,0.07534892375445622,-0.45488458345775756,0.3700223567470496,108.99827260426063,14.118648885926849,3
fullset,qwen3_32b,tier0,last,5,raw,0.2641956520554396,0.0823228656695198,0.08289188990532026,0.09812936608063219,86.8438811581811,8.957437014929535,3
fullset,qwen3_32b,tier0,last,5,log,0.18523461966970914,0.07752012250845505,-0.44788434271830924,0.38530103864867477,108.62012183167245,14.836342505902724,3
fullset,qwen3_32b,tier0,last,6,raw,0.27017368260697167,0.0854922037120517,0.08440381255393752,0.10607686320992862,86.49863826475763,9.462634204407463,3
fullset,qwen3_32b,tier0,last,6,log,0.16194959162079156,0.08768493278266352,-0.457349015571023,0.40887747656397616,110.40789831502026,16.328799747597323,3
fullset,qwen3_32b,tier0,last,7,raw,0.28904076065787027,0.09532150525294593,0.08283694423445391,0.09481467227574052,86.18357921759922,8.597521869317848,3
fullset,qwen3_32b,tier0,last,7,log,0.17820378376413556,0.10216687111560412,-0.4791778884621601,0.3905214346221601,110.52018253859235,15.376674248491225,3
fullset,qwen3_32b,tier0,last,8,raw,0.2795570433997377,0.10335376539731496,0.08848937345798284,0.09584308455442805,86.47114087620172,8.279217133515607,3
fullset,qwen3_32b,tier0,last,8,log,0.18090511729411154,0.10461231157211186,-0.4336655179320125,0.3444344325142084,110.45571793323909,13.461083783337509,3
fullset,qwen3_32b,tier0,last,9,raw,0.2713638459349786,0.09768163637858286,0.08307714009795353,0.09598152481696762,86.7673487500853,8.483149217437447,3
fullset,qwen3_32b,tier0,last,9,log,0.17987514387215617,0.10855924405412844,-0.42682985949836066,0.34772995958901703,110.900395613922,12.96841235548244,3
fullset,qwen3_32b,tier0,last,10,raw,0.2624811900449336,0.10162228183763816,0.07811169175861303,0.09159281890614285,86.95420237074592,8.507775132878837,3
fullset,qwen3_32b,tier0,last,10,log,0.17714171708394064,0.09848125863121783,-0.4171115718971683,0.34446963323925944,110.48737415733557,12.90127332349793,3
fullset,qwen3_32b,tier0,last,11,raw,0.2560079588815869,0.10743874173020397,0.07724279854039702,0.09539698443072607,87.17531202094297,9.094486601756945,3
fullset,qwen3_32b,tier0,last,11,log,0.17022969288000986,0.09213846779130347,-0.41433289625140773,0.3494534908899452,110.13004388393358,13.625530933537105,3
fullset,qwen3_32b,tier0,last,12,raw,0.25006901763462847,0.09732260228071019,0.07466762762957217,0.09632450181756676,87.43381121763208,9.152768383941707,3
fullset,qwen3_32b,tier0,last,12,log,0.16747392902519112,0.08494084992653242,-0.4113735626117753,0.3542184661105604,110.22886735800137,13.687124415403916,3
fullset,qwen3_32b,tier0,last,13,raw,0.24968208765255695,0.09627053670839507,0.0708477529153518,0.09779994877879032,87.5225314332793,9.357907095491688,3
fullset,qwen3_32b,tier0,last,13,log,0.16758250470282243,0.07878999552053205,-0.4055808504817577,0.3531115182796248,110.42684664663791,13.839661997629385,3
fullset,qwen3_32b,tier0,last,14,raw,0.24062336278180543,0.09520800089319635,0.06617659339654307,0.0998906654305551,87.79824191981213,9.658363877703696,3
fullset,qwen3_32b,tier0,last,14,log,0.1620951205972968,0.0714565162057467,-0.41025927090021935,0.3599081678729528,110.88589427516581,13.99961396631436,3
fullset,qwen3_32b,tier0,last,15,raw,0.2531853790085534,0.09332013699604354,0.06948920430281624,0.0940965441566039,87.4425959743357,9.105085785941444,3
fullset,qwen3_32b,tier0,last,15,log,0.16838571851934178,0.07612950271257488,-0.39614768739424727,0.340961327269967,110.13891466038267,12.529161069673554,3
fullset,qwen3_32b,tier0,last,16,raw,0.256504289266753,0.08298648745339142,0.06772389974840543,0.09485001896550414,87.41245226348535,9.262462054352111,3
fullset,qwen3_32b,tier0,last,16,log,0.17416323017216961,0.0638279901748317,-0.3871141468532409,0.3510682597741568,109.8768354276956,13.114711309810064,3
fullset,qwen3_32b,tier0,last,17,raw,0.254075381210714,0.08475171103182304,0.06597899562386474,0.09442542262719174,87.3488469778756,9.276481924127923,3
fullset,qwen3_32b,tier0,last,17,log,0.17493452954204436,0.06493976943560385,-0.3801180543159881,0.3497043443310224,109.58953856243743,13.057150066121597,3
fullset,qwen3_32b,tier0,last,18,raw,0.26321925116410905,0.09316690484043322,0.06415918913649772,0.0959610009013636,87.35434877902493,9.501313131482187,3
fullset,qwen3_32b,tier0,last,18,log,0.18031808072829816,0.0653322138023464,-0.3758968857184721,0.348128464487601,109.40814472558448,12.759224642833152,3
fullset,qwen3_32b,tier0,last,19,raw,0.2650624515741431,0.0939414248009523,0.06221789410618465,0.09544984261501312,87.34690430738165,9.544239691203515,3
fullset,qwen3_32b,tier0,last,19,log,0.1761873217240967,0.06496016641373173,-0.37239576819424736,0.3500187047046129,109.18190617138555,13.222223056911266,3
fullset,qwen3_32b,tier0,last,20,raw,0.26373891312099285,0.094215598901754,0.05932145777853962,0.09402512099543736,87.46885440638833,9.422471102985682,3
fullset,qwen3_32b,tier0,last,20,log,0.17549717260465666,0.06890796795808368,-0.37270559964004285,0.34756358036642065,109.17216678327509,12.821715163885399,3
fullset,qwen3_32b,tier0,last,21,raw,0.2626241178385907,0.09277025458566941,0.05837059687332794,0.09227632915616917,87.56317974414321,9.36741272670155,3
fullset,qwen3_32b,tier0,last,21,log,0.1791493896238668,0.0734653894843911,-0.37067996251544644,0.3451241269901008,108.8242715758679,12.826196538232319,3
fullset,qwen3_32b,tier0,last,22,raw,0.26403929359256967,0.09250422124285375,0.055018532186766445,0.0876275671403622,87.59498783476359,9.109446629758384,3
fullset,qwen3_32b,tier0,last,22,log,0.17794321010037795,0.07601891549254093,-0.37433912384452506,0.3392997504675039,108.8288779129387,12.288803540904341,3
fullset,qwen3_32b,tier0,last,23,raw,0.26373636162856373,0.09067156792771472,0.05585927036045261,0.08681950764628185,87.55553157553629,9.12754037379663,3
fullset,qwen3_32b,tier0,last,23,log,0.18108571371513263,0.08056871941318149,-0.37063735829449834,0.33418722177735577,108.6378557201217,11.95541230038683,3
fullset,qwen3_32b,tier0,last,24,raw,0.2651362279657897,0.09352398644175944,0.05552741545152314,0.08422512304234372,87.64187098746284,8.960027225909565,3
fullset,qwen3_32b,tier0,last,24,log,0.17609714138931465,0.08185043209828269,-0.36807284880943736,0.32178475814740215,108.72925112509262,11.43057909062957,3
fullset,qwen3_32b,tier0,last,25,raw,0.2720628067827732,0.09231911285502975,0.0539025155809589,0.08370180477069006,87.48663644968697,8.999155915839308,3
fullset,qwen3_32b,tier0,last,25,log,0.17995838373375725,0.08491754351876372,-0.37282664402549864,0.31988169028998487,108.45941770297806,11.216357600846605,3
fullset,qwen3_32b,tier0,last,26,raw,0.27011911300721175,0.09229736207376896,0.05437277543028555,0.08301554184609848,87.35417574449218,8.972848258045643,3
fullset,qwen3_32b,tier0,last,26,log,0.17847965410851452,0.08262684857652623,-0.37082269224064407,0.3224516724011581,108.03771915603583,11.376983383856105,3
fullset,qwen3_32b,tier0,last,27,raw,0.2726493883326005,0.09137625959227248,0.051013579916610895,0.07908269338649314,87.25061589807102,8.921158684692312,3
fullset,qwen3_32b,tier0,last,27,log,0.17644602987422578,0.0857566586146047,-0.3724124337735699,0.3214840759281682,107.79570184314974,11.24415759383731,3
fullset,qwen3_32b,tier0,last,28,raw,0.2652576820467011,0.09571625484966642,0.0476578414430476,0.07801886020609551,87.72928035251552,8.813720648065368,3
fullset,qwen3_32b,tier0,last,28,log,0.1668249300073318,0.08679223715191207,-0.37875814896874394,0.3141452610598581,108.38161436319581,10.8255485155123,3
fullset,qwen3_32b,tier0,last,29,raw,0.2622160821665947,0.09637402560507605,0.04296067136205376,0.07495310204309,88.01130720285454,8.60103121598,3
fullset,qwen3_32b,tier0,last,29,log,0.16525432632116518,0.09413636255238657,-0.3860427880850375,0.30981729533297864,108.15029284668744,10.323536630191851,3
fullset,qwen3_32b,tier0,last,30,raw,0.26173393206865986,0.09312584988290545,0.042990326029665425,0.07331044287142022,87.87835243581918,8.490732706275777,3
fullset,qwen3_32b,tier0,last,30,log,0.16815615372062354,0.09647272575144196,-0.3915677185192194,0.3112310318826842,108.16143545934534,10.426325846614812,3
fullset,qwen3_32b,tier0,last,31,raw,0.26390757742211285,0.09411747304137208,0.04322350656427931,0.07410699584444067,87.89574314028347,8.34276116169218,3
fullset,qwen3_32b,tier0,last,31,log,0.16973166330591016,0.09481150791337131,-0.40928103217136486,0.3240419887113491,109.06807737025152,10.6758145225177,3
fullset,qwen3_32b,tier0,last,32,raw,0.2614329924879361,0.09562526000457375,0.04456610959048354,0.08002983054656505,87.76047488163637,8.561546065330802,3
fullset,qwen3_32b,tier0,last,32,log,0.1729099802412736,0.09316460042106593,-0.4217418579766474,0.34670669164576956,109.71844624512774,11.49722184463543,3
fullset,qwen3_32b,tier0,last,33,raw,0.260121936432879,0.08396526205739811,0.041307524241051996,0.07869053480068493,88.47740513318912,8.706954906664262,3
fullset,qwen3_32b,tier0,last,33,log,0.15810379938702282,0.08788700581186898,-0.42764145951041993,0.33971550062914074,110.91714266768652,11.898470243692861,3
fullset,qwen3_32b,tier0,last,34,raw,0.25168905674347825,0.08272626173129174,0.03582373469053043,0.08082470200802071,88.8877312448672,8.917418781974295,3
fullset,qwen3_32b,tier0,last,34,log,0.1513928453628091,0.07887205960907448,-0.4432609747897054,0.36103383240517223,112.40583173883289,13.294704240523222,3
fullset,qwen3_32b,tier0,last,35,raw,0.25186420581929164,0.07938075061371032,0.038072832149662915,0.08285264826171043,88.89044277562226,9.037256587870482,3
fullset,qwen3_32b,tier0,last,35,log,0.1551779907551817,0.06931140822937981,-0.44064855793921526,0.3761227841858223,111.83801142601614,13.496570877325423,3
fullset,qwen3_32b,tier0,last,36,raw,0.249815436120412,0.08464249822642678,0.03803794969349572,0.0840558315473883,89.07601635837983,9.28494555779253,3
fullset,qwen3_32b,tier0,last,36,log,0.15046628972802525,0.07068466728415126,-0.4442879603529773,0.37475730912046845,112.06232230198115,13.31814887208159,3
fullset,qwen3_32b,tier0,last,37,raw,0.24882134466925862,0.0852038600846726,0.04476275651225895,0.08355482390213259,88.79539644545402,9.327936296093352,3
fullset,qwen3_32b,tier0,last,37,log,0.14305037984345734,0.0579103921716593,-0.4245860627474886,0.37574392514770144,112.0845059976843,13.86182043596965,3
fullset,qwen3_32b,tier0,last,38,raw,0.24274220476463126,0.0859437745766846,0.04096057028042902,0.07826410081036259,88.90894255697573,8.823603699913871,3
fullset,qwen3_32b,tier0,last,38,log,0.1451688997686029,0.05966895137156511,-0.4343909366361784,0.3713805558136144,111.70671151864155,13.4110591342678,3
fullset,qwen3_32b,tier0,last,39,raw,0.2400673277167121,0.09040289533260422,0.037421128852194396,0.07341135819042767,88.86196747337983,8.945425901749354,3
fullset,qwen3_32b,tier0,last,39,log,0.14167174085148515,0.055378388596852346,-0.4368641411141745,0.3571663830076439,111.41866195849643,13.19491873220575,3
fullset,qwen3_32b,tier0,last,40,raw,0.245288510964919,0.10129427554292839,0.031566265638350556,0.0730408125059929,89.07144142982817,8.733430041302244,3
fullset,qwen3_32b,tier0,last,40,log,0.13892615155034915,0.07524861623616735,-0.464049688590203,0.35309935279956656,112.19837081500698,11.98111945427979,3
fullset,qwen3_32b,tier0,last,41,raw,0.23331493330861938,0.09320198645324568,0.025699031089609508,0.06845250602653387,89.2829382607744,8.760352344084303,3
fullset,qwen3_32b,tier0,last,41,log,0.13434301157124004,0.08366535383284487,-0.4880286030934058,0.35139962657220764,113.41334776638446,11.309349574275593,3
fullset,qwen3_32b,tier0,last,42,raw,0.23100340104269504,0.06874023646436962,0.025692961361490203,0.06939617619871413,89.21933332319752,9.42828201283354,3
fullset,qwen3_32b,tier0,last,42,log,0.14431423555429207,0.06281605623674748,-0.46432765076832316,0.34920683299185173,111.57700879770734,11.925455407886849,3
fullset,qwen3_32b,tier0,last,43,raw,0.24633249548177635,0.06784246135002427,0.025715214816653138,0.0760595073973883,88.85738944073023,10.115238786911014,3
fullset,qwen3_32b,tier0,last,43,log,0.15334463376242452,0.06504753824212173,-0.44347183346982577,0.3431049951839584,110.37488177330708,11.99706932050131,3
fullset,qwen3_32b,tier0,last,44,raw,0.23619615554787055,0.06790725460425523,0.027868082038329096,0.07333643264043846,88.9437790184487,10.016556158186583,3
fullset,qwen3_32b,tier0,last,44,log,0.15616211143822598,0.072623535437295,-0.42551172248648883,0.3360757461850686,110.02837779490108,11.343030452747445,3
fullset,qwen3_32b,tier0,last,45,raw,0.25113150918299926,0.06296144343790082,0.04087672268189987,0.07210585493590634,88.20272780718301,9.968550055685814,3
fullset,qwen3_32b,tier0,last,45,log,0.16328586842153386,0.061732980932667145,-0.39279272709831253,0.30148417112708825,109.45256319033349,10.763884069267815,3
fullset,qwen3_32b,tier0,last,46,raw,0.2599437227782015,0.07115098253585517,0.04094256553129905,0.0674958843830483,88.06179786432499,9.9966778282721,3
fullset,qwen3_32b,tier0,last,46,log,0.16186466413978828,0.06975862499687376,-0.3882988966732525,0.30202599316529266,109.28406796797901,10.56954747300073,3
fullset,qwen3_32b,tier0,last,47,raw,0.25645597829968225,0.07720358497486127,0.041626034558328105,0.06128816812449463,87.93454193217597,9.549791677787562,3
fullset,qwen3_32b,tier0,last,47,log,0.14616927108398214,0.07968607124777886,-0.39730328776467805,0.29237110920690695,110.51079908566165,10.258117794816787,3
fullset,qwen3_32b,tier0,last,48,raw,0.2685125877465245,0.07747720648777058,0.04232983392275543,0.05268396898780971,87.49240683951594,9.354483265727314,3
fullset,qwen3_32b,tier0,last,48,log,0.15743948008382955,0.08666644042467145,-0.3769579965240053,0.26437470244034367,109.43919930531403,9.788708027283338,3
fullset,qwen3_32b,tier0,last,49,raw,0.26886414695870126,0.0789862264479488,0.039433869661727794,0.05571756599126292,87.51639929629528,9.5765515382196,3
fullset,qwen3_32b,tier0,last,49,log,0.14560954991020128,0.0761071569103262,-0.3781375697126487,0.26960596387208674,108.95402342004046,9.663434119053257,3
fullset,qwen3_32b,tier0,last,50,raw,0.2787532557028373,0.0794649057531084,0.04346467771895646,0.05279771793008008,86.96291242360117,9.508873350499734,3
fullset,qwen3_32b,tier0,last,50,log,0.15664852808801702,0.061743985364368474,-0.3573739558111553,0.26027550038279523,107.62663411346317,9.794563406412673,3
fullset,qwen3_32b,tier0,last,51,raw,0.271984738625931,0.07701277684277456,0.03666496442326339,0.05244470424634502,87.2087293402891,9.477332456635377,3
fullset,qwen3_32b,tier0,last,51,log,0.14797508634738135,0.06107639804650914,-0.36673314738093926,0.25480756961001805,107.04450336101654,9.562896401620268,3
fullset,qwen3_32b,tier0,last,52,raw,0.25551063618995745,0.08533467224282223,0.033509596689849354,0.04960575724188005,87.48879788569366,9.07203226939745,3
fullset,qwen3_32b,tier0,last,52,log,0.1447359130208543,0.08181073698759338,-0.36699052700519724,0.26289037791526476,107.12915405926243,9.32511280200976,3
fullset,qwen3_32b,tier0,last,53,raw,0.23647667734435276,0.07914384390869646,0.024248680139737244,0.048337185624478494,88.06311240499514,9.114728924634257,3
fullset,qwen3_32b,tier0,last,53,log,0.14077382920135595,0.08552970686685979,-0.38027151987693064,0.26455923268757153,107.10163722509344,8.377305861404064,3
fullset,qwen3_32b,tier0,last,54,raw,0.24895288991016581,0.0720859631568526,0.02824148364892935,0.043910748546405594,87.75658928609393,8.594070122975241,3
fullset,qwen3_32b,tier0,last,54,log,0.15611710388887245,0.08559496763796942,-0.36931896852989915,0.2529820713792781,106.27052159591551,7.728225134289138,3
fullset,qwen3_32b,tier0,last,55,raw,0.24991160901730333,0.06988640153774148,0.037403350893404484,0.04980380395080903,87.31977878326963,8.772499508049751,3
fullset,qwen3_32b,tier0,last,55,log,0.15754268485792303,0.09359489337636683,-0.3427776005181716,0.2419499248146306,105.13596603155035,7.558256992949675,3
fullset,qwen3_32b,tier0,last,56,raw,0.254359341030102,0.07260344933751306,0.04366487563447152,0.05019732840466235,87.03443768300117,8.534541793347193,3
fullset,qwen3_32b,tier0,last,56,log,0.1688433875336973,0.09078641046302016,-0.3362743836468692,0.23239255298015513,104.59372543065537,7.002675539207575,3
fullset,qwen3_32b,tier0,last,57,raw,0.2650184938726711,0.08508696786138442,0.05107564826553975,0.04909824334406141,86.4336011544865,8.423641225757658,3
fullset,qwen3_32b,tier0,last,57,log,0.16706489618840914,0.10943531716487365,-0.29436929669766215,0.18159235658947923,102.8334890094847,5.635790267027061,3
fullset,qwen3_32b,tier0,last,58,raw,0.2712763309201121,0.08778809490514708,0.057429056934752455,0.05203171725606993,86.24095169974161,8.599148698650145,3
fullset,qwen3_32b,tier0,last,58,log,0.16974186106948405,0.11169861838892084,-0.28967082226293445,0.18697734954793263,102.98553213690832,6.291064948280274,3
fullset,qwen3_32b,tier0,last,59,raw,0.2712705208472972,0.0919451611765234,0.059366566794739395,0.05636731507960103,86.22301641729435,8.775985941765605,3
fullset,qwen3_32b,tier0,last,59,log,0.16976303211219146,0.11442693174951143,-0.30111143288796915,0.20412847197648115,103.16826324723628,6.481102530377598,3
fullset,qwen3_32b,tier0,last,60,raw,0.26648816652882384,0.09003322099294528,0.06457902217518689,0.061476651561657984,85.88009241134425,9.204661799612072,3
fullset,qwen3_32b,tier0,last,60,log,0.18866874379171128,0.11161771209902518,-0.2876534022665535,0.21125781559247284,102.1189092177046,7.125709556617612,3
fullset,qwen3_32b,tier0,last,61,raw,0.28446587226294123,0.10350462443267558,0.0734544692420529,0.06817553602948995,85.36915744955077,9.586647855170176,3
fullset,qwen3_32b,tier0,last,61,log,0.17789429943364324,0.12459579658763487,-0.2727504330394957,0.22238918003968652,101.66401797631944,7.690328388927926,3
fullset,qwen3_32b,tier0,last,62,raw,0.28211149434374655,0.10988721477984993,0.07599891370179108,0.07158956241394039,85.31227676800087,9.516654190852517,3
fullset,qwen3_32b,tier0,last,62,log,0.16826920241760082,0.12062885576520356,-0.27009702254394546,0.22976931546144572,101.7189831972892,8.117195326558624,3
fullset,qwen3_32b,tier0,last,63,raw,0.30572644603502547,0.11855118047214676,0.08104366256564692,0.07089293022504913,84.45889947815307,9.352547644449244,3
fullset,qwen3_32b,tier0,last,63,log,0.16154357144281817,0.09721354874572041,-0.2520669070108519,0.22408712542478681,100.57515587740012,8.635462930900596,3
fullset,qwen3_32b,tier0,last,64,raw,0.25473599008157327,0.10370914736300352,0.06550889339093262,0.062379910126336306,85.7772265992733,9.608294088136564,3
fullset,qwen3_32b,tier0,last,64,log,0.13645325383424617,0.05562754135524317,-0.2524777104189684,0.2111230459965816,100.35807992387038,8.936209977551131,3
fullset,qwen3_32b,maximal,mean,0,raw,0.251073028861994,0.07933562318656034,0.0290685965785894,0.062424787245562156,87.72465134907897,6.491057633191838,3
fullset,qwen3_32b,maximal,mean,0,log,0.18614259161069635,0.10856582791486723,-0.3133493003061861,0.24889778829424283,103.98261779047375,6.397189018614235,3
fullset,qwen3_32b,maximal,mean,1,raw,0.3722388286052493,0.19999088331994155,0.07111600644838112,0.07417967938117181,84.86039929283426,6.4501460314430155,3
fullset,qwen3_32b,maximal,mean,1,log,0.1696454429875305,0.13760347924578314,-0.16068117974360718,0.09456223372849044,98.07871000503458,7.927860323477798,3
fullset,qwen3_32b,maximal,mean,2,raw,0.3948431996608463,0.20592332352934434,0.07239231604753231,0.08191439425309151,84.7052614066097,6.84353823606665,3
fullset,qwen3_32b,maximal,mean,2,log,0.1597925640284185,0.11701307828753854,-0.16536614554920548,0.08531794893900706,98.07214103811238,8.21177491586838,3
fullset,qwen3_32b,maximal,mean,3,raw,0.3876648578885383,0.1931567157734344,0.07014173377082115,0.08807205242058207,84.76621343785166,6.833623347279558,3
fullset,qwen3_32b,maximal,mean,3,log,0.17394807826628964,0.08468765617149075,-0.1859204311273568,0.08154808712197073,98.69627729813881,6.376506810504752,3
fullset,qwen3_32b,maximal,mean,4,raw,0.36302788041602296,0.16471274516120235,0.06545362556509715,0.08597418804228354,85.0513402305957,7.095399761263167,3
fullset,qwen3_32b,maximal,mean,4,log,0.17613888064164632,0.0785522019516366,-0.22785251180504953,0.10392664120803238,100.33750190722795,6.6370960518228195,3
fullset,qwen3_32b,maximal,mean,5,raw,0.3572041964827533,0.14760279458878936,0.06476793647862104,0.08593275495210229,85.2299694216996,7.811443250651238,3
fullset,qwen3_32b,maximal,mean,5,log,0.17234521044540754,0.06786204883686492,-0.2427384525861286,0.11762309800299732,100.30325267379645,7.416844978431713,3
fullset,qwen3_32b,maximal,mean,6,raw,0.3208598227618818,0.12036921476281652,0.0553829511019767,0.08088638391554492,85.53258215669634,7.91021831075513,3
fullset,qwen3_32b,maximal,mean,6,log,0.16317716974476548,0.07003341109663841,-0.2795776723294139,0.15345514739523652,101.3980237217359,7.566686230443773,3
fullset,qwen3_32b,maximal,mean,7,raw,0.2912631461965918,0.24690425148123543,0.004141681612958618,0.024439622999380354,86.88024157839224,12.303882186716523,3
fullset,qwen3_32b,maximal,mean,7,log,0.034853406159989615,0.09082568291755942,-0.0964813553091209,0.04124599656183572,96.85155102225416,6.9563575783660205,3
fullset,qwen3_32b,maximal,mean,8,raw,0.30337069156708746,0.2530117742432559,0.004988529250001521,0.02626122809974013,86.7457821500957,12.28455653693295,3
fullset,qwen3_32b,maximal,mean,8,log,0.040172159626780383,0.06922641324747693,-0.09797067081784501,0.04102463658397252,96.6002694311433,7.178395902485483,3
fullset,qwen3_32b,maximal,mean,9,raw,0.2979411253636131,0.2440512713943908,0.0057648711118315115,0.026984224920757582,86.68829370579171,12.23420272827783,3
fullset,qwen3_32b,maximal,mean,9,log,0.03905447329156764,0.06876084405432942,-0.09952318308713992,0.041140477772329154,96.64908603938369,7.285733111927406,3
fullset,qwen3_32b,maximal,mean,10,raw,0.2883955633692162,0.23831191116391315,0.005410927038845455,0.027025071807887276,86.81375326563773,12.167946815787284,3
fullset,qwen3_32b,maximal,mean,10,log,0.035518798430866326,0.06951677492776424,-0.10359388729428343,0.043124345617306645,96.94074310327848,7.388821294063718,3
fullset,qwen3_32b,maximal,mean,11,raw,0.28697433839827874,0.23726993425944426,0.005765533578744986,0.027161711231972432,86.80719459716688,12.140688702444425,3
fullset,qwen3_32b,maximal,mean,11,log,0.035578402834345255,0.06875566324381892,-0.10475949527434018,0.043764119695869276,96.97636655555578,7.4040347100481245,3
fullset,qwen3_32b,maximal,mean,12,raw,0.27596193493232984,0.23338158545199866,0.0054065746110437685,0.027017777725332752,86.89108383442344,12.108615079071582,3
fullset,qwen3_32b,maximal,mean,12,log,0.03181210586310746,0.06948565169333233,-0.10731675568235073,0.04500204624079961,97.19296338195015,7.426617864906741,3
fullset,qwen3_32b,maximal,mean,13,raw,0.2703867171993913,0.23248976052623985,0.0051674519203412555,0.026861968989955572,86.93539430951326,12.090961029648431,3
fullset,qwen3_32b,maximal,mean,13,log,0.02895429428353231,0.06960911108970343,-0.10886126463592276,0.04591627855098736,97.32868546736442,7.420028798114263,3
fullset,qwen3_32b,maximal,mean,14,raw,0.2662477539805579,0.2308906608482789,0.004945870379837884,0.026686385784973992,86.9893092398628,12.07226390309348,3
fullset,qwen3_32b,maximal,mean,14,log,0.026837922385723453,0.07250512567577101,-0.11010248074158684,0.046685256626838235,97.46164746004142,7.382153845530118,3
fullset,qwen3_32b,maximal,mean,15,raw,0.2616960727011376,0.22762621629660057,0.00463484878539544,0.02647950830827957,87.04147279960402,12.063557121698368,3
fullset,qwen3_32b,maximal,mean,15,log,0.025458437239156122,0.07247061004232845,-0.11208535418252723,0.047959117061232466,97.63010028824391,7.3438942305801005,3
fullset,qwen3_32b,maximal,mean,16,raw,0.25460273087029517,0.22541488531244427,0.00410999649117146,0.026197520428516148,87.13622780345933,12.037651075334926,3
fullset,qwen3_32b,maximal,mean,16,log,0.020357114824612277,0.0734096707034337,-0.11430041400805376,0.04928519923394746,97.84056359595213,7.314089795394469,3
fullset,qwen3_32b,maximal,mean,17,raw,0.25400916083841757,0.22547279166265186,0.00392149507802142,0.025985128683768427,87.19033270684325,12.0140890136754,3
fullset,qwen3_32b,maximal,mean,17,log,0.01881294913758469,0.07236742247437108,-0.11597875304295176,0.05024389439731012,97.97292817145183,7.3188019110642095,3
fullset,qwen3_32b,maximal,mean,18,raw,0.25000208526443357,0.22469277440108457,0.0036885295624580574,0.02600811837155888,87.23550999780657,12.000884536380772,3
fullset,qwen3_32b,maximal,mean,18,log,0.01758621252664214,0.07060212454176738,-0.11789583476180199,0.051206808073604546,98.08933241746227,7.335570203415112,3
fullset,qwen3_32b,maximal,mean,19,raw,0.2455518430774085,0.2224010714893575,0.003465243532796832,0.02594531766732012,87.27696394337619,11.994975757189712,3
fullset,qwen3_32b,maximal,mean,19,log,0.015349432637455085,0.06995550315517543,-0.1191292350109457,0.05173567518140715,98.20306927031733,7.343647030587334,3
fullset,qwen3_32b,maximal,mean,20,raw,0.2435624511835983,0.22359841492611351,0.0034272665485133302,0.025990003006291472,87.31307672254724,11.969834266987572,3
fullset,qwen3_32b,maximal,mean,20,log,0.013147550189769241,0.07234060832441748,-0.11918909353159061,0.051611689206719435,98.26230801872713,7.330136006530233,3
fullset,qwen3_32b,maximal,mean,21,raw,0.24108037043987407,0.22300995907065327,0.003429734068063387,0.026067836286160617,87.34807257458242,11.94732524662087,3
fullset,qwen3_32b,maximal,mean,21,log,0.012949379605143814,0.07300886053963963,-0.11956961154551544,0.05176426699432076,98.29527661668966,7.338015903261875,3
fullset,qwen3_32b,maximal,mean,22,raw,0.2403204609825229,0.22423998375415888,0.0034786585174567306,0.026166397873426252,87.35564967649707,11.933746478160106,3
fullset,qwen3_32b,maximal,mean,22,log,0.012133750407305391,0.07322040184465331,-0.11993135408716211,0.051934687067876704,98.31375969825886,7.356321629622132,3
fullset,qwen3_32b,maximal,mean,23,raw,0.23783964517763892,0.22281090042106652,0.0032828450598783032,0.026061798951657247,87.39241761269807,11.923652907902154,3
fullset,qwen3_32b,maximal,mean,23,log,0.010076718494960323,0.07334796438183658,-0.12037552776585832,0.05220151766300542,98.35861602796729,7.338103749362775,3
fullset,qwen3_32b,maximal,mean,24,raw,0.23208288161569157,0.22325983811151195,0.0029480027270670783,0.02584360870401188,87.45070266293902,11.911629851902807,3
fullset,qwen3_32b,maximal,mean,24,log,0.006292833880351979,0.07373225271134899,-0.12107589509806105,0.05257937682592156,98.441687316489,7.340629664611307,3
fullset,qwen3_32b,maximal,mean,25,raw,0.23105292632708033,0.22399837347945872,0.0029187757136616144,0.02597648744011857,87.47355303803272,11.892103829383153,3
fullset,qwen3_32b,maximal,mean,25,log,0.0061915708917999355,0.07214528447608469,-0.12153107194594674,0.05257470403973773,98.48333281070465,7.298739222667937,3
fullset,qwen3_32b,maximal,mean,26,raw,0.23074599328892462,0.2231826206048341,0.0029869681190094846,0.025927806243057374,87.46585911217916,11.898039617765793,3
fullset,qwen3_32b,maximal,mean,26,log,0.006387415157539967,0.07329210544328503,-0.12202217788308352,0.05308524058738108,98.50859138059529,7.260170789425218,3
fullset,qwen3_32b,maximal,mean,27,raw,0.2325961489484357,0.22274919292605058,0.0034358725529427168,0.026604335313154835,87.41667660202046,11.889757422295716,3
fullset,qwen3_32b,maximal,mean,27,log,0.012041461098669987,0.06924587941175622,-0.12384827523626189,0.05369353454139837,98.54697047225682,7.126846787605728,3
fullset,qwen3_32b,maximal,mean,28,raw,0.2442690713316565,0.2269766463553983,0.004034440785771309,0.02725146857350995,87.30746099451403,11.922845399117291,3
fullset,qwen3_32b,maximal,mean,28,log,0.0161127821912541,0.06716931526963048,-0.12318570987136875,0.05318319037373354,98.40861774341016,7.175856969788155,3
fullset,qwen3_32b,maximal,mean,29,raw,0.2505407501259394,0.23035017976195696,0.004197197182838878,0.027370457947920555,87.29275843500375,11.907336141184375,3
fullset,qwen3_32b,maximal,mean,29,log,0.024511573631655296,0.06567487081598915,-0.12510373626436122,0.0546502468944921,98.38242692939548,7.130423838952913,3
fullset,qwen3_32b,maximal,mean,30,raw,0.25092824425141036,0.2311718584839161,0.004625904731380063,0.027705811333851898,87.2511096783178,11.897140636444002,3
fullset,qwen3_32b,maximal,mean,30,log,0.025589565851697433,0.06606216904285254,-0.1250966349645508,0.05458385444918637,98.36442236097912,7.166580189587415,3
fullset,qwen3_32b,maximal,mean,31,raw,0.254108348850598,0.2346991053675231,0.005131897065071889,0.02829202822202601,87.2051336248497,11.857594900023416,3
fullset,qwen3_32b,maximal,mean,31,log,0.03002027311981092,0.06301666524206481,-0.1240680402574766,0.05360669938677882,98.25634200158485,7.123070695919654,3
fullset,qwen3_32b,maximal,mean,32,raw,0.26393478301658907,0.2371297812346405,0.0059638980078537225,0.028920510927531375,87.02601764776249,11.91519840533207,3
fullset,qwen3_32b,maximal,mean,32,log,0.05032526041792942,0.05439857546230013,-0.12246024830692932,0.05206083482909964,98.04626542175812,7.188515490935591,3
fullset,qwen3_32b,maximal,mean,33,raw,0.28002260505271187,0.23430056052952195,0.009854806071489882,0.031254134819616725,86.5843459919807,11.743180131794063,3
fullset,qwen3_32b,maximal,mean,33,log,0.08946863033463438,0.04984921097820583,-0.11910259356319441,0.04896855492450992,97.42641113466668,7.058109217218592,3
fullset,qwen3_32b,maximal,mean,34,raw,0.2677337067692254,0.2258836897699314,0.00862316880475252,0.030315264000988277,86.78907224414816,11.774138969311645,3
fullset,qwen3_32b,maximal,mean,34,log,0.0741752955107276,0.04885586452035001,-0.12116447215287234,0.05021633640893341,97.73693673253541,7.082266117607254,3
fullset,qwen3_32b,maximal,mean,35,raw,0.2652662699990242,0.2229382091960742,0.008609190284881016,0.030110607263428096,86.82225605737905,11.760466768644502,3
fullset,qwen3_32b,maximal,mean,35,log,0.07168905248241875,0.05002461439853929,-0.12217657224363816,0.05101565125012932,97.83177209838078,7.0899379891025065,3
fullset,qwen3_32b,maximal,mean,36,raw,0.2608786133573065,0.22423780520410833,0.00854914680405198,0.030039331922528525,86.8946309025141,11.72340310040794,3
fullset,qwen3_32b,maximal,mean,36,log,0.06743595097356703,0.05132961658757915,-0.12333072637437643,0.05208650598386008,97.94819594547955,7.125686977888114,3
fullset,qwen3_32b,maximal,mean,37,raw,0.2563026634698556,0.22437620265747932,0.008129709084330786,0.02986601253039781,86.97740321958769,11.723670902101652,3
fullset,qwen3_32b,maximal,mean,37,log,0.05964480192749231,0.05179804569223932,-0.12421190089886654,0.05278736056168473,98.12164336770003,7.169202841740784,3
fullset,qwen3_32b,maximal,mean,38,raw,0.2539019740680198,0.22441022104637648,0.007527325604724429,0.029768906972837263,87.01619491639917,11.726437432990513,3
fullset,qwen3_32b,maximal,mean,38,log,0.05832011581916121,0.05656288848080518,-0.12499180081235554,0.053375558455248856,98.16693723461437,7.242685841053502,3
fullset,qwen3_32b,maximal,mean,39,raw,0.2435061540582446,0.22129184940366536,0.006080284802237583,0.02873724783392977,87.19004478051416,11.732786155766817,3
fullset,qwen3_32b,maximal,mean,39,log,0.04845053402056523,0.061223156472076844,-0.1264903268686537,0.05491953831444242,98.39587349694608,7.299291706902099,3
fullset,qwen3_32b,maximal,mean,40,raw,0.2407302763126251,0.22263377491711286,0.00548362783153337,0.028333993542883178,87.28585960514205,11.696443740262643,3
fullset,qwen3_32b,maximal,mean,40,log,0.04192504023676061,0.0633827059437668,-0.1270931499018745,0.055322306942489415,98.57436454835242,7.2568252465239755,3
fullset,qwen3_32b,maximal,mean,41,raw,0.2380100953207802,0.22081259634420392,0.005060756000771605,0.028073425598431553,87.33913784583575,11.692662167398314,3
fullset,qwen3_32b,maximal,mean,41,log,0.04263257555686578,0.06320912418615478,-0.12799862140632912,0.05586294164431271,98.63007458673013,7.239246606728138,3
fullset,qwen3_32b,maximal,mean,42,raw,0.23130070954990437,0.21944149067406815,0.004335398685884469,0.02790072699073809,87.48447740587523,11.662316034333209,3
fullset,qwen3_32b,maximal,mean,42,log,0.04280365180832927,0.06499771703578908,-0.13059577177358173,0.05785054542692595,98.7824157838452,7.27998040926688,3
fullset,qwen3_32b,maximal,mean,43,raw,0.22828353665772397,0.21794152338219,0.004330038481135408,0.027760176075768177,87.52253512374118,11.64293861912137,3
fullset,qwen3_32b,maximal,mean,43,log,0.044286878529788014,0.07077288959526638,-0.1305327678823068,0.05842650173781783,98.75885302020545,7.356667635940574,3
fullset,qwen3_32b,maximal,mean,44,raw,0.22673193767493283,0.22052352398333272,0.0035568573070685985,0.02738509004966895,87.6225143178642,11.622642058567541,3
fullset,qwen3_32b,maximal,mean,44,log,0.03684695799582447,0.0759060864517821,-0.1291050054887696,0.05786926086285393,98.80293268537265,7.354644965305529,3
fullset,qwen3_32b,maximal,mean,45,raw,0.22484041334186422,0.21995352412569918,0.0028474683963848335,0.02727668896641704,87.74753134675392,11.596802482578738,3
fullset,qwen3_32b,maximal,mean,45,log,0.029011949426685585,0.0764757555321111,-0.13023342606241015,0.0582084717848282,98.95572479404494,7.336102985958102,3
fullset,qwen3_32b,maximal,mean,46,raw,0.22030081451223185,0.21762550797884359,0.0025911222110119128,0.0271761221628688,87.81920487936384,11.562721599049585,3
fullset,qwen3_32b,maximal,mean,46,log,0.026730987918422655,0.07400204878107142,-0.1324427818939793,0.059756978762875244,99.03299824874186,7.444190155860531,3
fullset,qwen3_32b,maximal,mean,47,raw,0.23217504853965584,0.22196170616996552,0.0033325351837958372,0.027728332728587223,87.72423668508854,11.564901908014459,3
fullset,qwen3_32b,maximal,mean,47,log,0.0383663266920638,0.07204319748642245,-0.13236488772808994,0.059937115065811834,98.81343859524138,7.527062801719033,3
fullset,qwen3_32b,maximal,mean,48,raw,0.2310856141993014,0.22357470937647944,0.0034830138984941472,0.028030936038870455,87.68625077517468,11.576938181966492,3
fullset,qwen3_32b,maximal,mean,48,log,0.04028956973730918,0.07112586473372792,-0.13294648860616523,0.060597989247272846,98.74384991479418,7.615699679453251,3
fullset,qwen3_32b,maximal,mean,49,raw,0.2365029193758219,0.22572178274295052,0.003748990870417949,0.02849049791199512,87.67342885480139,11.554029830841621,3
fullset,qwen3_32b,maximal,mean,49,log,0.04181267883370743,0.06755438396973856,-0.1340240910556271,0.06096354243559239,98.7824731370376,7.640082746690763,3
fullset,qwen3_32b,maximal,mean,50,raw,0.2333501908346153,0.22237005943175445,0.0033626088803230627,0.028318002652767935,87.71436822081388,11.536065791861784,3
fullset,qwen3_32b,maximal,mean,50,log,0.03925549025197578,0.06801229409445715,-0.13677809193658028,0.06282529512108169,98.95490884543693,7.735950518906241,3
fullset,qwen3_32b,maximal,mean,51,raw,0.24061550606521345,0.22058626689629396,0.004683928882932416,0.02946089138199715,87.56485621544857,11.407031656010176,3
fullset,qwen3_32b,maximal,mean,51,log,0.060775213846288145,0.06559843087741819,-0.14011944377737207,0.06426352722085239,98.95465695885922,7.711564105083047,3
fullset,qwen3_32b,maximal,mean,52,raw,0.25801121720540504,0.22592353066102677,0.006496529287513542,0.031243188759707587,87.41156019417593,11.3784057919761,3
fullset,qwen3_32b,maximal,mean,52,log,0.0866976492168799,0.06765558822323116,-0.14082621428940204,0.06474763399848539,98.61125166746773,7.82650566129614,3
fullset,qwen3_32b,maximal,mean,53,raw,0.26426944727576707,0.2217939663902232,0.007611055564487157,0.03253156499961967,87.37906696432323,11.246233852022575,3
fullset,qwen3_32b,maximal,mean,53,log,0.0918177503273503,0.06457510685838173,-0.14356761611802807,0.06567635862823444,98.62089347928686,7.919020754392578,3
fullset,qwen3_32b,maximal,mean,54,raw,0.27430157533722616,0.22076033932957956,0.008149881037930387,0.03378714688909469,87.37907772939361,11.15888913466772,3
fullset,qwen3_32b,maximal,mean,54,log,0.09635526057187117,0.06512010415723626,-0.14724297329563987,0.06687885060646198,98.57600792138298,7.881233817747591,3
fullset,qwen3_32b,maximal,mean,55,raw,0.28760829340030253,0.22506425775201783,0.010688927497387443,0.036543738345791374,87.221939466042,10.999623021390242,3
fullset,qwen3_32b,maximal,mean,55,log,0.1178740669327889,0.06065099654531968,-0.14797171545666207,0.06628905575904082,98.06581118407264,7.946504678783225,3
fullset,qwen3_32b,maximal,mean,56,raw,0.2948991783856499,0.21713179638419644,0.011871958144419511,0.03743436722497359,87.14239136228893,10.880900393631377,3
fullset,qwen3_32b,maximal,mean,56,log,0.1314158854604203,0.06482281132320643,-0.1508569760676938,0.0674640619102964,98.04752206961108,8.028457692614946,3
fullset,qwen3_32b,maximal,mean,57,raw,0.28774253489795015,0.20312534492205364,0.01266392683902832,0.03842820881093249,87.1284797447798,10.814706885713292,3
fullset,qwen3_32b,maximal,mean,57,log,0.1378596712756404,0.07271955603352054,-0.15772526820211344,0.07111488675651294,98.39785901797471,8.280033143366058,3
fullset,qwen3_32b,maximal,mean,58,raw,0.30055741053839097,0.2055439526976197,0.015341827176115356,0.040133827828790734,86.87396247110053,10.702507619212678,3
fullset,qwen3_32b,maximal,mean,58,log,0.14815737197034853,0.07414961828693853,-0.15511901404293668,0.06878258897004616,97.96592654750953,7.993984007576301,3
fullset,qwen3_32b,maximal,mean,59,raw,0.30423349934956184,0.19985690861714872,0.01586494277661969,0.04084623189313467,86.75398543424059,10.708472669569785,3
fullset,qwen3_32b,maximal,mean,59,log,0.1528140382066983,0.07175534560922328,-0.15738517043951594,0.0690925598846031,97.98112065769304,7.9947060475075515,3
fullset,qwen3_32b,maximal,mean,60,raw,0.30305382761159855,0.19697420514586517,0.016478559894956613,0.04131075864274385,86.68824370262116,10.754673507810105,3
fullset,qwen3_32b,maximal,mean,60,log,0.1498199394661177,0.07757856794015289,-0.15665491289781053,0.06956794052516377,97.86330057374364,7.959291448343597,3
fullset,qwen3_32b,maximal,mean,61,raw,0.3169379966555043,0.1954629436942477,0.019506921887027257,0.043077141448244545,86.34121946913405,10.775489429832728,3
fullset,qwen3_32b,maximal,mean,61,log,0.16558379802324819,0.06823448817923015,-0.15406853142915264,0.06796410486150455,97.516984122485,8.031115588593654,3
fullset,qwen3_32b,maximal,mean,62,raw,0.3139544814405471,0.1898086461289764,0.020062186819044443,0.04393328129786013,86.40329977817366,10.715153331862156,3
fullset,qwen3_32b,maximal,mean,62,log,0.1666035348575743,0.06895270502785193,-0.15678089029977493,0.06978219339000809,97.74282230966027,7.914907382506513,3
fullset,qwen3_32b,maximal,mean,63,raw,0.29966795760556947,0.173986254118448,0.019091211445084744,0.04304386246651591,86.83760355697177,10.875613536457271,3
fullset,qwen3_32b,maximal,mean,63,log,0.15991576552307502,0.06018173148048666,-0.172106469096184,0.08021483554831695,98.84280125463657,8.061345494378639,3
fullset,qwen3_32b,maximal,mean,64,raw,0.2821753674182573,0.15525709891831455,0.02380843623261253,0.0435643473089185,87.36143240507671,9.472305614652432,3
fullset,qwen3_32b,maximal,mean,64,log,0.1325121444483486,0.058695461407519044,-0.3025303195350438,0.18399969003488192,102.84457562670336,8.516274120420794,3
fullset,qwen3_32b,maximal,last,0,raw,0.0813234595158287,0.03945516475715322,-0.011629078012152369,0.02421292921419823,90.10861202153319,8.099085823641598,3
fullset,qwen3_32b,maximal,last,0,log,0.04485672187607461,0.04022884805972154,-0.2991245232055946,0.25719486001609854,102.65777933779691,5.7100536934703365,3
fullset,qwen3_32b,maximal,last,1,raw,0.13487449649822855,0.03374363702440957,-0.012895361530197361,0.031565044652915285,88.92875401748147,8.112314194046775,3
fullset,qwen3_32b,maximal,last,1,log,-0.019811499638409,0.07087063187727993,-0.387837303758691,0.3067525607967707,108.12582002283314,11.0743395102248,3
fullset,qwen3_32b,maximal,last,2,raw,0.1157786765843643,0.02214229220114755,-0.007483028721535019,0.021156225858876374,88.31191139373287,8.35440125417038,3
fullset,qwen3_32b,maximal,last,2,log,-0.0005175873444068918,0.08525420585353094,-0.3701035343681199,0.271748300329307,109.42100619500853,10.979478827614695,3
fullset,qwen3_32b,maximal,last,3,raw,0.15868763538743486,0.069531124823918,-0.0017570750103125625,0.03665315925162239,87.03451889942933,7.143550812859964,3
fullset,qwen3_32b,maximal,last,3,log,-0.011012252682982773,0.06565977166735379,-0.41138793141095714,0.273530817271054,110.6528931504209,9.348516202239566,3
fullset,qwen3_32b,maximal,last,4,raw,0.2022637258158686,0.06409340465303617,0.024576148002364184,0.04416218071187689,85.93990739057445,6.524128590957698,3
fullset,qwen3_32b,maximal,last,4,log,0.08249650468837343,0.07114007582241746,-0.3646097847424142,0.30328230919667937,105.51690571040615,8.805201101520844,3
fullset,qwen3_32b,maximal,last,5,raw,0.18083141438721873,0.03978152501357549,0.02180291267719951,0.04169255105836132,86.14055910165398,7.436977869293929,3
fullset,qwen3_32b,maximal,last,5,log,0.06408897916034739,0.06473065994487207,-0.3591026232729313,0.3273013950815372,105.28407748422552,10.268013755286564,3
fullset,qwen3_32b,maximal,last,6,raw,0.15967697240033898,0.051403162343571444,0.021264344673141977,0.035840463866554505,86.43050340573159,7.096754751842109,3
fullset,qwen3_32b,maximal,last,6,log,0.06290049941946946,0.0504878158510712,-0.37207278565382046,0.3510815747317082,106.53443190009301,10.317840869231333,3
fullset,qwen3_32b,maximal,last,7,raw,0.21349464245034513,0.05039791916122823,0.044063588667984356,0.0318059793948082,85.86906450777504,7.3679744575114245,3
fullset,qwen3_32b,maximal,last,7,log,0.09819285601526455,0.036487014390006005,-0.34713805075354776,0.3472347875097988,106.37114579791205,9.322046582095343,3
fullset,qwen3_32b,maximal,last,8,raw,0.21490133777249065,0.04907297192268141,0.05295272342680465,0.024142839237093764,85.28983541575197,8.17146832593639,3
fullset,qwen3_32b,maximal,last,8,log,0.1398831711556369,0.032295041715798764,-0.30398753681466606,0.29885753378822544,104.81790562587393,8.027816274790537,3
fullset,qwen3_32b,maximal,last,9,raw,0.21703662162826118,0.04324866129261223,0.04610596484509736,0.019803738286435266,84.92039283533713,8.06950222440614,3
fullset,qwen3_32b,maximal,last,9,log,0.1250933061292607,0.055906881643802704,-0.3261071325421601,0.32401290511002895,104.38369867225727,9.645745358678926,3
fullset,qwen3_32b,maximal,last,10,raw,0.2210527162980719,0.058985164338437666,0.0445097246698665,0.023021384953335607,84.74049155391792,7.709261937028264,3
fullset,qwen3_32b,maximal,last,10,log,0.11233232031702804,0.06989403743185,-0.3182254953276537,0.3193663832407385,103.51231070449028,9.24545799181454,3
fullset,qwen3_32b,maximal,last,11,raw,0.22266050055731745,0.06861723739655089,0.04672233062252599,0.023746290829176075,84.76810026278066,7.642069720887168,3
fullset,qwen3_32b,maximal,last,11,log,0.10967264723218943,0.06965773939611646,-0.32965629401712815,0.31080015697705954,103.58524503508113,8.578227634584543,3
fullset,qwen3_32b,maximal,last,12,raw,0.21721484677380154,0.06330523177628128,0.04114065975983446,0.022914593128707115,85.04859378414663,7.823036951398456,3
fullset,qwen3_32b,maximal,last,12,log,0.09254298393343452,0.05034117469130123,-0.340603053677271,0.2980082632898838,104.24706278228136,8.743818806896037,3
fullset,qwen3_32b,maximal,last,13,raw,0.21444495691475632,0.06054346972647166,0.03962303582175249,0.0223161463777672,85.2214539269512,7.902773594591681,3
fullset,qwen3_32b,maximal,last,13,log,0.08278511076831434,0.056672589389027146,-0.34276664159089926,0.2839752677632511,104.62843528425508,8.906683031087566,3
fullset,qwen3_32b,maximal,last,14,raw,0.19922745726892874,0.054905806495777414,0.03812422321964123,0.02145327393504256,85.37153992158885,7.8400371959556665,3
fullset,qwen3_32b,maximal,last,14,log,0.0806610358674678,0.06637652026163192,-0.3338144256508751,0.28211872350120054,104.55972225415424,8.739043080025391,3
fullset,qwen3_32b,maximal,last,15,raw,0.19087649113096739,0.06102229762463273,0.03717407254916649,0.022930392306779575,85.68392369367075,7.984281317926789,3
fullset,qwen3_32b,maximal,last,15,log,0.07064048809559594,0.058068373045672174,-0.31912146167356187,0.2567950848296229,104.33647231877016,8.312263500664718,3
fullset,qwen3_32b,maximal,last,16,raw,0.18825747887924305,0.06805521049000744,0.033815654664923644,0.02272038417011258,85.70986109184891,7.878579698427095,3
fullset,qwen3_32b,maximal,last,16,log,0.07232092219316849,0.06649104665296054,-0.31855260188439116,0.24686232452067208,103.80928263918042,7.615856983948793,3
fullset,qwen3_32b,maximal,last,17,raw,0.18414830941305374,0.061779558908480386,0.03509824650930934,0.02212700387558065,85.66852663010104,8.02082965458547,3
fullset,qwen3_32b,maximal,last,17,log,0.07081818928650345,0.06679131790407103,-0.31570478251496037,0.2453393183351613,104.15723359616346,7.821319312430847,3
fullset,qwen3_32b,maximal,last,18,raw,0.17519351933217428,0.0607369607577548,0.034751428769082215,0.0230674575800369,85.84114994058488,8.20377144461534,3
fullset,qwen3_32b,maximal,last,18,log,0.06866789751984809,0.06941652877090207,-0.3144623765630092,0.24175553254082324,104.54156044903955,7.874994508892146,3
fullset,qwen3_32b,maximal,last,19,raw,0.17155762937168628,0.059489487224859756,0.03525437117681177,0.023108311188396024,85.9828801033595,8.35813400408175,3
fullset,qwen3_32b,maximal,last,19,log,0.06898877509170222,0.06109289098494129,-0.3107545053405623,0.23453473409575487,104.69529219821065,8.123497593293576,3
fullset,qwen3_32b,maximal,last,20,raw,0.17336642016442017,0.061880007568164155,0.03264685561698658,0.022918676121823908,86.0053829388425,8.322557758923093,3
fullset,qwen3_32b,maximal,last,20,log,0.06339087769746739,0.06611513673918143,-0.3144253614901336,0.237428835735685,104.8373905830584,8.012098814510015,3
fullset,qwen3_32b,maximal,last,21,raw,0.1767396437522135,0.05883263094270703,0.03203632493640137,0.022186663302357405,86.25633205309767,8.149891992426346,3
fullset,qwen3_32b,maximal,last,21,log,0.0684530939323202,0.06872839491940663,-0.31982931360522704,0.24082602542216938,105.16104455873885,7.6494268291927,3
fullset,qwen3_32b,maximal,last,22,raw,0.17735936006447986,0.054731353925568285,0.029887672353147748,0.020795656415843085,86.20947534046809,8.162816424486234,3
fullset,qwen3_32b,maximal,last,22,log,0.06634060228437971,0.07558963729505976,-0.32567021423628395,0.2504671123861707,105.40144060602161,8.17642901058795,3
fullset,qwen3_32b,maximal,last,23,raw,0.17519228579002713,0.05188409673003989,0.031639127391101196,0.021465127928735662,86.18651457289775,8.31721814092865,3
fullset,qwen3_32b,maximal,last,23,log,0.0643592195760843,0.07239512811366582,-0.32687399776016784,0.2479415159139111,105.63702425604556,8.497606195164344,3
fullset,qwen3_32b,maximal,last,24,raw,0.17955846990395477,0.04926469009786515,0.03251982592966455,0.02128259612715689,86.10690525050826,8.369018365760038,3
fullset,qwen3_32b,maximal,last,24,log,0.05752250835925298,0.06834454503007673,-0.326541360195677,0.24569853241597583,105.55060793657742,8.682350909661034,3
fullset,qwen3_32b,maximal,last,25,raw,0.17573124181422428,0.05266406389310664,0.02960523299721159,0.02235108249747628,86.36931910367866,8.388549935532755,3
fullset,qwen3_32b,maximal,last,25,log,0.044006106202572996,0.07461193310601569,-0.33660475878944607,0.25003281118780735,106.03878428672407,8.907481770489728,3
fullset,qwen3_32b,maximal,last,26,raw,0.16158168294875616,0.043754296382361293,0.02437873927808228,0.020498943616229996,86.74817904792296,8.452519007042307,3
fullset,qwen3_32b,maximal,last,26,log,0.03288501670272322,0.07022113165639039,-0.3528551156432389,0.2619531597171144,107.12175588873959,9.541933089243777,3
fullset,qwen3_32b,maximal,last,27,raw,0.16736588900862107,0.049042956808304415,0.024722326732991944,0.021837597240030742,86.80588552304653,8.468967683563037,3
fullset,qwen3_32b,maximal,last,27,log,0.03333694398172607,0.0678248802021837,-0.3514451984441942,0.2596813723873707,107.26701947157842,8.982422040538632,3
fullset,qwen3_32b,maximal,last,28,raw,0.16137660188411931,0.04327841867827497,0.01881515713756628,0.019556143531335144,87.03270360549396,8.412070953350598,3
fullset,qwen3_32b,maximal,last,28,log,0.03829717162507723,0.06317253370617104,-0.36446416623356903,0.2759149628877816,107.48933818916849,9.040035088367727,3
fullset,qwen3_32b,maximal,last,29,raw,0.16211457908743776,0.04302135495543531,0.017062841761514846,0.017686653001956005,87.20450368494589,8.412361214049929,3
fullset,qwen3_32b,maximal,last,29,log,0.04123541475343296,0.054553216814207425,-0.3725243675793855,0.2809385239699376,107.72334692144871,9.024084581126543,3
fullset,qwen3_32b,maximal,last,30,raw,0.15507329778089723,0.03554819426776239,0.014598664197224368,0.0175941083292166,87.47870033659608,8.587100789472556,3
fullset,qwen3_32b,maximal,last,30,log,0.037636459279411054,0.04521539712310019,-0.38150585836441087,0.2874155958909118,108.17521527552714,9.417799370083468,3
fullset,qwen3_32b,maximal,last,31,raw,0.15089332108514034,0.02879751473979838,0.012710425118306112,0.015595189002589448,87.63764492460056,8.65161732977992,3
fullset,qwen3_32b,maximal,last,31,log,0.04331843035878508,0.05145020852095764,-0.39489623505063953,0.2930688357898834,108.92795202340837,9.878075407779152,3
fullset,qwen3_32b,maximal,last,32,raw,0.16116794577605298,0.03738387802617286,0.01647206378138107,0.017346435431192023,87.61027477817983,8.240468856155292,3
fullset,qwen3_32b,maximal,last,32,log,0.05256992973374039,0.046263785944034914,-0.3965802528466971,0.2915547297085012,108.91162377217402,8.954290507627883,3
fullset,qwen3_32b,maximal,last,33,raw,0.13700803823339858,0.035929111289238376,0.010037215362971233,0.01191634203648899,88.50070493538902,8.419906644327646,3
fullset,qwen3_32b,maximal,last,33,log,0.03740880688964186,0.03475491268724725,-0.4134652069653973,0.29935933242072554,111.22199184074186,8.544711487636341,3
fullset,qwen3_32b,maximal,last,34,raw,0.1582709433003737,0.023996402926844556,0.015072513133862597,0.01078117076305636,87.99173034084696,8.356616198592747,3
fullset,qwen3_32b,maximal,last,34,log,0.05866445839452147,0.04949797004604862,-0.38684267582599124,0.28143606383601355,110.52063118764615,8.22048346223288,3
fullset,qwen3_32b,maximal,last,35,raw,0.16032151346299514,0.010330891695541003,0.014955918034950591,0.009875315619196828,87.92213644531437,8.170973158628712,3
fullset,qwen3_32b,maximal,last,35,log,0.05753646414673965,0.0564788768825711,-0.40224250344108103,0.29275216912683927,111.29852387994602,7.890606806284661,3
fullset,qwen3_32b,maximal,last,36,raw,0.16974227192196856,0.014307638819654538,0.01486124948509441,0.003119900210245168,87.47961660095064,8.09079982147319,3
fullset,qwen3_32b,maximal,last,36,log,0.062349436326708,0.05238831238197082,-0.40561992162719007,0.3108406762909068,110.99034387267295,8.376890134481483,3
fullset,qwen3_32b,maximal,last,37,raw,0.15922884848244748,0.008884497001272867,0.01173086190684669,0.003685398282088356,87.74228240713786,8.201304368872472,3
fullset,qwen3_32b,maximal,last,37,log,0.056711172678126455,0.05606610358883991,-0.42144565043732213,0.32952148247045615,111.79873786976007,8.935792643893922,3
fullset,qwen3_32b,maximal,last,38,raw,0.15361560861600956,0.01028897987392335,0.009305070600120055,0.0043851858602193,87.94087918529435,8.36601598096139,3
fullset,qwen3_32b,maximal,last,38,log,0.05558455361713685,0.05464462435156193,-0.42339730272554466,0.31571613792019787,112.01923589465606,8.769590298558954,3
fullset,qwen3_32b,maximal,last,39,raw,0.1484302368922801,0.023533518567561376,0.007172351237600257,0.005551337860275128,88.40287958544332,8.586305668354147,3
fullset,qwen3_32b,maximal,last,39,log,0.049582883670172447,0.056157611529394566,-0.4266136704827273,0.3041803385510736,112.27522522285541,8.091347525869178,3
fullset,qwen3_32b,maximal,last,40,raw,0.15079918751745652,0.020785935638917345,0.004327092143841416,0.006619237951923753,88.49752843888318,8.616833170204702,3
fullset,qwen3_32b,maximal,last,40,log,0.043491778392078906,0.060445977392508364,-0.4365575398990702,0.3040159336172455,112.54405049510598,8.272365027779978,3
fullset,qwen3_32b,maximal,last,41,raw,0.1510533372398528,0.014457348355201734,0.003066905095377067,0.008679599276482187,88.1901775880853,8.468835503378976,3
fullset,qwen3_32b,maximal,last,41,log,0.048349741422206605,0.06722930983711471,-0.44219789862814346,0.30225574432714714,112.24050639224777,9.25469369500373,3
fullset,qwen3_32b,maximal,last,42,raw,0.15332270998312958,0.023586418856944128,0.002044427187342287,0.005589253558902679,88.29419981956057,8.547393189297432,3
fullset,qwen3_32b,maximal,last,42,log,0.0392705041323812,0.07391632655765877,-0.4471393879667745,0.30148522541054656,113.07058909980947,9.388995751504778,3
fullset,qwen3_32b,maximal,last,43,raw,0.12624648145910278,0.02750766147546747,-0.0013572594404830385,0.005539360508282809,88.78834396351681,8.866007457998204,3
fullset,qwen3_32b,maximal,last,43,log,0.013043033473866546,0.08559386132301214,-0.442632920147164,0.300462222252646,113.35841902378024,10.265353173851997,3
fullset,qwen3_32b,maximal,last,44,raw,0.11705269545438979,0.033949964322901705,-0.0033239449594522075,0.008344364870003928,88.76943735142356,8.724825114668455,3
fullset,qwen3_32b,maximal,last,44,log,-0.004025687359082728,0.07023952157698277,-0.44943174153257504,0.30534187030309723,113.26516092519027,9.026441535232907,3
fullset,qwen3_32b,maximal,last,45,raw,0.10131331164474222,0.033613229315850035,-0.006183759558744358,0.011269722821377948,89.01749533064252,8.690433033662893,3
fullset,qwen3_32b,maximal,last,45,log,-0.015556362759372416,0.07591670842014758,-0.44803675870342213,0.3152456999111438,113.11728800830419,9.502359489156316,3
fullset,qwen3_32b,maximal,last,46,raw,0.09744726569837792,0.03231716010269037,-0.011218928009533688,0.01011163670182291,88.9917540375986,8.896734362338272,3
fullset,qwen3_32b,maximal,last,46,log,-0.025146644853289737,0.06964702269982727,-0.4433692537606482,0.29594299004299435,112.56811545686888,9.740656795551924,3
fullset,qwen3_32b,maximal,last,47,raw,0.08832571899699528,0.01473499279480615,-0.016231006561890988,0.01628447247866207,89.11713719283182,8.63526448245972,3
fullset,qwen3_32b,maximal,last,47,log,-0.02387321032071207,0.0994877232244495,-0.4613404676009518,0.3211430869099706,113.07758566742497,10.334416417315007,3
fullset,qwen3_32b,maximal,last,48,raw,0.10780587609992698,0.020268093591772156,-0.010850060922706609,0.01900916922447668,88.62488345417837,8.646637806546204,3
fullset,qwen3_32b,maximal,last,48,log,-0.0006956004123813316,0.10834985124292455,-0.431513073901128,0.3029379291359346,111.39475107119966,10.03295848404894,3
fullset,qwen3_32b,maximal,last,49,raw,0.10461867971874139,0.019019593524639916,-0.012206901127001254,0.01762293441514593,88.80463633066823,8.70682817280382,3
fullset,qwen3_32b,maximal,last,49,log,-0.00945207503518361,0.10647733308391731,-0.4259494534694357,0.2903398841257069,111.44983216568113,9.843637452799689,3
fullset,qwen3_32b,maximal,last,50,raw,0.11448115181435985,0.016408766307201634,-0.008549148844328633,0.020364967033403267,88.38713689007024,8.748665730345124,3
fullset,qwen3_32b,maximal,last,50,log,-0.003934428131285841,0.11070016809530504,-0.41651539091917106,0.29771101330019184,110.13988503573871,10.356611122652355,3
fullset,qwen3_32b,maximal,last,51,raw,0.12670001174906179,0.011245940391354306,0.004217291983929135,0.012845550664626143,87.92269338136173,9.02349108360983,3
fullset,qwen3_32b,maximal,last,51,log,0.013720089197201689,0.1054450211815263,-0.37731382587220547,0.26803876991535974,108.5565942120533,10.55244322317891,3
fullset,qwen3_32b,maximal,last,52,raw,0.10954493903383428,0.004875821306030828,0.002250082488059394,0.009365694557290206,88.01261453681049,9.114892714348933,3
fullset,qwen3_32b,maximal,last,52,log,-0.0044627573988148365,0.10296346971377039,-0.39293432351916446,0.2837671124364123,109.68170159545541,11.238848997338916,3
fullset,qwen3_32b,maximal,last,53,raw,0.09389663592247793,0.006669399088559793,0.002581863333532386,0.005622783099116553,88.32552496028485,9.014237814762062,3
fullset,qwen3_32b,maximal,last,53,log,-0.0046387801577471395,0.0966036402518591,-0.3858446956082642,0.2728019063885157,109.05330058239618,10.994296183735173,3
fullset,qwen3_32b,maximal,last,54,raw,0.09840028320358339,0.0038262307823933744,0.007269003505112355,0.00519502064314657,88.52684647629106,9.286931190224355,3
fullset,qwen3_32b,maximal,last,54,log,0.014768497829762535,0.09540677538532612,-0.37649358087690166,0.2709204694513668,108.99423503790031,11.051785822274544,3
fullset,qwen3_32b,maximal,last,55,raw,0.1181912888026805,0.004123585791567398,0.019254925327011747,0.012638928781241295,88.09366146136172,9.365753151572108,3
fullset,qwen3_32b,maximal,last,55,log,0.045701464882353195,0.09288244510711187,-0.3487402672588627,0.24855194141154086,107.44531763879633,10.91375335269008,3
fullset,qwen3_32b,maximal,last,56,raw,0.1463786578945889,0.020983584265009483,0.031058493531473275,0.019288071806391978,87.45003675822102,9.235167256756842,3
fullset,qwen3_32b,maximal,last,56,log,0.07592611037242127,0.0923098048137854,-0.3258213521294266,0.24042293853754815,106.29682778630725,10.383462340114278,3
fullset,qwen3_32b,maximal,last,57,raw,0.13133699842388022,0.03566963673606872,0.023486295470899754,0.02091003341336884,88.00583757485373,9.218727848777627,3
fullset,qwen3_32b,maximal,last,57,log,0.06957335877928265,0.07993296944994072,-0.3238231217876882,0.23878328344217145,105.77073068120848,10.177748117737671,3
fullset,qwen3_32b,maximal,last,58,raw,0.12705185273839578,0.04073018670568879,0.023605085720293073,0.02271818488067775,88.07358427214915,9.210824851261846,3
fullset,qwen3_32b,maximal,last,58,log,0.058126036628940614,0.08170173843373904,-0.3242633777796231,0.23819174550573466,106.07119912245965,10.158511678641576,3
fullset,qwen3_32b,maximal,last,59,raw,0.127934083318983,0.04291731560237177,0.022699096768356686,0.024474179669499985,87.94750806447428,9.265320483094358,3
fullset,qwen3_32b,maximal,last,59,log,0.05318027980627096,0.08298402928043419,-0.32325318368235356,0.22878937191884058,105.84123190001112,9.538140625774869,3
fullset,qwen3_32b,maximal,last,60,raw,0.13177578912650012,0.05918883798174488,0.028391540867202858,0.029193099568603192,87.62376437704138,9.390726599738837,3
fullset,qwen3_32b,maximal,last,60,log,0.047416457358966026,0.0798458904123091,-0.31232189555431195,0.22210235758489333,105.23034839899316,9.180416511265904,3
fullset,qwen3_32b,maximal,last,61,raw,0.14260624192995694,0.06351463545555357,0.027411582170475197,0.03340082991944308,87.2364669464712,9.45943244683575,3
fullset,qwen3_32b,maximal,last,61,log,0.04278759519795625,0.05837915506886064,-0.3076689676208895,0.20165370919604178,105.26725918453762,8.593365634588958,3
fullset,qwen3_32b,maximal,last,62,raw,0.13450907717233096,0.06380451780579599,0.02525857095850233,0.03737079505274453,87.5065337881756,9.496986797364158,3
fullset,qwen3_32b,maximal,last,62,log,0.020165352951466705,0.051833088719054135,-0.31883334606730535,0.19638203442138183,105.71436456859317,8.074372287182234,3
fullset,qwen3_32b,maximal,last,63,raw,0.1446642740372972,0.08881284984467387,0.017889020262167987,0.0366626068971433,87.58090570393216,9.716191057024508,3
fullset,qwen3_32b,maximal,last,63,log,0.015875830743731636,0.03982460811608349,-0.3200816200991776,0.18392719385982342,105.71357920013968,8.005830826890818,3
fullset,qwen3_32b,maximal,last,64,raw,0.15940454318627026,0.08528219052254851,0.02522976207477856,0.03434310600189347,86.9994539792836,9.418735550534056,3
fullset,qwen3_32b,maximal,last,64,log,0.02719075764911007,0.038938548729424045,-0.25190817388288855,0.13646742530715658,102.84626026577263,7.2441385268791425,3
balanced,mlm,tier0,mean,L00,raw,0.2826079238666051,0.06392785959331859,-0.6696054536909759,0.18936095399304306,,,200
balanced,mlm,tier0,mean,L00,log,0.28360449261370424,0.06402678667227003,-0.7402795623403559,0.20461888326347286,,,200
balanced,mlm,tier0,mean,L01,raw,0.4078930721767133,0.06086395591149873,-0.27646928750234984,0.1263679900682703,,,200
balanced,mlm,tier0,mean,L01,log,0.40805512381909664,0.06126834742261984,-0.31861050727053253,0.1347797417936043,,,200
balanced,mlm,tier0,mean,L02,raw,0.38694534774723066,0.06117542242000765,-0.29563889558728096,0.12430626851949035,,,200
balanced,mlm,tier0,mean,L02,log,0.38604976160303806,0.061813818630339086,-0.33119383495782295,0.13127004745395252,,,200
balanced,mlm,tier0,mean,L03,raw,0.36145878402670506,0.06216354386401764,-0.27652327008286065,0.11389239031247454,,,200
balanced,mlm,tier0,mean,L03,log,0.361140484949965,0.062255189909460405,-0.3052522978959465,0.12033538659918909,,,200
balanced,mlm,tier0,mean,L04,raw,0.3554064561833205,0.06340843107980158,-0.247775521372176,0.11251173518879838,,,200
balanced,mlm,tier0,mean,L04,log,0.35538671768608787,0.06395659414463331,-0.2736759393358089,0.11797003233808528,,,200
balanced,mlm,tier0,mean,L05,raw,0.341198657222201,0.0661419797075665,-0.2578066587243704,0.11411947635318237,,,200
balanced,mlm,tier0,mean,L05,log,0.34075069734763064,0.06627934232567527,-0.28442192498175983,0.11970261570178678,,,200
balanced,mlm,tier0,mean,L06,raw,0.3471436401232337,0.06586398865728738,-0.24383950921898515,0.1082239929311806,,,200
balanced,mlm,tier0,mean,L06,log,0.3470948318969804,0.06606634289299917,-0.272052695738065,0.11393950024614177,,,200
balanced,mlm,tier0,mean,L07,raw,0.35166570162823746,0.0673412804691238,-0.25300849334943365,0.11340472722549678,,,200
balanced,mlm,tier0,mean,L07,log,0.35133793250643314,0.06704081530600067,-0.2801663638599994,0.11923020374487575,,,200
balanced,mlm,tier0,mean,L08,raw,0.3512472605510621,0.06741621536956116,-0.2802514908670723,0.11635159365905444,,,200
balanced,mlm,tier0,mean,L08,log,0.3508801462989478,0.06757283836649342,-0.3079206771381593,0.12272695728695823,,,200
balanced,mlm,tier0,mean,L09,raw,0.34837974392017074,0.06699793623938652,-0.289834665904216,0.1208318438665222,,,200
balanced,mlm,tier0,mean,L09,log,0.3480524737361322,0.06651675597014037,-0.3173225084167276,0.12713687174208393,,,200
balanced,mlm,tier0,mean,L10,raw,0.3358170264464549,0.06770587888501486,-0.3480522907341823,0.13364363276345403,,,200
balanced,mlm,tier0,mean,L10,log,0.335948543063714,0.06720590593154163,-0.3755871883705158,0.14012014617471585,,,200
balanced,mlm,tier0,mean,L11,raw,0.3347923447904077,0.06683883372238895,-0.35597946183702606,0.136563336368304,,,200
balanced,mlm,tier0,mean,L11,log,0.33513942247339984,0.06625911715533822,-0.38181212996910857,0.14273621114931379,,,200
balanced,mlm,tier0,mean,L12,raw,0.33070666508159513,0.06640562321903591,-0.3876484130722686,0.1454751807663564,,,200
balanced,mlm,tier0,mean,L12,log,0.3310042187279674,0.0663315033079157,-0.41436278971057944,0.15221562110020279,,,200
balanced,mlm,tier0,mean,L13,raw,0.33172396927585496,0.06657030136175948,-0.40748086459334426,0.15214847041743843,,,200
balanced,mlm,tier0,mean,L13,log,0.3320568378429294,0.06633325166399387,-0.4321693808655411,0.15925826693645131,,,200
balanced,mlm,tier0,mean,L14,raw,0.3284041207732155,0.06627132103384618,-0.46474976029928494,0.1681062911039413,,,200
balanced,mlm,tier0,mean,L14,log,0.3282242155484621,0.06638866853644627,-0.48954168587064406,0.17665708091281784,,,200
balanced,mlm,tier0,mean,L15,raw,0.31385832695922755,0.06740345798493902,-0.5250025133395931,0.18077177062360128,,,200
balanced,mlm,tier0,mean,L15,log,0.3141606643499577,0.06713034197270003,-0.5528777591455293,0.19029355325251715,,,200
balanced,mlm,tier0,mean,L16,raw,0.30169197606453685,0.06737731019283569,-0.5531937341690292,0.18336401626283874,,,200
balanced,mlm,tier0,mean,L16,log,0.3023694644832988,0.06710034731699456,-0.5789966452076992,0.19242003588316858,,,200
balanced,tfidf,tier0,na,L00,raw,0.3545122603800439,0.06863434462772067,-0.21271245930571436,0.10686066430309259,,,200
balanced,tfidf,tier0,na,L00,log,0.3545630927392805,0.06942382543113611,-0.22450909778123285,0.11207859227961836,,,200
balanced,tfidf,maximal,na,L00,raw,0.2660406210459062,0.07832614988129581,-0.39742861977482574,0.11684863099717559,,,200
balanced,tfidf,maximal,na,L00,log,0.27055148601027507,0.07819854031497521,-0.4395882830040621,0.12693121282259195,,,200
balanced,qwen,tier0,mean,L00,raw,0.3261452397999945,0.0705625689112918,-0.23679830980682395,0.09862047336279839,,,200
balanced,qwen,tier0,mean,L00,log,0.3279663214753654,0.07063376991580067,-0.28466853152359456,0.10696029894960807,,,200
balanced,qwen,tier0,mean,L01,raw,0.3224641414025612,0.07220189564543715,-0.1212477479275108,0.06596845079500198,,,200
balanced,qwen,tier0,mean,L01,log,0.3224779321293758,0.07210131242547854,-0.1611466184997474,0.07263647736030371,,,200
balanced,qwen,tier0,mean,L02,raw,0.28264342745058874,0.07050187551623213,-0.13006621389063724,0.06418326256679477,,,200
balanced,qwen,tier0,mean,L02,log,0.28391729083000977,0.0705366522787577,-0.17118633047041862,0.07071907602380544,,,200
balanced,qwen,tier0,mean,L03,raw,0.32661864273990354,0.06872807840151782,-0.10937606385347305,0.07418873740339667,,,200
balanced,qwen,tier0,mean,L03,log,0.3286286026692181,0.06840744564187581,-0.14913392791141303,0.08147695708290975,,,200
balanced,qwen,tier0,mean,L04,raw,0.12829722178599698,0.1097509589726967,-0.1799202009647071,0.052494882763235814,,,200
balanced,qwen,tier0,mean,L04,log,0.1262949020463606,0.11059694507659386,-0.26806084280243686,0.05564157405203998,,,200
balanced,qwen,tier0,mean,L05,raw,0.11879294813434241,0.11630006782853021,-0.18691982093910625,0.05244731673576907,,,200
balanced,qwen,tier0,mean,L05,log,0.11589736102057138,0.116811646260681,-0.27714425563084855,0.0553913742262268,,,200
balanced,qwen,tier0,mean,L06,raw,0.10778502659852057,0.11953632062798401,-0.19263056443859697,0.052530788865024075,,,200
balanced,qwen,tier0,mean,L06,log,0.10454287927911718,0.11952442853923727,-0.284040365804569,0.0551622611974056,,,200
balanced,qwen,tier0,mean,L07,raw,0.11911628659289632,0.11854376898212736,-0.18899721085152976,0.05608005662531991,,,200
balanced,qwen,tier0,mean,L07,log,0.11583247138532386,0.11868790003378554,-0.27832648873879506,0.05882308887318023,,,200
balanced,qwen,tier0,mean,L08,raw,0.13578237566173212,0.1133325663900079,-0.1834456757838869,0.05347093690890138,,,200
balanced,qwen,tier0,mean,L08,log,0.13229333971537213,0.11359558723259938,-0.27398634445664,0.056259484024907845,,,200
balanced,qwen,tier0,mean,L09,raw,0.15938365488926426,0.10686555857583879,-0.17666411028165108,0.05307158422889684,,,200
balanced,qwen,tier0,mean,L09,log,0.15650157174216703,0.10746905856083061,-0.2666554216973777,0.055978624438798676,,,200
balanced,qwen,tier0,mean,L10,raw,0.1417311656509835,0.12082404538122246,-0.184431289150085,0.05613334266695188,,,200
balanced,qwen,tier0,mean,L10,log,0.13902736008387528,0.12094511045197123,-0.27530155451291877,0.05917603138562131,,,200
balanced,qwen,tier0,mean,L11,raw,0.1251106752305481,0.12586027495386762,-0.18987377973216063,0.056354910622248476,,,200
balanced,qwen,tier0,mean,L11,log,0.12225753639595212,0.12611360092550536,-0.2813808780083395,0.0593931568854669,,,200
balanced,qwen,tier0,mean,L12,raw,0.12650396778785208,0.12366677496662062,-0.19117269679568064,0.055862813863145996,,,200
balanced,qwen,tier0,mean,L12,log,0.12407399251557236,0.12313719015544548,-0.2829805954004988,0.05886317964424282,,,200
balanced,qwen,tier0,mean,L13,raw,0.126087320168152,0.12134804797971477,-0.19293697396501178,0.05414119176611468,,,200
balanced,qwen,tier0,mean,L13,log,0.12483873133886356,0.11984042903379162,-0.28580095328801397,0.05700406513722318,,,200
balanced,qwen,tier0,mean,L14,raw,0.11529688496630432,0.12364533465412035,-0.1984582394689982,0.05259459917578932,,,200
balanced,qwen,tier0,mean,L14,log,0.1145460394457175,0.12175143499699927,-0.29281636639647113,0.055422632165452554,,,200
balanced,qwen,tier0,mean,L15,raw,0.11678218415384048,0.12221618219907834,-0.1991104638362625,0.05169912926726944,,,200
balanced,qwen,tier0,mean,L15,log,0.11651584246904123,0.12076220661949001,-0.29401691779610856,0.054554109495080445,,,200
balanced,qwen,tier0,mean,L16,raw,0.11907880527002022,0.1222737804115067,-0.20333539398924244,0.052314449066646326,,,200
balanced,qwen,tier0,mean,L16,log,0.11923981107582232,0.1211833518423945,-0.29899786380344096,0.05516212565405321,,,200
balanced,qwen,tier0,mean,L17,raw,0.11573144247125,0.12447566732058676,-0.20642719398882522,0.05326155506776506,,,200
balanced,qwen,tier0,mean,L17,log,0.1160864941654973,0.12338491433640032,-0.30223878006598914,0.05617786023113679,,,200
balanced,qwen,tier0,mean,L18,raw,0.12226091464727663,0.12187362416534102,-0.2050996513724595,0.054010505914069064,,,200
balanced,qwen,tier0,mean,L18,log,0.12258078290973648,0.12102165452568177,-0.3001040884651049,0.057024640006079784,,,200
balanced,qwen,tier0,mean,L19,raw,0.13757352560786515,0.11827438965067832,-0.20463752624530276,0.05337716244829357,,,200
balanced,qwen,tier0,mean,L19,log,0.13770459723662642,0.11762191945518496,-0.3000947927527587,0.05624577868490005,,,200
balanced,qwen,tier0,mean,L20,raw,0.12687202295887162,0.12086856617584861,-0.20988101891214406,0.052650251510668475,,,200
balanced,qwen,tier0,mean,L20,log,0.12657469943564126,0.12030639834566867,-0.3059114157233686,0.05558839720966115,,,200
balanced,qwen,tier0,mean,L21,raw,0.12692425971227075,0.11751830679635956,-0.20986086026861311,0.051567840723745824,,,200
balanced,qwen,tier0,mean,L21,log,0.1261801110290954,0.11727791402932512,-0.3047581332507784,0.05462907334305179,,,200
balanced,qwen,tier0,mean,L22,raw,0.13717251939460287,0.11402226415017673,-0.2095639266796991,0.048880590862489394,,,200
balanced,qwen,tier0,mean,L22,log,0.13692889687184798,0.11387227097914314,-0.304331864937778,0.05190476374597642,,,200
balanced,qwen,tier0,mean,L23,raw,0.1298731317476606,0.11209595480309646,-0.21093164621352348,0.04696280295756513,,,200
balanced,qwen,tier0,mean,L23,log,0.1286772871161544,0.11204314050177265,-0.3045065502476465,0.05022165975908104,,,200
balanced,qwen,tier0,mean,L24,raw,0.13648751164675507,0.10800054781501613,-0.20762187345767558,0.04625618018225715,,,200
balanced,qwen,tier0,mean,L24,log,0.13592566483148563,0.10829769327016012,-0.2985236622947549,0.049907786939531996,,,200
balanced,qwen,tier0,mean,L25,raw,0.14527299932348411,0.10236998038694314,-0.2097616295218482,0.0463505192011612,,,200
balanced,qwen,tier0,mean,L25,log,0.14532159677768322,0.10305808930511366,-0.29987206224264257,0.05060284521991327,,,200
balanced,qwen,tier0,mean,L26,raw,0.14697446182677254,0.09819731385944043,-0.20764046670774003,0.04687257156643067,,,200
balanced,qwen,tier0,mean,L26,log,0.14707441796361342,0.09909977407372321,-0.29477693695996066,0.05140065197828521,,,200
balanced,qwen,tier0,mean,L27,raw,0.17406574049882145,0.08810392288435286,-0.19511391265626293,0.046486873114917025,,,200
balanced,qwen,tier0,mean,L27,log,0.17660993224446073,0.08865336637546757,-0.27262474658763913,0.05221212171677204,,,200
balanced,qwen,tier0,mean,L28,raw,0.1946769274421662,0.08054324423702201,-0.20153529379719462,0.04826491916044007,,,200
balanced,qwen,tier0,mean,L28,log,0.19598681209317795,0.0806915872298355,-0.2833802021848528,0.05476501064402721,,,200
balanced,qwen3_1b7,tier0,mean,L00,raw,0.35234902486366126,0.06769690914341951,-0.2981594284909271,0.1229856862402704,,,200
balanced,qwen3_1b7,tier0,mean,L00,log,0.353629593464897,0.06729873321986826,-0.35529862435491166,0.13465317375240735,,,200
balanced,qwen3_1b7,tier0,mean,L01,raw,0.3375273614797875,0.07550403787325384,-0.11515679902777023,0.05251557179877457,,,200
balanced,qwen3_1b7,tier0,mean,L01,log,0.3367483122230347,0.07529075549722156,-0.16816664421750097,0.05862776958301428,,,200
balanced,qwen3_1b7,tier0,mean,L02,raw,0.28741531540566767,0.07028820025082542,-0.131668981408479,0.050947795555119454,,,200
balanced,qwen3_1b7,tier0,mean,L02,log,0.28890198722301264,0.06999846256437761,-0.18740925727867527,0.05790091914165142,,,200
balanced,qwen3_1b7,tier0,mean,L03,raw,0.10814682935973476,0.11030787173123623,-0.1925555131366439,0.04781551398727928,,,200
balanced,qwen3_1b7,tier0,mean,L03,log,0.10587359002419734,0.11249685389953354,-0.2875404355141824,0.05032259410622026,,,200
balanced,qwen3_1b7,tier0,mean,L04,raw,0.11971045103756323,0.1128300556089073,-0.18502895651654577,0.052115218836645306,,,200
balanced,qwen3_1b7,tier0,mean,L04,log,0.11755471188987662,0.11490527723650376,-0.2779072859626924,0.05514914288511795,,,200
balanced,qwen3_1b7,tier0,mean,L05,raw,0.13172606595562542,0.11451819168135904,-0.18761724700029003,0.05275699487632664,,,200
balanced,qwen3_1b7,tier0,mean,L05,log,0.12877821470596326,0.11651583789006437,-0.28242191826780866,0.05554417270233767,,,200
balanced,qwen3_1b7,tier0,mean,L06,raw,0.13415215367441208,0.11295538926422921,-0.1849497367334524,0.052676625585463974,,,200
balanced,qwen3_1b7,tier0,mean,L06,log,0.1315913990686793,0.11417006432046391,-0.27809557973186927,0.055559195617652754,,,200
balanced,qwen3_1b7,tier0,mean,L07,raw,0.1218070578230548,0.11803902713947471,-0.18927626584614252,0.05341881038085768,,,200
balanced,qwen3_1b7,tier0,mean,L07,log,0.12011566888443673,0.11998108595589181,-0.2828296617965618,0.05629380118003105,,,200
balanced,qwen3_1b7,tier0,mean,L08,raw,0.12311259391928203,0.11967583817233336,-0.18592450566660026,0.05434518509892137,,,200
balanced,qwen3_1b7,tier0,mean,L08,log,0.12048701979772619,0.12144679282665032,-0.2777686528717255,0.05752386032017111,,,200
balanced,qwen3_1b7,tier0,mean,L09,raw,0.10879055735261059,0.12609552134133697,-0.19075651638701543,0.054969152827522676,,,200
balanced,qwen3_1b7,tier0,mean,L09,log,0.1076217449444052,0.12633617715721784,-0.2815362948722776,0.0583575953654567,,,200
balanced,qwen3_1b7,tier0,mean,L10,raw,0.10583917355438258,0.12554505969936464,-0.19445368439459196,0.053984764593351546,,,200
balanced,qwen3_1b7,tier0,mean,L10,log,0.10455734936834699,0.12697162393628225,-0.2858447181149452,0.05744962122181537,,,200
balanced,qwen3_1b7,tier0,mean,L11,raw,0.11590703581661327,0.11903175356588383,-0.1967165794891513,0.05259598088686627,,,200
balanced,qwen3_1b7,tier0,mean,L11,log,0.11358537051842842,0.12098374024410051,-0.28823866182876956,0.056408690164449736,,,200
balanced,qwen3_1b7,tier0,mean,L12,raw,0.1367545368851216,0.11738329442231576,-0.19224504277916424,0.05079619434943132,,,200
balanced,qwen3_1b7,tier0,mean,L12,log,0.13639274605681753,0.11855217833304972,-0.28309884021134624,0.054571024958300636,,,200
balanced,qwen3_1b7,tier0,mean,L13,raw,0.13199061021373348,0.11460229892784503,-0.1932322739570331,0.05212603496656949,,,200
balanced,qwen3_1b7,tier0,mean,L13,log,0.13127499451595095,0.11650730139507919,-0.28325365583212403,0.05624667527248209,,,200
balanced,qwen3_1b7,tier0,mean,L14,raw,0.1345530738968708,0.1119498262153784,-0.19962221094313645,0.05101493061201455,,,200
balanced,qwen3_1b7,tier0,mean,L14,log,0.13532504172608195,0.11379273178414837,-0.2914737009559836,0.05516288673420015,,,200
balanced,qwen3_1b7,tier0,mean,L15,raw,0.14362583765154202,0.11272093283126684,-0.19960087260624085,0.05022016603504546,,,200
balanced,qwen3_1b7,tier0,mean,L15,log,0.14524318889413995,0.11360800268184135,-0.2917556486857965,0.054278788512544196,,,200
balanced,qwen3_1b7,tier0,mean,L16,raw,0.13788120240008164,0.11380582695331415,-0.20117825477958334,0.0519047717309305,,,200
balanced,qwen3_1b7,tier0,mean,L16,log,0.13997234079166293,0.11434846677373671,-0.29141107545974326,0.056132657197629214,,,200
balanced,qwen3_1b7,tier0,mean,L17,raw,0.13268015076957052,0.11093016949040657,-0.19622506150971508,0.052881708245942086,,,200
balanced,qwen3_1b7,tier0,mean,L17,log,0.1338615189861142,0.11162127708129486,-0.28046375067312895,0.05764398186000403,,,200
balanced,qwen3_1b7,tier0,mean,L18,raw,0.12081804440494516,0.11224136630286444,-0.2112487654712287,0.053273249312176696,,,200
balanced,qwen3_1b7,tier0,mean,L18,log,0.12308691258321659,0.1121983227701682,-0.2980660581021573,0.05811649820843024,,,200
balanced,qwen3_1b7,tier0,mean,L19,raw,0.12265958750396966,0.10978418300972148,-0.20800795671643044,0.052057863194542565,,,200
balanced,qwen3_1b7,tier0,mean,L19,log,0.12473961433345053,0.10955776677062247,-0.29286925275826114,0.05715049533514589,,,200
balanced,qwen3_1b7,tier0,mean,L20,raw,0.13694422747731277,0.10198256533667203,-0.20131868825800253,0.050408942462457466,,,200
balanced,qwen3_1b7,tier0,mean,L20,log,0.1380180662858514,0.10181814179975361,-0.2853398665445578,0.056074644116629865,,,200
balanced,qwen3_1b7,tier0,mean,L21,raw,0.1475897862185277,0.09303558170628073,-0.18959287993396295,0.053276163286200405,,,200
balanced,qwen3_1b7,tier0,mean,L21,log,0.14815172089851855,0.09278168452238054,-0.2643823074924046,0.05850964644517601,,,200
balanced,qwen3_1b7,tier0,mean,L22,raw,0.17566364769736587,0.08779465039170121,-0.1685735801645547,0.05242045066063431,,,200
balanced,qwen3_1b7,tier0,mean,L22,log,0.17619839507813734,0.0884122346479133,-0.24122563257837396,0.05781174999389985,,,200
balanced,qwen3_1b7,tier0,mean,L23,raw,0.17872399292327656,0.08550421571903057,-0.16200139217073273,0.04874910961155987,,,200
balanced,qwen3_1b7,tier0,mean,L23,log,0.17969528673795704,0.08584357382956731,-0.23538158412155089,0.05404299531553211,,,200
balanced,qwen3_1b7,tier0,mean,L24,raw,0.14615447259700562,0.08662180078236274,-0.19965464198869923,0.05486786461223031,,,200
balanced,qwen3_1b7,tier0,mean,L24,log,0.14709514819002387,0.08660087357949645,-0.27453107424841394,0.05865677630831263,,,200
balanced,qwen3_1b7,tier0,mean,L25,raw,0.16863976454717394,0.0867332739810272,-0.18501215766084236,0.04785535320169859,,,200
balanced,qwen3_1b7,tier0,mean,L25,log,0.16895270543599172,0.086841020870287,-0.26240200797719543,0.051342000867248404,,,200
balanced,qwen3_1b7,tier0,mean,L26,raw,0.16891196290514188,0.08751181457283509,-0.17436581121539418,0.04550083567823713,,,200
balanced,qwen3_1b7,tier0,mean,L26,log,0.16898417055270248,0.08783199192764098,-0.2506781213229293,0.04895371878349215,,,200
balanced,qwen3_1b7,tier0,mean,L27,raw,0.17175360317565488,0.09003747817055932,-0.1723769796391042,0.041442250026655796,,,200
balanced,qwen3_1b7,tier0,mean,L27,log,0.17245815637736883,0.09050484198117446,-0.2520543900460611,0.044711388060596984,,,200
balanced,qwen3_1b7,tier0,mean,L28,raw,0.1432932261440142,0.10886812185948601,-0.20816229353323087,0.03968989593575104,,,200
balanced,qwen3_1b7,tier0,mean,L28,log,0.1413114006935766,0.10947525784881862,-0.2954575002669496,0.04299194193792585,,,200
balanced,qwen3_8b,tier0,mean,L00,raw,0.322557989379448,0.07054738830374262,-0.2518322905695867,0.10629760755937988,,,200
balanced,qwen3_8b,tier0,mean,L00,log,0.32543952881219984,0.07053246014428353,-0.2996902180819513,0.11474558156744871,,,200
balanced,qwen3_8b,tier0,mean,L01,raw,0.3318982837906262,0.07243793216956582,-0.11517563046442815,0.037904747388711045,,,200
balanced,qwen3_8b,tier0,mean,L01,log,0.33236655326000497,0.07228140134163774,-0.17853610812604664,0.043342606685820476,,,200
balanced,qwen3_8b,tier0,mean,L02,raw,0.31986555320532956,0.07368543118070511,-0.1211626658553683,0.03956948193515325,,,200
balanced,qwen3_8b,tier0,mean,L02,log,0.3213505760389971,0.0727324936047372,-0.18179665780349752,0.044743846980392174,,,200
balanced,qwen3_8b,tier0,mean,L03,raw,0.29783838611234764,0.07548259227175727,-0.11713789616743625,0.04472266026518988,,,200
balanced,qwen3_8b,tier0,mean,L03,log,0.29970054770548626,0.0752022413636579,-0.1766221041463957,0.050092674086747196,,,200
balanced,qwen3_8b,tier0,mean,L04,raw,0.2937308926658773,0.07455853814528578,-0.1133906155017014,0.052587861736398483,,,200
balanced,qwen3_8b,tier0,mean,L04,log,0.29615731369850645,0.07378012179528143,-0.16823912580505554,0.05854757356358049,,,200
balanced,qwen3_8b,tier0,mean,L05,raw,0.29190189105127246,0.07182788917051147,-0.1060071392743539,0.052454109149072226,,,200
balanced,qwen3_8b,tier0,mean,L05,log,0.2946924444562925,0.07070378117359143,-0.15775522562786512,0.05848199395697038,,,200
balanced,qwen3_8b,tier0,mean,L06,raw,0.2878778627532928,0.07061238110476648,-0.1079631830226962,0.05144733998516761,,,200
balanced,qwen3_8b,tier0,mean,L06,log,0.2906372595346881,0.06904942753043432,-0.164300711808189,0.05754988910400339,,,200
balanced,qwen3_8b,tier0,mean,L07,raw,0.13724322267555342,0.11517106626520451,-0.17367792141300314,0.053075829618229535,,,200
balanced,qwen3_8b,tier0,mean,L07,log,0.13521220989493166,0.11715664159829137,-0.26655993425955204,0.056043421181116604,,,200
balanced,qwen3_8b,tier0,mean,L08,raw,0.12404806994660798,0.11837320327844468,-0.1819675669697012,0.05330089036520492,,,200
balanced,qwen3_8b,tier0,mean,L08,log,0.12138118495053067,0.11973761002735643,-0.27599403615816775,0.056371941328519665,,,200
balanced,qwen3_8b,tier0,mean,L09,raw,0.12537718475013276,0.11823277516766147,-0.18281739972852987,0.05434189557740634,,,200
balanced,qwen3_8b,tier0,mean,L09,log,0.12246322680322272,0.11932897042150195,-0.2760662916959249,0.05733060019173581,,,200
balanced,qwen3_8b,tier0,mean,L10,raw,0.2042372765191216,0.10211643005475649,-0.15033715042626783,0.05241555689786276,,,200
balanced,qwen3_8b,tier0,mean,L10,log,0.20174802997262742,0.1037389856982152,-0.24351888289747584,0.0552508166054925,,,200
balanced,qwen3_8b,tier0,mean,L11,raw,0.202032472773713,0.1018269807159788,-0.15781628659215868,0.05198757570975214,,,200
balanced,qwen3_8b,tier0,mean,L11,log,0.19955079021680192,0.10358044351618656,-0.2521463682906355,0.05471616843388824,,,200
balanced,qwen3_8b,tier0,mean,L12,raw,0.19199444350425174,0.10493478817955944,-0.1644383805105457,0.052229121383155344,,,200
balanced,qwen3_8b,tier0,mean,L12,log,0.1895858639875696,0.10672437303193104,-0.25824993636884147,0.05498691110831087,,,200
balanced,qwen3_8b,tier0,mean,L13,raw,0.18241638057732515,0.1078273955444828,-0.17617851577580226,0.05080374117756358,,,200
balanced,qwen3_8b,tier0,mean,L13,log,0.18099544888744262,0.10903540282525559,-0.27085043873633546,0.053468253234239115,,,200
balanced,qwen3_8b,tier0,mean,L14,raw,0.1857059862423652,0.10718987580894584,-0.17715525439250673,0.050698290418118415,,,200
balanced,qwen3_8b,tier0,mean,L14,log,0.18431588338295854,0.108210984689758,-0.2718349238984249,0.053485708835170426,,,200
balanced,qwen3_8b,tier0,mean,L15,raw,0.1802947721298726,0.10979323966885648,-0.18600129791741465,0.04980695706274617,,,200
balanced,qwen3_8b,tier0,mean,L15,log,0.1794797482370229,0.11097271920175517,-0.2817372090501704,0.05260727866504451,,,200
balanced,qwen3_8b,tier0,mean,L16,raw,0.17965698867394356,0.11026880384641535,-0.18973707143173896,0.049817850184210075,,,200
balanced,qwen3_8b,tier0,mean,L16,log,0.17881333997585777,0.11142647600660609,-0.285722054354752,0.05259094319758291,,,200
balanced,qwen3_8b,tier0,mean,L17,raw,0.1700204944875071,0.09763575384599467,-0.1910824547714235,0.046148312348538216,,,200
balanced,qwen3_8b,tier0,mean,L17,log,0.16952665136042633,0.0987116074183016,-0.28628323185355264,0.049175272390229195,,,200
balanced,qwen3_8b,tier0,mean,L18,raw,0.173620525211887,0.09660468247411372,-0.19442486779483822,0.045533015234307916,,,200
balanced,qwen3_8b,tier0,mean,L18,log,0.17269504348132558,0.09752294489004233,-0.290709796493007,0.04858306779436207,,,200
balanced,qwen3_8b,tier0,mean,L19,raw,0.17220068654444837,0.09870202314624407,-0.19542686427873035,0.04529210363980483,,,200
balanced,qwen3_8b,tier0,mean,L19,log,0.17157284879566043,0.09933620923023732,-0.29144648398614154,0.048449948342524946,,,200
balanced,qwen3_8b,tier0,mean,L20,raw,0.1782560213942046,0.09859556821949864,-0.19384654938568915,0.04525835939983819,,,200
balanced,qwen3_8b,tier0,mean,L20,log,0.17858344621767944,0.09908093777069028,-0.288482830131682,0.04859180264738739,,,200
balanced,qwen3_8b,tier0,mean,L21,raw,0.17947227101724092,0.09797274311059913,-0.1946350873156673,0.04486928521900664,,,200
balanced,qwen3_8b,tier0,mean,L21,log,0.17987833013075524,0.09882551684442788,-0.2894135127857699,0.04817758874775096,,,200
balanced,qwen3_8b,tier0,mean,L22,raw,0.1835484786634552,0.09831629031111608,-0.19332189193669996,0.04513476923532152,,,200
balanced,qwen3_8b,tier0,mean,L22,log,0.18416206099836152,0.09909763693796875,-0.28791530962870665,0.04865934096572499,,,200
balanced,qwen3_8b,tier0,mean,L23,raw,0.19402525415395083,0.0964289870365347,-0.18839194004191565,0.04488782649095719,,,200
balanced,qwen3_8b,tier0,mean,L23,log,0.1944758943242858,0.09680947264844324,-0.2808531654997581,0.0487013477573252,,,200
balanced,qwen3_8b,tier0,mean,L24,raw,0.20990058788884156,0.0897625398152714,-0.18116036969723673,0.04389422142643498,,,200
balanced,qwen3_8b,tier0,mean,L24,log,0.21033065827333514,0.09062551024563559,-0.2711073566324762,0.04782135228850371,,,200
balanced,qwen3_8b,tier0,mean,L25,raw,0.21864521312636712,0.08547472077317066,-0.17576127373766337,0.04385563738694319,,,200
balanced,qwen3_8b,tier0,mean,L25,log,0.21987264288389213,0.08538167810996981,-0.2638732490808595,0.04800661753839756,,,200
balanced,qwen3_8b,tier0,mean,L26,raw,0.22260783085572913,0.08462415052371035,-0.174436292913553,0.04319131051759446,,,200
balanced,qwen3_8b,tier0,mean,L26,log,0.22395162997711338,0.08520692177720147,-0.26220285932701093,0.0474247370462068,,,200
balanced,qwen3_8b,tier0,mean,L27,raw,0.2213264748934211,0.08497140129373862,-0.17596077937481744,0.04307030165053206,,,200
balanced,qwen3_8b,tier0,mean,L27,log,0.22260326319141224,0.08516863718929854,-0.26339397629367783,0.047483581068169134,,,200
balanced,qwen3_8b,tier0,mean,L28,raw,0.23144899329272,0.08170412536255255,-0.1689453429235352,0.0437983700926022,,,200
balanced,qwen3_8b,tier0,mean,L28,log,0.23282746929483977,0.08155058283715434,-0.2536885331636899,0.0484258462792482,,,200
balanced,qwen3_8b,tier0,mean,L29,raw,0.23911672197527578,0.08076588933968978,-0.16852825216496073,0.044228167016873925,,,200
balanced,qwen3_8b,tier0,mean,L29,log,0.24030674921245107,0.0815428732482903,-0.25235121731577953,0.04900826451774778,,,200
balanced,qwen3_8b,tier0,mean,L30,raw,0.235724431297755,0.08171416731729986,-0.16932883753464623,0.04388601103981296,,,200
balanced,qwen3_8b,tier0,mean,L30,log,0.23761388748894838,0.08198069927159637,-0.253349574779007,0.04870523411294787,,,200
balanced,qwen3_8b,tier0,mean,L31,raw,0.23826401336784855,0.07853804710697984,-0.1748502830907324,0.04691054037432547,,,200
balanced,qwen3_8b,tier0,mean,L31,log,0.23977200736415186,0.0785080119267448,-0.25882144259941464,0.05206729962961076,,,200
balanced,qwen3_8b,tier0,mean,L32,raw,0.23311497654691138,0.07970052955169975,-0.17647749529083723,0.04604680121237471,,,200
balanced,qwen3_8b,tier0,mean,L32,log,0.23422262731027207,0.0798351829113552,-0.2599766744152951,0.05125546432284885,,,200
balanced,qwen3_8b,tier0,mean,L33,raw,0.22894511104015255,0.08037018534801862,-0.1768868811758026,0.04483326731442009,,,200
balanced,qwen3_8b,tier0,mean,L33,log,0.2307917995891767,0.08084357724335427,-0.25966846394267734,0.05009907515195529,,,200
balanced,qwen3_8b,tier0,mean,L34,raw,0.2423330390393376,0.07872962823971694,-0.16737740360920114,0.04376654398036548,,,200
balanced,qwen3_8b,tier0,mean,L34,log,0.24458754756981038,0.07882038914746237,-0.247099411599946,0.04916799643298598,,,200
balanced,qwen3_8b,tier0,mean,L35,raw,0.2292414183440033,0.08597085094777795,-0.17618940722467386,0.03590398699629344,,,200
balanced,qwen3_8b,tier0,mean,L35,log,0.23082211547819256,0.08564459865209711,-0.26129411934205127,0.04060752181707892,,,200
balanced,qwen3_8b,tier0,mean,L36,raw,0.15783904610174995,0.09907743972079716,-0.22185662155816938,0.039187306778885614,,,200
balanced,qwen3_8b,tier0,mean,L36,log,0.15769157341981047,0.10008304474405695,-0.31566996533321806,0.04436917898844471,,,200
balanced,qwen3_32b,tier0,mean,L00,raw,0.29804537028309097,0.0734224691625499,-0.23892513418811462,0.0983306318553028,,,200
balanced,qwen3_32b,tier0,mean,L00,log,0.3015216944105955,0.07327275347823696,-0.28962488284656696,0.10534137710885821,,,200
balanced,qwen3_32b,tier0,mean,L01,raw,0.32355981428125846,0.07024291353615664,-0.08824982811253054,0.04298020385485251,,,200
balanced,qwen3_32b,tier0,mean,L01,log,0.3227597099844084,0.07034400142527926,-0.1427867085950617,0.049270677630960574,,,200
balanced,qwen3_32b,tier0,mean,L02,raw,0.29984424424200873,0.07454841871146554,-0.11374718508546085,0.04155859354719823,,,200
balanced,qwen3_32b,tier0,mean,L02,log,0.30032588955835776,0.07459687465854309,-0.17136247477933053,0.04734072778927559,,,200
balanced,qwen3_32b,tier0,mean,L03,raw,0.295218311135217,0.07379318020869861,-0.11528101120145115,0.05183727095536097,,,200
balanced,qwen3_32b,tier0,mean,L03,log,0.2974505699294622,0.07354624783810908,-0.16573835526870034,0.05794608043479545,,,200
balanced,qwen3_32b,tier0,mean,L04,raw,0.31740169387845835,0.07412559591997939,-0.11134578929500381,0.06110614219351226,,,200
balanced,qwen3_32b,tier0,mean,L04,log,0.3195644554791959,0.07340750612757359,-0.15817646185016154,0.06695459815502491,,,200
balanced,qwen3_32b,tier0,mean,L05,raw,0.32127908768245883,0.07003085834418725,-0.1288646092932885,0.0671003689769811,,,200
balanced,qwen3_32b,tier0,mean,L05,log,0.32307169072241293,0.06987876723446178,-0.17477821062132293,0.07290496741480751,,,200
balanced,qwen3_32b,tier0,mean,L06,raw,0.3264177181182755,0.06894553999583371,-0.1367347702689732,0.0762895804532781,,,200
balanced,qwen3_32b,tier0,mean,L06,log,0.3290134745075838,0.06878199950497145,-0.1790355591763666,0.0819488732456909,,,200
balanced,qwen3_32b,tier0,mean,L07,raw,0.15824831237500317,0.09710584932825733,-0.15840401736042314,0.04708022367385622,,,200
balanced,qwen3_32b,tier0,mean,L07,log,0.15733539829628534,0.0982626792139038,-0.24194418903234485,0.05012163405765654,,,200
balanced,qwen3_32b,tier0,mean,L08,raw,0.1938564878940062,0.09701158531869675,-0.14785294036598948,0.04705288653427304,,,200
balanced,qwen3_32b,tier0,mean,L08,log,0.19352769046060964,0.09819717312333348,-0.23204451777975962,0.04969521249860223,,,200
balanced,qwen3_32b,tier0,mean,L09,raw,0.19649989392756445,0.09639218666174805,-0.15049835389235428,0.04518806185002072,,,200
balanced,qwen3_32b,tier0,mean,L09,log,0.19621132419532736,0.09878398394698766,-0.23669090515650315,0.04754763760247441,,,200
balanced,qwen3_32b,tier0,mean,L10,raw,0.18732475785562386,0.09697067807711914,-0.1586070412728538,0.04192861477393384,,,200
balanced,qwen3_32b,tier0,mean,L10,log,0.186688198692384,0.0981177834977133,-0.2475302581496208,0.0440040562675926,,,200
balanced,qwen3_32b,tier0,mean,L11,raw,0.1833488170847765,0.09721595310011244,-0.16181017260049468,0.041077237973824135,,,200
balanced,qwen3_32b,tier0,mean,L11,log,0.182346561935622,0.09879119546331999,-0.2511093757564915,0.04312151582656883,,,200
balanced,qwen3_32b,tier0,mean,L12,raw,0.1779505361079253,0.09753912565907129,-0.1653246284099733,0.03986411201053899,,,200
balanced,qwen3_32b,tier0,mean,L12,log,0.17699698629412552,0.09862696696578942,-0.25546520826546854,0.04187542037809435,,,200
balanced,qwen3_32b,tier0,mean,L13,raw,0.17437236073758272,0.09756722329656578,-0.16788529303831815,0.03925877267735831,,,200
balanced,qwen3_32b,tier0,mean,L13,log,0.17380732444006403,0.09886680411644268,-0.2585326719293031,0.04125355947766572,,,200
balanced,qwen3_32b,tier0,mean,L14,raw,0.17116978165017596,0.09809966318812917,-0.17079700298166273,0.03859284802656726,,,200
balanced,qwen3_32b,tier0,mean,L14,log,0.17095521030651745,0.09908972429196747,-0.2621618324205526,0.0406022235189007,,,200
balanced,qwen3_32b,tier0,mean,L15,raw,0.1745521209079869,0.09678654436791682,-0.17253518859156547,0.03774217761042617,,,200
balanced,qwen3_32b,tier0,mean,L15,log,0.1740489675129851,0.09777384057951743,-0.2648662341257385,0.0397716239248507,,,200
balanced,qwen3_32b,tier0,mean,L16,raw,0.1713808397265041,0.09788431071645044,-0.17564541052806884,0.03700805322975473,,,200
balanced,qwen3_32b,tier0,mean,L16,log,0.1709944415316545,0.09874029447381764,-0.268719083693495,0.039046098245709523,,,200
balanced,qwen3_32b,tier0,mean,L17,raw,0.16681362189429763,0.09893120168367972,-0.1780511170979991,0.03666253349087795,,,200
balanced,qwen3_32b,tier0,mean,L17,log,0.16653298767382269,0.09987917909481027,-0.27161189156062643,0.03870965275249245,,,200
balanced,qwen3_32b,tier0,mean,L18,raw,0.16938603438896208,0.09969693527473882,-0.1791455331707281,0.036762459674743876,,,200
balanced,qwen3_32b,tier0,mean,L18,log,0.16809710752275314,0.10062016374975602,-0.27296767155964025,0.03887674098971669,,,200
balanced,qwen3_32b,tier0,mean,L19,raw,0.1668522170941975,0.1004638529204226,-0.18050750688154435,0.036645401413100735,,,200
balanced,qwen3_32b,tier0,mean,L19,log,0.16566848653870145,0.10158604746630912,-0.27447511986309747,0.03880935020480878,,,200
balanced,qwen3_32b,tier0,mean,L20,raw,0.16534319593200553,0.10119650383690729,-0.18116694986012732,0.03668523298720059,,,200
balanced,qwen3_32b,tier0,mean,L20,log,0.16433252925266512,0.10186523374433831,-0.27518430998596294,0.03887084098824728,,,200
balanced,qwen3_32b,tier0,mean,L21,raw,0.1645531935017609,0.101044819988772,-0.1809815787613019,0.03712603204170307,,,200
balanced,qwen3_32b,tier0,mean,L21,log,0.16399823341309694,0.10199565400361035,-0.27472288812664303,0.03936889776193884,,,200
balanced,qwen3_32b,tier0,mean,L22,raw,0.1610345625866541,0.1023562291661109,-0.18191739989013175,0.037329468212318334,,,200
balanced,qwen3_32b,tier0,mean,L22,log,0.16058594377545143,0.10289811411540367,-0.27571228486886595,0.039599428958211697,,,200
balanced,qwen3_32b,tier0,mean,L23,raw,0.1614759300834019,0.10154431478591057,-0.18234757626613274,0.037327697567808314,,,200
balanced,qwen3_32b,tier0,mean,L23,log,0.16085654957214604,0.102006400562366,-0.27621769302906674,0.03961761982036136,,,200
balanced,qwen3_32b,tier0,mean,L24,raw,0.1609386312313625,0.10049123679099606,-0.18258469800222893,0.036965260889773026,,,200
balanced,qwen3_32b,tier0,mean,L24,log,0.16044628818804108,0.10119704222839174,-0.27655203012157065,0.039242652067342274,,,200
balanced,qwen3_32b,tier0,mean,L25,raw,0.16011756530564406,0.0995967696121524,-0.18253983463434797,0.03689117995702071,,,200
balanced,qwen3_32b,tier0,mean,L25,log,0.15971314330908118,0.10021313392138735,-0.27629937126768384,0.039190705622523796,,,200
balanced,qwen3_32b,tier0,mean,L26,raw,0.1695990900673476,0.09740995096762639,-0.18091225941181188,0.03719114539209387,,,200
balanced,qwen3_32b,tier0,mean,L26,log,0.16918083769705355,0.09809885795008653,-0.27447835578163937,0.03954037992393502,,,200
balanced,qwen3_32b,tier0,mean,L27,raw,0.179521561170268,0.09784312963388175,-0.1798990356787257,0.03887705491665015,,,200
balanced,qwen3_32b,tier0,mean,L27,log,0.17897075010416186,0.09835557047400834,-0.2731376467469284,0.04135861115483327,,,200
balanced,qwen3_32b,tier0,mean,L28,raw,0.18041006057434672,0.09662937956821359,-0.17606044060421502,0.03895651370307525,,,200
balanced,qwen3_32b,tier0,mean,L28,log,0.1793049563174141,0.09750884984542048,-0.2681319428299618,0.04152197798700168,,,200
balanced,qwen3_32b,tier0,mean,L29,raw,0.1779054576619865,0.09689933533066493,-0.17775155482062313,0.039075323457710316,,,200
balanced,qwen3_32b,tier0,mean,L29,log,0.17728043360553822,0.09768162442185171,-0.26980041253587883,0.041655247583701885,,,200
balanced,qwen3_32b,tier0,mean,L30,raw,0.17785546599089816,0.09593789064141421,-0.17734804200691187,0.03943023512993957,,,200
balanced,qwen3_32b,tier0,mean,L30,log,0.1774052020923088,0.09691859182160431,-0.2689894143877079,0.042063115971045895,,,200
balanced,qwen3_32b,tier0,mean,L31,raw,0.17288433565990055,0.0973593963058276,-0.17704220656885003,0.041682202438516586,,,200
balanced,qwen3_32b,tier0,mean,L31,log,0.1725725392202458,0.09855729589000012,-0.2674998871062267,0.04452825107304876,,,200
balanced,qwen3_32b,tier0,mean,L32,raw,0.17345997794248227,0.10008889309617722,-0.1755377009886221,0.04556152403004999,,,200
balanced,qwen3_32b,tier0,mean,L32,log,0.17275127819354252,0.1012001194482327,-0.2634765114750618,0.04872589276195938,,,200
balanced,qwen3_32b,tier0,mean,L33,raw,0.18203204337913992,0.09812073660054058,-0.16742988331494285,0.04781273528535592,,,200
balanced,qwen3_32b,tier0,mean,L33,log,0.1810151585088566,0.09889206555082278,-0.25024241580898904,0.051218838460337895,,,200
balanced,qwen3_32b,tier0,mean,L34,raw,0.1904584366855807,0.0961157211937972,-0.16793413236727542,0.04663592313830386,,,200
balanced,qwen3_32b,tier0,mean,L34,log,0.189765597066118,0.09696083596804833,-0.25294626678719384,0.049894968514462165,,,200
balanced,qwen3_32b,tier0,mean,L35,raw,0.19007377195685948,0.09648307800367723,-0.17076648651942825,0.046248343380329494,,,200
balanced,qwen3_32b,tier0,mean,L35,log,0.18912108319045384,0.09697601664850705,-0.2562181467384114,0.049500963462281604,,,200
balanced,qwen3_32b,tier0,mean,L36,raw,0.18374728100218063,0.09755390816690121,-0.17509851978671015,0.04609383152545926,,,200
balanced,qwen3_32b,tier0,mean,L36,log,0.1832026919259161,0.09837270316860892,-0.2608116832381688,0.04934531021130594,,,200
balanced,qwen3_32b,tier0,mean,L37,raw,0.18657525588657603,0.09712413434881574,-0.17476356330935525,0.04582859699609006,,,200
balanced,qwen3_32b,tier0,mean,L37,log,0.18559914698131075,0.09785894567329727,-0.26086318935971564,0.04917145441694118,,,200
balanced,qwen3_32b,tier0,mean,L38,raw,0.18076933011268537,0.10019195557571509,-0.17780597937352902,0.04631389432659754,,,200
balanced,qwen3_32b,tier0,mean,L38,log,0.1801085734543071,0.10096273768172301,-0.26416471212374604,0.04972241379234137,,,200
balanced,qwen3_32b,tier0,mean,L39,raw,0.17399364498111689,0.10240035876535342,-0.1834466605286922,0.04595493452163,,,200
balanced,qwen3_32b,tier0,mean,L39,log,0.17307336205234913,0.10312019528550853,-0.27172729313874766,0.0493488720965188,,,200
balanced,qwen3_32b,tier0,mean,L40,raw,0.17584344384175268,0.10321616361889735,-0.18493970646468705,0.04538307043262774,,,200
balanced,qwen3_32b,tier0,mean,L40,log,0.17531669822514537,0.10344013617632554,-0.2745528886381251,0.04880485375942112,,,200
balanced,qwen3_32b,tier0,mean,L41,raw,0.17484806805904973,0.10328950945027739,-0.18656043159122196,0.04537591551745542,,,200
balanced,qwen3_32b,tier0,mean,L41,log,0.17431505647910533,0.1039167783491823,-0.27627437522790615,0.048869637956681394,,,200
balanced,qwen3_32b,tier0,mean,L42,raw,0.1701451790848265,0.10790324196836067,-0.19214837747808505,0.04497746468417535,,,200
balanced,qwen3_32b,tier0,mean,L42,log,0.16961867177642936,0.10835052367181527,-0.28351037671718865,0.048395223910388495,,,200
balanced,qwen3_32b,tier0,mean,L43,raw,0.17272258744180746,0.10590889090266112,-0.19344622946171827,0.044094464844000536,,,200
balanced,qwen3_32b,tier0,mean,L43,log,0.17176437618468868,0.10689886961859398,-0.28554479032075364,0.04752969312050158,,,200
balanced,qwen3_32b,tier0,mean,L44,raw,0.13824531687604374,0.10542222779008593,-0.20016691946532406,0.04319970396672213,,,200
balanced,qwen3_32b,tier0,mean,L44,log,0.13849817827758337,0.10611452758569138,-0.2911200681379954,0.04655716640894196,,,200
balanced,qwen3_32b,tier0,mean,L45,raw,0.13277064043517878,0.10928321040997029,-0.20185781687993973,0.0432780899307897,,,200
balanced,qwen3_32b,tier0,mean,L45,log,0.13354655010089655,0.10937935302174162,-0.29331796552430034,0.046543596063191965,,,200
balanced,qwen3_32b,tier0,mean,L46,raw,0.13101282455213933,0.10793600889204903,-0.20402335301791064,0.042046542052079285,,,200
balanced,qwen3_32b,tier0,mean,L46,log,0.13179569634816488,0.10795693216086968,-0.2962579085422924,0.04539389673085202,,,200
balanced,qwen3_32b,tier0,mean,L47,raw,0.12785090359868106,0.10926563319222876,-0.2054971610733889,0.04207638830140931,,,200
balanced,qwen3_32b,tier0,mean,L47,log,0.12879003362190933,0.10965484366833925,-0.2977476348771695,0.045419502138598945,,,200
balanced,qwen3_32b,tier0,mean,L48,raw,0.12254409939297797,0.11034782767847365,-0.2038987533878441,0.04159018528923784,,,200
balanced,qwen3_32b,tier0,mean,L48,log,0.12409083591783382,0.11048629179414075,-0.2962192659616503,0.044853965378741915,,,200
balanced,qwen3_32b,tier0,mean,L49,raw,0.1237223716317596,0.10781360212680045,-0.2058530780609697,0.040068811595667754,,,200
balanced,qwen3_32b,tier0,mean,L49,log,0.12537049453583332,0.10704814510370049,-0.29850086631497197,0.04341777065465199,,,200
balanced,qwen3_32b,tier0,mean,L50,raw,0.12848322435955925,0.1045752578886966,-0.2060745393979981,0.039306837845903275,,,200
balanced,qwen3_32b,tier0,mean,L50,log,0.12977895424741345,0.10471677126853317,-0.29885785981897384,0.04266316178770264,,,200
balanced,qwen3_32b,tier0,mean,L51,raw,0.14305258873589669,0.10049032654103904,-0.20332170933567167,0.0397249910292257,,,200
balanced,qwen3_32b,tier0,mean,L51,log,0.1449878736241587,0.10007610968177945,-0.2947807877336411,0.04338166166497861,,,200
balanced,qwen3_32b,tier0,mean,L52,raw,0.14282871878835635,0.10153129012867028,-0.20197978303263261,0.039188348131074476,,,200
balanced,qwen3_32b,tier0,mean,L52,log,0.1442663813377,0.10106940519474397,-0.2931199172902847,0.04297603741220403,,,200
balanced,qwen3_32b,tier0,mean,L53,raw,0.15165211177236998,0.09759582793767156,-0.1985869966306793,0.03958445398293859,,,200
balanced,qwen3_32b,tier0,mean,L53,log,0.15385285536186344,0.0969401092343563,-0.28809785119514575,0.043517436549735625,,,200
balanced,qwen3_32b,tier0,mean,L54,raw,0.16501443086056006,0.09364930163670476,-0.19429038372177623,0.03919618868612846,,,200
balanced,qwen3_32b,tier0,mean,L54,log,0.16649632445826065,0.09315017174962623,-0.28277204608665113,0.04313889381450077,,,200
balanced,qwen3_32b,tier0,mean,L55,raw,0.18168566302977787,0.08861478936853956,-0.18379086509598289,0.03953938501984877,,,200
balanced,qwen3_32b,tier0,mean,L55,log,0.18349708456638808,0.08841768681747719,-0.2697112599348509,0.04359630439091689,,,200
balanced,qwen3_32b,tier0,mean,L56,raw,0.1971975779490498,0.0877918117925323,-0.1837368876239371,0.04239686028727942,,,200
balanced,qwen3_32b,tier0,mean,L56,log,0.19892896606911073,0.08762769475723799,-0.2684935110565643,0.04679382826007032,,,200
balanced,qwen3_32b,tier0,mean,L57,raw,0.218154247974579,0.08161331406828358,-0.19689907448626706,0.04873159507978514,,,200
balanced,qwen3_32b,tier0,mean,L57,log,0.2193700686062705,0.08213186709293481,-0.2825674145675445,0.05373690728475007,,,200
balanced,qwen3_32b,tier0,mean,L58,raw,0.22674603937980475,0.07922915709768301,-0.19220355250185286,0.05068032196549493,,,200
balanced,qwen3_32b,tier0,mean,L58,log,0.2276989696667141,0.07972519147148734,-0.2756681375709554,0.05579698399457677,,,200
balanced,qwen3_32b,tier0,mean,L59,raw,0.23224163061875486,0.07748706971625878,-0.19021393477657378,0.05301111457579008,,,200
balanced,qwen3_32b,tier0,mean,L59,log,0.23387707985524714,0.07753648607880871,-0.2709802231950944,0.05822668855806021,,,200
balanced,qwen3_32b,tier0,mean,L60,raw,0.23968705426097195,0.07734269017579048,-0.18834032567271883,0.05399206016209428,,,200
balanced,qwen3_32b,tier0,mean,L60,log,0.24067457404281906,0.07697480807223203,-0.26747218799141104,0.059194636225272705,,,200
balanced,qwen3_32b,tier0,mean,L61,raw,0.24680967759170977,0.07614330411435188,-0.17971382197916724,0.05280994140645879,,,200
balanced,qwen3_32b,tier0,mean,L61,log,0.24834703425094634,0.07585953916205442,-0.25543684777574316,0.05797913458268631,,,200
balanced,qwen3_32b,tier0,mean,L62,raw,0.24502964738463168,0.0773336424395355,-0.1736491006903584,0.050001245543620995,,,200
balanced,qwen3_32b,tier0,mean,L62,log,0.24652389928082669,0.07701415977165686,-0.24745717497121686,0.05519089070774442,,,200
balanced,qwen3_32b,tier0,mean,L63,raw,0.2170459907327939,0.09097467939198893,-0.17367890586666945,0.03915956882496318,,,200
balanced,qwen3_32b,tier0,mean,L63,log,0.21867466859785473,0.09078072346389036,-0.25083839277659337,0.04436408260714785,,,200
balanced,qwen3_32b,tier0,mean,L64,raw,0.2019692950399798,0.08948216078648923,-0.2821474922483978,0.08459137905947492,,,200
balanced,qwen3_32b,tier0,mean,L64,log,0.20017770400567692,0.09045020867601186,-0.35664185192368814,0.09127767562043308,,,200
