regime,model,cleaning,pool,layer,k,accuracy,accuracy_std,macro_f1,macro_f1_std,weighted_f1,weighted_f1_std,chance_accuracy,chance_macro_f1,shuffled_accuracy,shuffled_macro_f1,n_draws
imbalanced,thalesian_cunei400m,tier0,mean,0,5,0.4190851235891847,0.017150824256590022,0.08666402511245856,0.01003142181808472,0.3414106774128832,0.020833689858741455,0.22464375523889354,0.025,0.21374072641608946,0.02866534861465937,
imbalanced,thalesian_cunei400m,tier0,mean,1,5,0.4031538975422805,0.02483048995715128,0.07971518216816645,0.010763511977647149,0.3151661922228814,0.027292730148513022,0.22464375523889354,0.025,0.21458106255054324,0.027766771953128905,
imbalanced,thalesian_cunei400m,tier0,mean,2,5,0.4274498083752329,0.02608073742190581,0.08600773882134309,0.00910090503626067,0.3361877949678128,0.025900592567612492,0.22464375523889354,0.025,0.21206708624872544,0.02802831537884492,
imbalanced,thalesian_cunei400m,tier0,mean,3,5,0.439196934003727,0.016420874112801406,0.08864805369806346,0.0067082208371617,0.3452789072573541,0.01781899523454893,0.22464375523889354,0.025,0.2062058296121796,0.028564982367427542,
imbalanced,thalesian_cunei400m,tier0,mean,4,5,0.4492633873633135,0.016183018535656454,0.09353916330892936,0.008919696785818592,0.36467839129648133,0.020337919819442704,0.22464375523889354,0.025,0.21208115045181253,0.02908323516860145,
imbalanced,thalesian_cunei400m,tier0,mean,5,5,0.4433986146759959,0.019611532716926616,0.09527730901135933,0.008738011060611724,0.36734592314881753,0.01957579552530268,0.22464375523889354,0.025,0.2028655813789951,0.025879448274317218,
imbalanced,thalesian_cunei400m,tier0,mean,6,5,0.44843711543194686,0.014336776246006083,0.10140370180323396,0.009309740328260695,0.37794640878342667,0.01674401987265549,0.22464375523889354,0.025,0.20787946977954364,0.02764639902974586,
imbalanced,thalesian_cunei400m,tier0,mean,7,5,0.45512816005063106,0.014761600567837024,0.10802040171310372,0.009364684878681848,0.38918713832244667,0.01598169980155595,0.22464375523889354,0.025,0.20451812524172852,0.026650700915327053,
imbalanced,thalesian_cunei400m,tier0,mean,8,5,0.46183678492317426,0.015477982977028687,0.10749124805459942,0.007684274741748468,0.38842884322863613,0.013689250555426833,0.22464375523889354,0.025,0.21792834288527127,0.030118076723202915,
imbalanced,thalesian_cunei400m,tier0,mean,9,5,0.4735557821454942,0.025510915662477977,0.10929947779557336,0.0089634012939935,0.3932316863957796,0.02324719005423789,0.22464375523889354,0.025,0.21542139868499702,0.028693224494609277,
imbalanced,thalesian_cunei400m,tier0,mean,10,5,0.48194859533771667,0.02151804228048972,0.1089356400595403,0.006671269970985874,0.39321772090226836,0.017827061366956283,0.22464375523889354,0.025,0.21793185893604305,0.02971174485175937,
imbalanced,thalesian_cunei400m,tier0,mean,11,5,0.4903378924791674,0.02337904518696642,0.11134515928770665,0.0077879596967498,0.40301799267275945,0.020311594558944837,0.22464375523889354,0.025,0.21123378221581518,0.027948628355945814,
imbalanced,thalesian_cunei400m,tier0,mean,12,5,0.49704651735171057,0.023031780477204278,0.1143086553651947,0.0108259294763295,0.42194835553892795,0.022184467695509066,0.22464375523889354,0.025,0.20788298583031542,0.027582399934244627,
imbalanced,thalesian_cunei400m,tier0,last,0,1,,,,,,,,,,,
imbalanced,thalesian_cunei400m,tier0,last,1,5,0.27242009774621145,0.024367420072072116,0.0488458552282184,0.009179012190884446,0.20895213173469768,0.02394178213165478,0.22464375523889354,0.025,0.2095671741499947,0.027178203460028832,
imbalanced,thalesian_cunei400m,tier0,last,2,5,0.2724306458985268,0.01921691301083056,0.04676406486428906,0.013312295925640878,0.1840315250783417,0.014713653067514394,0.22464375523889354,0.025,0.1953271685243135,0.025747143303489622,
imbalanced,thalesian_cunei400m,tier0,last,3,5,0.2858408635420696,0.026318529945969404,0.0584596923259391,0.014639610624064957,0.1967450753694822,0.017028046638934893,0.22464375523889354,0.025,0.20035863717872088,0.026393561927386577,
imbalanced,thalesian_cunei400m,tier0,last,4,5,0.30343166555325063,0.027768749509003345,0.05595916004664818,0.01020850880587054,0.2101785326917452,0.02328376232668298,0.22464375523889354,0.025,0.20032699272177487,0.02751266658948754,
imbalanced,thalesian_cunei400m,tier0,last,5,5,0.3000914173200661,0.02385401516239631,0.06507661129964105,0.014309622930216764,0.21332916220966144,0.019244188657822923,0.22464375523889354,0.025,0.20703561759431804,0.029033989600420307,
imbalanced,thalesian_cunei400m,tier0,last,6,5,0.3126753630322422,0.013290474719341238,0.06356061078178701,0.00773300797233047,0.2308569815151718,0.008164627004226262,0.22464375523889354,0.025,0.21458457860131502,0.03002549275129962,
imbalanced,thalesian_cunei400m,tier0,last,7,5,0.31769276748356245,0.0036611189954775833,0.05810569451028498,0.002366333102371306,0.22773026167976268,0.00798967041618099,0.22464375523889354,0.025,0.20956365809922298,0.027840790295152164,
imbalanced,thalesian_cunei400m,tier0,last,8,5,0.32858549277451565,0.014197330617900924,0.05887029722026112,0.0015820519314608621,0.23133852000008823,0.00999430718390473,0.22464375523889354,0.025,0.21544249498962764,0.02960917438339748,
imbalanced,thalesian_cunei400m,tier0,last,9,5,0.3352800534439717,0.010644053804768518,0.06182769990594601,0.003932256892084259,0.23998842945537163,0.009582176292570627,0.22464375523889354,0.025,0.21460215885517386,0.029073973386399193,
imbalanced,thalesian_cunei400m,tier0,last,10,5,0.35288491965823987,0.01945469496389533,0.07172160804699577,0.0054470960158970105,0.27705916121140806,0.01807599071467121,0.22464375523889354,0.025,0.20368130515804647,0.027732439661154167,
imbalanced,thalesian_cunei400m,tier0,last,11,5,0.3403537147076404,0.02351259680598866,0.0668955365452989,0.007011580234317017,0.26486015115367073,0.020780016315172636,0.22464375523889354,0.025,0.1961393762525931,0.026159360504483576,
imbalanced,thalesian_cunei400m,tier0,last,12,5,0.2984212932034739,0.01578783302057769,0.0548757436989021,0.014350528400240413,0.21414837771188616,0.0105035922359447,0.22464375523889354,0.025,0.20118139305931576,0.02815281360883117,
imbalanced,thalesian_cunei400m,maximal,mean,0,5,0.3143349389965191,0.010932600000503499,0.06133834243073612,0.014641760561197209,0.2223133241215148,0.011488352909181859,0.22464375523889354,0.025,0.22128968742308638,0.02771202803549654,
imbalanced,thalesian_cunei400m,maximal,mean,1,5,0.34281143419710974,0.03672526459526619,0.07131612107829643,0.011451450458726265,0.26054455656368736,0.039655680736541674,0.22464375523889354,0.025,0.22214057170985552,0.029326251650455416,
imbalanced,thalesian_cunei400m,maximal,mean,2,5,0.3285819767237439,0.04031117723871884,0.06157474662114133,0.008629975756597916,0.24026601347713403,0.04470205763362149,0.22464375523889354,0.025,0.22801589254948845,0.030133935773842862,
imbalanced,thalesian_cunei400m,maximal,mean,3,5,0.3369466615097922,0.020331404810027615,0.06460863887818907,0.005459362749745421,0.2464713329180956,0.021529238797931206,0.22464375523889354,0.025,0.21965472381421192,0.028685018145906033,
imbalanced,thalesian_cunei400m,maximal,mean,4,5,0.37804577898104846,0.02901657407094994,0.07332190648818149,0.002895709976387698,0.29025271267676567,0.024587997161353566,0.22464375523889354,0.025,0.21963011145880945,0.028865140060799772,
imbalanced,thalesian_cunei400m,maximal,mean,5,5,0.3931226046904117,0.017122411327032426,0.07478267702174214,0.0025950313186056478,0.30326356012114375,0.012021474215714326,0.22464375523889354,0.025,0.21544601104039943,0.02837213367082888,
imbalanced,thalesian_cunei400m,maximal,mean,6,5,0.4081923982982314,0.013771646010713151,0.08577377163596292,0.01978039476238322,0.31725783097915655,0.013255463277473402,0.22464375523889354,0.025,0.20621286171372316,0.02978387539154966,
imbalanced,thalesian_cunei400m,maximal,mean,7,5,0.4056995183010442,0.00963523659819584,0.07981835225606472,0.0031520390462301115,0.31913057475165724,0.009884480383468397,0.22464375523889354,0.025,0.20454273759713087,0.027880441835131175,
imbalanced,thalesian_cunei400m,maximal,mean,8,5,0.4106993424985057,0.017465097334234927,0.08463138751027888,0.005482744730355527,0.32899836823070994,0.01833370519002614,0.22464375523889354,0.025,0.21124433036813053,0.02880133106637256,
imbalanced,thalesian_cunei400m,maximal,mean,9,5,0.4232692240075947,0.031207042530054154,0.09052988392030174,0.011796272958288685,0.34166294081686244,0.030398118053257827,0.22464375523889354,0.025,0.2020322773460849,0.027714976207900376,
imbalanced,thalesian_cunei400m,maximal,mean,10,5,0.4199254597236384,0.019355763373823668,0.08502085524926602,0.004508633119845347,0.3340574720005936,0.014919705558765827,0.22464375523889354,0.025,0.2037024014626771,0.028187127633725967,
imbalanced,thalesian_cunei400m,maximal,mean,11,5,0.43082521711613514,0.016913038979565156,0.09166349496871645,0.005028751649750238,0.3488722125333054,0.014014522891322118,0.22464375523889354,0.025,0.2087303540663127,0.02830879741366729,
imbalanced,thalesian_cunei400m,maximal,mean,12,5,0.4299778488801378,0.017133759063795478,0.09432561491861252,0.01962916600403562,0.3339273107601544,0.014506887541975646,0.22464375523889354,0.025,0.2179494391899019,0.030280170335030727,
imbalanced,thalesian_cunei400m,maximal,last,0,1,,,,,,,,,,,
imbalanced,thalesian_cunei400m,maximal,last,1,5,0.2665482929573503,0.014534387667375798,0.038928029393492575,0.0030220282200266128,0.1917861990218949,0.007337717153360429,0.22464375523889354,0.025,0.19026757146373194,0.02262884302064968,
imbalanced,thalesian_cunei400m,maximal,last,2,5,0.25481874758271517,0.017877821994311496,0.038052299714338385,0.003049153283109857,0.1843747195028971,0.011209161311724197,0.22464375523889354,0.025,0.20451109314018492,0.026387843167265935,
imbalanced,thalesian_cunei400m,maximal,last,3,5,0.2565029359023944,0.007421771051338685,0.041983996247966074,0.010187524264103517,0.1726579435470182,0.015242036498699733,0.22464375523889354,0.025,0.21540733448190993,0.028015098289170582,
imbalanced,thalesian_cunei400m,maximal,last,4,5,0.24898561935234342,0.023537911380382075,0.03952705870932064,0.012346582764652907,0.16593682201513155,0.0261862724276799,0.22464375523889354,0.025,0.22545972363840935,0.02913380405862892,
imbalanced,thalesian_cunei400m,maximal,last,5,5,0.26658345346506807,0.02430153891533299,0.03666406346977827,0.005111823167985181,0.18340553378455185,0.021961772370758633,0.22464375523889354,0.025,0.21960549910340704,0.02873609164619601,
imbalanced,thalesian_cunei400m,maximal,last,6,5,0.29169508807707184,0.017984241902383777,0.04171245596430897,0.004103761392122226,0.2069059203967037,0.012644055801981864,0.22464375523889354,0.025,0.21710910305544812,0.028923755609005335,
imbalanced,thalesian_cunei400m,maximal,last,7,5,0.2774515664006188,0.008099839402081003,0.04086346940679121,0.003131610423464037,0.20069271458654164,0.006712443631419806,0.22464375523889354,0.025,0.21291093843395098,0.027962367638848268,
imbalanced,thalesian_cunei400m,maximal,last,8,5,0.29672304068070743,0.018475454718282363,0.04356222914755376,0.005651868497650436,0.21305125969278826,0.016582790736989733,0.22464375523889354,0.025,0.20788650188108715,0.02828466613027127,
imbalanced,thalesian_cunei400m,maximal,last,9,5,0.294219612531205,0.014445973476683147,0.04596610385613113,0.0038495061252865285,0.21444556493464972,0.01222362512164473,0.22464375523889354,0.025,0.21041454238599205,0.030001260634369455,
imbalanced,thalesian_cunei400m,maximal,last,10,5,0.30426496958616084,0.013960986000373331,0.0500709788710485,0.004716937340764786,0.23030416163993467,0.01145050352388426,0.22464375523889354,0.025,0.2078865018810872,0.02952230838334998,
imbalanced,thalesian_cunei400m,maximal,last,11,5,0.29921240462712284,0.01832640542075916,0.04816260003747017,0.004595687140835765,0.22435424409927113,0.016070079336992615,0.22464375523889354,0.025,0.19866741675749797,0.02774662892873086,
imbalanced,thalesian_cunei400m,maximal,last,12,5,0.2900144158081642,0.018061968899308858,0.04773379562965524,0.00857325846228169,0.21315546627873685,0.012711064626454428,0.22464375523889354,0.025,0.2020041489399107,0.028618875996859118,
imbalanced,thalesian_akk300m,tier0,mean,0,5,0.42749200098449425,0.0034347983079124718,0.0908126429264932,0.0040833193789730216,0.34579936696432656,0.006807699830273056,0.22464375523889354,0.025,0.21292851868780982,0.028359329226355062,
imbalanced,thalesian_akk300m,tier0,mean,1,5,0.45427375971309025,0.023254639886743016,0.0921991417125744,0.007969987185202256,0.36207087060037735,0.022463075584088874,0.22464375523889354,0.025,0.21210576280721494,0.030001419973883142,
imbalanced,thalesian_akk300m,tier0,mean,2,5,0.45847895643613096,0.01849885635203566,0.10168826603989418,0.005050505232297849,0.37632173420935977,0.015110078862073738,0.22464375523889354,0.025,0.20957772230231003,0.029779918937656365,
imbalanced,thalesian_akk300m,tier0,mean,3,5,0.4601561126542667,0.022734550465724875,0.1033284624637314,0.009802081551749373,0.378794902706775,0.02565384523300746,0.22464375523889354,0.025,0.20707077810203578,0.029064782894888418,
imbalanced,thalesian_akk300m,tier0,mean,4,5,0.4609788685348617,0.02612463486391603,0.1080556908592549,0.012840333823316357,0.3840098814637881,0.026502984353601627,0.22464375523889354,0.025,0.2020428254984002,0.025606085098776755,
imbalanced,thalesian_akk300m,tier0,mean,5,5,0.4065187581308674,0.014201218074811128,0.08326865458645025,0.005677717152377525,0.3174417531054728,0.013854986989167284,0.22464375523889354,0.025,0.21208115045181253,0.02605506010937403,
imbalanced,thalesian_akk300m,tier0,mean,6,5,0.41907457543686927,0.03184648579718243,0.08388676116929257,0.009912029264586052,0.32743618662236285,0.029283736580770242,0.22464375523889354,0.025,0.21208115045181253,0.026488338082247855,
imbalanced,thalesian_akk300m,tier0,mean,7,5,0.40568897014872896,0.014985165844179223,0.10222057389465258,0.009188164197722115,0.3495070560260792,0.016599112629273906,0.22464375523889354,0.025,0.20202172919376954,0.026216060598339107,
imbalanced,thalesian_akk300m,tier0,mean,8,5,0.3830772476354558,0.0072782284947201245,0.10335979152517476,0.006914098156008654,0.28759601557726244,0.011082261858662939,0.22464375523889354,0.025,0.21709152280158928,0.02927650899658497,
imbalanced,thalesian_akk300m,tier0,last,0,1,,,,,,,,,,,
imbalanced,thalesian_akk300m,tier0,last,1,5,0.32861010512991806,0.015481778839547166,0.059727522714028466,0.010859474632171214,0.23397680252199118,0.015480071862600727,0.22464375523889354,0.025,0.2028374529728209,0.0271257551360652,
imbalanced,thalesian_akk300m,tier0,last,2,5,0.282486551105798,0.018710338358889512,0.05884547633008337,0.012996561717759833,0.20055536757661946,0.018622312362724693,0.22464375523889354,0.025,0.19445870398368553,0.02417339186355185,
imbalanced,thalesian_akk300m,tier0,last,3,5,0.2925494884146127,0.017980801068001085,0.06372774276781171,0.016815716182001863,0.2067368367381021,0.01684035897312202,0.22464375523889354,0.025,0.20285854927745156,0.02568362557428832,
imbalanced,thalesian_akk300m,tier0,last,4,5,0.32189444815583135,0.012953233164805518,0.06949743094060137,0.013967539639212672,0.22424107678845714,0.011258538713821986,0.22464375523889354,0.025,0.2028409690235927,0.026762552226221,
imbalanced,thalesian_akk300m,tier0,last,5,5,0.3009001089975739,0.024195933756057147,0.0631718625377439,0.019593733265890277,0.2148054995925132,0.021772637520041764,0.22464375523889354,0.025,0.21457403044899967,0.028326705969179956,
imbalanced,thalesian_akk300m,tier0,last,6,5,0.33696072571287927,0.019113389118259813,0.0640346513798796,0.011658971715164217,0.23763041589421247,0.01793128628698568,0.22464375523889354,0.025,0.2162336064132766,0.0278893737394804,
imbalanced,thalesian_akk300m,tier0,last,7,5,0.34282549840019694,0.01339125960661155,0.07934632042129544,0.013962187394114863,0.2377379874215529,0.013413257567783514,0.22464375523889354,0.025,0.2028304208712774,0.0258905695781426,
imbalanced,thalesian_akk300m,tier0,last,8,5,0.34449913856756087,0.01573828628947073,0.0820946761293738,0.014085919303757098,0.2391200705998778,0.012257771695730972,0.22464375523889354,0.025,0.20367427305650293,0.027680183250390074,
imbalanced,thalesian_akk300m,maximal,mean,0,5,0.3352800534439717,0.005343791082607948,0.056539998490356666,0.003445148695445929,0.25430073103591927,0.004278220004000381,0.22464375523889354,0.025,0.20871277381245384,0.028666138128376893,
imbalanced,thalesian_akk300m,maximal,mean,1,5,0.37217397419218734,0.033747147989248154,0.07195825307337532,0.009655748098020743,0.28797518310626424,0.027439172478927736,0.22464375523889354,0.025,0.2237895995218171,0.029200047505269416,
imbalanced,thalesian_akk300m,maximal,mean,2,5,0.3839070356175943,0.02655034078958242,0.07428914264395388,0.01049100810849114,0.2947304445692672,0.02762342862157807,0.22464375523889354,0.025,0.21874758271509442,0.028348660021645444,
imbalanced,thalesian_akk300m,maximal,mean,3,5,0.3881087162898632,0.019613430052836802,0.0747864799255229,0.007038637868911,0.29875160171633375,0.01576579314020746,0.22464375523889354,0.025,0.21707745859850217,0.028421337147665073,
imbalanced,thalesian_akk300m,maximal,mean,4,5,0.38814036074680913,0.025623221868894916,0.07735196634492861,0.010089522182772223,0.3054488400099655,0.027481557545895225,0.22464375523889354,0.025,0.2162371224640484,0.029538166610190698,
imbalanced,thalesian_akk300m,maximal,mean,5,5,0.38475791990436337,0.009485001686351314,0.07557026495952478,0.004958920609412102,0.303032069043322,0.008974041911155766,0.22464375523889354,0.025,0.20784782532259766,0.02421012892137121,
imbalanced,thalesian_akk300m,maximal,mean,6,5,0.39397348897718076,0.007891846254449393,0.07793527492530432,0.0027833512046169947,0.3124609769631932,0.0048780099095433495,0.22464375523889354,0.025,0.22295629548890689,0.028826511409582145,
imbalanced,thalesian_akk300m,maximal,mean,7,5,0.3663267817587286,0.023527360470536086,0.06865221090424836,0.005651059585292842,0.27049504561024795,0.017991675072972845,0.22464375523889354,0.025,0.2086670651524208,0.025078429719322958,
imbalanced,thalesian_akk300m,maximal,mean,8,5,0.32188038395274426,0.01344203454498022,0.05932809733720009,0.0026485045368902734,0.23147564773669008,0.011968510775664704,0.22464375523889354,0.025,0.2195984670018635,0.02934611951316852,
imbalanced,thalesian_akk300m,maximal,last,0,1,,,,,,,,,,,
imbalanced,thalesian_akk300m,maximal,last,1,5,0.28836890404697446,0.017165732930989486,0.05618394105851793,0.013663396115081926,0.21163621345338787,0.013120511886789938,0.22464375523889354,0.025,0.21292851868780988,0.028076666919815287,
imbalanced,thalesian_akk300m,maximal,last,2,5,0.274969234555747,0.025570964578658147,0.048820049914170424,0.01451556682847486,0.19113993698534676,0.015667304913638658,0.22464375523889354,0.025,0.22465454801167334,0.030108697967491015,
imbalanced,thalesian_akk300m,maximal,last,3,5,0.2732815301852959,0.02068905762256787,0.0396896229081121,0.0023612612305558187,0.19208527961401867,0.010713017653407254,0.22464375523889354,0.025,0.22380014767413242,0.03185824045536197,
imbalanced,thalesian_akk300m,maximal,last,4,5,0.2925565205161563,0.023384466774383175,0.04453517796654683,0.004074848939545561,0.20599722166432605,0.013891527453270264,0.22464375523889354,0.025,0.21960549910340704,0.030767931054614638,
imbalanced,thalesian_akk300m,maximal,last,5,5,0.27832354699201856,0.03384815280418811,0.04347672302804952,0.008559641849777313,0.20221321638549794,0.030776842994935227,0.22464375523889354,0.025,0.2112232340634999,0.029063715487823306,
imbalanced,thalesian_akk300m,maximal,last,6,5,0.2825041313596568,0.02286521528117281,0.04221321888096924,0.005136823755167881,0.19716030151794867,0.01792494348190745,0.22464375523889354,0.025,0.213747758517633,0.028662867242050194,
imbalanced,thalesian_akk300m,maximal,last,7,5,0.28083400724306457,0.02239967085000348,0.038368345988296235,0.005606536540341329,0.1904791954750436,0.016395696647395822,0.22464375523889354,0.025,0.2095601420484512,0.02870412929033646,
imbalanced,thalesian_akk300m,maximal,last,8,5,0.2732885622868394,0.023028458746760985,0.040059777497489714,0.007798712829807371,0.1950870381239636,0.026378237015908596,0.22464375523889354,0.025,0.20704264969586159,0.0283166797339105,
imbalanced,mlm,tier0,mean,0,5,0.5318749607683134,0.02222397981458421,0.0856719492449117,0.004377292838272244,0.46628260292496665,0.016427907898957723,0.30011198208286677,0.02631578947368421,0.2911116690728768,0.035012186812377756,
imbalanced,mlm,tier0,mean,1,5,0.4893666436507439,0.013613926998689322,0.08519955726171288,0.01781222240636758,0.4144768686183345,0.010528088764880853,0.30011198208286677,0.02631578947368421,0.2810558031510891,0.03316327056145984,
imbalanced,mlm,tier0,mean,2,5,0.4636306572092147,0.022758792556218103,0.07487477701095957,0.009656381530332554,0.3942280861520028,0.022146118044213403,0.30011198208286677,0.02631578947368421,0.2777038478438265,0.03336869715659801,
imbalanced,mlm,tier0,mean,3,5,0.4669575042370222,0.020060600021434807,0.07087398626762302,0.008377579811173206,0.40030087673954284,0.019416511519759722,0.30011198208286677,0.02631578947368421,0.2788399974891721,0.03393561931857785,
imbalanced,mlm,tier0,mean,4,5,0.48598958006402604,0.014721483361109624,0.08055569910089341,0.004401301840833644,0.42136614262769695,0.018221840478870693,0.30011198208286677,0.02631578947368421,0.28443286673780677,0.034981434400361985,
imbalanced,mlm,tier0,mean,5,5,0.49270604481827884,0.01399400331723032,0.07971976145143185,0.006955485991494811,0.4317227816177514,0.011329322702588879,0.30011198208286677,0.02631578947368421,0.2754754880421819,0.03362130587543584,
imbalanced,mlm,tier0,mean,6,5,0.4904651308769067,0.013772503525039094,0.07900541862759924,0.00722291639007881,0.4300712541312103,0.01338842109993018,0.30011198208286677,0.02631578947368421,0.27659280647793605,0.03376069693977282,
imbalanced,mlm,tier0,mean,7,5,0.4859644717845709,0.024625149083564366,0.09071838086716326,0.005585101877119494,0.4344510439025605,0.026697735188819148,0.30011198208286677,0.02631578947368421,0.2832904400225974,0.035365335378940654,
imbalanced,mlm,tier0,mean,8,5,0.48376749733224533,0.021799753042922445,0.09252079659805415,0.008529646963549947,0.4356478075705542,0.023226410128050518,0.30011198208286677,0.02631578947368421,0.2877597137656142,0.03520915136102103,
imbalanced,mlm,tier0,mean,9,5,0.4915824493126609,0.02738739172806993,0.09507175051254653,0.008355564423510582,0.4435996591629327,0.02842876878226202,0.30011198208286677,0.02631578947368421,0.29000690477685015,0.035834320084885476,
imbalanced,mlm,tier0,mean,10,5,0.4882367710752621,0.02316904155639528,0.09096381104622746,0.004487979831169779,0.4386081324528385,0.025518986752174906,0.30011198208286677,0.02631578947368421,0.2844140355282154,0.034867711053149376,
imbalanced,mlm,tier0,mean,11,5,0.4848659845584081,0.022982601330296372,0.09184908580558535,0.005768257638949596,0.4369755142744223,0.02563100140111273,0.30011198208286677,0.02631578947368421,0.28999435063712264,0.035806209816768395,
imbalanced,mlm,tier0,mean,12,5,0.49606427719540525,0.028124387532987922,0.0946049054988341,0.007404056595692328,0.4466896446434626,0.031140844411488917,0.30011198208286677,0.02631578947368421,0.29339652250329545,0.03593932138698544,
imbalanced,mlm,tier0,mean,13,5,0.5128931015002196,0.026870393377356253,0.09731297409051118,0.012833673466890145,0.4636854989771952,0.02776545011803689,0.30011198208286677,0.02631578947368421,0.29450756386918586,0.03650487397697417,
imbalanced,mlm,tier0,mean,14,5,0.5106710187684389,0.02029237957617636,0.09396435714780609,0.008168396094439732,0.4608917706006734,0.022829491438695625,0.30011198208286677,0.02631578947368421,0.29005084426589667,0.03527176736507427,
imbalanced,mlm,tier0,mean,15,5,0.5240976712070805,0.013804779448743316,0.10380163945559522,0.010420334675785932,0.47520728116365785,0.014375637737103082,0.30011198208286677,0.02631578947368421,0.27661163768752745,0.0343871737685976,
imbalanced,mlm,tier0,mean,16,5,0.5341535371288683,0.017075319216214205,0.10639873548401282,0.009959579530981916,0.48557843435452536,0.01784394048642083,0.30011198208286677,0.02631578947368421,0.2754754880421819,0.0337477945567695,
imbalanced,tfidf,tier0,na,0,5,0.5777666185424644,0.03182646138120264,0.11276988989975698,0.016158607280238452,0.4823723794699757,0.052050422163329835,0.30011198208286677,0.02631578947368421,0.27546921097231813,0.029973096803544798,
imbalanced,tfidf,maximal,na,0,5,0.5318937919779048,0.010643241659545916,0.10131677983508532,0.01286307882553974,0.4277506996153537,0.01207140168908025,0.30011198208286677,0.02631578947368421,0.2810495260812253,0.030907188122843016,
imbalanced,qwen3_1b7,tier0,mean,0,5,0.40483808586195985,0.030846574127634783,0.09329509297330638,0.01763163938540551,0.32797613974277584,0.02965079358175414,0.22464375523889354,0.025,0.2120706022994972,0.028122160041837225,
imbalanced,qwen3_1b7,tier0,mean,1,5,0.3922576562005555,0.01760850232147607,0.08343221094471906,0.007389709058877653,0.32215465766987716,0.016790674471054607,0.22464375523889354,0.025,0.2170985549031328,0.027123020821160887,
imbalanced,qwen3_1b7,tier0,mean,2,5,0.37634752645828207,0.017521852293611213,0.07883904687611776,0.007843088890429138,0.30396589597734547,0.01598743144928219,0.22464375523889354,0.025,0.207067262051264,0.025202526568985438,
imbalanced,qwen3_1b7,tier0,mean,3,5,0.402355754017088,0.04733201246128316,0.09398744897626898,0.013483488680713637,0.33452418462939093,0.04024452901000804,0.22464375523889354,0.025,0.21209873070567137,0.026905975190526076,
imbalanced,qwen3_1b7,tier0,mean,4,5,0.4266305685454097,0.016611669595528466,0.08808185206455786,0.007203835290340913,0.34170168211976304,0.015616365664574432,0.22464375523889354,0.025,0.21541788263422523,0.028098207679039755,
imbalanced,qwen3_1b7,tier0,mean,5,5,0.4249639604795893,0.0175099413158397,0.08547773303368009,0.005652747488875808,0.3303117464832642,0.012647020164540841,0.22464375523889354,0.025,0.21457754649977145,0.028742504299361295,
imbalanced,qwen3_1b7,tier0,mean,6,5,0.42410604409127667,0.02623703378399131,0.08414093296818868,0.00965382997281651,0.3254715370443688,0.022104857301370386,0.22464375523889354,0.025,0.20785837347491296,0.02741566623091259,
imbalanced,qwen3_1b7,tier0,mean,7,5,0.4207798600611793,0.020109752313085538,0.08445908829303725,0.0057422764623178,0.327250497062423,0.014745150878129012,0.22464375523889354,0.025,0.18945536373545235,0.022781489267012615,
imbalanced,qwen3_1b7,tier0,mean,8,5,0.4191132519953588,0.018733249922870145,0.08468094555254467,0.008647056123535902,0.3263170111251076,0.01518902369906548,0.22464375523889354,0.025,0.19781301641995713,0.02425826127697452,
imbalanced,qwen3_1b7,tier0,mean,9,5,0.4090327344326852,0.022334622054862904,0.08102210958199066,0.007168499851795441,0.3153726979830804,0.01704301120142716,0.22464375523889354,0.025,0.18776414331422947,0.02306904901887457,
imbalanced,qwen3_1b7,tier0,mean,10,5,0.4073696424176365,0.01726431771288654,0.07840071582559043,0.005675803751476812,0.3100716375023822,0.013742224520218437,0.22464375523889354,0.025,0.19362539995077527,0.023627290238234316,
imbalanced,qwen3_1b7,tier0,mean,11,5,0.41659927569354105,0.02162667353030295,0.08287804578456379,0.010530845493276122,0.32431693985416915,0.025342693891212905,0.22464375523889354,0.025,0.2019900847368236,0.025299507128281468,
imbalanced,qwen3_1b7,tier0,mean,12,5,0.4098871347702261,0.018118893650692903,0.07919655286085833,0.005332947563459585,0.3121527844408244,0.012917669674962187,0.22464375523889354,0.025,0.19947259238423404,0.02519399273750069,
imbalanced,qwen3_1b7,tier0,mean,13,5,0.42498505678421994,0.015934375902831723,0.08588152541484362,0.008533140063284445,0.3355483945596537,0.019354715165501683,0.22464375523889354,0.025,0.19612882810027776,0.02550898352349513,
imbalanced,qwen3_1b7,tier0,mean,14,5,0.42580429661404307,0.01211741286381615,0.08947800486627597,0.005938472097445487,0.3453352655128185,0.009947681717206445,0.22464375523889354,0.025,0.1902570233114166,0.024367983369382624,
imbalanced,qwen3_1b7,tier0,mean,15,5,0.42747442073063535,0.017474923022953046,0.08978558293289443,0.007819739233975073,0.3475164327314378,0.015712272970237612,0.22464375523889354,0.025,0.19698674448859044,0.02408476510437355,
imbalanced,qwen3_1b7,tier0,mean,16,5,0.42579023241095604,0.01968636921312533,0.08945201528771543,0.007404194868660687,0.34751386916512733,0.01697314229959497,0.22464375523889354,0.025,0.1877571112126859,0.02447757751157428,
imbalanced,qwen3_1b7,tier0,mean,17,5,0.4316620371998171,0.01911860940577958,0.09014213825862696,0.007350126673707269,0.35115312072691995,0.015830482872103816,0.22464375523889354,0.025,0.19447276818677264,0.025952113072503773,
imbalanced,qwen3_1b7,tier0,mean,18,5,0.4299883970324531,0.018736511667466982,0.09071355873178891,0.006726211612910685,0.35068358439232367,0.014239831914265434,0.22464375523889354,0.025,0.19532365247354172,0.025814333615620196,
imbalanced,qwen3_1b7,tier0,mean,19,5,0.42664111669772503,0.011112513925014694,0.09002626020432618,0.005812351777838621,0.34877927526709607,0.00905147219471229,0.22464375523889354,0.025,0.19197988818958545,0.02446782000068271,
imbalanced,qwen3_1b7,tier0,mean,20,5,0.4249604444288175,0.012779340835319737,0.09147696389288854,0.004917910493706613,0.3520996493290226,0.008481853074120818,0.22464375523889354,0.025,0.19615344045568017,0.02527882328165103,
imbalanced,qwen3_1b7,tier0,mean,21,5,0.40821349460286205,0.006685158233492916,0.09081444267023832,0.005171971230922139,0.3433254455774497,0.006087461235215813,0.22464375523889354,0.025,0.19113603600435988,0.024958366591121495,
imbalanced,qwen3_1b7,tier0,mean,22,5,0.40485918216659045,0.011899925148069116,0.09058636568666681,0.007090297632027449,0.3420513379940756,0.01248223389683809,0.22464375523889354,0.025,0.1944868323898597,0.027244281050118564,
imbalanced,qwen3_1b7,tier0,mean,23,5,0.4031785098976829,0.010101391740526818,0.08979094093855673,0.005929124493038598,0.3395535505988354,0.008607455949400976,0.22464375523889354,0.025,0.20034105692486198,0.028315568341063156,
imbalanced,qwen3_1b7,tier0,mean,24,5,0.41658169543968215,0.014187336753436417,0.09309801840706074,0.007537450289944206,0.3535533693828465,0.01466579900588497,0.22464375523889354,0.025,0.19699377659013395,0.027039075273273643,
imbalanced,qwen3_1b7,tier0,mean,25,5,0.4216237122464048,0.012755786386426746,0.09410436398560354,0.006692330736120592,0.36012658341490544,0.01270536404896718,0.22464375523889354,0.025,0.20201118104145427,0.027355667005096646,
imbalanced,qwen3_1b7,tier0,mean,26,5,0.4341865616539503,0.00914277053492509,0.09497196614436174,0.005136350021555442,0.36705858697961535,0.00954669937620308,0.22464375523889354,0.025,0.20117084490700043,0.0267514108833121,
imbalanced,qwen3_1b7,tier0,mean,27,5,0.42746387257832,0.017446514964684322,0.09447189388429963,0.00586531192867038,0.361917660469799,0.01593434860315468,0.22464375523889354,0.025,0.19780950036918532,0.027138811785193027,
imbalanced,qwen3_1b7,tier0,mean,28,5,0.4123940789705003,0.010962020085746432,0.0909714838064052,0.005478849217117229,0.3455754526977491,0.010609176359298575,0.22464375523889354,0.025,0.2061917654090925,0.02687216719484381,
imbalanced,qwen3_1b7,tier0,last,0,5,0.28165324707288775,0.016571778045769203,0.052525449381303234,0.011434014719979292,0.17919338867068477,0.011472283147402102,0.22464375523889354,0.025,0.20704616574663337,0.027331205289673782,
imbalanced,qwen3_1b7,tier0,last,1,5,0.2774656306037059,0.01620010005162933,0.04747548873728731,0.0105723900153047,0.1694320784953969,0.010197877770554907,0.22464375523889354,0.025,0.2070145212896874,0.029859637974413756,
imbalanced,qwen3_1b7,tier0,last,2,5,0.2799760908547519,0.012487820469958822,0.04819564017254121,0.009260588251354732,0.17234692103619298,0.006878810189001746,0.22464375523889354,0.025,0.2036777891072747,0.029380079652506313,
imbalanced,qwen3_1b7,tier0,last,3,5,0.27325340177912166,0.004433116793561149,0.0469880738399467,0.008672441496342007,0.16670845574301457,0.0022316214945282127,0.22464375523889354,0.025,0.20284448507436448,0.02856156208396119,
imbalanced,qwen3_1b7,tier0,last,4,5,0.2774515664006188,0.00611717052638774,0.05025745015318432,0.010908782640421772,0.17707163604863213,0.010846874880339894,0.22464375523889354,0.025,0.20282690482050564,0.030550382554668944,
imbalanced,qwen3_1b7,tier0,last,5,5,0.2757919904363419,0.010487369850310244,0.050781587138493976,0.010917354259810677,0.1755532428630636,0.008572862983106565,0.22464375523889354,0.025,0.19863225624978026,0.028695681360074034,
imbalanced,qwen3_1b7,tier0,last,6,5,0.2724130656446679,0.00925978255639975,0.053538658064868946,0.008207090313130553,0.1846683349521075,0.01253317693228435,0.22464375523889354,0.025,0.20619879751063602,0.028640601548837706,
imbalanced,qwen3_1b7,tier0,last,7,5,0.2766182623677086,0.012795109246204146,0.053368832106509514,0.012014294302229146,0.18088942103874422,0.012377019554456343,0.22464375523889354,0.025,0.1995007207904082,0.02714955837165481,
imbalanced,qwen3_1b7,tier0,last,8,5,0.2824654548011673,0.010705906360388737,0.05897558684886882,0.008399084036207007,0.2004079083219624,0.008674611912826443,0.22464375523889354,0.025,0.18942371927850638,0.02803493863517991,
imbalanced,qwen3_1b7,tier0,last,9,5,0.29587215639393827,0.011501928077466507,0.06521935463736724,0.013116079505540695,0.2204700528806775,0.011960067959694702,0.22464375523889354,0.025,0.21124784641890232,0.03016795662323919,
imbalanced,qwen3_1b7,tier0,last,10,5,0.28914946731830804,0.01928501635699138,0.06606550852159679,0.010606524945728998,0.21883616523091728,0.018899555725347125,0.22464375523889354,0.025,0.19950775289195175,0.029229173080583714,
imbalanced,qwen3_1b7,tier0,last,11,5,0.28914946731830804,0.026622322607859645,0.06356635430774224,0.01447894991706963,0.2170976870780806,0.02509943190154477,0.22464375523889354,0.025,0.1978411448261313,0.028099739860772122,
imbalanced,qwen3_1b7,tier0,last,12,5,0.2866601033718927,0.01667105134569607,0.06351204310628608,0.014526683118259321,0.21538912222064477,0.018269342801953838,0.22464375523889354,0.025,0.19864280440209556,0.028134757869773437,
imbalanced,qwen3_1b7,tier0,last,13,5,0.28664955521957736,0.021469172428223895,0.06281627632072127,0.015375390899649235,0.21313702769911277,0.022220492684504302,0.22464375523889354,0.025,0.19613234415104955,0.028406344250444922,
imbalanced,qwen3_1b7,tier0,last,14,5,0.29251081185612315,0.015224051599607278,0.06305572069893293,0.011909326336840503,0.2152469698994512,0.014281662282535629,0.22464375523889354,0.025,0.2036777891072747,0.029570636999681515,
imbalanced,qwen3_1b7,tier0,last,15,5,0.29419148412503077,0.014356239821382438,0.06556980546903077,0.013326560329943647,0.21836408750487735,0.016790794631734364,0.22464375523889354,0.025,0.19696916423473154,0.02830839598499104,
imbalanced,qwen3_1b7,tier0,last,16,5,0.2967160085791639,0.01721009126064097,0.06732613944595026,0.014606546001955514,0.22240653766933124,0.018326654277211012,0.22464375523889354,0.025,0.18945184768468054,0.027444549964536692,
imbalanced,qwen3_1b7,tier0,last,17,5,0.2933546640413488,0.01777993417022364,0.06702006975819896,0.014762597218485012,0.21745230435151197,0.017978062546567072,0.22464375523889354,0.025,0.201177877008544,0.029006059750750306,
imbalanced,qwen3_1b7,tier0,last,18,5,0.30676488168489147,0.017025412028583736,0.0689646381897972,0.013249299369845008,0.23141513483581627,0.017481754339579547,0.22464375523889354,0.025,0.20787243767800007,0.03013057336039867,
imbalanced,qwen3_1b7,tier0,last,19,5,0.3025842973172533,0.008437456714653353,0.06647956302066321,0.012218252443604017,0.22891798992025122,0.011008887060631961,0.22464375523889354,0.025,0.2028374529728209,0.02961690674242694,
imbalanced,qwen3_1b7,tier0,last,20,5,0.29251081185612315,0.014513640901083187,0.06168265766338683,0.010972699127576556,0.21027710375842462,0.011667036670442514,0.22464375523889354,0.025,0.20119897331317463,0.029611586123330425,
imbalanced,qwen3_1b7,tier0,last,21,5,0.29502830420871273,0.013869402661048153,0.061730378140744835,0.008772221938496139,0.21077850427557468,0.016665749904264757,0.22464375523889354,0.025,0.22046693154249147,0.034125892867131545,
imbalanced,qwen3_1b7,tier0,last,22,5,0.29000386765584896,0.014900341184017908,0.06024640523600695,0.01022602249175808,0.20040511169510883,0.009760117097555768,0.22464375523889354,0.025,0.20452867339404382,0.030143114038575107,
imbalanced,qwen3_1b7,tier0,last,23,5,0.2900249639604796,0.013582001243962702,0.06206032115728104,0.015672663797988803,0.20396796530229394,0.015728090565649246,0.22464375523889354,0.025,0.21372314616223057,0.031476616665588555,
imbalanced,qwen3_1b7,tier0,last,24,5,0.2874934074048029,0.018937396578844013,0.06256311302695969,0.01719067410889613,0.20043970468688493,0.022806807359912397,0.22464375523889354,0.025,0.21541436658345345,0.032180245450089434,
imbalanced,qwen3_1b7,tier0,last,25,5,0.32102246756443165,0.013244411150187206,0.07847352217051101,0.011646017261487899,0.24093624572148098,0.013605826985025651,0.22464375523889354,0.025,0.1986639007067262,0.029615292227102553,
imbalanced,qwen3_1b7,tier0,last,26,5,0.3226996237825674,0.011985125291813373,0.07548156038678731,0.011980674159624165,0.2326026264944189,0.012318773763107792,0.22464375523889354,0.025,0.19279209591786506,0.028278932683817183,
imbalanced,qwen3_1b7,tier0,last,27,5,0.3252311803382441,0.011428378792711713,0.07754848421739007,0.011445104089271458,0.23836394944139183,0.013484885066694772,0.22464375523889354,0.025,0.1952990401181393,0.02505423847480906,
imbalanced,qwen3_1b7,tier0,last,28,5,0.33277310924369746,0.009714450602946392,0.08327150397574826,0.009305737427750822,0.25626403714582696,0.010456556190829526,0.22464375523889354,0.025,0.19614289230336485,0.024688049432261352,
imbalanced,qwen3_1b7,maximal,mean,0,5,0.3445167188214199,0.02646778396795958,0.061462718267041846,0.004263058013656497,0.2664910403218034,0.020560554499789357,0.22464375523889354,0.025,0.2171231672585352,0.028698177048607304,
imbalanced,qwen3_1b7,maximal,mean,1,5,0.29420906437888966,0.020468835050265043,0.05796717214444617,0.01862083866756528,0.20122007045660895,0.020774475485531827,0.22464375523889354,0.025,0.21376533877149187,0.02605061772412102,
imbalanced,qwen3_1b7,maximal,mean,2,5,0.38222284729791495,0.011105431751850244,0.07290026723424889,0.005322364722385793,0.2882410669499855,0.01311193513332724,0.22464375523889354,0.025,0.21125136246967408,0.026684569817252778,
imbalanced,qwen3_1b7,maximal,mean,3,5,0.41489047501845927,0.019727258375913232,0.08284821195341659,0.006845524795575814,0.32414603409904996,0.01716855423289987,0.22464375523889354,0.025,0.2162265743117331,0.026417462277143318,
imbalanced,qwen3_1b7,maximal,mean,4,5,0.3939699729264091,0.01784875790263005,0.07816103262965553,0.006463519094138328,0.3055551783788303,0.012987638561436064,0.22464375523889354,0.025,0.21539327027882288,0.028106503994535424,
imbalanced,qwen3_1b7,maximal,mean,5,5,0.4014978376287754,0.023679457311272512,0.08179439319191421,0.009254807131441436,0.3168055189167905,0.023626519159998964,0.22464375523889354,0.025,0.2095284975915052,0.026233596679953362,
imbalanced,qwen3_1b7,maximal,mean,6,5,0.4132449632572694,0.026807267606611604,0.08797327024540963,0.013454625670817476,0.3372318165728138,0.033285975923185926,0.22464375523889354,0.025,0.20367427305650293,0.025538283339615803,
imbalanced,qwen3_1b7,maximal,mean,7,5,0.41489047501845927,0.022690507232910665,0.09291711036728233,0.008601612386359016,0.3545028504333151,0.021704990528226425,0.22464375523889354,0.025,0.2036777891072747,0.02531395656871712,
imbalanced,qwen3_1b7,maximal,mean,8,5,0.39646988502513975,0.01640884804667149,0.08677314841090374,0.008440466671236223,0.3310469258617251,0.019760821257894974,0.22464375523889354,0.025,0.20533384902077984,0.02600311414195234,
imbalanced,qwen3_1b7,maximal,mean,9,5,0.3788790830139587,0.014205113170790231,0.08260015987150049,0.008778869944737058,0.3168777810345869,0.02263698652890524,0.22464375523889354,0.025,0.20701803734045923,0.025623864796903706,
imbalanced,qwen3_1b7,maximal,mean,10,5,0.37718786259273585,0.006263885649643559,0.08511620649857946,0.004311991142874395,0.3223624104714732,0.006740174884151323,0.22464375523889354,0.025,0.20782672901796703,0.02678908724505392,
imbalanced,qwen3_1b7,maximal,mean,11,5,0.37636159066136915,0.013300260393860609,0.08563681767484391,0.007736059977547355,0.3233197634642209,0.013344821594179134,0.22464375523889354,0.025,0.204479448683239,0.026244967483894672,
imbalanced,qwen3_1b7,maximal,mean,12,5,0.37552125452691537,0.019309264763210755,0.08335100607402594,0.0074548601644843365,0.31964067510178823,0.016695110597593092,0.22464375523889354,0.025,0.21033718926901304,0.02764568391031435,
imbalanced,qwen3_1b7,maximal,mean,13,5,0.38643156007172746,0.023003674508009404,0.08080879911731258,0.008606714590500768,0.31480086993355244,0.02142607341545712,0.22464375523889354,0.025,0.20615660490137477,0.026091017367155734,
imbalanced,qwen3_1b7,maximal,mean,14,5,0.38559473998804544,0.021873491735428914,0.08510152441106293,0.007751828353529112,0.3273328343461855,0.01898316265938594,0.22464375523889354,0.025,0.20365317675187233,0.025987961071022227,
imbalanced,qwen3_1b7,maximal,mean,15,5,0.3805527231813227,0.012206549454506933,0.08230053720964602,0.006139201440718752,0.31853425602381086,0.010355934868899307,0.22464375523889354,0.025,0.21121268591118456,0.02640889488266703,
imbalanced,qwen3_1b7,maximal,mean,16,5,0.38978938855877077,0.0164891722883185,0.08372960888251416,0.008089791939393774,0.32329267456514754,0.016367982268606453,0.22464375523889354,0.025,0.21121971801272812,0.025944612672614404,
imbalanced,qwen3_1b7,maximal,mean,17,5,0.38727189620618124,0.019099343139980372,0.0823276211633826,0.008129617880885913,0.3200295975176037,0.019605357118075515,0.22464375523889354,0.025,0.20451812524172852,0.025596234228311716,
imbalanced,qwen3_1b7,maximal,mean,18,5,0.39314370099504237,0.018392173565820045,0.08406336901565865,0.008168039909902171,0.32580249825087776,0.020878768095555403,0.22464375523889354,0.025,0.2062023135614078,0.025487501461734063,
imbalanced,qwen3_1b7,maximal,mean,19,5,0.39145248057381943,0.012642300733391256,0.08472556935314665,0.006379216685596585,0.32686045855813534,0.01351494531667232,0.22464375523889354,0.025,0.20366020885341585,0.025611766232548704,
imbalanced,qwen3_1b7,maximal,mean,20,5,0.404029394184452,0.008025257836604129,0.08597282421417851,0.006047041026294774,0.3358080371575098,0.007905562461449746,0.22464375523889354,0.025,0.20199711683836713,0.026495841102613837,
imbalanced,qwen3_1b7,maximal,mean,21,5,0.4006399212404627,0.02448077057799772,0.08738465069519943,0.005089026721473801,0.33659693371285515,0.021119948380984667,0.22464375523889354,0.025,0.21707042649695865,0.02973562402226284,
imbalanced,qwen3_1b7,maximal,mean,22,5,0.3838859393129637,0.017026039390837796,0.08176563171189531,0.006640084435527278,0.3121564014781913,0.01769332887605224,0.22464375523889354,0.025,0.2229527794381351,0.030797908973435244,
imbalanced,qwen3_1b7,maximal,mean,23,5,0.38557715973418655,0.01251226374610046,0.08068993716712869,0.007228758598463486,0.3114552308644066,0.01563767720185237,0.22464375523889354,0.025,0.22379663162336066,0.0313423016028595,
imbalanced,qwen3_1b7,maximal,mean,24,5,0.39058401603319154,0.01952115188251437,0.08188509058004814,0.005882636421994415,0.3157508246787071,0.01736202383195236,0.22464375523889354,0.025,0.22044583523786082,0.031047074311417545,
imbalanced,qwen3_1b7,maximal,mean,25,5,0.406525790232411,0.016233812409746046,0.08653133447168675,0.005204820400031913,0.3327807955551716,0.010339054872112893,0.22464375523889354,0.025,0.21206708624872544,0.0295242994025851,
imbalanced,qwen3_1b7,maximal,mean,26,5,0.40316444569459586,0.015683515421278472,0.0852459300257616,0.00518046996659251,0.32678568122984963,0.015285914463589052,0.22464375523889354,0.025,0.2128968742308639,0.02875196124717692,
imbalanced,qwen3_1b7,maximal,mean,27,5,0.4308217010653633,0.02023603450162905,0.08767478700507235,0.00832490894933236,0.3497288791097882,0.02262398793474995,0.22464375523889354,0.025,0.21124081431735875,0.027460961941557595,
imbalanced,qwen3_1b7,maximal,mean,28,5,0.4006399212404627,0.022656786773086985,0.08141395729190781,0.003569147440617361,0.3228860768796057,0.021326080076851425,0.22464375523889354,0.025,0.21119862170809744,0.025234373613179744,
imbalanced,qwen3_1b7,maximal,last,0,5,0.2674378538026089,0.029483232766014944,0.038755012203149586,0.006480208496370756,0.19044242954326984,0.023027416921133793,0.22464375523889354,0.025,0.22380717977567594,0.03146374524163661,
imbalanced,qwen3_1b7,maximal,last,1,5,0.2758025385886572,0.023215970715922164,0.038622912825575326,0.006614549558085021,0.1927649543495358,0.023148328691347763,0.22464375523889354,0.025,0.22044583523786082,0.03229616786132488,
imbalanced,qwen3_1b7,maximal,last,2,5,0.2833304032910235,0.03490664764077494,0.04338815186461844,0.007728395575543532,0.2078579949521934,0.029350395888211176,0.22464375523889354,0.025,0.20116029675468514,0.03034765990365746,
imbalanced,qwen3_1b7,maximal,last,3,5,0.2934144369044689,0.025291574233987566,0.06711118374759523,0.017192071632199046,0.20850416487875542,0.02121798758555163,0.22464375523889354,0.025,0.19445518793291378,0.030558859150721974,
imbalanced,qwen3_1b7,maximal,last,4,5,0.29677226539151225,0.02984873226462666,0.06278423378407676,0.014930222489277323,0.2159323505364188,0.023449203823932414,0.22464375523889354,0.025,0.20537955768081292,0.02957910967105813,
imbalanced,qwen3_1b7,maximal,last,5,5,0.29675468513765335,0.03182760737653418,0.064480862132946,0.01572649840726108,0.2175478840832683,0.02316921579839492,0.22464375523889354,0.025,0.18859041524559617,0.026818801573748934,
imbalanced,qwen3_1b7,maximal,last,6,5,0.3093315987482859,0.03490417018868852,0.07086921731729653,0.0174796374519372,0.23665249245676864,0.025121568128743832,0.22464375523889354,0.025,0.20031996062023136,0.02839803654992846,
imbalanced,qwen3_1b7,maximal,last,7,5,0.30767553883478077,0.03318279207490163,0.07488612491414318,0.01782906495156034,0.23712805874991644,0.025111462094022322,0.22464375523889354,0.025,0.20287612953131046,0.028068941376334228,
imbalanced,qwen3_1b7,maximal,last,8,5,0.3151998874863753,0.04286622019527122,0.07228675403196083,0.01713859891599783,0.24570426990725927,0.03439545414816737,0.22464375523889354,0.025,0.19364649625540592,0.027730819349361762,
imbalanced,qwen3_1b7,maximal,last,9,5,0.314366583453465,0.026220179578882948,0.07719176440994562,0.018959103014274392,0.2458404136986357,0.024969281510081445,0.22464375523889354,0.025,0.1970289370978517,0.027373210260452318,
imbalanced,qwen3_1b7,maximal,last,10,5,0.3210822404275518,0.03561337758427119,0.06373919868317389,0.017390324902640062,0.2527180196993764,0.032402401620134656,0.22464375523889354,0.025,0.19867796490981332,0.029087482832365223,
imbalanced,qwen3_1b7,maximal,last,11,5,0.3143665834534651,0.026253893179363292,0.06239947690505589,0.01629192274829521,0.252064829846272,0.024318004166647304,0.22464375523889354,0.025,0.213747758517633,0.03148407987190739,
imbalanced,qwen3_1b7,maximal,last,12,5,0.31603319151928555,0.03141866242007389,0.06122901366277835,0.015376369665983937,0.2500180530165417,0.027724916267639836,0.22464375523889354,0.025,0.20958123835308182,0.028974081912448785,
imbalanced,qwen3_1b7,maximal,last,13,5,0.3177384761435955,0.032807760106617796,0.06446955220461066,0.018813920162902984,0.24980114419577326,0.030553774905534358,0.22464375523889354,0.025,0.20958123835308182,0.029306921424656285,
imbalanced,qwen3_1b7,maximal,last,14,5,0.31438767975809573,0.032222874106136425,0.06302960300289451,0.017694373340806747,0.246755038927229,0.027826127899479993,0.22464375523889354,0.025,0.19950775289195175,0.02815178505951179,
imbalanced,qwen3_1b7,maximal,last,15,3,0.305966738159699,0.028821527356701196,0.05270396944361364,0.007084659025254118,0.2420119374574803,0.023369727242332283,0.22464375523889354,0.025,0.20788650188108715,0.027422566741826533,
imbalanced,qwen3_1b7,maximal,last,16,5,0.313529763369783,0.04010717426193712,0.06330371103713943,0.02187474909180741,0.24626843020247907,0.03310895008541766,0.22464375523889354,0.025,0.20956717414999476,0.031533549656196085,
imbalanced,qwen3_1b7,maximal,last,17,5,0.3126894272353293,0.04363439208724519,0.07215535792362923,0.02201227980896803,0.24508236323910593,0.034406756219758736,0.22464375523889354,0.025,0.20371294961499245,0.03028783796940096,
imbalanced,qwen3_1b7,maximal,last,18,5,0.3160437396716008,0.03541077975913685,0.07144853649597713,0.016733123524830605,0.24688902647417926,0.02907297572024082,0.22464375523889354,0.025,0.20453218944481555,0.03026204326947023,
imbalanced,qwen3_1b7,maximal,last,19,5,0.32526282479519003,0.03744637584877294,0.06675246348165591,0.02009392855956327,0.2550913532204297,0.0340710732956865,0.22464375523889354,0.025,0.20454273759713093,0.030741385382127413,
imbalanced,qwen3_1b7,maximal,last,20,5,0.3277662529446925,0.022545415449240633,0.05381600325815596,0.005463346127720205,0.253621918704243,0.020799284695782922,0.22464375523889354,0.025,0.1936324320523188,0.028809855136790536,
imbalanced,qwen3_1b7,maximal,last,21,5,0.3294363770612848,0.017578094871121865,0.06965793672175337,0.015386104270533017,0.26104073593801946,0.017832040367747447,0.22464375523889354,0.025,0.21038993003058964,0.03068544901386382,
imbalanced,qwen3_1b7,maximal,last,22,5,0.3193875039555571,0.01906890710967836,0.05722925493049345,0.005428829001104835,0.2553045929520631,0.018742142873499578,0.22464375523889354,0.025,0.2078689216272283,0.02769359561945107,
imbalanced,qwen3_1b7,maximal,last,23,5,0.32525579269364646,0.01449836788846884,0.05824694462813147,0.0034708441009552653,0.25974798308966307,0.014237211992374746,0.22464375523889354,0.025,0.20871277381245382,0.028911204850805384,
imbalanced,qwen3_1b7,maximal,last,24,5,0.3034527618578812,0.016784081136419222,0.05057254244613611,0.003876364575133866,0.23610990710898427,0.013783834266927635,0.22464375523889354,0.025,0.2078689216272283,0.029238927055608693,
imbalanced,qwen3_1b7,maximal,last,25,5,0.31517879118174463,0.014295334537164724,0.057004800460129734,0.004403420468014354,0.25246805068721623,0.01395721268409986,0.22464375523889354,0.025,0.20536197742695408,0.027714639020382188,
imbalanced,qwen3_1b7,maximal,last,26,5,0.33614148588305615,0.02230007242105384,0.0660473762125181,0.007245524218072731,0.274922520150749,0.023559945421168727,0.22464375523889354,0.025,0.213747758517633,0.029040917203050336,
imbalanced,qwen3_1b7,maximal,last,27,5,0.3311275974825077,0.02099379239964866,0.05956754135474187,0.006203165975240986,0.263795431743098,0.0172128127785163,0.22464375523889354,0.025,0.208695193558595,0.02599908054316471,
imbalanced,qwen3_1b7,maximal,last,28,5,0.318536619668788,0.017595331251247764,0.05347490883981344,0.0059707537211661004,0.24791487561775827,0.01437169673229411,0.22464375523889354,0.025,0.21371963011145878,0.029092554358209698,
imbalanced,qwen3_8b,tier0,mean,0,5,0.42913048064414044,0.026185421702639752,0.10063580720242202,0.019114276685705946,0.34242006953694437,0.01917632644221513,0.22464375523889354,0.025,0.19948665658732115,0.026847779961259605,
imbalanced,qwen3_8b,tier0,mean,1,5,0.3897471959495095,0.016755701494306205,0.08359923110787323,0.008282362256712987,0.3208595324454863,0.018942122146659458,0.22464375523889354,0.025,0.2087338701170845,0.025031771548223808,
imbalanced,qwen3_8b,tier0,mean,2,5,0.4090292183819134,0.013965095054340373,0.09016699394008373,0.007811620873816378,0.3405693274061371,0.017769493084177898,0.22464375523889354,0.025,0.19449034844063148,0.023510803494752503,
imbalanced,qwen3_8b,tier0,mean,3,5,0.4023346577124574,0.014857312075816524,0.08814953068101768,0.007303067334117364,0.3338820551895533,0.015137751675186361,0.22464375523889354,0.025,0.20787946977954364,0.028677663426935125,
imbalanced,qwen3_8b,tier0,mean,4,5,0.4266481487992687,0.01802783022177272,0.09196239691835144,0.009076189875634424,0.3531975225835729,0.019113979228827193,0.22464375523889354,0.025,0.19867093280826975,0.02630371431259796,
imbalanced,qwen3_8b,tier0,mean,5,5,0.42832530501740446,0.014613952292911151,0.09509412509547602,0.008007144178757166,0.3622905605939527,0.016420677313130596,0.22464375523889354,0.025,0.2053690095284976,0.025957347410239494,
imbalanced,qwen3_8b,tier0,mean,6,5,0.4065504025878134,0.017230570303915088,0.0890827052711387,0.008126970491500862,0.34047151156567435,0.018849746143712525,0.22464375523889354,0.025,0.20451109314018492,0.026153193699408762,
imbalanced,qwen3_8b,tier0,mean,7,5,0.45344397173095174,0.026491939743455747,0.09862487141118152,0.012873119253896441,0.3665236246030844,0.02518432475786126,0.22464375523889354,0.025,0.20704968179740516,0.02604298730308898,
imbalanced,qwen3_8b,tier0,mean,8,5,0.4316690693013608,0.03925164251380975,0.0944400250490367,0.012077823767726013,0.35272742247683303,0.034287034248964676,0.22464375523889354,0.025,0.20702858549277453,0.02586750654856268,
imbalanced,qwen3_8b,tier0,mean,9,5,0.4174255476249077,0.03946916479373504,0.09189631742081701,0.012814550051000231,0.3446055165457954,0.03589341859132786,0.22464375523889354,0.025,0.20034457297563377,0.024569555368391123,
imbalanced,qwen3_8b,tier0,mean,10,5,0.4140852993917233,0.018650052720748697,0.08936458981772005,0.0071509189434791984,0.34187921255642895,0.014782282207435103,0.22464375523889354,0.025,0.20452867339404382,0.025723930329223533,
imbalanced,qwen3_8b,tier0,mean,11,5,0.3696424176365107,0.012936071162046491,0.07900821181464682,0.006300937151035502,0.30216181542348125,0.012617515212646143,0.22464375523889354,0.025,0.20705319784817694,0.02603549428385642,
imbalanced,qwen3_8b,tier0,mean,12,5,0.38306669948314054,0.012798220026636907,0.08323187915825127,0.005704961430065448,0.31714290700400005,0.012310818068220925,0.22464375523889354,0.025,0.1978130164199571,0.025265241078956502,
imbalanced,qwen3_8b,tier0,mean,13,5,0.3855912239372737,0.02723832225064808,0.08223032651600849,0.009023179363061547,0.3190298745578688,0.023909753887267345,0.22464375523889354,0.025,0.19616047255722374,0.024684567633673028,
imbalanced,qwen3_8b,tier0,mean,14,5,0.39816462149713444,0.02564451003911171,0.08506574906740247,0.008973276195308666,0.33024706804081105,0.02141959837340835,0.22464375523889354,0.025,0.19280616012095214,0.02400647982633868,
imbalanced,qwen3_8b,tier0,mean,15,5,0.4023205935093703,0.024823702920414616,0.08647206991391655,0.008758012550204485,0.3321896204938516,0.02106298487354131,0.22464375523889354,0.025,0.19530958827045464,0.025658956947632722,
imbalanced,qwen3_8b,tier0,mean,16,5,0.40736261031609294,0.02421690172603835,0.08714301868783614,0.00831273486457352,0.33553440616151514,0.018744560574751032,0.22464375523889354,0.025,0.19446925213600086,0.025316332153432364,
imbalanced,qwen3_8b,tier0,mean,17,5,0.424953412327274,0.029783723727263622,0.08932130422035212,0.009524049677654526,0.3462336918998157,0.023389227283795864,0.22464375523889354,0.025,0.20032347667100314,0.025616372571043232,
imbalanced,qwen3_8b,tier0,mean,18,5,0.424116592243592,0.02807051988219764,0.08847734680937425,0.009088018662486323,0.34477222030742594,0.02154050857712472,0.22464375523889354,0.025,0.2045321894448156,0.025754914017248054,
imbalanced,qwen3_8b,tier0,mean,19,5,0.43249885728349924,0.027555421576124534,0.08941813576679708,0.008846121581581101,0.3508572303906178,0.020411507960652994,0.22464375523889354,0.025,0.20286206532822332,0.025644454063596944,
imbalanced,qwen3_8b,tier0,mean,20,5,0.4283182729158609,0.019020978715393384,0.08973564015280529,0.007655934091894787,0.3486350473647521,0.013943093204247328,0.22464375523889354,0.025,0.20453570549558736,0.02591957030965423,
imbalanced,qwen3_8b,tier0,mean,21,5,0.432502373334271,0.021793544053375597,0.09123863915655953,0.008295521994107867,0.35177812355952887,0.016604948092786013,0.22464375523889354,0.025,0.20453922154635915,0.026086279242050998,
imbalanced,qwen3_8b,tier0,mean,22,5,0.434176013501635,0.018274345025192144,0.09089014291724108,0.007451093146352224,0.3532146312667216,0.013973815146834297,0.22464375523889354,0.025,0.20370591751344888,0.025439760907537495,
imbalanced,qwen3_8b,tier0,mean,23,5,0.4283042087127738,0.016321833379845167,0.08951769357683984,0.006078407152954819,0.3489239308990035,0.011034465568699999,0.22464375523889354,0.025,0.19781301641995713,0.024727353695287592,
imbalanced,qwen3_8b,tier0,mean,24,5,0.4291550929995429,0.010835093686276774,0.09038490637582866,0.004322647904824678,0.35069463643635623,0.005838574322661037,0.22464375523889354,0.025,0.19530607221968282,0.02533843582433491,
imbalanced,qwen3_8b,tier0,mean,25,5,0.4199184276220948,0.017904310544560154,0.09009500727578958,0.0073155015150965326,0.34775514648858186,0.013630429927888283,0.22464375523889354,0.025,0.19365352835694946,0.02574138600157424,
imbalanced,qwen3_8b,tier0,mean,26,5,0.4115431946837312,0.014154135658077686,0.08938413745360878,0.005737754063853649,0.34229189628182133,0.010084476632271923,0.22464375523889354,0.025,0.20035863717872085,0.026955571153352797,
imbalanced,qwen3_8b,tier0,mean,27,5,0.40734151401146235,0.02224745833078349,0.08915722998282997,0.007063156868725461,0.34132867519454513,0.016826389596774353,0.22464375523889354,0.025,0.19113955205513167,0.025695177428380282,
imbalanced,qwen3_8b,tier0,mean,28,5,0.41740445132027704,0.01497494815863195,0.09127355201376655,0.006508052852345276,0.34935981586889364,0.009984632347934641,0.22464375523889354,0.025,0.19784466087690306,0.0264271450485206,
imbalanced,qwen3_8b,tier0,mean,29,5,0.4149010231707746,0.013418152683717583,0.09131362590745391,0.0065591843966454726,0.3495449264325067,0.009412520247490626,0.22464375523889354,0.025,0.2003656692802644,0.027382433693301574,
imbalanced,qwen3_8b,tier0,mean,30,5,0.408213494602862,0.009689530394763321,0.08977434728506531,0.006208017760412065,0.3424580623646089,0.009102546562646408,0.22464375523889354,0.025,0.2020568897014873,0.026565092935308076,
imbalanced,qwen3_8b,tier0,mean,31,5,0.4014943215780035,0.010147424865097334,0.08758450680774077,0.0059780924880342675,0.33467919706121996,0.007404608719624188,0.22464375523889354,0.025,0.19198692029112902,0.024620235144358772,
imbalanced,qwen3_8b,tier0,mean,32,5,0.3956400970430013,0.006136595554554675,0.0869634335984576,0.005755404279290077,0.33051600676077253,0.005817121301875572,0.22464375523889354,0.025,0.19282374037481104,0.025428733018104194,
imbalanced,qwen3_8b,tier0,mean,33,5,0.3989838613269575,0.009957453302574523,0.08786590986342266,0.005580338983779752,0.3334050671606931,0.008555061042304668,0.22464375523889354,0.025,0.19952181709503886,0.027193218763535254,
imbalanced,qwen3_8b,tier0,mean,34,5,0.40401532998136486,0.012849467076198136,0.08824640264791275,0.006756792364791413,0.33536937671818506,0.00973057125886139,0.22464375523889354,0.025,0.19196934003727015,0.02594574395404256,
imbalanced,qwen3_8b,tier0,mean,35,5,0.39898034527618575,0.013173129042611524,0.08700223056046455,0.007446367839986929,0.33022718522415834,0.011219116007772445,0.22464375523889354,0.025,0.19699729264090574,0.0260906722732548,
imbalanced,qwen3_8b,tier0,mean,36,5,0.37132660595619005,0.008336721726045885,0.0785112984418715,0.004664023113022383,0.299148340728664,0.009377756090836332,0.22464375523889354,0.025,0.1995253331458106,0.027141293444290095,
imbalanced,qwen3_8b,tier0,last,0,5,0.2841707394254773,0.016408103659332735,0.05435598360100067,0.009970931119344696,0.18372924316183903,0.009504541727917645,0.22464375523889354,0.025,0.19361485179846,0.02594092173666971,
imbalanced,qwen3_8b,tier0,last,1,5,0.271590309764073,0.006391050734825295,0.04692474812123568,0.009041075131330923,0.16637246355761867,0.004307787541484207,0.22464375523889354,0.025,0.20617066910446188,0.028123695276564126,
imbalanced,qwen3_8b,tier0,last,2,3,0.2699061214443937,0.014363583396469466,0.04696729270955234,0.010556360784795403,0.16512442356180482,0.011793041742690375,0.22464375523889354,0.025,0.20284448507436448,0.02527404068079716,
imbalanced,qwen3_8b,tier0,last,3,5,0.2833233711894799,0.013753485520010872,0.048180053366035605,0.009657877205362734,0.17304527069758807,0.007350903164988066,0.22464375523889354,0.025,0.2036777891072747,0.02907894034670558,
imbalanced,qwen3_8b,tier0,last,4,5,0.28332688724025173,0.0213654305713526,0.04844491664078594,0.008826421364668728,0.1746039872387317,0.011999110106496484,0.22464375523889354,0.025,0.1936113357476882,0.027095538896607468,
imbalanced,qwen3_8b,tier0,last,5,5,0.28916704757216694,0.010381526781123408,0.061808028527493265,0.009523315153620251,0.20261884021745785,0.0036194568614930727,0.22464375523889354,0.025,0.1995007207904082,0.028076969605932332,
imbalanced,qwen3_8b,tier0,last,6,5,0.28917056362293875,0.011123328786037891,0.06157880271886042,0.009134807100284038,0.20239108362800629,0.013760986188797383,0.22464375523889354,0.025,0.20536197742695408,0.030726095118201003,
imbalanced,qwen3_8b,tier0,last,7,5,0.29169508807707184,0.00955421956724104,0.06175285674171853,0.008545303230036298,0.20855862124478824,0.006975562736301848,0.22464375523889354,0.025,0.20621286171372316,0.030244512900503895,
imbalanced,qwen3_8b,tier0,last,8,5,0.2900108997573925,0.010980315256430838,0.059686969452417735,0.010837572254171982,0.1990341397189315,0.011637820801151047,0.22464375523889354,0.025,0.1995007207904082,0.029256212058501152,
imbalanced,qwen3_8b,tier0,last,9,5,0.278284870433529,0.009231234446997744,0.05133235188549212,0.011295608442756533,0.17946482482008025,0.01267083788765649,0.22464375523889354,0.025,0.1944762842375444,0.03048897558243861,
imbalanced,qwen3_8b,tier0,last,10,3,0.2707323933757603,0.019766174214599277,0.05143739484706796,0.011327190500922084,0.1715070411883794,0.011366007994014809,0.22464375523889354,0.025,0.2045146091909567,0.028835223162997414,
imbalanced,qwen3_8b,tier0,last,11,5,0.2799409303470342,0.014118214036020201,0.05751886516978875,0.010019018004054643,0.19312389267943306,0.009659032819969491,0.22464375523889354,0.025,0.19111845575050104,0.028047546620426984,
imbalanced,qwen3_8b,tier0,last,12,5,0.2833022748848494,0.01409223938085719,0.05932396205022448,0.012488357310022633,0.19369913946369915,0.005298425987366241,0.22464375523889354,0.025,0.18859041524559614,0.02703553800203712,
imbalanced,qwen3_8b,tier0,last,13,5,0.27910059421258043,0.015764704451352737,0.05321219692913208,0.011753068957371882,0.19223850968625927,0.009654023737736075,0.22464375523889354,0.025,0.19950423684117996,0.029174400664695177,
imbalanced,qwen3_8b,tier0,last,14,5,0.2690165605991351,0.030609418966766277,0.0527220116913855,0.014586739426167568,0.19059362200366287,0.026160448590178086,0.22464375523889354,0.025,0.18690622692591682,0.02701008814924018,
imbalanced,qwen3_8b,tier0,last,15,5,0.2815969902605394,0.029263253054495987,0.0566752077861856,0.012031001913298776,0.20690220089232306,0.02220223925998801,0.22464375523889354,0.025,0.19864280440209556,0.03082049349574949,
imbalanced,qwen3_8b,tier0,last,16,5,0.2908231074856721,0.0214243957655226,0.06612495079352607,0.012898711750003351,0.22010852142483966,0.01754391288296596,0.22464375523889354,0.025,0.1844168629795014,0.0269534303983069,
imbalanced,qwen3_8b,tier0,last,17,5,0.2849583347983545,0.02000592105006001,0.06494805531634111,0.012808794743985498,0.21479952903615293,0.01743443356097732,0.22464375523889354,0.025,0.18944129953236524,0.027043704390411295,
imbalanced,qwen3_8b,tier0,last,18,5,0.2874828592524876,0.018424191932154204,0.06586999288682045,0.012781320514048797,0.21862025189090195,0.01561799764762894,0.22464375523889354,0.025,0.18776414331422947,0.02563901326308584,
imbalanced,qwen3_8b,tier0,last,19,5,0.2849583347983545,0.020871130483728535,0.06502589676335814,0.011990373790013841,0.21499882661856953,0.01636256591002768,0.22464375523889354,0.025,0.1827432228121374,0.026122769578337403,
imbalanced,qwen3_8b,tier0,last,20,5,0.28915298336907985,0.017223605739776274,0.06002469351234553,0.015597239086324625,0.21492736995077194,0.012721616957971504,0.22464375523889354,0.025,0.1902886677683626,0.027188965019969223,
imbalanced,qwen3_8b,tier0,last,21,5,0.28497239900144156,0.012174497282865146,0.057744086010135566,0.014918793901987411,0.21123740028812504,0.013189754097644533,0.22464375523889354,0.025,0.19279912801940863,0.02715703817457511,
imbalanced,qwen3_8b,tier0,last,22,5,0.2874723111001723,0.022424915910869217,0.05380957904239771,0.018094689623980687,0.20740128662721613,0.02625172743163466,0.22464375523889354,0.025,0.18777820751731655,0.028459908488199893,
imbalanced,qwen3_8b,tier0,last,23,5,0.29084420379030274,0.01242004511084773,0.06363033060933951,0.011622541529991972,0.2129415461005971,0.00964781231304035,0.22464375523889354,0.025,0.1835835589465912,0.028470571873639588,
imbalanced,qwen3_8b,tier0,last,24,5,0.28917407967371045,0.014982640336755991,0.061588123183484056,0.012892939952758645,0.20321925031011157,0.018880605109532617,0.22464375523889354,0.025,0.19363594810309062,0.030332081378284102,
imbalanced,qwen3_8b,tier0,last,25,5,0.28247600295348263,0.020551460831366143,0.05821478840007882,0.01419191947540231,0.19537368463176683,0.020469284784427673,0.22464375523889354,0.025,0.19531310432122642,0.028782610070975538,
imbalanced,qwen3_8b,tier0,last,26,5,0.278284870433529,0.016768206486506895,0.05775739156445396,0.016120667678040972,0.18647051633959016,0.01685228585836653,0.22464375523889354,0.025,0.1936394641538624,0.02909260849323974,
imbalanced,qwen3_8b,tier0,last,27,5,0.2824689708519391,0.011716004557570986,0.057118346273328804,0.01227865598428491,0.18906674870585488,0.011054460869871883,0.22464375523889354,0.025,0.1995007207904082,0.02919965980382444,
imbalanced,qwen3_8b,tier0,last,28,5,0.2732569178298935,0.01027743264491031,0.0534083975726664,0.012842136716291067,0.17950899754006472,0.01064556632173514,0.22464375523889354,0.025,0.20621637776449492,0.02908766910607269,
imbalanced,qwen3_8b,tier0,last,29,5,0.27577089413171124,0.013233345487305913,0.05518739344092044,0.013262872977039762,0.1835870476012083,0.013464172939425555,0.22464375523889354,0.025,0.20035863717872088,0.02822510030781001,
imbalanced,qwen3_8b,tier0,last,30,5,0.26570444077212474,0.013404864138986453,0.05368827236369376,0.014317666391630889,0.17193554096167674,0.009055433670963101,0.22464375523889354,0.025,0.2028690974297669,0.028177775098151957,
imbalanced,qwen3_8b,tier0,last,31,5,0.27410428606589077,0.016523188949806717,0.05104388928825092,0.012743031999674055,0.18463795485924278,0.01770611919845573,0.22464375523889354,0.025,0.20287612953131046,0.02778491925875695,
imbalanced,qwen3_8b,tier0,last,32,5,0.2690868816145705,0.016473050217557034,0.05110745391861817,0.012774659280368654,0.1835870834238645,0.020264567775858965,0.22464375523889354,0.025,0.2037024014626771,0.02776160638655596,
imbalanced,qwen3_8b,tier0,last,33,5,0.2682430294293449,0.017123796814985166,0.051201322764796456,0.014195195372184069,0.18379616105824587,0.014814555605491986,0.22464375523889354,0.025,0.20118842516085933,0.027875522868936874,
imbalanced,qwen3_8b,tier0,last,34,5,0.27663935867233924,0.02085583800844938,0.049859645368950545,0.012012438836352638,0.19663170967927393,0.02350662681072864,0.22464375523889354,0.025,0.19282374037481104,0.026691148391115832,
imbalanced,qwen3_8b,tier0,last,35,5,0.2564853556485356,0.013912402890822793,0.034194454971770954,0.0021638707956872383,0.16946884853545086,0.01034448278325043,0.22464375523889354,0.025,0.1995007207904082,0.025502598287665372,
imbalanced,qwen3_8b,tier0,last,36,5,0.2690728174114835,0.00681154053810311,0.035277455906430534,0.0038350919539709644,0.1737675725783706,0.005982943232992688,0.22464375523889354,0.025,0.20539713793467174,0.02466256822329604,
imbalanced,qwen3_8b,maximal,mean,0,5,0.3495341232727401,0.017960875281405945,0.0659389473500845,0.0036727941862807253,0.27336214388993463,0.013883531148875649,0.22464375523889354,0.025,0.20287261348053867,0.0270284890301025,
imbalanced,qwen3_8b,maximal,mean,1,5,0.310941950001758,0.029499749790332278,0.06148157620299155,0.01601629853712569,0.21342723738026495,0.028737924802404606,0.22464375523889354,0.025,0.21543897893885586,0.027882017934065105,
imbalanced,qwen3_8b,maximal,mean,2,5,0.3646214971344186,0.01226744823556156,0.08091262876453173,0.01303764670472083,0.27047581659024095,0.013783088407429563,0.22464375523889354,0.025,0.22048802784712213,0.030001283752974478,
imbalanced,qwen3_8b,maximal,mean,3,5,0.3973102211595935,0.014370450072676465,0.08022886756430961,0.0025861352315463084,0.31742687201701775,0.010447996006001386,0.22464375523889354,0.025,0.21711613515699163,0.029240683274822342,
imbalanced,qwen3_8b,maximal,mean,4,5,0.40485918216659045,0.017422811758044145,0.08033219594426723,0.0038366766772703147,0.31804362275717335,0.01467024062425602,0.22464375523889354,0.025,0.20791814633803313,0.027480841940937965,
imbalanced,qwen3_8b,maximal,mean,5,5,0.4065328223339545,0.004005298861964104,0.07962916361030972,0.0028587494011977784,0.3165979187289255,0.00374842159084157,0.22464375523889354,0.025,0.20953904574382057,0.029059778507214796,
imbalanced,qwen3_8b,maximal,mean,6,5,0.4023205935093703,0.018358992355954645,0.0959263040540712,0.013556784727519958,0.3219711168188941,0.014892928675113925,0.22464375523889354,0.025,0.2170985549031328,0.027904890854104948,
imbalanced,qwen3_8b,maximal,mean,7,5,0.3922717204036426,0.01646924111633273,0.08763725770872963,0.007147102741427991,0.3207634049080341,0.01572149162517499,0.22464375523889354,0.025,0.2120600541471819,0.028479688097475177,
imbalanced,qwen3_8b,maximal,mean,8,5,0.40067156569740864,0.008207007817553276,0.09043312212059854,0.006398143051011948,0.3318404991434479,0.01145949132755425,0.22464375523889354,0.025,0.2137512745684048,0.02717084769264539,
imbalanced,qwen3_8b,maximal,mean,9,5,0.4031679617453676,0.015068293920316495,0.09439806736121133,0.006030347403276707,0.34248692757453425,0.015422781249556398,0.22464375523889354,0.025,0.21961956330649413,0.026714896498020176,
imbalanced,qwen3_8b,maximal,mean,10,5,0.37887205091241516,0.015455392997212979,0.0784735034063992,0.0073874814631554875,0.29776450045015435,0.015150610720370956,0.22464375523889354,0.025,0.21206708624872544,0.026560464505916353,
imbalanced,qwen3_8b,maximal,mean,11,5,0.3713301220069618,0.014569833062614043,0.07654179417210774,0.0052454134861038984,0.2919759083104398,0.012882266623241928,0.22464375523889354,0.025,0.21375127456840476,0.02735367486271968,
imbalanced,qwen3_8b,maximal,mean,12,5,0.36630920150486973,0.010975275747970631,0.07536103441130607,0.005012618727154544,0.2865632486641723,0.008919178018008646,0.22464375523889354,0.025,0.216258218768679,0.026249084615452896,
imbalanced,qwen3_8b,maximal,mean,13,5,0.3646285292359622,0.012722378725264232,0.07512691260426926,0.004979621326602493,0.286182811358161,0.010158866493189934,0.22464375523889354,0.025,0.2045146091909567,0.024539879626860474,
imbalanced,qwen3_8b,maximal,mean,14,5,0.36966351394114133,0.01569076963298347,0.07589963009641568,0.005518439793297631,0.290207525307158,0.012346242438637514,0.22464375523889354,0.025,0.20369536936113358,0.024410022301470283,
imbalanced,qwen3_8b,maximal,mean,15,5,0.3788825990647305,0.01634585343913398,0.07749840039201979,0.006432963099550621,0.29647524823582627,0.012304601643585853,0.22464375523889354,0.025,0.20954256179459235,0.02556662951580781,
imbalanced,qwen3_8b,maximal,mean,16,5,0.37888611511550224,0.017058291265216442,0.0781276535263703,0.006079334007259612,0.2979937828741346,0.012074204370708518,0.22464375523889354,0.025,0.21288984212932038,0.025727873188143707,
imbalanced,qwen3_8b,maximal,mean,17,5,0.38307373158468405,0.027773542995591722,0.0792129407205149,0.007917332965325999,0.3021990102762274,0.02156109300366698,0.22464375523889354,0.025,0.21876516296895326,0.02773540920938869,
imbalanced,qwen3_8b,maximal,mean,18,5,0.38727189620618124,0.015193731320852832,0.07900210802342901,0.004278501209243325,0.3044684974794877,0.010064914543878582,0.22464375523889354,0.025,0.2187510987658662,0.027170133840426963,
imbalanced,qwen3_8b,maximal,mean,19,5,0.37636159066136915,0.01700169762892431,0.07729012425626046,0.004641238184185289,0.29792362064039224,0.011968493884704603,0.22464375523889354,0.025,0.21960901515417883,0.026758653549467833,
imbalanced,qwen3_8b,maximal,mean,20,5,0.3788685348616434,0.020642058228882574,0.07844391485666011,0.006429524411306884,0.3008577982043249,0.0156438875354989,0.22464375523889354,0.025,0.21458106255054324,0.02686857054419923,
imbalanced,qwen3_8b,maximal,mean,21,5,0.3864245279701839,0.015379390960696107,0.07674600617764701,0.00595670113377836,0.30058733766153034,0.0123084888684391,0.22464375523889354,0.025,0.21708449070004568,0.026521343964394133,
imbalanced,qwen3_8b,maximal,mean,22,5,0.38977180830491187,0.00943824872268317,0.07790691684631591,0.00635396311249962,0.30264355783911057,0.00855807339942423,0.22464375523889354,0.025,0.21038993003058967,0.02611272369359236,
imbalanced,qwen3_8b,maximal,mean,23,5,0.39565064519531656,0.012005228799151604,0.07881422271522182,0.00571470036079813,0.30817708202046257,0.009654309276019752,0.22464375523889354,0.025,0.2095425617945923,0.025886971830275312,
imbalanced,qwen3_8b,maximal,mean,24,5,0.3948103090608628,0.011575448986394996,0.08148249123284199,0.0058370505682258135,0.3133944864391157,0.010623517031985,0.22464375523889354,0.025,0.20871277381245384,0.024763147291448018,
imbalanced,qwen3_8b,maximal,mean,25,5,0.3906191765409092,0.007547147083322264,0.07821651273585829,0.005314790472280098,0.3060026485264204,0.00959658171223508,0.22464375523889354,0.025,0.20953552969304873,0.027147303095129284,
imbalanced,qwen3_8b,maximal,mean,26,5,0.39982068141063953,0.017006791208195118,0.08052947050709905,0.005769765494213307,0.31546635835047543,0.013458859752333362,0.22464375523889354,0.025,0.21290742238317922,0.026851816277021955,
imbalanced,qwen3_8b,maximal,mean,27,5,0.3972996730072782,0.017633039841775118,0.07985180976361672,0.004965733491522979,0.314683855675211,0.011307497926655112,0.22464375523889354,0.025,0.20704264969586164,0.02757363208518492,
imbalanced,qwen3_8b,maximal,mean,28,5,0.4006610175450933,0.01787747278060095,0.08149703957949865,0.0054755365729842265,0.3187338992111331,0.013983790133127902,0.22464375523889354,0.025,0.21793185893604305,0.028858862811687775,
imbalanced,qwen3_8b,maximal,mean,29,5,0.39394536057100665,0.02215547431420052,0.08092270444146928,0.005791106050334476,0.3166369706781973,0.01829708014911012,0.22464375523889354,0.025,0.21459512675363035,0.029066004955396723,
imbalanced,qwen3_8b,maximal,mean,30,5,0.3989733131746423,0.019462408512509466,0.08245741639066624,0.00734140011942925,0.3227624459581107,0.01741388959687934,0.22464375523889354,0.025,0.21376182272072008,0.028120873959502808,
imbalanced,qwen3_8b,maximal,mean,31,5,0.3947716325023733,0.02568433959561389,0.08021496367156931,0.0062602820381131175,0.31494696573740016,0.019181159295051504,0.22464375523889354,0.025,0.2028655813789951,0.026254694831087715,
imbalanced,qwen3_8b,maximal,mean,32,5,0.39728912485496287,0.02919174256040512,0.08079692962381728,0.007335009778542909,0.31709913014325275,0.02247367810197723,0.22464375523889354,0.025,0.2053690095284976,0.02804705925510107,
imbalanced,qwen3_8b,maximal,mean,33,5,0.3972680285503323,0.028535930146529956,0.08080907689644665,0.005217235802600087,0.3189324282355057,0.018786517789755205,0.22464375523889354,0.025,0.20452867339404382,0.0287413188954208,
imbalanced,qwen3_8b,maximal,mean,34,5,0.40148728947646006,0.019297775393559428,0.08157104914491803,0.003742887088058062,0.32204217300519805,0.01283317612396865,0.22464375523889354,0.025,0.20117084490700043,0.02864544295855318,
imbalanced,qwen3_8b,maximal,mean,35,5,0.4098801026686825,0.012149522018837297,0.08590604414258275,0.005393481930011856,0.33726037564037553,0.009987630466215995,0.22464375523889354,0.025,0.20368833725959004,0.028245204793128097,
imbalanced,qwen3_8b,maximal,mean,36,5,0.3779860061179283,0.032218879195375305,0.07747914685191237,0.008206592274428789,0.30879632755432246,0.026712277336410652,0.22464375523889354,0.025,0.21460919095671743,0.0296813621995985,
imbalanced,qwen3_8b,maximal,last,0,5,0.2724447101016139,0.020117988371674847,0.037355603795965926,0.0032793835568476768,0.18594220776803452,0.012959069711201573,0.22464375523889354,0.025,0.22882106817622447,0.03253103918730779,
imbalanced,qwen3_8b,maximal,last,1,5,0.25987482859252486,0.013743740100464547,0.03598642829657802,0.0030234495394916017,0.18079475581978757,0.011815657428180066,0.22464375523889354,0.025,0.2078865018810872,0.030583444912732183,
imbalanced,qwen3_8b,maximal,last,2,5,0.2782954185858444,0.010916910163214515,0.03929842683018551,0.004805213404848293,0.19562950709069082,0.011768707697357184,0.22464375523889354,0.025,0.20535846137618224,0.030433565426909438,
imbalanced,qwen3_8b,maximal,last,3,5,0.28919517597834116,0.029425687955706298,0.051615830165938445,0.021821181776755096,0.20127801148083688,0.02222334720907274,0.22464375523889354,0.025,0.21121971801272807,0.03131392520858278,
imbalanced,qwen3_8b,maximal,last,4,5,0.3001054815231532,0.034511372893865536,0.05942933746958303,0.020609682322029543,0.21792559310065612,0.031262757978175286,0.22464375523889354,0.025,0.1944762842375444,0.02920510693742741,
imbalanced,qwen3_8b,maximal,last,5,5,0.2850321718645617,0.03774298211433979,0.049980339726906915,0.008627986388045263,0.21445193602887902,0.029835240800127987,0.22464375523889354,0.025,0.19864280440209559,0.030434011866579503,
imbalanced,qwen3_8b,maximal,last,6,5,0.2883829682500615,0.03788573732248495,0.060183006880616265,0.019887957684024474,0.22055937445133988,0.032784547985188726,0.22464375523889354,0.025,0.20618473330754897,0.031061371793199836,
imbalanced,qwen3_8b,maximal,last,7,5,0.2841707394254773,0.047291251998885196,0.06524213716229714,0.025537563834482954,0.213269413727975,0.040749659589915006,0.22464375523889354,0.025,0.20117436095777225,0.030152781507416383,
imbalanced,qwen3_8b,maximal,last,8,5,0.2984283253050174,0.041715488507828316,0.07557020669422906,0.02071617007008655,0.22657345812183455,0.033014576648241395,0.22464375523889354,0.025,0.1994761084350058,0.029590531407868152,
imbalanced,qwen3_8b,maximal,last,9,5,0.3051474983298759,0.04444869454193219,0.07475511300341822,0.02124590757225296,0.23096306199867445,0.03607566592997672,0.22464375523889354,0.025,0.19694103582855738,0.02771317393587892,
imbalanced,qwen3_8b,maximal,last,10,5,0.2875039555571183,0.025682993764955774,0.059392835474539996,0.01605910474639362,0.22224493492486658,0.019336563462785547,0.22464375523889354,0.025,0.19695861608241624,0.029475171918154085,
imbalanced,qwen3_8b,maximal,last,11,5,0.30176857353820186,0.04075656061618398,0.06871615654889848,0.024889083397544025,0.2329614838312864,0.03362713775334676,0.22464375523889354,0.025,0.18271157835519145,0.02739455946367348,
imbalanced,qwen3_8b,maximal,last,12,5,0.3051334341267888,0.038121650305439334,0.07606946130881556,0.020412920386911126,0.23734170846933128,0.03313997280126681,0.22464375523889354,0.025,0.18690271087514504,0.027341559320311022,
imbalanced,qwen3_8b,maximal,last,13,5,0.2942371927850638,0.03747858515435002,0.05869576664582624,0.01780959450949043,0.2284122703921095,0.03253488649772428,0.22464375523889354,0.025,0.19443409162828312,0.027867162702867487,
imbalanced,qwen3_8b,maximal,last,14,5,0.3000984494216096,0.03267235083058966,0.05992028442698545,0.019108306938032,0.23393977145009232,0.03137314118599642,0.22464375523889354,0.025,0.1927850638163215,0.02720247945412687,
imbalanced,qwen3_8b,maximal,last,15,3,0.3043001300938785,0.02523097895827834,0.06891723179712723,0.02075522008177109,0.2326786240653525,0.02231866602332674,0.22464375523889354,0.025,0.20452164129250025,0.028010650456164316,
imbalanced,qwen3_8b,maximal,last,16,5,0.32023487219155444,0.029110168953141558,0.07809456416177751,0.01729304772387108,0.2498853121714212,0.024885116404961997,0.22464375523889354,0.025,0.19779192011532648,0.028880800126761474,
imbalanced,qwen3_8b,maximal,last,17,5,0.31603319151928555,0.027111545905449227,0.07271902203520333,0.01583293429076579,0.24624268429894514,0.023008022057551838,0.22464375523889354,0.025,0.213747758517633,0.03101136744432611,
imbalanced,qwen3_8b,maximal,last,18,3,0.3093351147990577,0.01761166842678331,0.07502507103973792,0.0143155466977186,0.23789457370200492,0.016854109008618577,0.22464375523889354,0.025,0.2061917654090925,0.028651902333521585,
imbalanced,qwen3_8b,maximal,last,19,3,0.3059702542104708,0.011427610726621745,0.0757546248929892,0.014774824046298367,0.23474547878669835,0.011753724246831847,0.22464375523889354,0.025,0.20619176540909248,0.028136712509436484,
imbalanced,qwen3_8b,maximal,last,20,5,0.3302837452972821,0.031096497285102945,0.07349274352843414,0.016605103115308866,0.25850403352201934,0.0281247194694574,0.22464375523889354,0.025,0.1952990401181393,0.02829826894195519,
imbalanced,qwen3_8b,maximal,last,21,5,0.31689110790759817,0.028478239280281332,0.07207013915792829,0.01587893974121709,0.24852973273618623,0.026499339181997938,0.22464375523889354,0.025,0.19782356457227243,0.028747469379809727,
imbalanced,qwen3_8b,maximal,last,22,5,0.3101895151365986,0.031825162929154376,0.07440359952698615,0.016666616642488544,0.24479539750313656,0.027702930501506202,0.22464375523889354,0.025,0.20117436095777222,0.03002778160049609,
imbalanced,qwen3_8b,maximal,last,23,5,0.30599135051510146,0.02506445492810404,0.0708208560813155,0.0160924486549437,0.24138977861651556,0.019463589977220738,0.22464375523889354,0.025,0.20537604163004114,0.02871148681049559,
imbalanced,qwen3_8b,maximal,last,24,5,0.29006012446819734,0.027700844903285702,0.04765256614469565,0.004150946616859697,0.22469489423584155,0.017101489785207893,0.22464375523889354,0.025,0.19953588129812597,0.029025853027763938,
imbalanced,qwen3_8b,maximal,last,25,5,0.2917513448894202,0.03308014775965847,0.048757745397728494,0.004924303901223846,0.22770024658151972,0.020963345757140775,0.22464375523889354,0.025,0.20034457297563374,0.028426182158291208,
imbalanced,qwen3_8b,maximal,last,26,5,0.28670229598115393,0.026097081015262705,0.04761852482008166,0.005220544301520496,0.22314101164796846,0.017551495694488585,0.22464375523889354,0.025,0.1978235645722724,0.028784998112136306,
imbalanced,qwen3_8b,maximal,last,27,5,0.28922682043528714,0.03436800765078604,0.05181879534840365,0.012088807955860313,0.22564984903935575,0.023096879663168084,0.22464375523889354,0.025,0.1894342674308217,0.02663537221146443,
imbalanced,qwen3_8b,maximal,last,28,5,0.2884005485039204,0.034623954306687334,0.051238734022602636,0.012163732679837336,0.2239067623471287,0.02301065424944837,0.22464375523889354,0.025,0.18776765936500123,0.026469256672081998,
imbalanced,qwen3_8b,maximal,last,29,5,0.28085158749692346,0.024415157814571896,0.04608227541974425,0.00367569837939993,0.21764592035579694,0.015120566453893317,0.22464375523889354,0.025,0.20118139305931576,0.029394722488487134,
imbalanced,qwen3_8b,maximal,last,30,5,0.2867093280826975,0.019050512091450405,0.047278522863834466,0.00366421408902863,0.223280904624718,0.01265925160483516,0.22464375523889354,0.025,0.19530255616891107,0.027604687138932955,
imbalanced,qwen3_8b,maximal,last,31,5,0.29341795295524065,0.019545075706306123,0.04897443931597724,0.0029868597366447336,0.23065811984577084,0.014762819929611086,0.22464375523889354,0.025,0.20118842516085933,0.028023702294813463,
imbalanced,qwen3_8b,maximal,last,32,5,0.2934249850567842,0.02355654725920002,0.05128919680521245,0.004058939417884654,0.2350360577853318,0.017084612530967606,0.22464375523889354,0.025,0.19110790759818572,0.026593749292982992,
imbalanced,qwen3_8b,maximal,last,33,5,0.30097746211455295,0.03026254175842783,0.05607151711334526,0.009565598821716705,0.2440665012675058,0.028154552243103575,0.22464375523889354,0.025,0.19864632045286737,0.028025386466583035,
imbalanced,qwen3_8b,maximal,last,34,5,0.32529798530290777,0.035472405522648603,0.06469803563749889,0.009908442184570496,0.26785560258293006,0.03185873887780571,0.22464375523889354,0.025,0.1986498365036391,0.028446016717828555,
imbalanced,qwen3_8b,maximal,last,35,5,0.3294820857213178,0.03817628869795942,0.0654674006983855,0.010475642754044816,0.26835120424128645,0.03003136863349793,0.22464375523889354,0.025,0.19697971238704687,0.02902272320075149,
imbalanced,qwen3_8b,maximal,last,36,5,0.3202665166485004,0.04196387019896856,0.05827194559435807,0.012459824981134165,0.2542866269594941,0.038738811405171235,0.22464375523889354,0.025,0.21709503885236106,0.030124940549862277,
imbalanced,qwen3_32b,tier0,mean,0,5,0.41405717098554906,0.015536574984585553,0.08572334452339672,0.007414406227976987,0.31985071679013427,0.007287000249869524,0.22464375523889354,0.025,0.2028409690235927,0.026984041221261378,
imbalanced,qwen3_32b,tier0,mean,1,5,0.3990014415808164,0.015689298571902554,0.08440478660725119,0.006541062444109936,0.32237349459848785,0.017201913867088196,0.22464375523889354,0.025,0.20118139305931576,0.024305480454216526,
imbalanced,qwen3_32b,tier0,mean,2,5,0.39481734116240635,0.01754325419813789,0.08211059680422746,0.008642241258543501,0.3127569330079,0.023968688498988557,0.22464375523889354,0.025,0.18693787138286275,0.0239191391342854,
imbalanced,qwen3_32b,tier0,mean,3,5,0.4031960901515418,0.013129931672897732,0.08018220060664134,0.008472346215728746,0.31142487221231235,0.020579501862232865,0.22464375523889354,0.025,0.18694138743363456,0.02405210752507715,
imbalanced,qwen3_32b,tier0,mean,4,5,0.39480327695931927,0.016806466706860815,0.07907424456169852,0.009751257137333122,0.30465777112758924,0.02345231830512301,0.22464375523889354,0.025,0.19613234415104955,0.02633306085549365,
imbalanced,qwen3_32b,tier0,mean,5,5,0.4132449632572694,0.011727114663221006,0.08659407326263507,0.008580986924156585,0.3335597743591146,0.017101873753686707,0.22464375523889354,0.025,0.19865686860518267,0.027424930730672897,
imbalanced,qwen3_32b,tier0,mean,6,5,0.4165957596427692,0.010377738065835331,0.08838997753058053,0.008550449595821435,0.33952711980032324,0.017354029108587382,0.22464375523889354,0.025,0.20117787700854403,0.02921419596239274,
imbalanced,qwen3_32b,tier0,mean,7,5,0.45514574030448995,0.004794488173212774,0.09830599118932078,0.008999999656528075,0.36594287377859197,0.011626154916164403,0.22464375523889354,0.025,0.21710558700467636,0.027153410995651717,
imbalanced,qwen3_32b,tier0,mean,8,5,0.4425723427446292,0.019871973062558397,0.08733327441088415,0.00527825323929629,0.34472186723255277,0.017472809764907928,0.22464375523889354,0.025,0.20620934566295138,0.026390284331683757,
imbalanced,qwen3_32b,tier0,mean,9,5,0.4383741781231321,0.02943087526319902,0.08844074244928606,0.009073640902903322,0.34731605461392767,0.029063132514055675,0.22464375523889354,0.025,0.19950423684118,0.024722522621059197,
imbalanced,qwen3_32b,tier0,mean,10,5,0.4316620371998171,0.02070703288711811,0.0893811319569488,0.007603873803386806,0.34941144929696255,0.01872707640338605,0.22464375523889354,0.025,0.19280967617172395,0.024182601781867836,
imbalanced,qwen3_32b,tier0,mean,11,5,0.4232973524137688,0.021542877797260256,0.0894953963713883,0.008174030659242442,0.3464154728685514,0.01850654184095074,0.22464375523889354,0.025,0.19700432474244928,0.024827772758619804,
imbalanced,qwen3_32b,tier0,mean,12,5,0.4216026159417742,0.018856071198905647,0.09010024050329592,0.007632639236277839,0.3475856279534842,0.016466142967384537,0.22464375523889354,0.025,0.20033754087409025,0.026102832618916855,
imbalanced,qwen3_32b,tier0,mean,13,5,0.42159909989100236,0.018967585438628386,0.09055823433339742,0.007490998509966926,0.348247800422097,0.016615764742514545,0.22464375523889354,0.025,0.20033402482331847,0.025514709240551582,
imbalanced,qwen3_32b,tier0,mean,14,5,0.4157237790513695,0.022976164774733316,0.09016233596335585,0.00792727396068518,0.3461500000641068,0.019603040134649433,0.22464375523889354,0.025,0.19698322843781862,0.025100702879838167,
imbalanced,qwen3_32b,tier0,mean,15,5,0.4140466228332337,0.026376067738812372,0.09022719440638663,0.00840195998112438,0.34609264898018866,0.022315152843930385,0.22464375523889354,0.025,0.20369185331036183,0.026825747027501283,
imbalanced,qwen3_32b,tier0,mean,16,5,0.4098590063640519,0.02548509080810264,0.08937280617923336,0.009017690768858005,0.3419819620939071,0.02208203989095272,0.22464375523889354,0.025,0.20284800112513626,0.026644438286941897,
imbalanced,qwen3_32b,tier0,mean,17,5,0.40651172602932384,0.022913286841362738,0.08856161576356639,0.008213891311178969,0.3388918015514455,0.019480018571357435,0.22464375523889354,0.025,0.20118490911008755,0.025963005984404937,
imbalanced,qwen3_32b,tier0,mean,18,5,0.4039977497275061,0.023327889036703353,0.08809932950763796,0.008572292672201876,0.33665052469144296,0.020651889769870247,0.22464375523889354,0.025,0.20118490911008755,0.025830752171379572,
imbalanced,qwen3_32b,tier0,mean,19,5,0.40148728947646006,0.022302262096639,0.08755599729465947,0.008398667550013646,0.33427292080627186,0.020393358983409392,0.22464375523889354,0.025,0.19614992440490844,0.025197280105586896,
imbalanced,qwen3_32b,tier0,mean,20,5,0.3972961569565065,0.021680232504356047,0.0871475128461875,0.00873009842075137,0.3305514981309748,0.020757694822796515,0.22464375523889354,0.025,0.19950775289195177,0.02547900438503582,
imbalanced,qwen3_32b,tier0,mean,21,5,0.3981329770401885,0.022851169679769513,0.0871256320542035,0.008560535687485089,0.3305708815947641,0.02150634291090721,0.22464375523889354,0.025,0.19616047255722374,0.024056996493675747,
imbalanced,qwen3_32b,tier0,mean,22,5,0.3964628529235962,0.019581475483514625,0.08683204864137802,0.008105764188945435,0.32921563681603067,0.01869215680297692,0.22464375523889354,0.025,0.19615695650645196,0.02369776869821997,
imbalanced,qwen3_32b,tier0,mean,23,5,0.3964628529235962,0.019581475483514625,0.08704217200922026,0.007972983963841825,0.329450961729738,0.01851404546825421,0.22464375523889354,0.025,0.19867796490981332,0.02439876602584766,
imbalanced,qwen3_32b,tier0,mean,24,5,0.3989733131746422,0.024418869077364475,0.08734367409285812,0.008871478520989174,0.33182561135770794,0.02191099803296567,0.22464375523889354,0.025,0.19448683238985973,0.023283722706542553,
imbalanced,qwen3_32b,tier0,mean,25,5,0.4023241095601421,0.021575227864748716,0.08798022421649132,0.009051798131344817,0.33458155020924873,0.020202990162681768,0.22464375523889354,0.025,0.2028655813789951,0.02511587998102637,
imbalanced,qwen3_32b,tier0,mean,26,5,0.3956225167891424,0.021273898245639335,0.08692716015452444,0.008665136145530987,0.3292863352140213,0.020351196104032337,0.22464375523889354,0.025,0.20371294961499245,0.025930456321254174,
imbalanced,qwen3_32b,tier0,mean,27,5,0.3989733131746423,0.01796563154780582,0.087433753237709,0.007815799467418543,0.3326968406075264,0.016888441715178965,0.22464375523889354,0.025,0.2062198938152667,0.02661684842817249,
imbalanced,qwen3_32b,tier0,mean,28,5,0.39730318905804995,0.012328527525521861,0.08709484321816423,0.007294015176699339,0.3313775261847117,0.011610704287385904,0.22464375523889354,0.025,0.20706374600049227,0.02714348398605019,
imbalanced,qwen3_32b,tier0,mean,29,5,0.3922752364544144,0.013278078861579992,0.08622915495913926,0.007341047123649771,0.32692225234481637,0.013711317247126015,0.22464375523889354,0.025,0.20034808902640555,0.02601974673163949,
imbalanced,qwen3_32b,tier0,mean,30,5,0.398140009141732,0.010964036349105314,0.08807429909225876,0.007633313708564493,0.3330168213016055,0.01213211884556859,0.22464375523889354,0.025,0.2028550332266798,0.025772587045897816,
imbalanced,qwen3_32b,tier0,mean,31,5,0.3956330649414578,0.010462319697566426,0.08774065953420836,0.00792224198786864,0.3311162967452896,0.012638154210785468,0.22464375523889354,0.025,0.19864983650363913,0.025649136200749285,
imbalanced,qwen3_32b,tier0,mean,32,5,0.39144896452304767,0.010060929691721072,0.08699610137786076,0.007788061471344891,0.3274445722864335,0.01293062633043822,0.22464375523889354,0.025,0.2045321894448156,0.026624802555675526,
imbalanced,qwen3_32b,tier0,mean,33,5,0.3931155725888682,0.013277212021688752,0.08643428122335059,0.006778118148001485,0.32833413688972113,0.01309896281728869,0.22464375523889354,0.025,0.1994901726380929,0.02503079805683378,
imbalanced,qwen3_32b,tier0,mean,34,5,0.387243767800007,0.00912060723737605,0.08552882474255531,0.006123236685713374,0.3238886503773556,0.010258653697704432,0.22464375523889354,0.025,0.19613234415104955,0.025048974016518278,
imbalanced,qwen3_32b,tier0,mean,35,5,0.39226820435287085,0.011936979424467772,0.08607324747231776,0.006359500640158724,0.3273313003565102,0.012589790490553615,0.22464375523889354,0.025,0.19950423684118,0.025522331450424728,
imbalanced,qwen3_32b,tier0,mean,36,5,0.39310150838578106,0.01645955940731998,0.08634535182894826,0.0068915906966330815,0.3289622594552847,0.015676150773789865,0.22464375523889354,0.025,0.19866038465595443,0.02490545620725095,
imbalanced,qwen3_32b,tier0,mean,37,5,0.3989697971238705,0.015579844341696323,0.08726364117458515,0.0073930691899698284,0.3334271782246394,0.015224674633243614,0.22464375523889354,0.025,0.19363946415386238,0.024311066864505328,
imbalanced,qwen3_32b,tier0,mean,38,5,0.39813297704018846,0.017234523172799058,0.08724570796810041,0.0073973665333368,0.3326524329222285,0.0161620224263803,0.22464375523889354,0.025,0.20287261348053867,0.02557483165702933,
imbalanced,qwen3_32b,tier0,mean,39,5,0.4107028585492774,0.019440109581777245,0.08891687398237957,0.007843162423628421,0.3422153228331412,0.018338094523328123,0.22464375523889354,0.025,0.19701135684399285,0.024977514713578335,
imbalanced,qwen3_32b,tier0,mean,40,5,0.4123729826658697,0.025785162999449152,0.08884715307272387,0.008995427054039603,0.34136904609748425,0.022686078463169057,0.22464375523889354,0.025,0.19783411272458773,0.02496123720607165,
imbalanced,qwen3_32b,tier0,mean,41,5,0.4249604444288176,0.0262440149402116,0.09032183718498736,0.008888159091135385,0.3503269427419105,0.022158040294749003,0.22464375523889354,0.025,0.19700784079322106,0.025458591622271605,
imbalanced,qwen3_32b,tier0,mean,42,5,0.4257867163601842,0.03610571847570156,0.08965897823200197,0.009538372229718484,0.349233829925727,0.029317842046440033,0.22464375523889354,0.025,0.19115713230899053,0.024332551832967945,
imbalanced,qwen3_32b,tier0,mean,43,5,0.43165852114904546,0.034791178652943365,0.09077641415487162,0.009624197804151215,0.3531920277557356,0.028633937323279925,0.22464375523889354,0.025,0.19868148096058508,0.025205224073115307,
imbalanced,qwen3_32b,tier0,mean,44,5,0.4341619492985479,0.03285685953519973,0.09035949474607395,0.008579103501200624,0.3531319217980804,0.026134386804224214,0.22464375523889354,0.025,0.19700080869167752,0.025733644973050196,
imbalanced,qwen3_32b,tier0,mean,45,5,0.4350093175345452,0.024530169633092493,0.09168259428137057,0.00714830067539761,0.35676811534637054,0.02003178695738984,0.22464375523889354,0.025,0.20371646566576423,0.026019838414638154,
imbalanced,qwen3_32b,tier0,mean,46,5,0.43418304560317855,0.023599960651819185,0.09031630146748779,0.0076975630453094395,0.3538596327785625,0.01953501968356331,0.22464375523889354,0.025,0.20538658978235644,0.026194451213205593,
imbalanced,qwen3_32b,tier0,mean,47,5,0.4392109982068141,0.0242886853173074,0.09128002634049384,0.0076531367522880665,0.35753564828837514,0.02078319923174978,0.22464375523889354,0.025,0.20120248936394644,0.025725149168157564,
imbalanced,qwen3_32b,tier0,mean,48,5,0.42998136493090966,0.03032958602292722,0.09033651182271771,0.008927984001365243,0.3512357941662479,0.024594583887874704,0.22464375523889354,0.025,0.2087514503709434,0.027097230111916466,
imbalanced,qwen3_32b,tier0,mean,49,5,0.4333356773671812,0.028927428164507316,0.09072379721482002,0.008954284985761542,0.353311657135996,0.024310035877857433,0.22464375523889354,0.025,0.20959178650539712,0.027111738140789633,
imbalanced,qwen3_32b,tier0,mean,50,5,0.4341689814000914,0.029215131395438697,0.09002995316125256,0.00928629249183201,0.35265097847589155,0.024823791017911226,0.22464375523889354,0.025,0.20456734995253328,0.026900849220826927,
imbalanced,qwen3_32b,tier0,mean,51,5,0.43585668577054254,0.023753054619843072,0.08999369229026792,0.007486585713114783,0.35532089023799396,0.01954872138074338,0.22464375523889354,0.025,0.20035160507717734,0.02622395381225783,
imbalanced,qwen3_32b,tier0,mean,52,5,0.4174114834218206,0.02494639236712904,0.08803013988092136,0.007619233234626027,0.34390666806362014,0.02125109683322368,0.22464375523889354,0.025,0.1944762842375444,0.025391070435266172,
imbalanced,qwen3_32b,tier0,mean,53,5,0.41071340670159273,0.016556128444120785,0.08763218689653376,0.006610310722009974,0.3401602922785683,0.01488970675447594,0.22464375523889354,0.025,0.20119545726240284,0.026512171075272616,
imbalanced,qwen3_32b,tier0,mean,54,5,0.41155725888681827,0.011870514427050718,0.08810575376350516,0.006717206410524444,0.34178157707786705,0.012544892418878564,0.22464375523889354,0.025,0.20201821314299778,0.027310795069538076,
imbalanced,qwen3_32b,tier0,mean,55,5,0.4140677191378643,0.013402833194399685,0.08945484258084291,0.005972863239716128,0.34602459644084493,0.012245336508213014,0.22464375523889354,0.025,0.20453570549558736,0.028167615619830055,
imbalanced,qwen3_32b,tier0,mean,56,5,0.41992897577441013,0.01671540151652441,0.09164578190735508,0.006281497686394653,0.3523594070453529,0.013853425569146961,0.22464375523889354,0.025,0.19783059667381597,0.027003529346355554,
imbalanced,qwen3_32b,tier0,mean,57,5,0.4157378432544566,0.016720605230505448,0.09081649043768045,0.006904174037760193,0.3485567687573529,0.014519309067818793,0.22464375523889354,0.025,0.20201821314299778,0.027408926711577363,
imbalanced,qwen3_32b,tier0,mean,58,5,0.4123870468689567,0.017637246671269608,0.0900287002740285,0.00779930676865592,0.3448493743966209,0.01670055847491419,0.22464375523889354,0.025,0.20788650188108715,0.02809153329214269,
imbalanced,qwen3_32b,tier0,mean,59,5,0.40149783762877533,0.0135315477758022,0.08805315041516096,0.007318269451845646,0.33592581979262415,0.015011636217228409,0.22464375523889354,0.025,0.2087338701170845,0.029375510718206967,
imbalanced,qwen3_32b,tier0,mean,60,5,0.41407475123940796,0.013086142039922479,0.08910061962640461,0.007106330527364981,0.34453506816902574,0.013186701618800685,0.22464375523889354,0.025,0.20790759818571777,0.028903256432737178,
imbalanced,qwen3_32b,tier0,mean,61,5,0.419946556028269,0.01629580709777533,0.08946973990124525,0.007566661614154033,0.3472413132433688,0.016252288800293627,0.22464375523889354,0.025,0.2020287612953131,0.028628541393540707,
imbalanced,qwen3_32b,tier0,mean,62,5,0.4140817833409514,0.01858175583907725,0.0887211686194749,0.006706831462729408,0.3433461036564123,0.015548493960441457,0.22464375523889354,0.025,0.20036215322949263,0.02763526941084401,
imbalanced,qwen3_32b,tier0,mean,63,5,0.4090467986357723,0.010865539008992021,0.08670556028862235,0.005377300173180982,0.33714682949033686,0.008446753824463898,0.22464375523889354,0.025,0.20034808902640555,0.027735378091645523,
imbalanced,qwen3_32b,tier0,mean,64,5,0.37383355015646424,0.01997994605823947,0.07882508497565356,0.007795888536521984,0.3033211342323623,0.01821754288229502,0.22464375523889354,0.025,0.21629337927639672,0.027731079718276198,
imbalanced,qwen3_32b,tier0,last,0,5,0.2866741675749798,0.014676568721540977,0.054570036942673504,0.009922094079808947,0.1846896233826906,0.00815082236674102,0.22464375523889354,0.025,0.19194121163109595,0.026817974160873403,
imbalanced,qwen3_32b,tier0,last,1,5,0.26992018564748077,0.012839655571231304,0.048837714147050154,0.0097805505560612,0.16845299532314734,0.008980188134085257,0.22464375523889354,0.025,0.1969761963362751,0.028560033213726705,
imbalanced,qwen3_32b,tier0,last,2,5,0.27074645757884747,0.009409109534382067,0.048880519449150284,0.010396653546485692,0.17013655132070463,0.005350797871104527,0.22464375523889354,0.025,0.19530958827045464,0.026914868939979696,
imbalanced,qwen3_32b,tier0,last,3,5,0.2816462149713441,0.009766280246257837,0.05066706702194766,0.011187186508756447,0.17856217955184533,0.009823911200556406,0.22464375523889354,0.025,0.1952990401181393,0.027700367275937738,
imbalanced,qwen3_32b,tier0,last,4,5,0.2824900671565697,0.007142444992354506,0.049117625642835214,0.010248418781201645,0.1779234658855478,0.009953083555741886,0.22464375523889354,0.025,0.2020287612953131,0.027276986754851417,
imbalanced,qwen3_32b,tier0,last,5,5,0.2799866390070673,0.010259209557711257,0.04759237859755113,0.009509832540665016,0.1732630148539086,0.008788061930756192,0.22464375523889354,0.025,0.2045321894448156,0.0290070544524852,
imbalanced,qwen3_32b,tier0,last,6,5,0.27914981892338525,0.01725461068317484,0.04737703096637073,0.01006390391204658,0.17058216694951306,0.010677742766558078,0.22464375523889354,0.025,0.20621637776449492,0.030986057012461366,
imbalanced,qwen3_32b,tier0,last,7,5,0.2824830350550262,0.020102343125109404,0.0513139015287612,0.013879634519740296,0.18185374935938553,0.019633955064365587,0.22464375523889354,0.025,0.20368482120881826,0.030764078261076272,
imbalanced,qwen3_32b,tier0,last,8,5,0.28918814387679753,0.011851822246332846,0.05746529515923217,0.01334256468919844,0.1928903253931531,0.012199556490394859,0.22464375523889354,0.025,0.1919623079357266,0.027143758090511717,
imbalanced,qwen3_32b,tier0,last,9,5,0.28920924018142824,0.016500101393635374,0.0540778666462486,0.013652127665990697,0.1868307404857545,0.017259289147070943,0.22464375523889354,0.025,0.19197988818958545,0.027725589736939248,
imbalanced,qwen3_32b,tier0,last,10,5,0.2816637952252031,0.015899352990586608,0.04815574356392229,0.010714479639211735,0.1722301512113288,0.012715490679521393,0.22464375523889354,0.025,0.19700784079322106,0.027866896826489733,
imbalanced,qwen3_32b,tier0,last,11,5,0.2774691466544777,0.01176789154367434,0.04829148419548902,0.01042266164589155,0.1718965552797327,0.010741506016295815,0.22464375523889354,0.025,0.2028796455820822,0.029369030779214968,
imbalanced,qwen3_32b,tier0,last,12,5,0.27327098203298056,0.009963227289617588,0.047771705235793126,0.010237631085284377,0.16917304959321577,0.008979023097303694,0.22464375523889354,0.025,0.20622692591681027,0.0305677794590667,
imbalanced,qwen3_32b,tier0,last,13,5,0.2791392707710699,0.010061835257713193,0.04837982457556174,0.010345238534563216,0.17276214430659959,0.00869901625349076,0.22464375523889354,0.025,0.20540417003621533,0.029725497007427076,
imbalanced,qwen3_32b,tier0,last,14,5,0.27578847438557014,0.011355698769322922,0.04722976264893114,0.010100445753851632,0.16811142282713643,0.008005425247541423,0.22464375523889354,0.025,0.20036918533103618,0.02878050735569086,
imbalanced,qwen3_32b,tier0,last,15,5,0.2749411061495728,0.013461210367205843,0.04741194508249751,0.010372905933078838,0.1687236158807574,0.009770741367068937,0.22464375523889354,0.025,0.20120952146548995,0.029219902909962354,
imbalanced,qwen3_32b,tier0,last,16,5,0.275774410182483,0.012212776495358813,0.04754855531454793,0.01037976505107837,0.16949714954474876,0.010034368502730847,0.22464375523889354,0.025,0.19700784079322106,0.028789239501662477,
imbalanced,qwen3_32b,tier0,last,17,5,0.28081291093843397,0.012870198275173172,0.04890968406226784,0.01076514593227343,0.17506139329401296,0.0108284850642678,0.22464375523889354,0.025,0.20285854927745156,0.029593618135300447,
imbalanced,qwen3_32b,tier0,last,18,5,0.28332337118948003,0.01150010394694717,0.04944249560279504,0.011551241480297911,0.1772405989549221,0.01403860723199311,0.22464375523889354,0.025,0.20538658978235644,0.029547179026954883,
imbalanced,qwen3_32b,tier0,last,19,5,0.28164973102211593,0.01812532664552172,0.04899258167826328,0.011930026246708763,0.17495096005357968,0.015320286491075415,0.22464375523889354,0.025,0.19951478499349531,0.02871660922242685,
imbalanced,qwen3_32b,tier0,last,20,5,0.28164973102211593,0.015864265228160517,0.05004507442659194,0.011219911797353191,0.17854918427049465,0.013795083734444,0.22464375523889354,0.025,0.20371646566576423,0.029033436117536966,
imbalanced,qwen3_32b,tier0,last,21,5,0.28416722337470557,0.015695656158714825,0.051560162969085555,0.011882887880211912,0.18228826550213845,0.01504759249329056,0.22464375523889354,0.025,0.19617453676031082,0.028091760198865178,
imbalanced,qwen3_32b,tier0,last,22,5,0.2841742554762491,0.018099260602269865,0.05191941749253674,0.012222922426269548,0.18366400281043163,0.017241723328404415,0.22464375523889354,0.025,0.19867444885904154,0.028045241922019116,
imbalanced,qwen3_32b,tier0,last,23,5,0.28500404345838753,0.011421984961858336,0.05369441931509265,0.010648800160591936,0.18948602336337772,0.012052741608126999,0.22464375523889354,0.025,0.1928096761717239,0.027583510706902716,
imbalanced,qwen3_32b,tier0,last,24,5,0.28583031538975423,0.010927892586411638,0.05345846648109222,0.009865636419532507,0.18914521886472463,0.010582630198128424,0.22464375523889354,0.025,0.20371998171653596,0.029707908986222376,
imbalanced,qwen3_32b,tier0,last,25,5,0.28416370732393376,0.012371005666078785,0.05407719298803304,0.010276912850638902,0.1903831048740396,0.01223390235004238,0.22464375523889354,0.025,0.20118842516085933,0.029535238175910326,
imbalanced,qwen3_32b,tier0,last,26,5,0.2883618719454309,0.014130227220202188,0.05361833248706035,0.01141966379877672,0.18966347216333257,0.01900434993219819,0.22464375523889354,0.025,0.2028550332266798,0.028488441876518993,
imbalanced,qwen3_32b,tier0,last,27,5,0.2858373474912978,0.012866728260352142,0.05437785612066058,0.010280028468270069,0.19136824527878996,0.012956626182503624,0.22464375523889354,0.025,0.20285854927745156,0.028742976393550022,
imbalanced,qwen3_32b,tier0,last,28,5,0.2841707394254773,0.01073707956028674,0.052855212742203006,0.010129917625593413,0.18694995810881754,0.011033138888136323,0.22464375523889354,0.025,0.20539010583312822,0.02848379678932673,
imbalanced,qwen3_32b,tier0,last,29,5,0.28500404345838753,0.012597949564261114,0.05398416912756863,0.012298925138423655,0.18929917857408315,0.014703205723249858,0.22464375523889354,0.025,0.20202172919376954,0.02816819071421625,
imbalanced,qwen3_32b,tier0,last,30,5,0.2866882317780669,0.00950403287526778,0.05473351518816051,0.012152966192710111,0.18973107058088434,0.011766753882720134,0.22464375523889354,0.025,0.19784466087690306,0.027679204194045137,
imbalanced,qwen3_32b,tier0,last,31,5,0.288375936148518,0.01603746110193276,0.05641975682019239,0.013371468463488856,0.19237541176256717,0.015908321766211445,0.22464375523889354,0.025,0.19951478499349534,0.027465369159845033,
imbalanced,qwen3_32b,tier0,last,32,5,0.2875109876586618,0.01286766214374134,0.05697493349821953,0.012150387114988311,0.19565399385958265,0.015313787369801157,0.22464375523889354,0.025,0.1953095882704546,0.027511316483793114,
imbalanced,qwen3_32b,tier0,last,33,5,0.2891775957244823,0.012468205567137515,0.05384755402918116,0.013444247293069762,0.19444359350267554,0.011732597597048871,0.22464375523889354,0.025,0.19449034844063148,0.026764513817293056,
imbalanced,qwen3_32b,tier0,last,34,5,0.29087233219647696,0.01221965798468977,0.0578851701513138,0.012324728182832454,0.19330011702765837,0.011845769103988836,0.22464375523889354,0.025,0.19365352835694946,0.02679681868998915,
imbalanced,qwen3_32b,tier0,last,35,5,0.2933863084982947,0.0073232306825000175,0.05959359327584561,0.010707684094490497,0.199146383363087,0.008110506256984382,0.22464375523889354,0.025,0.18862205970254212,0.026276190194695313,
imbalanced,qwen3_32b,tier0,last,36,5,0.28751450370943354,0.010220190123868577,0.05872890017997482,0.007005157722178463,0.1944400335702962,0.0082464163178536,0.22464375523889354,0.025,0.19196230793572658,0.027569484030028374,
imbalanced,qwen3_32b,tier0,last,37,5,0.2933792763967512,0.009922697709329003,0.05988646152041832,0.008547142896669638,0.19918015182433435,0.006676540928337324,0.22464375523889354,0.025,0.20703913364508986,0.030108996203523225,
imbalanced,qwen3_32b,tier0,last,38,5,0.2891986920291129,0.009887322324498297,0.05865949030793212,0.010577388226292148,0.19577891404597358,0.00981039057739873,0.22464375523889354,0.025,0.20367075700573117,0.02868154597784711,
imbalanced,qwen3_32b,tier0,last,39,5,0.29002848001125137,0.004303990841706196,0.05938959959126815,0.01045033402000467,0.2022507192194531,0.009637053380906268,0.22464375523889354,0.025,0.20034105692486198,0.02842389325983392,
imbalanced,qwen3_32b,tier0,last,40,5,0.29337576034597945,0.005774211832535711,0.05837352055445877,0.011916390128884544,0.2014878372500172,0.012332926809655743,0.22464375523889354,0.025,0.1978235645722724,0.028458553853001223,
imbalanced,qwen3_32b,tier0,last,41,5,0.2875004395063464,0.019935845405220764,0.05783372303710584,0.010659181700924883,0.19601005336281668,0.019782612099228592,0.22464375523889354,0.025,0.2045146091909567,0.028634015507876292,
imbalanced,qwen3_32b,tier0,last,42,5,0.29923701698252525,0.02114304971961562,0.06054356529675492,0.014479378804943693,0.2147468551601066,0.024816537169494356,0.22464375523889354,0.025,0.20032347667100314,0.02831437453367671,
imbalanced,qwen3_32b,tier0,last,43,5,0.3109630463063887,0.017136440800862247,0.0647175925995759,0.012489224754781413,0.23013989928085526,0.01776040693372829,0.22464375523889354,0.025,0.20282690482050564,0.027770650268406104,
imbalanced,qwen3_32b,tier0,last,44,5,0.29587567244471014,0.014541648078730996,0.060298847994966744,0.010649101608298829,0.21337034676768374,0.020223748870311947,0.22464375523889354,0.025,0.20117084490700043,0.028139653437922123,
imbalanced,qwen3_32b,tier0,last,45,5,0.2958686403431665,0.016015669544537606,0.0610445998005195,0.009896856675056092,0.21518312045519344,0.01555762189669118,0.22464375523889354,0.025,0.209532013642277,0.03038698740577095,
imbalanced,qwen3_32b,tier0,last,46,5,0.28916704757216694,0.013849485210707651,0.05988457197430673,0.011683016509109705,0.2047414805587418,0.014929469799139984,0.22464375523889354,0.025,0.2020322773460849,0.028106212101685697,
imbalanced,qwen3_32b,tier0,last,47,5,0.2933652121936641,0.0156420021961668,0.06177584083993064,0.01124927220043292,0.21182648763105258,0.0180823719291928,0.22464375523889354,0.025,0.1919587918849548,0.027958754089561368,
imbalanced,qwen3_32b,tier0,last,48,5,0.28999331950353363,0.02065932699280128,0.05658870046695054,0.01681389665939176,0.21019829128737477,0.02685788325057351,0.22464375523889354,0.025,0.20539010583312822,0.03020006118918591,
imbalanced,qwen3_32b,tier0,last,49,5,0.2874934074048029,0.01760903168336853,0.0575670413766346,0.007368974215474365,0.20189814002591527,0.022388406168122203,0.22464375523889354,0.025,0.20538658978235644,0.030658422303680894,
imbalanced,qwen3_32b,tier0,last,50,5,0.290840687739531,0.01750711765840223,0.058285279805780986,0.009744789986794648,0.20599381127942892,0.018897149884234687,0.22464375523889354,0.025,0.19448331633908794,0.028290736783223726,
imbalanced,qwen3_32b,tier0,last,51,5,0.2958721563939383,0.027233165817842686,0.06258957133616685,0.014541756766817173,0.21212098895201806,0.02365663034300858,0.22464375523889354,0.025,0.20454273759713093,0.028409830615587245,
imbalanced,qwen3_32b,tier0,last,52,5,0.2866495552195773,0.017113184395779572,0.05814065395346637,0.009884701394159284,0.20368426610565776,0.012761616581586773,0.22464375523889354,0.025,0.19783762877535951,0.029474450319700207,
imbalanced,qwen3_32b,tier0,last,53,5,0.2841355789177596,0.019771977472668765,0.056775733151055344,0.014336741091307021,0.19747402808409187,0.023015061478061375,0.22464375523889354,0.025,0.19700080869167752,0.027492462754569725,
imbalanced,qwen3_32b,tier0,last,54,5,0.28750043950634646,0.008275805118545363,0.06276134539975817,0.008949329127735946,0.20723789891636457,0.009037560970149123,0.22464375523889354,0.025,0.20118139305931576,0.02828703520436231,
imbalanced,qwen3_32b,tier0,last,55,5,0.2824830350550262,0.011460957841631453,0.05794485593510192,0.01018259899047999,0.19961325953138548,0.012293705358456128,0.22464375523889354,0.025,0.1969867444885904,0.028004302346468123,
imbalanced,qwen3_32b,tier0,last,56,5,0.2950458844625717,0.01849965828345275,0.06220633074514699,0.014062926826867118,0.21451954873881926,0.021049337133939628,0.22464375523889354,0.025,0.2087198059139974,0.030703694154883426,
imbalanced,qwen3_32b,tier0,last,57,5,0.27996202665166486,0.016126367535520113,0.05030270771803137,0.01381352963369306,0.19122155418831657,0.015183336067858311,0.22464375523889354,0.025,0.2062058296121796,0.029564044479674857,
imbalanced,qwen3_32b,tier0,last,58,5,0.2833198551387082,0.012867498815117243,0.05151440066250555,0.012188722594398457,0.1965046997150402,0.009344255640782392,0.22464375523889354,0.025,0.21123729826658696,0.03073637901875066,
imbalanced,qwen3_32b,tier0,last,59,5,0.2791146584156675,0.012277259869938438,0.05119339689803275,0.012138531670304455,0.19427310635373224,0.01094408128677907,0.22464375523889354,0.025,0.2062058296121796,0.028445135226703146,
imbalanced,qwen3_32b,tier0,last,60,5,0.27073590942653214,0.020824838844430406,0.05256920766335851,0.016640186559697855,0.18866253582708215,0.020039234785328888,0.22464375523889354,0.025,0.20787243767800004,0.029505346592082586,
imbalanced,qwen3_32b,tier0,last,61,5,0.28164621497134423,0.019059147507308614,0.05796018782567408,0.013431952570600984,0.20111193474619488,0.017035898457203626,0.22464375523889354,0.025,0.20370943356422067,0.028267573893424047,
imbalanced,qwen3_32b,tier0,last,62,5,0.2807953306845751,0.012502823417847942,0.053403239107887114,0.016013160680763253,0.19877540294633095,0.012891153037698022,0.22464375523889354,0.025,0.19950423684118,0.027235635663414214,
imbalanced,qwen3_32b,tier0,last,63,5,0.28834077564080024,0.019619032741121294,0.04649255043518845,0.0026385682428489597,0.20557082499927604,0.015607807882071978,0.22464375523889354,0.025,0.20369888541190534,0.027482355283869903,
imbalanced,qwen3_32b,tier0,last,64,5,0.2824654548011673,0.015309134589660432,0.03800516908262057,0.004185874045623232,0.18921474399301932,0.015702052550227354,0.22464375523889354,0.025,0.20871277381245384,0.026204870415095692,
imbalanced,qwen3_32b,maximal,mean,0,5,0.34533595865124295,0.018216066922681854,0.06240038591914908,0.0039000517774029084,0.268128862278999,0.01333108875069903,0.22464375523889354,0.025,0.21376182272072008,0.02885599371073188,
imbalanced,qwen3_32b,maximal,mean,1,5,0.31597693470693716,0.01940424165132619,0.06774068825118128,0.016701984482227428,0.22040032081400995,0.013707980579390764,0.22464375523889354,0.025,0.20620934566295138,0.026158094458946013,
imbalanced,qwen3_32b,maximal,mean,2,5,0.3512112794908758,0.009163381472140091,0.0762258217815005,0.018759482694679905,0.249861860273333,0.008716281422407421,0.22464375523889354,0.025,0.2171126191062199,0.02733717114869763,
imbalanced,qwen3_32b,maximal,mean,3,5,0.36879856545128514,0.010889493631275074,0.07380549069146698,0.01066574266224994,0.27802819015547603,0.01831409234488182,0.22464375523889354,0.025,0.20452515734327203,0.027789560174611157,
imbalanced,qwen3_32b,maximal,mean,4,5,0.37214584578601323,0.01670248321093693,0.08564952706788079,0.014440593636665318,0.2769834441990886,0.015359047619246738,0.22464375523889354,0.025,0.2179494391899019,0.030113060270665952,
imbalanced,qwen3_32b,maximal,mean,5,5,0.39812594493864495,0.02395107461660407,0.07727627712290967,0.006407454400095689,0.3080883166937384,0.022680384335512793,0.22464375523889354,0.025,0.22468267641784748,0.029995022874232564,
imbalanced,qwen3_32b,maximal,mean,6,5,0.424953412327274,0.024218685330720375,0.08809544895722393,0.006906635582217354,0.334749947962097,0.016793538846362917,0.22464375523889354,0.025,0.22634576843289617,0.030653859525719918,
imbalanced,qwen3_32b,maximal,mean,7,5,0.4182658837593614,0.015538591183710449,0.09015493479678897,0.005538255396253125,0.3397443618384258,0.009289712381628552,0.22464375523889354,0.025,0.2120635701979537,0.026159511840210526,
imbalanced,qwen3_32b,maximal,mean,8,5,0.4174290636756794,0.02134252202304401,0.08014927044797003,0.005895382815187935,0.3219616549653285,0.01994854999247036,0.22464375523889354,0.025,0.2154073344819099,0.026173174238221658,
imbalanced,qwen3_32b,maximal,mean,9,5,0.42163426039872015,0.020622396426135028,0.08134210553190194,0.0060299739534038594,0.3260192346286602,0.020382149853399388,0.22464375523889354,0.025,0.21624767061636369,0.02625773524901488,
imbalanced,qwen3_32b,maximal,mean,10,5,0.42415175275130973,0.012603429041780983,0.08203521352501532,0.006070235178982121,0.32822877475979484,0.01226073937946279,0.22464375523889354,0.025,0.21792482683449946,0.02672555310228434,
imbalanced,qwen3_32b,maximal,mean,11,5,0.4258324250202173,0.017659980255644168,0.08269948498473521,0.0071062833994276825,0.33016078102445584,0.017715558258771143,0.22464375523889354,0.025,0.21875461481663794,0.026905659895783224,
imbalanced,qwen3_32b,maximal,mean,12,5,0.423311416616856,0.012424210060464654,0.0823604430265201,0.005093001566664903,0.3284723832632447,0.010161298229008752,0.22464375523889354,0.025,0.2196019830526353,0.027826271503417564,
imbalanced,qwen3_32b,maximal,mean,13,5,0.42247811258394574,0.014022350793560607,0.08336060029226895,0.0030631307660489867,0.3321491578439679,0.013342144947259858,0.22464375523889354,0.025,0.21793185893604305,0.02757042366813194,
imbalanced,qwen3_32b,maximal,mean,14,5,0.4241587848528533,0.013906591986126511,0.08495371224751205,0.005123632330641796,0.3364891447243828,0.01114743816608738,0.22464375523889354,0.025,0.21710910305544812,0.02715843780844706,
imbalanced,qwen3_32b,maximal,mean,15,5,0.42498154073344824,0.010877881483063484,0.08734238669861658,0.0064761045136721785,0.3428253228029397,0.013492370107547546,0.22464375523889354,0.025,0.21794240708835835,0.02735059680746848,
imbalanced,qwen3_32b,maximal,mean,16,5,0.4283358531697198,0.008279292467535507,0.09241012364943349,0.006099311583762793,0.3598502744726743,0.006681869856724666,0.22464375523889354,0.025,0.22380717977567594,0.029100341316499467,
imbalanced,qwen3_32b,maximal,mean,17,5,0.41828346401322036,0.006225717715523707,0.09100716771558087,0.006106798145159866,0.35340951606980464,0.007310515262792748,0.22464375523889354,0.025,0.2204493512886326,0.02905531077451856,
imbalanced,qwen3_32b,maximal,mean,18,5,0.41575893955908727,0.007172212700047119,0.09025500073950847,0.007917068375625383,0.3511441101715118,0.01010142871190915,0.22464375523889354,0.025,0.2179494391899019,0.028624880007420417,
imbalanced,qwen3_32b,maximal,mean,19,5,0.4165957596427693,0.011031899401832803,0.09046415590924503,0.007063332670007341,0.35274515558848074,0.009967518804104302,0.22464375523889354,0.025,0.21710558700467636,0.028824034363079565,
imbalanced,qwen3_32b,maximal,mean,20,5,0.4182693998101333,0.012940729213864651,0.09072198955810605,0.00764841598593233,0.35355005375995585,0.01252272041985726,0.22464375523889354,0.025,0.21878625927358392,0.02835174669017962,
imbalanced,qwen3_32b,maximal,mean,21,5,0.41910973594458706,0.012618911753062945,0.09007327929786553,0.00816894303668674,0.35202916662328726,0.013582126003216989,0.22464375523889354,0.025,0.22212650750676838,0.028825277401862182,
imbalanced,qwen3_32b,maximal,mean,22,5,0.41743257972645126,0.010987017878013658,0.0901841943894891,0.007703925920723545,0.35072622349314286,0.012062792394294995,0.22464375523889354,0.025,0.21710207095390457,0.02838312861145038,
imbalanced,qwen3_32b,maximal,mean,23,5,0.4165922435919975,0.01498374679406768,0.08976761738855449,0.009291327746385563,0.34894440949332506,0.01751593803418031,0.22464375523889354,0.025,0.21710207095390457,0.028344176697058538,
imbalanced,qwen3_32b,maximal,mean,24,5,0.41910973594458706,0.011445101182464106,0.09011663304594324,0.008089569642256971,0.35070521270063837,0.012834803521840913,0.22464375523889354,0.025,0.2196230793572659,0.028401610216141338,
imbalanced,qwen3_32b,maximal,mean,25,5,0.4115537428360465,0.016888690266697762,0.0887306231413196,0.008760365088079328,0.3446694882866175,0.016723831677333788,0.22464375523889354,0.025,0.21543546288808413,0.028320421306974798,
imbalanced,qwen3_32b,maximal,mean,26,5,0.41825885165781795,0.017075064808766912,0.08886636797592995,0.008804762613222779,0.34741723739194236,0.01899071734258065,0.22464375523889354,0.025,0.21961956330649413,0.028625149223221062,
imbalanced,qwen3_32b,maximal,mean,27,5,0.4182623677085897,0.014273895622061668,0.08741943130996312,0.007044432668148502,0.34428558272289467,0.012809028562385204,0.22464375523889354,0.025,0.2204528673394044,0.029337219932273728,
imbalanced,qwen3_32b,maximal,mean,28,5,0.4182623677085897,0.022005999746887172,0.08686979514148548,0.008152908011089616,0.342633091110272,0.0190042941628391,0.22464375523889354,0.025,0.22380014767413242,0.029391186971698145,
imbalanced,qwen3_32b,maximal,mean,29,5,0.4216201961956331,0.02274677680931226,0.08740082311589518,0.007795642116227834,0.3459471250509458,0.019856528624667146,0.22464375523889354,0.025,0.22715797616117578,0.029990729041306362,
imbalanced,qwen3_32b,maximal,mean,30,5,0.4207763440104075,0.021722665906413207,0.08752682374663079,0.006531541380171442,0.3449475287473857,0.01747147783962125,0.22464375523889354,0.025,0.22631060792517843,0.029702734249195794,
imbalanced,qwen3_32b,maximal,mean,31,5,0.41910621989381525,0.018962363995845343,0.08644848458789256,0.006590300201437086,0.3403138126991597,0.016724166392963945,0.22464375523889354,0.025,0.23135262473190116,0.030336786075054002,
imbalanced,qwen3_32b,maximal,mean,32,5,0.4199360078759537,0.012879953879538305,0.08900509863234177,0.007145543710233803,0.3488147241106353,0.01249398336476917,0.22464375523889354,0.025,0.22295629548890683,0.028484620050250355,
imbalanced,qwen3_32b,maximal,mean,33,5,0.4099011989733132,0.015117722230402291,0.0802384393926693,0.00491038496100528,0.3192316672900547,0.015272081762182178,0.22464375523889354,0.025,0.22044231918708906,0.028738876447457744,
imbalanced,qwen3_32b,maximal,mean,34,5,0.4199641362821279,0.01377242787297465,0.08520594784430517,0.006209037539926293,0.3356758066824984,0.01552630198207634,0.22464375523889354,0.025,0.22713336380577337,0.029609140612946616,
imbalanced,qwen3_32b,maximal,mean,35,5,0.4291726732534018,0.007857365790385786,0.08776809842362562,0.005323906741791574,0.3471865339907404,0.009505479364679239,0.22464375523889354,0.025,0.22126859111845576,0.028597927979484607,
imbalanced,qwen3_32b,maximal,mean,36,5,0.42999894518476844,0.013067195385145584,0.08972988941420024,0.007171875845246518,0.35284500608983504,0.012716106400241643,0.22464375523889354,0.025,0.21708800675081746,0.027602860757374233,
imbalanced,qwen3_32b,maximal,mean,37,5,0.434190077704722,0.011029675859410237,0.09025013839911537,0.007165672578941515,0.35690710061247216,0.010242993378742122,0.22464375523889354,0.025,0.21959143490032,0.02807499979432615,
imbalanced,qwen3_32b,maximal,mean,38,5,0.4241201082943637,0.01266341892498041,0.08956999735014577,0.00693415438653033,0.3518306705898949,0.01226771456240457,0.22464375523889354,0.025,0.21624415456559193,0.02767720781983681,
imbalanced,qwen3_32b,maximal,mean,39,5,0.4241201082943637,0.01320483002232983,0.08947629559803258,0.007625032717390894,0.35183524729910254,0.014649370846297922,0.22464375523889354,0.025,0.21876516296895326,0.027995319832355932,
imbalanced,qwen3_32b,maximal,mean,40,5,0.4132273830034105,0.015796588971645677,0.08776130885013797,0.008594335950809414,0.34416566454390823,0.015609098531348661,0.22464375523889354,0.025,0.2221159593544531,0.028923693034689096,
imbalanced,qwen3_32b,maximal,mean,41,5,0.4165887275412256,0.00860846422644126,0.08654878214952401,0.006543155765940012,0.3408108279462194,0.010058262015139536,0.22464375523889354,0.025,0.21791779473295594,0.027797872906808706,
imbalanced,qwen3_32b,maximal,mean,42,5,0.4350163496360887,0.017517978373889558,0.08955678022794879,0.007155891437595453,0.3553072856471506,0.011367692641536519,0.22464375523889354,0.025,0.223807179775676,0.02730294141614989,
imbalanced,qwen3_32b,maximal,mean,43,5,0.4316655532505889,0.01886012059292218,0.08939730899000697,0.005682869743709133,0.35121133954272776,0.012218535490175564,0.22464375523889354,0.025,0.21878977532435567,0.02650668456313693,
imbalanced,qwen3_32b,maximal,mean,44,5,0.42664111669772514,0.017099059202793074,0.08730358770684545,0.0064230159527528296,0.3438408887516814,0.012456206564755797,0.22464375523889354,0.025,0.22045638339017612,0.026782495341880274,
imbalanced,qwen3_32b,maximal,mean,45,5,0.4274849688829507,0.020499650688671503,0.08730443457363005,0.007856178965875657,0.3433302718995223,0.017944671542473884,0.22464375523889354,0.025,0.21457754649977145,0.02652257687301136,
imbalanced,qwen3_32b,maximal,mean,46,5,0.4316620371998171,0.024293962933976412,0.08855854380691668,0.007526140769143273,0.34832835970537934,0.01757220301034524,0.22464375523889354,0.025,0.22043177103477377,0.027047634222069832,
imbalanced,qwen3_32b,maximal,mean,47,5,0.4316690693013607,0.019463722706628293,0.08856506870318263,0.0068647268740070055,0.3502621332306955,0.014166637811086064,0.22464375523889354,0.025,0.21038993003058964,0.026436179798003757,
imbalanced,qwen3_32b,maximal,mean,48,5,0.4241201082943637,0.025096543354298763,0.08716158554143597,0.008132981638000455,0.34131268762735795,0.018520058297603635,0.22464375523889354,0.025,0.2128968742308639,0.026119637900690072,
imbalanced,qwen3_32b,maximal,mean,49,5,0.42999191308322493,0.028328163192033115,0.08822630783541077,0.008564993454120692,0.3472366058287471,0.02212636917699666,0.22464375523889354,0.025,0.21457403044899967,0.02700083458256335,
imbalanced,qwen3_32b,maximal,mean,50,5,0.4375232938363629,0.03030434860018158,0.09260722747689745,0.008684897199780162,0.3628520873576938,0.02396887698845456,0.22464375523889354,0.025,0.21123378221581518,0.026519175021219577,
imbalanced,qwen3_32b,maximal,mean,51,5,0.45345451988326707,0.017606785647235938,0.09708476745144493,0.00864675433116828,0.38097830615142037,0.018233848705167054,0.22464375523889354,0.025,0.2170985549031328,0.026767088968707248,
imbalanced,qwen3_32b,maximal,mean,52,5,0.44756865089131886,0.029966926760919756,0.09498424322155154,0.00980990066621074,0.37257435124817817,0.026100154704205628,0.22464375523889354,0.025,0.21040751028444848,0.02702854716815231,
imbalanced,qwen3_32b,maximal,mean,53,5,0.4257867163601842,0.020495049392669024,0.08937575440179708,0.0076145908069810775,0.34967803497023126,0.01618408432955793,0.22464375523889354,0.025,0.21459864280440208,0.02716243890446199,
imbalanced,qwen3_32b,maximal,mean,54,5,0.4199219436728666,0.015462630306456192,0.08877202841514131,0.006325361787070402,0.3458904011010432,0.012006469194466173,0.22464375523889354,0.025,0.22632467212826554,0.03129604647358203,
imbalanced,qwen3_32b,maximal,mean,55,5,0.4232797721599099,0.014562996730636612,0.09021745442182538,0.005410433702796838,0.3516170684670021,0.011274919304525987,0.22464375523889354,0.025,0.22130375162617347,0.03059505725140844,
imbalanced,qwen3_32b,maximal,mean,56,5,0.4190956717414999,0.01636039997840768,0.0894918609511654,0.005044638249179427,0.34872556615654887,0.012676057011725177,0.22464375523889354,0.025,0.22381069582644778,0.030425709687132298,
imbalanced,qwen3_32b,maximal,mean,57,5,0.3956154846875989,0.01979844948744603,0.08373412210916968,0.005272184885355079,0.3256815297753962,0.013797275543106016,0.22464375523889354,0.025,0.21460215885517386,0.028286985712781175,
imbalanced,qwen3_32b,maximal,mean,58,5,0.40734854611300586,0.026011767373089252,0.08605162084841668,0.007055112419951801,0.3342534510063375,0.02039606997848753,0.22464375523889354,0.025,0.21543897893885586,0.02862472332803028,
imbalanced,qwen3_32b,maximal,mean,59,5,0.41992897577441013,0.01775676168234452,0.08860596498544202,0.00737124724108956,0.345055479272928,0.015087718881728556,0.22464375523889354,0.025,0.22047044759326323,0.02924360442985415,
imbalanced,qwen3_32b,maximal,mean,60,5,0.42158503568791533,0.023523576876889208,0.08951785887292929,0.006082443460104346,0.3490618676519512,0.01771108522826982,0.22464375523889354,0.025,0.22382124397876307,0.029921417152260304,
imbalanced,qwen3_32b,maximal,mean,61,5,0.4190851235891846,0.018727064047898343,0.08878941947070393,0.0049391672133792175,0.34711307019163395,0.012380320365651854,0.22464375523889354,0.025,0.22549136809535533,0.03136832511816436,
imbalanced,qwen3_32b,maximal,mean,62,5,0.414893991069231,0.017157272198050313,0.08765633349078376,0.006405350568980468,0.3427193301788821,0.012407834028087879,0.22464375523889354,0.025,0.2271720403642629,0.031207205330492087,
imbalanced,qwen3_32b,maximal,mean,63,5,0.42831475686508913,0.012787328984292254,0.08976995592807338,0.00677911692547457,0.3534907730489755,0.009871017236548051,0.22464375523889354,0.025,0.2213283639815759,0.03012811480146208,
imbalanced,qwen3_32b,maximal,mean,64,5,0.40314334938996527,0.0257935112134813,0.08772887114697256,0.0047112681223043535,0.3396537528519708,0.020341262148239586,0.22464375523889354,0.025,0.22048802784712213,0.031108387751676854,
imbalanced,qwen3_32b,maximal,last,0,5,0.26658696951583977,0.021374005837118275,0.037969823879770465,0.00498048814461595,0.186434783344674,0.0185067348541024,0.22464375523889354,0.025,0.2204528673394044,0.030461543021272568,
imbalanced,qwen3_32b,maximal,last,1,5,0.25985021623712246,0.0115879048105997,0.04049161146154688,0.004972148639959732,0.18478494765082493,0.01026966871447016,0.22464375523889354,0.025,0.19532365247354172,0.028809108522674175,
imbalanced,qwen3_32b,maximal,last,2,5,0.27914630287261344,0.01857147796142841,0.042775108889106996,0.004756163993346834,0.20544233213623114,0.017363282016891985,0.22464375523889354,0.025,0.1978130164199571,0.030532750053226216,
imbalanced,qwen3_32b,maximal,last,3,5,0.2866636194226645,0.021361456770827656,0.044104020837614104,0.005569890815135498,0.2113355364626924,0.017641581115178814,0.22464375523889354,0.025,0.2028409690235927,0.029228466181004352,
imbalanced,qwen3_32b,maximal,last,4,5,0.30343518160402233,0.03508916675090116,0.06450348106451123,0.016166329171718688,0.21782322082529143,0.027694350241697748,0.22464375523889354,0.025,0.19361836784923175,0.02798103493542233,
imbalanced,qwen3_32b,maximal,last,5,5,0.30007032101543546,0.03489633822928646,0.0648954545885206,0.015208807175004856,0.21849853588308657,0.027665198104870458,0.22464375523889354,0.025,0.19611476389719068,0.029162346864537975,
imbalanced,qwen3_32b,maximal,last,6,5,0.29254597236384094,0.037854187981266316,0.05681441058531056,0.019247529509324894,0.2094277298359631,0.027243998650672032,0.22464375523889354,0.025,0.20200063288913891,0.029837986307594527,
imbalanced,qwen3_32b,maximal,last,7,5,0.2933863084982947,0.023942497580335783,0.06532924938743997,0.010717804249582486,0.21480094134096453,0.013051090222679277,0.22464375523889354,0.025,0.2028374529728209,0.03089967659495399,
imbalanced,qwen3_32b,maximal,last,8,5,0.2917126683309307,0.02092001870335112,0.0688557623550911,0.017502738957210957,0.21507883868621933,0.016708091513742616,0.22464375523889354,0.025,0.20787243767800004,0.03183527926371303,
imbalanced,qwen3_32b,maximal,last,9,5,0.28500404345838753,0.02061807375767141,0.06086989165943738,0.020497040165431735,0.20848135091342562,0.016390852471513923,0.22464375523889354,0.025,0.21038641397981786,0.03134145479578169,
imbalanced,qwen3_32b,maximal,last,10,5,0.2875180197602053,0.017392121596783744,0.06491211239282495,0.01361707029390274,0.2089865981801351,0.01216455781731613,0.22464375523889354,0.025,0.1986498365036391,0.02925442535417085,
imbalanced,qwen3_32b,maximal,last,11,3,0.28669174782883866,0.021855760284434266,0.06471707489803391,0.019444549154456606,0.19481305643400676,0.023146879781107917,0.22464375523889354,0.025,0.20031996062023136,0.02790507289971797,
imbalanced,qwen3_32b,maximal,last,12,5,0.2816391828698006,0.016120095456960283,0.06559961394157236,0.011295829803536581,0.20781626871332573,0.009904699643831144,0.22464375523889354,0.025,0.20953904574382057,0.0315585532173628,
imbalanced,qwen3_32b,maximal,last,13,3,0.28670229598115393,0.015690249616438782,0.06590030157888306,0.017728441667030075,0.1994103963547893,0.017589680863656833,0.22464375523889354,0.025,0.20954256179459235,0.027692479355754408,
imbalanced,qwen3_32b,maximal,last,14,5,0.2950704968179741,0.02400534425050274,0.07121138017158465,0.01680813942776022,0.21669315478201523,0.021549264619906368,0.22464375523889354,0.025,0.21123026616504342,0.03127478382866833,
imbalanced,qwen3_32b,maximal,last,15,5,0.30177208958897367,0.024265885254232986,0.06700756295489738,0.02266489809723611,0.22239204497291887,0.023273092200153656,0.22464375523889354,0.025,0.20535142927463873,0.030463810161550843,
imbalanced,qwen3_32b,maximal,last,16,5,0.2992651453886994,0.021401916561745008,0.06596396368410465,0.02201234288295984,0.2194931356459251,0.02140538396251872,0.22464375523889354,0.025,0.1978130164199571,0.02971914268393199,
imbalanced,qwen3_32b,maximal,last,17,5,0.30260187757111207,0.018691868250339073,0.06680430950228125,0.020086741209852255,0.22708492266237107,0.018741540261205513,0.22464375523889354,0.025,0.19697268028550333,0.029863683696336372,
imbalanced,qwen3_32b,maximal,last,18,5,0.30010196547238144,0.026111061849639208,0.06756727724963164,0.020935194625816413,0.2285548654377088,0.0241791959904124,0.22464375523889354,0.025,0.20033754087409025,0.030195688446070824,
imbalanced,qwen3_32b,maximal,last,19,5,0.3034597939594248,0.02577649314435554,0.06646487675875079,0.019445906560650303,0.23125686155445474,0.02456082164110991,0.22464375523889354,0.025,0.19697268028550333,0.029791110864946423,
imbalanced,qwen3_32b,maximal,last,20,5,0.3093175345451989,0.01992782564275175,0.07025208653473773,0.02081002629841305,0.24135110141886842,0.020386073973838535,0.22464375523889354,0.025,0.19613234415104955,0.029988287959748082,
imbalanced,qwen3_32b,maximal,last,21,5,0.31350866706515246,0.02654949426226398,0.07834846354114733,0.016488771551960966,0.24781558877240112,0.023067170272651344,0.22464375523889354,0.025,0.1910868112935551,0.02929496633403674,
imbalanced,qwen3_32b,maximal,last,22,5,0.31268591118455746,0.02312125259160404,0.07767395954440053,0.016960607223434197,0.24622286207203334,0.02249282209612493,0.22464375523889354,0.025,0.1902605393621884,0.0292791121154519,
imbalanced,qwen3_32b,maximal,last,23,5,0.31770683168664954,0.024169023034201022,0.0795521841423248,0.01742349383208332,0.25235513683901445,0.023907365160746045,0.22464375523889354,0.025,0.19277099961323443,0.030047562415011962,
imbalanced,qwen3_32b,maximal,last,24,5,0.324411940508421,0.02345343023642018,0.08094011811497895,0.01711844299503676,0.25818185388330217,0.02310802053367203,0.22464375523889354,0.025,0.19695861608241624,0.029611234686134545,
imbalanced,qwen3_32b,maximal,last,25,5,0.32776273689392077,0.02688199693038339,0.08050209753982693,0.017512555616108608,0.25856354391074604,0.02477917726974162,0.22464375523889354,0.025,0.19444463978059842,0.029452936164938288,
imbalanced,qwen3_32b,maximal,last,26,5,0.32524172849055943,0.01827092905227842,0.07816438146447703,0.015039474139322327,0.2546874955338512,0.017529520337065035,0.22464375523889354,0.025,0.19780950036918532,0.030318577530131126,
imbalanced,qwen3_32b,maximal,last,27,5,0.31267184698147044,0.02183025175466739,0.07594464665065004,0.015898238720490156,0.2443732548992398,0.022232181302651272,0.22464375523889354,0.025,0.19947962448577755,0.031607497190314165,
imbalanced,qwen3_32b,maximal,last,28,5,0.3043001300938786,0.020147622577675762,0.07730257526905122,0.01568365556015931,0.2373559034619135,0.01801576632028315,0.22464375523889354,0.025,0.20115678070391335,0.03090439902960205,
imbalanced,qwen3_32b,maximal,last,29,5,0.3051264020252452,0.024379897488092203,0.07601618753124934,0.016700454401339108,0.23535253394793898,0.020895790618208173,0.22464375523889354,0.025,0.20451812524172847,0.03145961365739985,
imbalanced,qwen3_32b,maximal,last,30,5,0.31099820681410645,0.032776678099308516,0.06893936170708734,0.022733697628659576,0.23813076853798965,0.02772748784260772,0.22464375523889354,0.025,0.20786188952568474,0.03195718554924876,
imbalanced,qwen3_32b,maximal,last,31,5,0.3009423016068352,0.04131532074380701,0.06732261392822182,0.024433048898276268,0.2306721636046055,0.034567964813921534,0.22464375523889354,0.025,0.20451109314018492,0.030600832999356974,
imbalanced,qwen3_32b,maximal,last,32,5,0.3042895819415632,0.03533739409296115,0.0674227441541817,0.02259268949244805,0.23236295271070526,0.02695802843701662,0.22464375523889354,0.025,0.20619528145986427,0.03172397016234418,
imbalanced,qwen3_32b,maximal,last,33,5,0.2866847157272951,0.0246440056283092,0.054774492714077284,0.013360296308845087,0.22137134673369893,0.017982621383777625,0.22464375523889354,0.025,0.2020041489399107,0.029403166545706,
imbalanced,qwen3_32b,maximal,last,34,5,0.3009282374037481,0.029483735933668383,0.058226279242575354,0.015590558952328743,0.23479334779551797,0.0242290620380462,0.22464375523889354,0.025,0.19864632045286734,0.029763921727957332,
imbalanced,qwen3_32b,maximal,last,35,5,0.3076333462255195,0.024143621058827995,0.06050522081016744,0.01567780353618718,0.2431345662282674,0.020517260046703942,0.22464375523889354,0.025,0.20033050877254666,0.029143770964918724,
imbalanced,qwen3_32b,maximal,last,36,3,0.29924053303329695,0.028888125631259327,0.05424310002783907,0.012907557961660142,0.225534098311836,0.02568890102006838,0.22464375523889354,0.025,0.20448648078478254,0.029046299112415862,
imbalanced,qwen3_32b,maximal,last,37,5,0.30261242572342745,0.03322196981173935,0.05196878577559676,0.006510455483623121,0.23996900486180134,0.024422634397145884,0.22464375523889354,0.025,0.20368130515804647,0.030324283464573075,
imbalanced,qwen3_32b,maximal,last,38,5,0.31854013571955975,0.039034395981760055,0.06660039407139637,0.017166755201139555,0.2558516432828592,0.03206494389406971,0.22464375523889354,0.025,0.21288984212932033,0.03136341041838311,
imbalanced,qwen3_32b,maximal,last,39,5,0.3160120952146549,0.033774202748327896,0.05375760285145925,0.008593953394465502,0.24885720837735753,0.028323987842350504,0.22464375523889354,0.025,0.20366372490418763,0.03055577010506,
imbalanced,qwen3_32b,maximal,last,40,5,0.31350515101438065,0.023707461924243094,0.06562365090053389,0.016268503181022673,0.25139718028483077,0.01965845734627258,0.22464375523889354,0.025,0.2019865686860518,0.03027365909882237,
imbalanced,qwen3_32b,maximal,last,41,5,0.31769276748356245,0.029617730782612237,0.07650353577293581,0.024076115627715982,0.2550578554287089,0.027264968759851224,0.22464375523889354,0.025,0.1952990401181393,0.02764149336427188,
imbalanced,qwen3_32b,maximal,last,42,5,0.3134981189128371,0.026169353424447324,0.07335129099653209,0.02234639633556874,0.24894444228890306,0.023374289984043863,0.22464375523889354,0.025,0.20114271650082624,0.02897652486954677,
imbalanced,qwen3_32b,maximal,last,43,5,0.3109911747125629,0.02461729345149982,0.07498370797453172,0.022298299536081246,0.24863181558983927,0.022547304867151355,0.22464375523889354,0.025,0.19528145986428044,0.029755028858559972,
imbalanced,qwen3_32b,maximal,last,44,5,0.3202067437853803,0.032055030970522716,0.07677524936377614,0.02446686779131273,0.2566649953754384,0.02984321277808777,0.22464375523889354,0.025,0.19949017263809288,0.029725840039827846,
imbalanced,qwen3_32b,maximal,last,45,5,0.3277557047923772,0.030114591232639255,0.07649450449313325,0.022747319485150238,0.26157614660866707,0.024831560045476094,0.22464375523889354,0.025,0.20116029675468514,0.028913536896992997,
imbalanced,qwen3_32b,maximal,last,46,5,0.31601209521465484,0.032105713242381755,0.07465563665114319,0.023689318689833122,0.25548985621664816,0.0282744786175703,0.22464375523889354,0.025,0.19949017263809288,0.02870588046245167,
imbalanced,qwen3_32b,maximal,last,47,5,0.31518582328328815,0.03443284444058052,0.05898758621060211,0.014864584539541247,0.2530868308840224,0.030703657582949427,0.22464375523889354,0.025,0.2045075770894132,0.029152998954557446,
imbalanced,qwen3_32b,maximal,last,48,5,0.31936289160015474,0.031170405840771357,0.05933769258031807,0.013902630998616793,0.25566149551501366,0.027175382829837915,0.22464375523889354,0.025,0.20368130515804647,0.029794293367623285,
imbalanced,qwen3_32b,maximal,last,49,5,0.330269681094195,0.03311288411800882,0.05745713053152761,0.008327421401001386,0.2639169924298642,0.02756958761055888,0.22464375523889354,0.025,0.20785837347491296,0.030305143578472072,
imbalanced,qwen3_32b,maximal,last,50,5,0.3227172040364263,0.028423066791375174,0.05586500993170619,0.007770816494966915,0.25719190459109553,0.02437485799092057,0.22464375523889354,0.025,0.19444463978059842,0.029076515039354545,
imbalanced,qwen3_32b,maximal,last,51,5,0.3193839879047854,0.03683316246478671,0.054791661381102995,0.008639194240939115,0.25296854413854736,0.02976558322677541,0.22464375523889354,0.025,0.19779543616609824,0.02928910038357735,
imbalanced,qwen3_32b,maximal,last,52,3,0.29422312858197675,0.01376701137602031,0.049758241099831735,0.004769541737121833,0.23107249154023957,0.012811384890623681,0.22464375523889354,0.025,0.19195175978341125,0.026414256433945082,
imbalanced,qwen3_32b,maximal,last,53,5,0.2984177771527021,0.03032249931968548,0.049075197799563076,0.0066551142905221915,0.23036883045617312,0.02200650161836495,0.22464375523889354,0.025,0.19530607221968285,0.028107412866812204,
imbalanced,qwen3_32b,maximal,last,54,5,0.3026018775711121,0.02331972956058424,0.04865142321876779,0.003866235200286387,0.23081910434414418,0.012816875124415759,0.22464375523889354,0.025,0.19446925213600086,0.028664155487286125,
imbalanced,qwen3_32b,maximal,last,55,5,0.29925108118561233,0.015888924119910417,0.048234792752645826,0.003256959854784358,0.2285758319442482,0.009583911765096447,0.22464375523889354,0.025,0.19863577230055202,0.02933469548009456,
imbalanced,qwen3_32b,maximal,last,56,5,0.2892022080798847,0.017609120142822586,0.04673130064391097,0.003284021275018956,0.2212883096326578,0.010575464517695076,0.22464375523889354,0.025,0.20451109314018495,0.029632406341562344,
imbalanced,qwen3_32b,maximal,last,57,5,0.2875356000140642,0.018285186796932727,0.04758567977799235,0.003738037606695537,0.2211781311091449,0.011142467992040155,0.22464375523889354,0.025,0.20033050877254666,0.02862416846192243,
imbalanced,qwen3_32b,maximal,last,58,5,0.28836538799620265,0.020819965615749756,0.04872754131505438,0.004679750782655884,0.2238379223290444,0.01462704729516729,0.22464375523889354,0.025,0.20283042087127737,0.029522353202493145,
imbalanced,qwen3_32b,maximal,last,59,5,0.28920924018142824,0.022124947214701044,0.04982455069294575,0.004099495114675772,0.22751044350614463,0.014611005261165919,0.22464375523889354,0.025,0.20200063288913891,0.02916018473235101,
imbalanced,qwen3_32b,maximal,last,60,5,0.2866847157272951,0.0190138273127629,0.050257838146933784,0.004733379254870105,0.2275191527634889,0.014212958281973496,0.22464375523889354,0.025,0.19110439154741393,0.02702157488726219,
imbalanced,qwen3_32b,maximal,last,61,5,0.30681410639569634,0.029424199397616074,0.06082376385558987,0.009439294782011744,0.2484221933563373,0.023494325026487323,0.22464375523889354,0.025,0.1978165324707289,0.027079472938813725,
imbalanced,qwen3_32b,maximal,last,62,5,0.30431419429696566,0.02541128731447149,0.055495823574760926,0.004014964327923893,0.24467127908049138,0.0154959230965151,0.22464375523889354,0.025,0.206184733307549,0.02909540872291596,
imbalanced,qwen3_32b,maximal,last,63,5,0.32945747336591535,0.03891731771132154,0.06307858526629509,0.007599855549336269,0.2703419106230445,0.031780271308602136,0.22464375523889354,0.025,0.20533736507155162,0.02907957957682127,
imbalanced,qwen3_32b,maximal,last,64,5,0.2942407088358356,0.038848141538042086,0.05162340456909714,0.01229513987677645,0.23034834682053035,0.03768292500682936,0.22464375523889354,0.025,0.21038289792904613,0.027910344499062732,
imbalanced,random,tier0,mean,0,5,0.5195530726256983,0.02468112421035339,0.11468511311139265,0.015788176299371695,0.42679677005338557,0.021009197492002057,0.30011198208286677,0.02631578947368421,0.2620111731843575,0.03174160666615324,
imbalanced,random,tier0,mean,1,5,0.5319000690477685,0.010943177954183557,0.1113200923487706,0.01821745288181099,0.47183273410086884,0.007616252540955637,0.30011198208286677,0.02631578947368421,0.28101186366204256,0.03753342216972031,
imbalanced,random,tier0,mean,2,5,0.5262883685895424,0.013961416966418644,0.09457490164492384,0.012975929184113177,0.46894363759934626,0.01177060256199819,0.30011198208286677,0.02631578947368421,0.28551879982424205,0.03856232113808117,
imbalanced,random,tier0,mean,3,5,0.5285104513213233,0.018958949914056437,0.09491626269172693,0.014377286263739178,0.4711215778167662,0.016507999758936277,0.30011198208286677,0.02631578947368421,0.2989580064026113,0.04164608455428716,
imbalanced,random,tier0,mean,4,5,0.5194965789969243,0.04023591206643594,0.08818342164721846,0.01369527372419771,0.46384454995383245,0.0372317406067632,0.30011198208286677,0.02631578947368421,0.2922666499278137,0.04163566214934401,
imbalanced,random,tier0,mean,5,5,0.5408197853242106,0.0255048912140096,0.09248860200818768,0.012811246972436874,0.4852253502744063,0.024664736809031553,0.30011198208286677,0.02631578947368421,0.2654321762601218,0.03728281400871407,
imbalanced,random,tier0,mean,6,5,0.5396961898185927,0.023897625246895378,0.09305840690580665,0.011262008499249632,0.4861190217309529,0.02370475611936468,0.30011198208286677,0.02631578947368421,0.2743581696064278,0.038033955599708416,
imbalanced,random,tier0,mean,7,5,0.5441842947712008,0.024294015293859335,0.10551130600256542,0.012446592808523532,0.49174726559066473,0.022809607203854675,0.30011198208286677,0.02631578947368421,0.26766053606176643,0.03588452282946893,
imbalanced,random,tier0,mean,8,5,0.539715021028184,0.02069676252221033,0.09312130085138888,0.013575993117938806,0.48428173608119074,0.02134220170540493,0.30011198208286677,0.02631578947368421,0.27998242420438135,0.0371055859469155,
imbalanced,random,tier0,mean,9,5,0.5419559349695562,0.01663608736370055,0.093466258016663,0.012649700455157389,0.487407149705721,0.015930749711219425,0.30011198208286677,0.02631578947368421,0.27439583202561046,0.03577820569124933,
imbalanced,random,tier0,mean,10,5,0.5329860021342038,0.020068990989721085,0.09151893069780606,0.010742570120139086,0.4782000276140178,0.02212120326481809,0.30011198208286677,0.02631578947368421,0.2732471282405373,0.03565058488180169,
imbalanced,random,tier0,mean,11,5,0.5374489988073566,0.02609966398510629,0.08692989000323552,0.007276572662636705,0.4824073358869221,0.025761222737196554,0.30011198208286677,0.02631578947368421,0.27661163768752745,0.035863206141174636,
imbalanced,random,tier0,mean,12,5,0.5363002950222835,0.03802915311421902,0.08624525647696059,0.010338853235595382,0.4806417506787202,0.03743967707606818,0.30011198208286677,0.02631578947368421,0.27438955495574663,0.03607589320067023,
imbalanced,random,tier0,mean,13,5,0.5251020023852866,0.04059638532586853,0.08571568762655117,0.012755359821888222,0.4694163300201204,0.04442699294025145,0.30011198208286677,0.02631578947368421,0.27440210909547424,0.036212820127290754,
imbalanced,random,tier0,mean,14,5,0.5217437700081603,0.03807811722871895,0.08480514082634262,0.011851205357135774,0.4661070785661181,0.04175011640104765,0.30011198208286677,0.02631578947368421,0.27103759964848406,0.036679619474684,
imbalanced,random,tier0,mean,15,5,0.5195216872763794,0.030275304224645822,0.08416246648970742,0.010369534715058273,0.4633939187877366,0.034222326385828276,0.30011198208286677,0.02631578947368421,0.28335321072123526,0.03903305772514145,
imbalanced,random,tier0,mean,16,5,0.5161571778293893,0.03517419487214194,0.0901760404813314,0.009200488387981357,0.46072410993578156,0.03880772295720403,0.30011198208286677,0.02631578947368421,0.2822484464252087,0.03884120954881147,
imbalanced,random,tier0,mean,17,5,0.513916263888017,0.03603978774003143,0.0876216409913088,0.00832317620129219,0.4585286690576008,0.040438938636423734,0.30011198208286677,0.02631578947368421,0.27777289561232815,0.037810104487298615,
imbalanced,random,tier0,mean,18,5,0.5116753499466449,0.03536571574262202,0.08723463951575142,0.00820051328781352,0.4564714695938745,0.03994974282758558,0.30011198208286677,0.02631578947368421,0.27776661854246437,0.03810229468385352,
imbalanced,random,tier0,mean,19,5,0.5161509007595255,0.03666105766917078,0.09272060063800326,0.007050212800783159,0.46135552394897494,0.041811740480242957,0.30011198208286677,0.02631578947368421,0.28002008662356415,0.03833857443965146,
imbalanced,random,tier0,mean,20,5,0.5116627958069173,0.038921445340312874,0.09274301773004573,0.006807575849990499,0.45797658514567485,0.04230327106013381,0.30011198208286677,0.02631578947368421,0.2755382587408198,0.037868714969247944,
imbalanced,random,tier0,mean,21,5,0.5139037097482895,0.03921502627853407,0.09293946465848761,0.006921335494820617,0.45935249125424094,0.04249292666066077,0.30011198208286677,0.02631578947368421,0.2800075324838366,0.038405444060994255,
imbalanced,random,tier0,mean,22,5,0.509421881865545,0.039767912311677346,0.09152083689103858,0.008639799738806315,0.45471165428230087,0.04355485635055857,0.30011198208286677,0.02631578947368421,0.2800263636934279,0.03929321448556563,
imbalanced,random,tier0,mean,23,5,0.510520369091708,0.04980704593483545,0.09175095239157956,0.008776152197827859,0.45502829732523054,0.05240215372925778,0.30011198208286677,0.02631578947368421,0.291224656330425,0.04067573988356854,
imbalanced,random,tier0,mean,24,5,0.5060636494884188,0.0411252540082852,0.09539425876435777,0.009682498598415811,0.45171640833232163,0.04284392539223987,0.30011198208286677,0.02631578947368421,0.2844893603665809,0.039239462377466096,
imbalanced,random,tier0,mean,25,5,0.5094156047956814,0.044043851420468794,0.09156149887215567,0.007413500519965801,0.45445639124569903,0.04404328073145436,0.30011198208286677,0.02631578947368421,0.2878727010231624,0.03958404161019003,
imbalanced,random,tier0,mean,26,5,0.5026991400414287,0.043006367419627524,0.09094103664435196,0.006529423607978217,0.4458771883877132,0.04600759717727304,0.30011198208286677,0.02631578947368421,0.2744272173749294,0.03812367724310891,
imbalanced,random,tier0,mean,27,5,0.4982173121586843,0.044082804736949276,0.09012685083372787,0.007277289152190023,0.4420770293938707,0.047818130559888344,0.30011198208286677,0.02631578947368421,0.2811248509195907,0.03894127144734545,
imbalanced,random,tier0,mean,28,5,0.5049337769129371,0.04438259675283763,0.09364354929735273,0.00731608737102212,0.4507217323815721,0.043770644093048205,0.30011198208286677,0.02631578947368421,0.27888393697821856,0.03804129362777317,
imbalanced,random,tier0,last,0,5,0.36848283221392253,0.027195289096851327,0.062393434416368576,0.01565425915993916,0.2891869816816709,0.026152585007935072,0.30011198208286677,0.02631578947368421,0.28330927123218885,0.03233286006139034,
imbalanced,random,tier0,last,1,5,0.422164333689034,0.013198813773789978,0.07627098607258667,0.010734448697961268,0.32529055040358035,0.021619637851762834,0.30011198208286677,0.02631578947368421,0.26762287364258364,0.034467903405367616,
imbalanced,random,tier0,last,2,5,0.4378632854183667,0.01745613967528622,0.08654226692201883,0.01677959701071753,0.36448296137103026,0.024595346849437014,0.30011198208286677,0.02631578947368421,0.2810683572908167,0.037837577218752035,
imbalanced,random,tier0,last,3,5,0.43783817713891154,0.021127591471602508,0.09894207364882952,0.0061800689280415155,0.36516366884963325,0.02507620094755666,0.30011198208286677,0.02631578947368421,0.25305379448873266,0.03601540870619518,
imbalanced,random,tier0,last,4,5,0.44228234260247323,0.025236912354176567,0.09790373911565821,0.009523652487020268,0.3747606072991981,0.019251626101593155,0.30011198208286677,0.02631578947368421,0.2553260937794238,0.03731202331616401,
imbalanced,random,tier0,last,5,5,0.44677672462494505,0.01771394676386523,0.0897267557993054,0.0121552548498304,0.3807796544686284,0.017066609500816537,0.30011198208286677,0.02631578947368421,0.26654949469587597,0.03967778984600152,
imbalanced,random,tier0,last,6,5,0.44340593810809115,0.018493065993024367,0.09008176530479713,0.013869282352379615,0.37807935429012457,0.012999335334238603,0.30011198208286677,0.02631578947368421,0.26427719540518485,0.03969035665069133,
imbalanced,random,tier0,last,7,5,0.44229489674220074,0.015639525839640747,0.09264663033591004,0.014643240471977714,0.38135346997237585,0.008542606951701079,0.30011198208286677,0.02631578947368421,0.2418555018517356,0.03696185901592207,
imbalanced,random,tier0,last,8,5,0.44677044755508133,0.016458999066731775,0.092600181960703,0.015340685568649415,0.38377124082578107,0.006844044113076045,0.30011198208286677,0.02631578947368421,0.2598330299416233,0.04016817917339795,
imbalanced,random,tier0,last,9,5,0.44901136149645343,0.017591577605495026,0.09326407224197379,0.01564126263437946,0.3866062893921905,0.010918276711999199,0.30011198208286677,0.02631578947368421,0.24638126922352646,0.03830229233559723,
imbalanced,random,tier0,last,10,5,0.4501035716527525,0.03208039874352002,0.09387593936732934,0.013663666549923582,0.3892829595477142,0.02363672594692725,0.30011198208286677,0.02631578947368421,0.24751741886887202,0.0375298155467077,
imbalanced,random,tier0,last,11,5,0.44676417048521755,0.021620823852170023,0.09372277695986822,0.013529268186086149,0.38731908666897485,0.01571716245443201,0.30011198208286677,0.02631578947368421,0.24303559098612765,0.03753880022703289,
imbalanced,random,tier0,last,12,5,0.4545979536752244,0.022892755201134273,0.0946314183444231,0.013273561958977676,0.3934196825481823,0.017324228687996636,0.30011198208286677,0.02631578947368421,0.23967108153913755,0.03718185122088698,
imbalanced,random,tier0,last,13,5,0.4590986127675601,0.01695402058755417,0.09568864476529028,0.013588018391831966,0.3976910589906625,0.013803258017243736,0.30011198208286677,0.02631578947368421,0.24525767371790846,0.03754298856759099,
imbalanced,random,tier0,last,14,5,0.456857698826188,0.020436664620315646,0.09562135949946031,0.012598173181956775,0.39796570854875846,0.01773010814276985,0.30011198208286677,0.02631578947368421,0.250856820036407,0.038656885495695,
imbalanced,random,tier0,last,15,5,0.46133324963906847,0.01941681466315093,0.09327457931250271,0.012364840253906452,0.4017450451052599,0.014818179785470537,0.30011198208286677,0.02631578947368421,0.24410269286297154,0.037848375401424036,
imbalanced,random,tier0,last,16,5,0.4344360052727387,0.02261651007240456,0.089157702007049,0.011122242226417648,0.37757298741704837,0.01755486096738803,0.30011198208286677,0.02631578947368421,0.2418241165024167,0.037311986845992635,
imbalanced,random,tier0,last,17,5,0.46132069549934085,0.02009534679706508,0.09339027825878164,0.011909120427864702,0.4014556392185855,0.01607710961185067,0.30011198208286677,0.02631578947368421,0.2407632916954366,0.03723061383735472,
imbalanced,random,tier0,last,18,5,0.45907350448810497,0.023495735750515147,0.09283463869324499,0.010395827315410229,0.39820739330224564,0.01934218815966114,0.30011198208286677,0.02631578947368421,0.24300420563680875,0.03761086150433686,
imbalanced,random,tier0,last,19,5,0.4445295336137091,0.019930053668223837,0.09052644652981687,0.012253553165540412,0.38596001934128643,0.015039214367958383,0.30011198208286677,0.02631578947368421,0.2295587219885757,0.03543241871282373,
imbalanced,random,tier0,last,20,5,0.46357416358044057,0.01904345065209566,0.09355694027618049,0.0129901355807605,0.403545900813862,0.015895515760626783,0.30011198208286677,0.02631578947368421,0.25308517983805157,0.03847570592101792,
imbalanced,random,tier0,last,21,5,0.46133324963906847,0.01504528666512828,0.09316667510126375,0.01197662852563919,0.401192012444801,0.01314255253892516,0.30011198208286677,0.02631578947368421,0.2598079216621681,0.03929302644905153,
imbalanced,random,tier0,last,22,5,0.4523695938735798,0.01565959227086147,0.09179355436768111,0.012730687929019916,0.39402199045718433,0.012402976558890411,0.30011198208286677,0.02631578947368421,0.2530914569079154,0.040202280921039515,
imbalanced,random,tier0,last,23,5,0.4478689347812441,0.025217287380123354,0.09212344087998074,0.0128963713506828,0.39191548547370003,0.021831891498178095,0.30011198208286677,0.02631578947368421,0.2530663486284602,0.03867182898089783,
imbalanced,random,tier0,last,24,5,0.44675789341535366,0.027564725822768532,0.09167949024158065,0.014833632076735579,0.38975384631985055,0.02554183296642138,0.30011198208286677,0.02631578947368421,0.24524511957818093,0.03803613517756108,
imbalanced,random,tier0,last,25,5,0.4277007093088946,0.030603787011343423,0.08784659865495767,0.013829111401838545,0.37196875087356024,0.02572665571527412,0.30011198208286677,0.02631578947368421,0.24523256543845334,0.03788519917792722,
imbalanced,random,tier0,last,26,5,0.4366580880045195,0.029403844197022206,0.09044073188898677,0.013430436836750236,0.3817321739335717,0.026599455680820335,0.30011198208286677,0.02631578947368421,0.24412152407256293,0.038067620296323317,
imbalanced,random,tier0,last,27,5,0.43329985562739315,0.028035507839968037,0.08948264145013832,0.013488026341998374,0.3775254714744797,0.023932830407623666,0.30011198208286677,0.02631578947368421,0.24410269286297157,0.03866496732407321,
imbalanced,random,tier0,last,28,5,0.4344360052727387,0.024717535791502546,0.0897604047457809,0.014315812086918274,0.37858818113593984,0.021597629190178217,0.30011198208286677,0.02631578947368421,0.24299792856694497,0.039355676481405776,
imbalanced,random,maximal,mean,0,5,0.43899943506371225,0.01443572681685392,0.06091542377966029,0.0037993855435460243,0.37033206303842364,0.011413819207314024,0.30011198208286677,0.02631578947368421,0.2833092712321888,0.03442701057660423,
imbalanced,random,maximal,mean,1,5,0.5039231686648672,0.01628941355305417,0.07906194733494666,0.012833696319735438,0.4399178809017689,0.015007112388231434,0.30011198208286677,0.02631578947368421,0.26425836419559345,0.034252972601463004,
imbalanced,random,maximal,mean,2,5,0.5072939551817212,0.008425679803733006,0.07982419533859213,0.014184922548183742,0.44400288702616014,0.008610330718750517,0.30011198208286677,0.02631578947368421,0.2664741698575105,0.03562839981183345,
imbalanced,random,maximal,mean,3,5,0.5005523821480133,0.016526770398385186,0.07284123051807853,0.0022507471601766202,0.4380967454675392,0.017465286394698114,0.30011198208286677,0.02631578947368421,0.2788462745590358,0.03730821326426727,
imbalanced,random,maximal,mean,4,5,0.4938170861841692,0.01709687628670187,0.07175999632502036,0.0022201800864688898,0.43272432084319695,0.018386610423245714,0.30011198208286677,0.02631578947368421,0.27325968238026493,0.036547667779602305,
imbalanced,random,maximal,mean,5,5,0.48374866612265394,0.017095705505506865,0.06968204536374081,0.003152427953750081,0.42227318464645663,0.01858506443746966,0.30011198208286677,0.02631578947368421,0.2698888958634109,0.035958705199061185,
imbalanced,random,maximal,mean,6,5,0.4904651308769067,0.026977027936879207,0.07072494339336036,0.002913268761884788,0.4282651918302104,0.024929336164138942,0.30011198208286677,0.02631578947368421,0.2732345741008097,0.036988116348032986,
imbalanced,random,maximal,mean,7,5,0.4971941497708869,0.019942504844046676,0.07184627129050633,0.0021519308187221502,0.4345432964193928,0.01915027962188067,0.30011198208286677,0.02631578947368421,0.2844454208775343,0.038209498523360814,
imbalanced,random,maximal,mean,8,5,0.4882242169355345,0.019979612634884316,0.07579948313224501,0.011274566255488389,0.42622421540234834,0.018795223504700167,0.30011198208286677,0.02631578947368421,0.2799698700646538,0.03763567167334598,
imbalanced,random,maximal,mean,9,5,0.48821166279580697,0.015399989786440216,0.07599464536302802,0.011344965397590683,0.42671381139989595,0.015250113867907667,0.30011198208286677,0.02631578947368421,0.28556273931328857,0.03809455205619596,
imbalanced,random,maximal,mean,10,5,0.48484715334881673,0.017254869271888632,0.07556027497293816,0.010414407639540811,0.4237809130452831,0.01610475302151684,0.30011198208286677,0.02631578947368421,0.29005712133576045,0.03867413869812397,
imbalanced,random,maximal,mean,11,5,0.47924172996045444,0.019816438154876395,0.07437926157266081,0.01106376425377986,0.4177308017326877,0.019511122460778137,0.30011198208286677,0.02631578947368421,0.27327223651999244,0.03667846209748352,
imbalanced,random,maximal,mean,12,5,0.4803527713263448,0.02109885564504031,0.07421103622034117,0.011745330646778096,0.41707617617115755,0.019783880557093365,0.30011198208286677,0.02631578947368421,0.2698951729332747,0.0358513228367483,
imbalanced,random,maximal,mean,13,5,0.479254284100182,0.015961293950018468,0.06942217807286433,0.001931795187592729,0.41885011489645996,0.015013079825501525,0.30011198208286677,0.02631578947368421,0.27437072374615534,0.0365687936435934,
imbalanced,random,maximal,mean,14,5,0.48261251647730835,0.014597717014600475,0.07552329719573343,0.0111104495017822,0.4221414942093709,0.017395052696722806,0.30011198208286677,0.02631578947368421,0.268765300357793,0.035589288560981314,
imbalanced,random,maximal,mean,15,5,0.4781369656644278,0.021396731196785607,0.07477677143265424,0.012158859693142579,0.4182863077349094,0.02317175002850029,0.30011198208286677,0.02631578947368421,0.2788462745590358,0.03686254718222996,
imbalanced,random,maximal,mean,16,5,0.4803653254660724,0.0207857053114303,0.0796445556170794,0.014541485243881417,0.42092873949397147,0.02316315177625815,0.30011198208286677,0.02631578947368421,0.2732596823802649,0.034913870723623744,
imbalanced,random,maximal,mean,17,5,0.4792480070303182,0.02090111950609852,0.07499554489008195,0.012531542987533771,0.41915913028603596,0.023448113346584892,0.30011198208286677,0.02631578947368421,0.2721235327349193,0.0354554123629071,
imbalanced,random,maximal,mean,18,5,0.48708806729018905,0.019482255306437865,0.08239237154099124,0.015757213673811395,0.42794792752155797,0.02178673871459949,0.30011198208286677,0.02631578947368421,0.26988889586341097,0.034883340305492685,
imbalanced,random,maximal,mean,19,5,0.4904525767371791,0.020733394559588236,0.08285014233358201,0.01535627837282045,0.4306290624641722,0.02149215835510868,0.30011198208286677,0.02631578947368421,0.26766681313163015,0.03490423226283905,
imbalanced,random,maximal,mean,20,5,0.48710062142991656,0.018497269218993525,0.08233559089332579,0.015396254655223393,0.42763104378192895,0.019667623645814362,0.30011198208286677,0.02631578947368421,0.26655577176573975,0.034431524811765334,
imbalanced,random,maximal,mean,21,5,0.48374866612265394,0.01599801368902496,0.08180510946930486,0.014510554417062645,0.4244847618278456,0.015450562396368515,0.30011198208286677,0.02631578947368421,0.27103132257862034,0.03499520674465842,
imbalanced,random,maximal,mean,22,5,0.48710062142991656,0.019458066117433157,0.08221512089896071,0.015040001736801865,0.4270475428545824,0.020618444198683413,0.30011198208286677,0.02631578947368421,0.2699014500031386,0.0349962389567809,
imbalanced,random,maximal,mean,23,5,0.48037160253593625,0.019993641106553998,0.08143177943508016,0.015371946319287181,0.42205143227551306,0.021945554029968124,0.30011198208286677,0.02631578947368421,0.2721486410143745,0.03548059020589134,
imbalanced,random,maximal,mean,24,5,0.47926056117004584,0.014476567136641456,0.08136048310149005,0.01490943774452366,0.4211284232694522,0.016016551743758295,0.30011198208286677,0.02631578947368421,0.2687966857071119,0.03530014876682459,
imbalanced,random,maximal,mean,25,5,0.47926056117004584,0.01612667574149999,0.08126301668953632,0.014889595451219758,0.42086446242082287,0.016944728598981662,0.30011198208286677,0.02631578947368421,0.26655577176573975,0.03453154719014129,
imbalanced,random,maximal,mean,26,5,0.47814324273429165,0.016952291423090016,0.08137555152377692,0.014716840481236202,0.4207153694375327,0.01729967350790964,0.30011198208286677,0.02631578947368421,0.2665494946958759,0.03485306181985902,
imbalanced,random,maximal,mean,27,5,0.4747724562174377,0.017294568034427256,0.08075352584605953,0.015199337465594494,0.41749442576655726,0.019244551514468813,0.30011198208286677,0.02631578947368421,0.2654321762601218,0.03450587790996093,
imbalanced,random,maximal,mean,28,5,0.4736551377816835,0.019150491465890165,0.08057023456976753,0.01493592080845975,0.416453974297659,0.020332803350097316,0.30011198208286677,0.02631578947368421,0.26207394388299543,0.033829140905706094,
imbalanced,random,maximal,last,0,5,0.3684451697947398,0.01611456730286279,0.04723525367799303,0.0029290161611129142,0.2932557316993307,0.01607951116031422,0.30011198208286677,0.02631578947368421,0.2653756826313477,0.033751691552020825,
imbalanced,random,maximal,last,1,5,0.42895612328165206,0.025791254110632853,0.08490889925467135,0.014334556586102228,0.36120129906162685,0.01967181234146062,0.30011198208286677,0.02631578947368421,0.2732282970309459,0.035811214876738134,
imbalanced,random,maximal,last,2,5,0.42893101500219694,0.024103618074653284,0.0898749393701471,0.016748516019188614,0.36522944349474,0.019314103288799372,0.30011198208286677,0.02631578947368421,0.2743832778858829,0.03661516660121849,
imbalanced,random,maximal,last,3,5,0.4546858326533174,0.02188250296638196,0.09410347267217219,0.01662204197287839,0.38916239098389227,0.018443572589773676,0.30011198208286677,0.02631578947368421,0.2754817651120457,0.03763095359888226,
imbalanced,random,maximal,last,4,5,0.4524323645722177,0.018418869753253117,0.09094019228385783,0.014240441007189438,0.38754508438501956,0.021422048382341963,0.30011198208286677,0.02631578947368421,0.27212353273491935,0.037959895182890745,
imbalanced,random,maximal,last,5,5,0.45129621492687216,0.027850909811464413,0.08894459171333273,0.014976992968379404,0.37960718118974185,0.03426959314864779,0.30011198208286677,0.02631578947368421,0.25985186115121467,0.03867529459603894,
imbalanced,random,maximal,last,6,5,0.4614022974075701,0.02855647642140904,0.08943872081194122,0.016094871287578357,0.38455032967323566,0.034034844935258386,0.30011198208286677,0.02631578947368421,0.2586843261565501,0.038269786563859,
imbalanced,random,maximal,last,7,5,0.4580189567509887,0.025880775435686367,0.08591820555995464,0.015212792720175235,0.3690945772112064,0.0363850352925192,0.30011198208286677,0.02631578947368421,0.2520118008913439,0.038142067075978184,
imbalanced,random,maximal,last,8,5,0.4569016383152345,0.015279584616400149,0.08533589707381858,0.01474569262185536,0.3666647254061397,0.02303977459628467,0.30011198208286677,0.02631578947368421,0.2620425585336765,0.04026867052382517,
imbalanced,random,maximal,last,9,5,0.44793798254974576,0.016838915865681477,0.08065308077322804,0.014095079345966231,0.3451746946593088,0.01783865171764237,0.30011198208286677,0.02631578947368421,0.25089448245558976,0.03827914800934658,
imbalanced,random,maximal,last,10,5,0.44346243173686517,0.020118117611235244,0.07989431451655009,0.01519588842413959,0.3407930182808375,0.020136557345279995,0.30011198208286677,0.02631578947368421,0.2676605360617664,0.04042617828667465,
imbalanced,random,maximal,last,11,5,0.4367145816332935,0.009230102008146057,0.07888634899844141,0.013298463228222174,0.3349457358771915,0.009845049376983031,0.30011198208286677,0.02631578947368421,0.2632038164584772,0.03917438113563542,
imbalanced,random,maximal,last,12,5,0.4400602598706923,0.01956725285567091,0.07907503201976249,0.013917111168393987,0.33687505126301487,0.017997341178548946,0.30011198208286677,0.02631578947368421,0.26433368903395893,0.04033366903830331,
imbalanced,random,maximal,last,13,5,0.4344485594124662,0.022293750411402947,0.07779846847474656,0.014134326350953472,0.33007844445566126,0.01937198005526906,0.30011198208286677,0.02631578947368421,0.2631975393886134,0.03988778002301648,
imbalanced,random,maximal,last,14,5,0.4344485594124663,0.022831469476908756,0.0777375547023493,0.013890154594606388,0.32984157232423417,0.01853132561712518,0.30011198208286677,0.02631578947368421,0.2609754566568326,0.039345791100219255,
imbalanced,random,maximal,last,15,3,0.4400477057309648,0.024185000344747753,0.0777595637813561,0.014840637002865085,0.33226997061606084,0.02327885082306707,0.30011198208286677,0.02631578947368421,0.2666122653945139,0.035412760876282125,
imbalanced,random,maximal,last,16,3,0.43892411022534683,0.02612439257047261,0.07744325077381511,0.014811367193565739,0.3302961990239921,0.02431969929684736,0.30011198208286677,0.02631578947368421,0.25429665432176257,0.033513541985319965,
imbalanced,random,maximal,last,17,3,0.43445483648233,0.02405177578741014,0.07648894460122777,0.014654322584385692,0.3248965638395579,0.02172816495263104,0.30011198208286677,0.02631578947368421,0.25315422760655326,0.033233337099506335,
imbalanced,random,maximal,last,18,3,0.4389303872952106,0.02370759957697791,0.07769249563034478,0.014825691840865749,0.33163028041582676,0.021891780135282594,0.30011198208286677,0.02631578947368421,0.25654384533299857,0.03416728715635592,
imbalanced,random,maximal,last,19,5,0.43332496390684827,0.02748395954834226,0.07649810937209126,0.014015435484525099,0.3242616796344876,0.021225078725329267,0.30011198208286677,0.02631578947368421,0.24641893164270917,0.03759419961951863,
imbalanced,random,maximal,last,20,3,0.43447366769192153,0.0222128323679686,0.07689169703093357,0.01582579344010699,0.3265490717007128,0.021984918485040677,0.30011198208286677,0.02631578947368421,0.2643399661038227,0.03524398531354773,
imbalanced,random,maximal,last,21,3,0.42996673152972187,0.02631883100029172,0.07599804856926336,0.014727019696357811,0.32176509334118397,0.023352925365749243,0.30011198208286677,0.02631578947368421,0.25761722427970624,0.03401156369217974,
imbalanced,random,maximal,last,22,3,0.4322327537505493,0.02453114239140343,0.07665001814016521,0.016128448469289403,0.32483956589534196,0.02321886434265439,0.30011198208286677,0.02631578947368421,0.26098173372669636,0.034374084509594185,
imbalanced,random,maximal,last,23,3,0.4344799447617852,0.026907080062192768,0.07701491234495908,0.016636966871210773,0.3270546480056571,0.025544545285644017,0.30011198208286677,0.02631578947368421,0.2643148578243676,0.034792597237577154,
imbalanced,random,maximal,last,24,3,0.4322453078902768,0.028054966126038767,0.07692433411425464,0.016883917964377437,0.32629598192967924,0.02583516346638831,0.30011198208286677,0.02631578947368421,0.262086498022723,0.03446648546889518,
imbalanced,random,maximal,last,25,3,0.43112798945452263,0.027780382362318237,0.08059109076689594,0.021972429712137875,0.3239905600453625,0.024189716283403304,0.30011198208286677,0.02631578947368421,0.26655577176573975,0.035120998294945714,
imbalanced,random,maximal,last,26,3,0.4288807984432867,0.026639369789045627,0.07583973729084585,0.0160558937827933,0.3204691096057691,0.022782075341757226,0.30011198208286677,0.02631578947368421,0.25984558408135083,0.03453267374198661,
imbalanced,random,maximal,last,27,3,0.43335634925616723,0.01986668911594205,0.07656847244706579,0.0152887580169141,0.32492774982362105,0.018599335057562717,0.30011198208286677,0.02631578947368421,0.27103759964848406,0.036050470580753696,
imbalanced,random,maximal,last,28,3,0.4299918398091771,0.02034929432559887,0.07627365695346114,0.014787796972136143,0.3227925469911791,0.0175401298065868,0.30011198208286677,0.02631578947368421,0.26991400414286615,0.03573084178524357,
balanced,thalesian_cunei400m,tier0,mean,L00,,0.38069964349376106,0.032777515606129876,0.3232703640013237,0.03423062219750004,0.3235093489837135,0.03417387839250154,0.125,0.125,0.10275044563279857,0.08622457566508623,200
balanced,thalesian_cunei400m,tier0,mean,L01,,0.35871212121212115,0.03460788990399267,0.29961111229587556,0.036402331208978365,0.30033761425593886,0.03651507359759685,0.125,0.125,0.10479590017825313,0.08745914370717,200
balanced,thalesian_cunei400m,tier0,mean,L02,,0.369969696969697,0.034749410844089584,0.30898083516071134,0.035553599397486,0.3098189881964865,0.035785214805508746,0.125,0.125,0.10534581105169341,0.08876618212154203,200
balanced,thalesian_cunei400m,tier0,mean,L03,,0.3927816399286987,0.03306064405962833,0.3345840527581723,0.03508807422146346,0.33479967576339265,0.03497990863031939,0.125,0.125,0.10177272727272728,0.08583663115350422,200
balanced,thalesian_cunei400m,tier0,mean,L04,,0.4088654188948307,0.03235755911268589,0.35322559542280907,0.03531063117626823,0.3536276330615661,0.03516454942133649,0.125,0.125,0.10497147950089125,0.0888379235773817,200
balanced,thalesian_cunei400m,tier0,mean,L05,,0.41924064171122993,0.034217387460674806,0.36478479292894933,0.037773077884321216,0.3649040002510353,0.03759668499404417,0.125,0.125,0.10376648841354724,0.08734126656991707,200
balanced,thalesian_cunei400m,tier0,mean,L06,,0.4243992869875223,0.0339833228790595,0.36728674792592164,0.03909246024197197,0.36749025798964785,0.038841353179616823,0.125,0.125,0.10127183600713013,0.08575969305999298,200
balanced,thalesian_cunei400m,tier0,mean,L07,,0.4352869875222817,0.03505703623984588,0.3819718297708913,0.040540867503500465,0.3823901801551639,0.04070700167737596,0.125,0.125,0.1039385026737968,0.08778663250234459,200
balanced,thalesian_cunei400m,tier0,mean,L08,,0.43538235294117655,0.035952571563330336,0.38414363404590757,0.04080495606141323,0.3846359239029748,0.041056115062438954,0.125,0.125,0.10497058823529412,0.08895779853638792,200
balanced,thalesian_cunei400m,tier0,mean,L09,,0.43858110516934046,0.034868399924250525,0.38890849986679127,0.038960492469008935,0.3896020337430515,0.0391672085421612,0.125,0.125,0.10412299465240642,0.08868120802593518,200
balanced,thalesian_cunei400m,tier0,mean,L10,,0.44152584670231726,0.03640226287240957,0.39160096434782965,0.04118166368729718,0.392049539163654,0.041505337679825935,0.125,0.125,0.10583778966131906,0.08994745229937759,200
balanced,thalesian_cunei400m,tier0,mean,L11,,0.4439304812834225,0.0359483457514565,0.39268676490992666,0.040514311481569754,0.3930991954405096,0.04096082479627167,0.125,0.125,0.10566042780748663,0.09026934002100412,200
balanced,thalesian_cunei400m,tier0,mean,L12,,0.44403208556149737,0.037124621713552484,0.38917106331168827,0.04392361434235129,0.3893782772098988,0.04413548281483044,0.125,0.125,0.10748306595365419,0.0921517209925008,200
balanced,thalesian_akk300m,tier0,mean,L00,,0.38983957219251336,0.03248140159246131,0.3370892203954027,0.0350777724814841,0.33728451722895564,0.03507279762842519,0.125,0.125,0.10464616755793227,0.08893922305227452,200
balanced,thalesian_akk300m,tier0,mean,L01,,0.3928101604278075,0.03325298100961544,0.34410927469181146,0.0356961897931877,0.34477971158721393,0.03576370032148567,0.125,0.125,0.1083101604278075,0.09159858333423543,200
balanced,thalesian_akk300m,tier0,mean,L02,,0.39095454545454544,0.03466353168561424,0.3423922987594621,0.03798437510036787,0.3432289808798074,0.0378863194092559,0.125,0.125,0.10715686274509803,0.0898072650711002,200
balanced,thalesian_akk300m,tier0,mean,L03,,0.39482352941176474,0.036443473575483026,0.34571919955044955,0.03906903764650691,0.3463286909287106,0.03914140241879928,0.125,0.125,0.10868627450980392,0.09129545230741051,200
balanced,thalesian_akk300m,tier0,mean,L04,,0.39063458110516935,0.03383984580581409,0.3425816667540835,0.035657182129575436,0.3431750826545931,0.035767661625394055,0.125,0.125,0.1075837789661319,0.0894012880673678,200
balanced,thalesian_akk300m,tier0,mean,L05,,0.38088680926916224,0.03309407031861255,0.32605303199874597,0.036913955950863074,0.32589838527539183,0.03712997077683433,0.125,0.125,0.10684224598930481,0.09029880455415831,200
balanced,thalesian_akk300m,tier0,mean,L06,,0.38769875222816397,0.03254334249280335,0.3320893477931597,0.035938904983618986,0.3317447288724047,0.03595170815466416,0.125,0.125,0.10686809269162209,0.0900134382584052,200
balanced,thalesian_akk300m,tier0,mean,L07,,0.37314527629233507,0.03300916465003338,0.32292418704768744,0.03594405697328861,0.3233738853032327,0.035908117278231746,0.125,0.125,0.10764349376114084,0.0910653223561992,200
balanced,thalesian_akk300m,tier0,mean,L08,,0.3682602495543672,0.03285129375301887,0.3079101668874211,0.035878265923840046,0.30764735585206787,0.03573241276417948,0.125,0.125,0.10174242424242426,0.08595787719542723,200
balanced,mlm,tier0,mean,L00,,0.4008181818181818,0.03462634722675292,0.3462011070220629,0.03653032755925105,0.3472479453356577,0.03637177655786404,0.125,0.125,0.10679055258467024,0.08969416482087865,200
balanced,mlm,tier0,mean,L01,,0.37840641711229944,0.03603567478362986,0.32098149046730695,0.0390380551019135,0.3217584916669412,0.039080344190008505,0.125,0.125,0.10578431372549019,0.08889223862974831,200
balanced,mlm,tier0,mean,L02,,0.3990133689839572,0.0335182602179143,0.33876039264420654,0.03759681955533225,0.33932962026022223,0.0377293320073951,0.125,0.125,0.10647147950089125,0.08964743109595083,200
balanced,mlm,tier0,mean,L03,,0.40302762923351154,0.03495940186587824,0.34562481653623295,0.0401660620377063,0.3459045380771956,0.04039898729165646,0.125,0.125,0.1072602495543672,0.0906705260565458,200
balanced,mlm,tier0,mean,L04,,0.40692602495543667,0.03391565474267281,0.3479017026671729,0.03945949938437391,0.34823834329794906,0.03955091740935271,0.125,0.125,0.1082620320855615,0.09168953576630628,200
balanced,mlm,tier0,mean,L05,,0.41164973262032084,0.034975505557730616,0.35592295575941085,0.04099824301630313,0.35616732248707733,0.04114808524400957,0.125,0.125,0.10804991087344028,0.0923479744659795,200
balanced,mlm,tier0,mean,L06,,0.4142923351158646,0.03410794028923545,0.36014274678387487,0.039088328214608996,0.36054396332503996,0.0392570393845233,0.125,0.125,0.10893582887700536,0.09345976877117551,200
balanced,mlm,tier0,mean,L07,,0.42210695187165775,0.03476984603423166,0.369645709375334,0.039331903967611756,0.37002485526893336,0.0396955290224144,0.125,0.125,0.10661408199643495,0.09145087077198313,200
balanced,mlm,tier0,mean,L08,,0.4290953654188948,0.03465978441909058,0.3789632398034971,0.03985240558968864,0.3794802567585793,0.040385146906759296,0.125,0.125,0.10737254901960785,0.09235390793734616,200
balanced,mlm,tier0,mean,L09,,0.42883244206773613,0.03516029903123296,0.3785078793336436,0.040868135321444066,0.3790934412951759,0.04118639045058109,0.125,0.125,0.10825222816399287,0.09348595039002143,200
balanced,mlm,tier0,mean,L10,,0.42923796791443847,0.03591543555572591,0.37962847199777344,0.041750171154956606,0.38016214503620527,0.04212001432048467,0.125,0.125,0.10787611408199645,0.09351638175528461,200
balanced,mlm,tier0,mean,L11,,0.4286524064171122,0.036816934715626755,0.3792737733467513,0.042788920367265025,0.37990456593914046,0.043064979123702926,0.125,0.125,0.1083663101604278,0.09393367618056914,200
balanced,mlm,tier0,mean,L12,,0.43474064171122995,0.03748731926129307,0.385562658685269,0.04327640861218142,0.3864266477109274,0.04353147358618806,0.125,0.125,0.11055525846702316,0.095205720104414,200
balanced,mlm,tier0,mean,L13,,0.4357210338680927,0.03696463393144946,0.3871062341865651,0.0432134090698146,0.3879788915007144,0.04356480051135116,0.125,0.125,0.11180748663101603,0.0967616736813369,200
balanced,mlm,tier0,mean,L14,,0.44207040998217473,0.03578754223664704,0.3945796927949502,0.04229263220630237,0.39556861458360354,0.04269768587261852,0.125,0.125,0.11086720142602495,0.09550348663059953,200
balanced,mlm,tier0,mean,L15,,0.440716577540107,0.035563138467932194,0.39154540710514973,0.0415251700403036,0.392565254207858,0.04209549260747442,0.125,0.125,0.11257843137254904,0.09789056727334003,200
balanced,mlm,tier0,mean,L16,,0.43721212121212116,0.03415324763038767,0.3880368407736055,0.0404856593555886,0.38882740207522365,0.04102055867871282,0.125,0.125,0.11233689839572193,0.0973087249459347,200
balanced,tfidf,tier0,na,L00,,0.5486470588235294,0.0362616408431332,0.4795703110829659,0.03677023591614527,0.47976017263543524,0.03698317243340403,0.125,0.125,0.10648752228163992,0.08492493914637246,200
balanced,tfidf,maximal,na,L00,,0.45267023172905524,0.03408567391909564,0.3944734621598302,0.03290085894620321,0.3961642700787745,0.03293736741662382,0.125,0.125,0.10788057040998218,0.09200983996438719,200
balanced,qwen3_1b7,tier0,mean,L00,,0.3983181818181818,0.035524458472008316,0.34344744493552537,0.03674288686164444,0.3433477749913183,0.036904587016680084,0.125,0.125,0.10425668449197861,0.08842763322633679,200
balanced,qwen3_1b7,tier0,mean,L01,,0.38801960784313727,0.033946295818165544,0.3323098821109325,0.03660819771209165,0.3317421856253904,0.03691010099671087,0.125,0.125,0.10116131907308379,0.08495832695566424,200
balanced,qwen3_1b7,tier0,mean,L02,,0.4078395721925133,0.032952093436827375,0.350306681467827,0.03541116402634634,0.34945750110151236,0.035699097924925274,0.125,0.125,0.10297058823529412,0.08613437546388565,200
balanced,qwen3_1b7,tier0,mean,L03,,0.3925668449197861,0.030327985949287442,0.3423062172461705,0.03483144477488154,0.3427215688368089,0.03504847032893921,0.125,0.125,0.10487076648841354,0.08850667114421153,200
balanced,qwen3_1b7,tier0,mean,L04,,0.3742067736185383,0.031802045069994955,0.3249685002583416,0.034822492348860944,0.324817341347733,0.03488934833922656,0.125,0.125,0.10554812834224599,0.08795835243510361,200
balanced,qwen3_1b7,tier0,mean,L05,,0.3706185383244207,0.03369174046076047,0.3215746630111374,0.03629219501895882,0.3217941852465999,0.03644781610355802,0.125,0.125,0.10668270944741533,0.08912146475101754,200
balanced,qwen3_1b7,tier0,mean,L06,,0.37536541889483066,0.032951375252922875,0.32462150867278583,0.03534905234769955,0.32461712330505577,0.0355474165524295,0.125,0.125,0.10628966131907308,0.08922259086158078,200
balanced,qwen3_1b7,tier0,mean,L07,,0.37945454545454543,0.03404601095485394,0.32665065033543167,0.03634567052807661,0.3267254317829768,0.036363368393243764,0.125,0.125,0.10730926916221034,0.08934053675867513,200
balanced,qwen3_1b7,tier0,mean,L08,,0.3813636363636364,0.03371287138668142,0.3280298557178975,0.03612083884324317,0.32799288768624196,0.036004275643158494,0.125,0.125,0.106102495543672,0.0881727296566093,200
balanced,qwen3_1b7,tier0,mean,L09,,0.3612566844919786,0.037399198374861393,0.3101751097167796,0.039956175602156356,0.3106488753953198,0.03985789199228487,0.125,0.125,0.10591978609625669,0.08804517664276482,200
balanced,qwen3_1b7,tier0,mean,L10,,0.35175044563279856,0.03625326106420419,0.3006805033767066,0.03654724344499469,0.3013115255766147,0.03642050631410699,0.125,0.125,0.1055035650623886,0.08784254195898861,200
balanced,qwen3_1b7,tier0,mean,L11,,0.34624955436720145,0.03573593109067866,0.2953407701560565,0.03664547307273994,0.29575710113050596,0.03670042201935333,0.125,0.125,0.10896791443850269,0.0908022389617262,200
balanced,qwen3_1b7,tier0,mean,L12,,0.34436185383244206,0.03545676933667701,0.291970023227976,0.036640397667219944,0.29222309136632907,0.03667969946017909,0.125,0.125,0.10804991087344028,0.09011892144002819,200
balanced,qwen3_1b7,tier0,mean,L13,,0.34242780748663093,0.03375600158148637,0.2866879415261381,0.03559769847513182,0.28687434420710917,0.03552791749883949,0.125,0.125,0.10944117647058825,0.0913803633933993,200
balanced,qwen3_1b7,tier0,mean,L14,,0.3414554367201426,0.03271222346843715,0.28479410125800414,0.0345865411527507,0.28463303200169743,0.03450447106624849,0.125,0.125,0.10862923351158643,0.09151688438517964,200
balanced,qwen3_1b7,tier0,mean,L15,,0.33750445632798565,0.032614310346976115,0.27960915737599173,0.03504911295536061,0.2792782986110412,0.03501113266834817,0.125,0.125,0.10923529411764706,0.09183091207038575,200
balanced,qwen3_1b7,tier0,mean,L16,,0.34137789661319073,0.03513498447961116,0.28306926830694246,0.03732368571368718,0.2826155768387118,0.037155815772130826,0.125,0.125,0.10816488413547237,0.09100837894863209,200
balanced,qwen3_1b7,tier0,mean,L17,,0.34336898395721926,0.03325474736482718,0.2851213065668851,0.03609153958718395,0.2846060289612998,0.03616104841175123,0.125,0.125,0.1078903743315508,0.09040664051398377,200
balanced,qwen3_1b7,tier0,mean,L18,,0.3451087344028521,0.03281971360130803,0.2858902683444866,0.03504881575918212,0.28540148351604244,0.035083099544393204,0.125,0.125,0.10640819964349375,0.08922282946027141,200
balanced,qwen3_1b7,tier0,mean,L19,,0.34787433155080216,0.0321092032007797,0.2893061487693164,0.035576209563061845,0.2888388435124946,0.03545792209803251,0.125,0.125,0.10637076648841354,0.08917012092897306,200
balanced,qwen3_1b7,tier0,mean,L20,,0.36581996434937614,0.035037734187176296,0.30833406519950635,0.039849542295382234,0.3080271174269361,0.039543471810918565,0.125,0.125,0.10705258467023172,0.08936793585956117,200
balanced,qwen3_1b7,tier0,mean,L21,,0.3682486631016043,0.03571660977768993,0.31461851399267227,0.03891603282247623,0.3145626967281603,0.03888842851128232,0.125,0.125,0.10782263814616755,0.0910728491838399,200
balanced,qwen3_1b7,tier0,mean,L22,,0.3704349376114082,0.03206354978772239,0.3166874350290662,0.03469015461946616,0.3168637931973663,0.03443911049089746,0.125,0.125,0.10688146167557931,0.09149766910935642,200
balanced,qwen3_1b7,tier0,mean,L23,,0.37474777183600716,0.03398071750254722,0.3199088123789265,0.03693373801686968,0.3203244976330942,0.03675264505230267,0.125,0.125,0.10761942959001783,0.09152654540377063,200
balanced,qwen3_1b7,tier0,mean,L24,,0.38399465240641717,0.03358909187821526,0.32786551457873053,0.03615173035134741,0.3283365570086485,0.035946587794961606,0.125,0.125,0.10770320855614973,0.09176946608065994,200
balanced,qwen3_1b7,tier0,mean,L25,,0.3930926916221034,0.03265859725060624,0.3364826896862598,0.03470748934814288,0.3366215027506956,0.03494849664314549,0.125,0.125,0.1086060606060606,0.09211879403169071,200
balanced,qwen3_1b7,tier0,mean,L26,,0.3991550802139037,0.03143514477248815,0.34160079829226503,0.033860443895124104,0.34155126234009137,0.03388339960986915,0.125,0.125,0.10679857397504457,0.09045263666609447,200
balanced,qwen3_1b7,tier0,mean,L27,,0.39712745098039215,0.03433759466822205,0.34220567722611067,0.03761066899524979,0.3419850792397071,0.037467055662796074,0.125,0.125,0.10781105169340463,0.09166995007379102,200
balanced,qwen3_1b7,tier0,mean,L28,,0.39178698752228164,0.03182549553445645,0.3295136432474475,0.03445638623929836,0.32969245019821725,0.03443551634855628,0.125,0.125,0.1051675579322638,0.08879977271610398,200
balanced,qwen3_8b,tier0,mean,L00,,0.41355704099821744,0.03534131954777259,0.35787917221882004,0.035982733662919944,0.35746441293125514,0.03570837669897081,0.125,0.125,0.10403475935828878,0.08789833512183551,200
balanced,qwen3_8b,tier0,mean,L01,,0.3872584670231729,0.03514504230410674,0.3303020524528361,0.03881618653737139,0.3300485222755697,0.03878604761818026,0.125,0.125,0.1022807486631016,0.08543707801701222,200
balanced,qwen3_8b,tier0,mean,L02,,0.41361229946524064,0.033292019625818035,0.3579714225703776,0.03796709482340778,0.35756100288362913,0.03808815475723489,0.125,0.125,0.10319964349376115,0.08702489841384965,200
balanced,qwen3_8b,tier0,mean,L03,,0.4163565062388592,0.035380690380499936,0.36221695540441673,0.041057353752979725,0.36182458972970755,0.041235028505256316,0.125,0.125,0.10394028520499109,0.08794857472926147,200
balanced,qwen3_8b,tier0,mean,L04,,0.419909982174688,0.03707096314856635,0.3681549220000845,0.04211550436499063,0.3675899206428167,0.04225417223520617,0.125,0.125,0.10407575757575756,0.08802706596197098,200
balanced,qwen3_8b,tier0,mean,L05,,0.41924509803921567,0.03551224202262002,0.36488289004167485,0.0400261255220957,0.3647717583994131,0.04003335813567453,0.125,0.125,0.1041880570409982,0.0886795519248516,200
balanced,qwen3_8b,tier0,mean,L06,,0.4084750445632798,0.034428309725483074,0.3543258162159478,0.039394459518892505,0.35422687485606785,0.0391023738185684,0.125,0.125,0.10289126559714795,0.0869787585855407,200
balanced,qwen3_8b,tier0,mean,L07,,0.3897370766488414,0.03480942250218344,0.3352703973002831,0.037225326182990535,0.33594877042345034,0.037463785067633704,0.125,0.125,0.10606238859180035,0.08905257042364241,200
balanced,qwen3_8b,tier0,mean,L08,,0.3913966131907308,0.03473854890379849,0.33580058079820074,0.03718095718115801,0.3360718347555357,0.037318223694828366,0.125,0.125,0.1071301247771836,0.08948778467512021,200
balanced,qwen3_8b,tier0,mean,L09,,0.38605793226381463,0.03609279654857905,0.327699023761756,0.03785011808054891,0.32790733718137427,0.03821753638938404,0.125,0.125,0.10712477718360072,0.08890765688345023,200
balanced,qwen3_8b,tier0,mean,L10,,0.37355971479500893,0.033952180583501,0.31246084521665984,0.035629975800556615,0.3128108161495709,0.035946760186853305,0.125,0.125,0.10552317290552583,0.0881011129372004,200
balanced,qwen3_8b,tier0,mean,L11,,0.36730303030303035,0.03307440162872929,0.30684989218942393,0.03403862861574824,0.3070823442951568,0.03413064639952576,0.125,0.125,0.1060632798573975,0.08890357007436148,200
balanced,qwen3_8b,tier0,mean,L12,,0.36834135472370766,0.03505518748430402,0.3083349259347034,0.03559803984880188,0.3086272367627602,0.03580749622533871,0.125,0.125,0.105873440285205,0.08869221028799203,200
balanced,qwen3_8b,tier0,mean,L13,,0.3656800356506239,0.036654233104134064,0.30428277353881067,0.03647246780409526,0.3044206367732402,0.03679656195201015,0.125,0.125,0.10335026737967913,0.08682288256226918,200
balanced,qwen3_8b,tier0,mean,L14,,0.3597629233511587,0.036140171389719915,0.299368383565394,0.03657764311989418,0.2992465925655349,0.03663938899959418,0.125,0.125,0.10433778966131907,0.08743779143360976,200
balanced,qwen3_8b,tier0,mean,L15,,0.3660204991087344,0.03606895575253939,0.30568555493783817,0.03709375630435657,0.3055621751601381,0.03714736497095594,0.125,0.125,0.10664081996434938,0.08917957388328906,200
balanced,qwen3_8b,tier0,mean,L16,,0.36509090909090913,0.036215561469913025,0.30445852073688345,0.03784857739054935,0.30431617238148895,0.037956896216532865,0.125,0.125,0.10641711229946522,0.08889652818577304,200
balanced,qwen3_8b,tier0,mean,L17,,0.36191087344028516,0.03482558141552458,0.3015752613872196,0.03700985456770031,0.30177355194317373,0.037081520360988614,0.125,0.125,0.1057005347593583,0.08865175313807279,200
balanced,qwen3_8b,tier0,mean,L18,,0.36439126559714796,0.035851989146741495,0.30326040573913604,0.03698210638796826,0.3033585801458995,0.03721106613316441,0.125,0.125,0.10536363636363635,0.08810694324273079,200
balanced,qwen3_8b,tier0,mean,L19,,0.3694019607843137,0.03675021525048925,0.3071165814803102,0.038493732376885546,0.3073360873618146,0.03863928896293636,0.125,0.125,0.10617647058823529,0.0889684058438122,200
balanced,qwen3_8b,tier0,mean,L20,,0.3657121212121212,0.03626328686968916,0.30509295474864906,0.03783920473043036,0.3051793912728628,0.0380540195559249,0.125,0.125,0.10472816399286987,0.08801542042408915,200
balanced,qwen3_8b,tier0,mean,L21,,0.36764973262032086,0.03565045890113339,0.30563569424534015,0.036740795475398796,0.30572956553934455,0.03690826198750635,0.125,0.125,0.10553030303030302,0.08825684595439819,200
balanced,qwen3_8b,tier0,mean,L22,,0.36844295900178253,0.03585375453267931,0.3062683612472409,0.03750212480941514,0.3066270186101414,0.03760547005507195,0.125,0.125,0.10558288770053476,0.08851554487959244,200
balanced,qwen3_8b,tier0,mean,L23,,0.3688297682709447,0.03635013239481178,0.30799699719355295,0.038237113682286814,0.3080779579933752,0.03833057941115994,0.125,0.125,0.10548930481283422,0.08856485008112877,200
balanced,qwen3_8b,tier0,mean,L24,,0.3824946524064171,0.03443900687870627,0.3219098475999405,0.0370307884598052,0.3221191704836305,0.03701854146044111,0.125,0.125,0.1054483065953654,0.08830690204618222,200
balanced,qwen3_8b,tier0,mean,L25,,0.39660784313725495,0.03444082260798254,0.3343573838861087,0.03734525813154218,0.3348728835194206,0.03731987507376885,0.125,0.125,0.10627540106951873,0.08895302976602487,200
balanced,qwen3_8b,tier0,mean,L26,,0.3979625668449198,0.03314800448714887,0.3361668220678959,0.036279872339736834,0.3365509302608771,0.03641605636821975,0.125,0.125,0.10614171122994652,0.08860453346425676,200
balanced,qwen3_8b,tier0,mean,L27,,0.4026176470588236,0.035286341071913856,0.34118412707783796,0.03718932896119485,0.341652107638728,0.037154749819892106,0.125,0.125,0.10717914438502675,0.09049398947285944,200
balanced,qwen3_8b,tier0,mean,L28,,0.39583689839572195,0.03270523074085069,0.33573988719398934,0.035362627283499384,0.33623753986654287,0.03525017876954437,0.125,0.125,0.1069982174688057,0.09063729460179522,200
balanced,qwen3_8b,tier0,mean,L29,,0.39521925133689834,0.030353956159644854,0.3355394962332559,0.03250998319895361,0.3358210234220495,0.03257366078419158,0.125,0.125,0.10757130124777184,0.0908964927259703,200
balanced,qwen3_8b,tier0,mean,L30,,0.3887032085561497,0.03179107998344556,0.32899171417999784,0.0348763340628711,0.3292280327244328,0.03501494667134385,0.125,0.125,0.10720588235294116,0.09067062098510814,200
balanced,qwen3_8b,tier0,mean,L31,,0.3771033868092692,0.031908367671797694,0.3176997938840915,0.034700714731998185,0.31795956198655906,0.034927891507460784,0.125,0.125,0.10489215686274508,0.08789423673017317,200
balanced,qwen3_8b,tier0,mean,L32,,0.37788948306595366,0.03109327078861457,0.31883134656343826,0.0341640195348534,0.3192052521644637,0.034316976288418184,0.125,0.125,0.10628609625668449,0.0888960707055635,200
balanced,qwen3_8b,tier0,mean,L33,,0.38053654188948305,0.032913599307373836,0.3211509047196354,0.03600454581801615,0.32142184397452583,0.03617531500167284,0.125,0.125,0.10464795008912656,0.08765576839810965,200
balanced,qwen3_8b,tier0,mean,L34,,0.3850053475935829,0.03235802595045799,0.32295036377129066,0.03513923580704993,0.32323435019453334,0.03487880808856913,0.125,0.125,0.10571122994652406,0.08900585982537415,200
balanced,qwen3_8b,tier0,mean,L35,,0.38284581105169346,0.033166784286788306,0.3207049015709522,0.03516243105710696,0.32127564067056297,0.03512684572835112,0.125,0.125,0.10433957219251337,0.08711532090728441,200
balanced,qwen3_8b,tier0,mean,L36,,0.3769866310160428,0.03235931639971156,0.3165060810674104,0.03377864981129341,0.3168746673495918,0.033379978634629236,0.125,0.125,0.10665062388591799,0.08929509872437505,200
balanced,qwen3_32b,tier0,mean,L00,,0.4089946524064171,0.03526282773680364,0.3542884806992973,0.03502612707839351,0.353874169030838,0.035050355158948415,0.125,0.125,0.1032156862745098,0.08680850877171505,200
balanced,qwen3_32b,tier0,mean,L01,,0.3836069518716577,0.035921693955928556,0.3278488394324114,0.03903600395190453,0.3276541000411936,0.03880676433175312,0.125,0.125,0.1009331550802139,0.08470434967831447,200
balanced,qwen3_32b,tier0,mean,L02,,0.3979367201426025,0.038357960855061574,0.3427851431227012,0.041192971888907005,0.3421726495139727,0.041100324729565964,0.125,0.125,0.10184135472370766,0.08531989359217494,200
balanced,qwen3_32b,tier0,mean,L03,,0.3987299465240642,0.033590971213877566,0.3428856129669694,0.037100244435768065,0.34244103735506487,0.0371898529529297,0.125,0.125,0.10290730837789662,0.08625751788738438,200
balanced,qwen3_32b,tier0,mean,L04,,0.4067825311942959,0.03544974936843586,0.35349047610456275,0.03837910156244289,0.35283212360409577,0.03858420090689969,0.125,0.125,0.10627094474153298,0.08918563796132489,200
balanced,qwen3_32b,tier0,mean,L05,,0.41819786096256684,0.0345279752011136,0.36563262276401787,0.039134378944425355,0.3650727803823382,0.03880959285697343,0.125,0.125,0.10573885918003566,0.08945256849657418,200
balanced,qwen3_32b,tier0,mean,L06,,0.42433778966131913,0.03468285322364469,0.3705613109929286,0.03998032476053298,0.370169733512762,0.03988103330175835,0.125,0.125,0.10411408199643495,0.08829092626821922,200
balanced,qwen3_32b,tier0,mean,L07,,0.3989206773618538,0.033708702702407056,0.3488735274250174,0.0378060134134146,0.3498414636495078,0.0380514070152009,0.125,0.125,0.1066336898395722,0.09093762002009737,200
balanced,qwen3_32b,tier0,mean,L08,,0.3903600713012478,0.03488763459597925,0.340485859972286,0.03741544968517303,0.3410280540218284,0.037383313114233305,0.125,0.125,0.10576916221033869,0.08937713333600524,200
balanced,qwen3_32b,tier0,mean,L09,,0.39246613190730834,0.03414137551755643,0.3438065050124455,0.036307420432303374,0.3440915903837925,0.03628668983405708,0.125,0.125,0.10477361853832441,0.0885543378373003,200
balanced,qwen3_32b,tier0,mean,L10,,0.39461140819964347,0.03344783212825933,0.34430133389679635,0.035707882319399246,0.34482111717071945,0.03588823423412993,0.125,0.125,0.104674688057041,0.08874846035135314,200
balanced,qwen3_32b,tier0,mean,L11,,0.39764795008912657,0.03375657452786193,0.3466484511188846,0.03598491230318175,0.3472364488854725,0.036181628832654515,0.125,0.125,0.10652317290552585,0.09062607542418881,200
balanced,qwen3_32b,tier0,mean,L12,,0.4015276292335116,0.033259765681374356,0.3492535775993012,0.035888811638800776,0.3496330751995209,0.035984282058283745,0.125,0.125,0.10666131907308378,0.0906133210571678,200
balanced,qwen3_32b,tier0,mean,L13,,0.40236720142602495,0.03266443137427486,0.3490287668385965,0.035174038672053785,0.349423750490332,0.03525568002387539,0.125,0.125,0.1067754010695187,0.09074496853121079,200
balanced,qwen3_32b,tier0,mean,L14,,0.40152228163992876,0.03382247063272547,0.34676064680825713,0.036478666094049796,0.34716782113073236,0.036495585930547345,0.125,0.125,0.10796702317290553,0.09237660881752406,200
balanced,qwen3_32b,tier0,mean,L15,,0.40217736185383246,0.03389859718990644,0.3469317260729896,0.03662862984962242,0.34714937750134595,0.03669956688347367,0.125,0.125,0.10552049910873439,0.08938943828574247,200
balanced,qwen3_32b,tier0,mean,L16,,0.3969269162210338,0.03256281148585895,0.34056722959917624,0.03545191026064685,0.34103661895887066,0.03557083462342656,0.125,0.125,0.10861586452762922,0.09172159232451416,200
balanced,qwen3_32b,tier0,mean,L17,,0.39662745098039215,0.03314382899965138,0.3384783484510845,0.03659216378146463,0.33896090411498264,0.036560572547723096,0.125,0.125,0.10842335115864526,0.09148637914228462,200
balanced,qwen3_32b,tier0,mean,L18,,0.3910909090909091,0.03309503292976919,0.331472201309827,0.036294173500926015,0.33190985023035297,0.03631186376421992,0.125,0.125,0.10794117647058822,0.09032473138209401,200
balanced,qwen3_32b,tier0,mean,L19,,0.3924376114081997,0.032548719121580305,0.33085884117817166,0.0362920445931105,0.3311327019050995,0.0363188182927793,0.125,0.125,0.1079554367201426,0.09037689271190626,200
balanced,qwen3_32b,tier0,mean,L20,,0.3924447415329768,0.030867298985651305,0.3303623304842732,0.03467055469799939,0.33083668490428025,0.034633072310436094,0.125,0.125,0.10769073083778967,0.0895848340943542,200
balanced,qwen3_32b,tier0,mean,L21,,0.39073172905525844,0.03077822597821069,0.328377222799775,0.03460786645835118,0.3289697998572707,0.034648610661965354,0.125,0.125,0.10743404634581105,0.088868743576526,200
balanced,qwen3_32b,tier0,mean,L22,,0.3927459893048128,0.030808607241884074,0.33142153843963057,0.0352540204855096,0.3320798174287307,0.03526308018088058,0.125,0.125,0.10754367201426024,0.08939899734184503,200
balanced,qwen3_32b,tier0,mean,L23,,0.3932557932263815,0.031050234076417476,0.33261174175197006,0.0358235330123074,0.33339419188337166,0.035762664204703414,0.125,0.125,0.10586809269162209,0.08848914159026389,200
balanced,qwen3_32b,tier0,mean,L24,,0.39434759358288773,0.032262345176846674,0.3335871568951774,0.03749969963444076,0.33428786355101503,0.03750569349022412,0.125,0.125,0.10700089126559714,0.08962782094969014,200
balanced,qwen3_32b,tier0,mean,L25,,0.3928101604278075,0.031759460273661944,0.3319192392939877,0.03738491617278966,0.33267347086549726,0.037432572209281416,0.125,0.125,0.10548217468805703,0.08765839846096568,200
balanced,qwen3_32b,tier0,mean,L26,,0.39271568627450976,0.03139877811703905,0.33186271568343934,0.03584149027099357,0.33266182979071074,0.03591317414862598,0.125,0.125,0.10650623885918004,0.08898139960487644,200
balanced,qwen3_32b,tier0,mean,L27,,0.39059982174688057,0.033945069092447586,0.330933170943049,0.037463100569204356,0.33164220525470733,0.03737213224262895,0.125,0.125,0.10917023172905525,0.09095617024981383,200
balanced,qwen3_32b,tier0,mean,L28,,0.3959260249554367,0.03343835342840498,0.3370545213934243,0.037375620991061516,0.3377098388979239,0.03727284910060299,0.125,0.125,0.1078511586452763,0.08991999467251015,200
balanced,qwen3_32b,tier0,mean,L29,,0.3970989304812834,0.03262955820964044,0.336112569053968,0.03690813625508163,0.33691175926715067,0.036909351868518195,0.125,0.125,0.10791354723707666,0.09083195474079173,200
balanced,qwen3_32b,tier0,mean,L30,,0.4011577540106952,0.03258475798080447,0.3397830769903041,0.03665061397000048,0.34050267710931964,0.03656163600546168,0.125,0.125,0.1074572192513369,0.09052390523563127,200
balanced,qwen3_32b,tier0,mean,L31,,0.3981354723707666,0.03442295202173789,0.3372114721439121,0.03878124576064325,0.3379912956461478,0.03876660267616391,0.125,0.125,0.10703743315508021,0.08988653546918413,200
balanced,qwen3_32b,tier0,mean,L32,,0.3947923351158646,0.03445245414003163,0.3357297904774104,0.038601561773666235,0.3365213334687803,0.038596951288400135,0.125,0.125,0.10639037433155081,0.0895845442085864,200
balanced,qwen3_32b,tier0,mean,L33,,0.38345098039215686,0.03558295913744109,0.3286878656302418,0.038704133458844,0.32914275901678475,0.03871194148545131,0.125,0.125,0.10559625668449199,0.0879892010659619,200
balanced,qwen3_32b,tier0,mean,L34,,0.38415151515151513,0.034960813851399146,0.3288504170730371,0.03808857578836888,0.32934486798265233,0.03827317351769296,0.125,0.125,0.10612923351158646,0.08884598541788524,200
balanced,qwen3_32b,tier0,mean,L35,,0.3843582887700535,0.03506425874973001,0.3275081154601762,0.03818672560302272,0.3281265999484683,0.03836817588761056,0.125,0.125,0.10722638146167558,0.08934727994743476,200
balanced,qwen3_32b,tier0,mean,L36,,0.3844447415329768,0.03502639995437274,0.3259166118073197,0.03817117028130296,0.3266087511408376,0.03835747424879703,0.125,0.125,0.10517379679144385,0.08826130198598271,200
balanced,qwen3_32b,tier0,mean,L37,,0.3832655971479501,0.034414065206865525,0.323866238734176,0.03707792164701119,0.3246251626341937,0.03722524374004498,0.125,0.125,0.10581105169340464,0.08877187366512057,200
balanced,qwen3_32b,tier0,mean,L38,,0.3790080213903743,0.034561468676891034,0.31797965928872474,0.036523061493269386,0.3186691466557332,0.0366061148514577,0.125,0.125,0.10734937611408199,0.08972688522165866,200
balanced,qwen3_32b,tier0,mean,L39,,0.3765062388591801,0.033151653935242796,0.31587151926333973,0.035542673036481676,0.3167570919813909,0.03552466696838974,0.125,0.125,0.1074812834224599,0.08936028933334467,200
balanced,qwen3_32b,tier0,mean,L40,,0.37875401069518716,0.03371651223239804,0.3163835297506464,0.03712444247517331,0.3170968493322263,0.037197391312106115,0.125,0.125,0.10777629233511586,0.09031566857308125,200
balanced,qwen3_32b,tier0,mean,L41,,0.3785739750445633,0.03372966833359563,0.316537704677933,0.03731221358424728,0.31718876893528475,0.037431591430309795,0.125,0.125,0.10686274509803922,0.0889092749216298,200
balanced,qwen3_32b,tier0,mean,L42,,0.37899197860962575,0.034278971206844304,0.31743978125954714,0.035767447099772164,0.3180395250695809,0.03594769655709452,0.125,0.125,0.10718627450980392,0.08830190311844682,200
balanced,qwen3_32b,tier0,mean,L43,,0.37754278074866304,0.03465161544425274,0.3164609313985378,0.037072215341202745,0.31707130105023995,0.03717302653531269,0.125,0.125,0.10788948306595365,0.0895816137261394,200
balanced,qwen3_32b,tier0,mean,L44,,0.37721568627450985,0.03470952486087763,0.3147683760179019,0.037823544177088136,0.3154898233215123,0.03807053635530286,0.125,0.125,0.10769786096256684,0.08974085236121809,200
balanced,qwen3_32b,tier0,mean,L45,,0.3773939393939394,0.03447348857488468,0.3158551699704328,0.037588312610357395,0.31656185107105705,0.037538782225351855,0.125,0.125,0.10766844919786095,0.0894040726408954,200
balanced,qwen3_32b,tier0,mean,L46,,0.37798663101604274,0.0363150605156336,0.3146944677892627,0.0389146086979645,0.31537766955717195,0.0390013826657407,0.125,0.125,0.10725579322638147,0.08903099248103118,200
balanced,qwen3_32b,tier0,mean,L47,,0.37983155080213904,0.03549525143478955,0.316158627776807,0.03768148559437251,0.31688864737834666,0.037794951382716616,0.125,0.125,0.10665686274509804,0.08877641714538546,200
balanced,qwen3_32b,tier0,mean,L48,,0.38190641711229945,0.03607079931279308,0.31914564113324756,0.03904841763068927,0.31987325035823116,0.03906523926273357,0.125,0.125,0.10662210338680927,0.08878449948971523,200
balanced,qwen3_32b,tier0,mean,L49,,0.3840516934046346,0.03533600887232677,0.3214196144283993,0.03837925560099934,0.32196883313432606,0.03846538261898598,0.125,0.125,0.10605436720142603,0.08795135142039352,200
balanced,qwen3_32b,tier0,mean,L50,,0.3855338680926916,0.03550271499939839,0.32343114600075706,0.039246274582980585,0.3239947314103033,0.039316232817548195,0.125,0.125,0.10721657754010697,0.08943824173257982,200
balanced,qwen3_32b,tier0,mean,L51,,0.37265508021390376,0.03419426434137952,0.3125542070760337,0.0375548160076326,0.3129198791052597,0.037729567165297205,0.125,0.125,0.10809447415329768,0.09034961092464541,200
balanced,qwen3_32b,tier0,mean,L52,,0.3817397504456328,0.034538397466108386,0.3217411149737775,0.037739244896444625,0.32224825664763557,0.037834926952704004,0.125,0.125,0.10632798573975044,0.0883133989379905,200
balanced,qwen3_32b,tier0,mean,L53,,0.38229322638146174,0.03330694370129282,0.3229704856675832,0.036791546527161725,0.3232146866262046,0.03687241847215118,0.125,0.125,0.10646345811051694,0.08872125896796738,200
balanced,qwen3_32b,tier0,mean,L54,,0.38594474153297686,0.03132987978036443,0.3257741519649511,0.03638837395116651,0.3259563676356154,0.03646085397223667,0.125,0.125,0.10583868092691623,0.08805361813202875,200
balanced,qwen3_32b,tier0,mean,L55,,0.3890383244206774,0.030085124033129983,0.3319870537915816,0.034272688703132395,0.33234190109175793,0.03425046413972088,0.125,0.125,0.10484046345811052,0.08786726352133456,200
balanced,qwen3_32b,tier0,mean,L56,,0.38134491978609625,0.03403169322637941,0.3231367072802928,0.03749538936721999,0.3234072387056603,0.03773799756635242,0.125,0.125,0.10529144385026738,0.08834621256366613,200
balanced,qwen3_32b,tier0,mean,L57,,0.37819607843137265,0.032572277723184655,0.31949840138576596,0.037057747815396586,0.3197258268375239,0.037005674448001194,0.125,0.125,0.10439572192513369,0.0871712787631615,200
balanced,qwen3_32b,tier0,mean,L58,,0.3741488413547237,0.03232491647506652,0.3151009861913112,0.03602745015291627,0.315257631769283,0.03586172106974009,0.125,0.125,0.10372192513368983,0.08708239070011516,200
balanced,qwen3_32b,tier0,mean,L59,,0.3767727272727272,0.0336292601441944,0.31914711922064865,0.03732466829956419,0.3193434164315244,0.037179828876053686,0.125,0.125,0.10537967914438504,0.08853912443121034,200
balanced,qwen3_32b,tier0,mean,L60,,0.3753983957219252,0.031646874673786324,0.3156627037812119,0.03584689513142973,0.31605622142407414,0.03576295191550609,0.125,0.125,0.10727985739750447,0.09028355103487844,200
balanced,qwen3_32b,tier0,mean,L61,,0.38027540106951874,0.032733289661124924,0.3193723033932012,0.036676609299093235,0.3197422489150006,0.0364672532624346,0.125,0.125,0.10524598930481284,0.08879360382694362,200
balanced,qwen3_32b,tier0,mean,L62,,0.3774233511586453,0.031707570473875665,0.31565068857226364,0.035453447320597575,0.3160324734674524,0.0352805922066406,0.125,0.125,0.10536007130124776,0.08822928640379678,200
balanced,qwen3_32b,tier0,mean,L63,,0.37681283422459894,0.031397729118817684,0.3164286222667511,0.032690962088541504,0.31664642185840675,0.03252155203942858,0.125,0.125,0.10598573975044562,0.08862645706795971,200
balanced,qwen3_32b,tier0,mean,L64,,0.3657629233511587,0.033723085341972145,0.3114304835579797,0.035377405093170534,0.3116225013229392,0.03533856059626561,0.125,0.125,0.10452139037433156,0.08769115161149965,200
