regime,method,cleaning,pool,layer,k_used,isomap_spearman,isomap_pairwise_acc,isomap_neighbor_purity,isomap_neighbor_sigma,ebin_spearman,ebin_pairwise_acc,isomap_spearman_std,isomap_pairwise_acc_std,isomap_neighbor_purity_std,isomap_neighbor_sigma_std,n_draws
imbalanced,qwen3_1b7,maximal,last,0,50,0.05669326425147372,0.5631706186249834,0.8226320201173513,15.972169914367344,0.03749102843450734,0.5092727513577957,,,,,
imbalanced,qwen3_1b7,maximal,last,1,40,0.07210361572275838,0.5534121517198746,0.780804694048617,8.236132083765463,0.08236583032386385,0.5487261005872742,,,,,
imbalanced,qwen3_1b7,maximal,last,2,34,0.09232675884829367,0.5661677043316996,0.7798826487845768,7.568514253759559,0.06536278575695624,0.5686018015631209,,,,,
imbalanced,qwen3_1b7,maximal,last,3,15,0.03653496121121364,0.5086932043979335,0.7764459346186086,8.463799779752632,0.08768736157996074,0.5851823641100367,,,,,
imbalanced,qwen3_1b7,maximal,last,4,16,0.02271750996556084,0.48724996688303085,0.7619446772841576,4.726045445138742,0.06914664968983415,0.5484059698856361,,,,,
imbalanced,qwen3_1b7,maximal,last,5,16,0.0425214757765385,0.5803307281317613,0.7717518860016764,6.507841850090724,0.0650653363694796,0.5324546297522851,,,,,
imbalanced,qwen3_1b7,maximal,last,6,12,0.020722562071417375,0.4639466596017133,0.777116512992456,7.979926152954154,0.03582897325411926,0.5200854417803683,,,,,
imbalanced,qwen3_1b7,maximal,last,7,11,0.0437846524696628,0.47004570141740626,0.7670578373847443,5.045602406999505,0.053051366617062876,0.5292698812204707,,,,,
imbalanced,qwen3_1b7,maximal,last,8,9,0.026319794774270287,0.4714310946262198,0.761609388097234,3.8310137699553346,0.057735777070318864,0.5268413034839051,,,,,
imbalanced,qwen3_1b7,maximal,last,9,15,0.025659559025974575,0.474229478518126,0.7584241408214585,3.5820205498253572,0.012842379719095314,0.513048085839184,,,,,
imbalanced,qwen3_1b7,maximal,last,10,14,0.023333741352200246,0.47395350377533446,0.7560771165129925,2.9121680858723358,0.026536945565156293,0.5084669051088444,,,,,
imbalanced,qwen3_1b7,maximal,last,11,14,0.025531041342316454,0.5550238442177772,0.755406538139145,2.361419442814307,0.030862726773509822,0.5042886475029805,,,,,
imbalanced,qwen3_1b7,maximal,last,12,15,0.009608275931333279,0.5469377842539851,0.7519698239731769,1.6061805638019773,0.022856845380455532,0.48032300083896323,,,,,
imbalanced,qwen3_1b7,maximal,last,13,15,0.009786745305006077,0.5509118205501833,0.7487845766974015,0.8262224430661901,0.06200106589947757,0.4905947807656643,,,,,
imbalanced,qwen3_1b7,maximal,last,14,14,0.02060528795119869,0.5644732194109595,0.7518860016764459,1.5346914190542262,0.0946527991210564,0.5190422572526162,,,,,
imbalanced,qwen3_1b7,maximal,last,15,9,0.009750763571588399,0.5554819622908111,0.7624476110645432,5.403210123843499,0.07352542999969962,0.5141354263257827,,,,,
imbalanced,qwen3_1b7,maximal,last,16,9,0.006845922586049752,0.5408166644588688,0.7563285834031852,2.6732704939435066,0.09665022986719939,0.5250088311917693,,,,,
imbalanced,qwen3_1b7,maximal,last,17,6,0.052500043035056586,0.48918730957742745,0.7604358759430009,3.0812849080636657,0.027031527532971864,0.517386408795867,,,,,
imbalanced,qwen3_1b7,maximal,last,18,8,0.0715347960688683,0.49133991257120146,0.7541492036881811,1.8089252863079517,0.010440405590063737,0.5192851150262728,,,,,
imbalanced,qwen3_1b7,maximal,last,19,7,0.08904677696454334,0.5039740362961982,0.7673093042749373,5.7910983402574265,0.027937866876617753,0.5161224444738818,,,,,
imbalanced,qwen3_1b7,maximal,last,20,13,0.07650657695640961,0.5472634344504791,0.7694048616932104,5.794842081500716,0.005648144757995921,0.5060824833311255,,,,,
imbalanced,qwen3_1b7,maximal,last,21,14,0.04009275590264013,0.5303903386762043,0.7564962279966471,3.081023455714942,0.009999723695928546,0.4985097363889257,,,,,
imbalanced,qwen3_1b7,maximal,last,22,12,0.1354903033240976,0.5521371484081777,0.7640402347024309,4.5218843022939765,0.016041046876424415,0.5012253278579945,,,,,
imbalanced,qwen3_1b7,maximal,last,23,16,0.09314508134407988,0.5262727955137546,0.7487007544006706,0.6845113055434934,0.009389977425309731,0.47129310725482404,,,,,
imbalanced,qwen3_1b7,maximal,last,24,15,0.13656565988750513,0.5685576456042742,0.7568315171835709,2.7385593391983005,0.013626350383812968,0.478992802578708,,,,,
imbalanced,qwen3_1b7,maximal,last,25,11,0.08782194385134785,0.549416037444253,0.7688181056160939,5.668841963624172,0.02821796555315153,0.5137821786550095,,,,,
imbalanced,qwen3_1b7,maximal,last,26,13,0.08234126445326119,0.5483507749370777,0.7653813914501257,5.212701510017878,0.04371494145541064,0.5248377268512385,,,,,
imbalanced,qwen3_1b7,maximal,last,27,10,0.11680774340012293,0.5758820152779618,0.7707460184409053,6.84033462008505,0.002375846197795979,0.5025444871285379,,,,,
imbalanced,qwen3_1b7,maximal,last,28,6,0.07010719476204487,0.5387468538879322,0.7700754400670579,4.805284717640377,0.02825908513609284,0.49406102353512604,,,,,
imbalanced,qwen3_1b7,maximal,mean,0,7,0.26927624396921485,0.6927407603656114,0.7918692372170998,11.050085222634728,0.16728943730555484,0.5627069810570936,,,,,
imbalanced,qwen3_1b7,maximal,mean,1,6,0.29921990378843016,0.7132070472910319,0.7911986588432522,11.917812239265555,0.22032022646770835,0.6231564887181525,,,,,
imbalanced,qwen3_1b7,maximal,mean,2,6,0.29716914088187996,0.6525588378151631,0.7911148365465214,14.18066509379503,0.16075808928210056,0.6061674835519053,,,,,
imbalanced,qwen3_1b7,maximal,mean,3,6,0.33328895921041396,0.6936625160065351,0.7958088851634535,12.539840418961331,0.107050297890823,0.5618238618801608,,,,,
imbalanced,qwen3_1b7,maximal,mean,4,6,0.23824815737539898,0.6355974301231951,0.785331098072087,9.469745290219425,0.07092929114592361,0.5330507351967148,,,,,
imbalanced,qwen3_1b7,maximal,mean,5,6,0.08384032494601,0.5240594780765664,0.777200335289187,8.236070892759884,0.07461608075677335,0.5096480770079922,,,,,
imbalanced,qwen3_1b7,maximal,mean,6,6,0.1548890475509098,0.5854748973373957,0.769740150880134,5.722534561570204,0.03827860443707492,0.4941051794939727,,,,,
imbalanced,qwen3_1b7,maximal,mean,7,6,0.16491102947568675,0.6013158475736301,0.7653813914501257,5.501680309452856,0.008562845119380842,0.4848489866207445,,,,,
imbalanced,qwen3_1b7,maximal,mean,8,6,0.22409640219280288,0.6177473837594384,0.7783738474434199,7.444165021373417,0.003108780931113986,0.5191747251291562,,,,,
imbalanced,qwen3_1b7,maximal,mean,9,6,0.23335676930619986,0.6489546076743057,0.7849958088851634,8.719729091467897,0.02354744018735873,0.507274694219985,,,,,
imbalanced,qwen3_1b7,maximal,mean,10,6,0.20161185823396016,0.62141232834371,0.7865046102263202,13.7465025625502,0.0719530949866982,0.5356173003046761,,,,,
imbalanced,qwen3_1b7,maximal,mean,11,6,0.20015425869562747,0.6169249790259196,0.7834870075440068,10.76637593218711,0.06278823774510307,0.5339448933633594,,,,,
imbalanced,qwen3_1b7,maximal,mean,12,6,0.2281570553209967,0.6341844394401024,0.7747694886839899,9.575421372675798,0.07785650224658162,0.5419591998940257,,,,,
imbalanced,qwen3_1b7,maximal,mean,13,6,0.22621268043102769,0.6330253455203779,0.7777032690695724,7.590863402044312,0.040573734866361275,0.500325650196494,,,,,
imbalanced,qwen3_1b7,maximal,mean,14,6,0.265839046369791,0.6477734357751579,0.7812238055322716,8.369219135426437,0.09985189773784182,0.5333598269086414,,,,,
imbalanced,qwen3_1b7,maximal,mean,15,6,0.24567145450853478,0.6176369938623217,0.7766974015088013,9.051330519661846,0.06814453453112135,0.5070263169514726,,,,,
imbalanced,qwen3_1b7,maximal,mean,16,6,0.1243680238585202,0.5893551022210447,0.7753562447611064,8.60307751813967,0.07954232092555608,0.5163156267938358,,,,,
imbalanced,qwen3_1b7,maximal,mean,17,6,0.22512985440322042,0.6225162273148761,0.7840737636211232,10.924275196674575,0.08789081222502827,0.5144058815737184,,,,,
imbalanced,qwen3_1b7,maximal,mean,18,6,0.16377451201072316,0.6080165143286086,0.7779547359597654,7.276297701950624,0.06637535730748792,0.5062701461562238,,,,,
imbalanced,qwen3_1b7,maximal,mean,19,6,0.20264452977085962,0.6428058904049101,0.7874266554903604,10.04518818397334,0.1280143728744091,0.5305780015013026,,,,,
imbalanced,qwen3_1b7,maximal,mean,20,6,0.20879459044855653,0.6376065262507176,0.7829002514668902,8.750660315718308,0.14606660536431457,0.5478926568640438,,,,,
imbalanced,qwen3_1b7,maximal,mean,21,4,0.11099192848347411,0.5694628427606305,0.7654652137468566,5.0771086805518895,0.0033458125094243917,0.4892314655362741,,,,,
imbalanced,qwen3_1b7,maximal,mean,22,5,0.024045577666766293,0.5123029540336469,0.7661357921207042,5.435292999622012,0.006005114837144017,0.48191813485229834,,,,,
imbalanced,qwen3_1b7,maximal,mean,23,4,0.05253538974125369,0.5285357884046452,0.7643755238893546,4.679778427225752,0.05795172230230377,0.5566686536848148,,,,,
imbalanced,qwen3_1b7,maximal,mean,24,4,0.025515028957543574,0.5210182364110036,0.7839061190276614,8.20937185947196,0.05324579033133575,0.5423234865545106,,,,,
imbalanced,qwen3_1b7,maximal,mean,25,4,0.0058798939726030005,0.495369143815958,0.7714165968147527,5.208621408669967,0.014797317636652416,0.5044763103280788,,,,,
imbalanced,qwen3_1b7,maximal,mean,26,4,0.0002657283851215736,0.513991919459531,0.7745180217937971,7.881415669175755,0.04539527532461538,0.5284253985075286,,,,,
imbalanced,qwen3_1b7,maximal,mean,27,4,0.07268400734724867,0.5478319424206297,0.7558256496227997,2.7563856651561953,0.013683887251498928,0.5043217644721155,,,,,
imbalanced,qwen3_1b7,maximal,mean,28,6,0.08899587574577653,0.5572206031703979,0.767393126571668,5.337885696420372,0.032374973614731795,0.5194175829028127,,,,,
imbalanced,qwen3_1b7,tier0,last,0,38,0.044312786495793594,0.48168631606835344,0.7953059513830678,10.739151830524241,0.023264012237248468,0.5349108049631298,,,,,
imbalanced,qwen3_1b7,tier0,last,1,19,0.011158963609819045,0.5316763809776129,0.7854987426655492,9.444980146110895,0.06789537029945841,0.5566796926745264,,,,,
imbalanced,qwen3_1b7,tier0,last,2,21,0.003961761353482246,0.5024727336954122,0.7683989941324393,5.879520292377718,0.11209335977682269,0.5906080275533183,,,,,
imbalanced,qwen3_1b7,tier0,last,3,16,0.1119034460854063,0.5894710116130172,0.7853310980720872,8.127394480903265,0.06401087834987387,0.5503377930851768,,,,,
imbalanced,qwen3_1b7,tier0,last,4,13,0.0524975556311636,0.4996191548549477,0.7797150041911148,9.617789282821473,0.07519152796043739,0.5511381198392723,,,,,
imbalanced,qwen3_1b7,tier0,last,5,14,0.035031753032727486,0.4856603523645516,0.7747694886839899,7.425952122069483,0.08184925985603497,0.5601072989799973,,,,,
imbalanced,qwen3_1b7,tier0,last,6,10,0.04810844091520886,0.5633086059963792,0.775943000838223,6.9024111419667795,0.08312009859627824,0.5544939727116174,,,,,
imbalanced,qwen3_1b7,tier0,last,7,5,0.026088490798725637,0.5581975537598799,0.7715842414082146,6.4043565067445245,0.099549334531338,0.5682871903563386,,,,,
imbalanced,qwen3_1b7,tier0,last,8,7,0.05189256141717187,0.5572095641806862,0.7688181056160939,6.353170586062492,0.06934098365098254,0.546810835872301,,,,,
imbalanced,qwen3_1b7,tier0,last,9,8,0.000725104544503356,0.5281218262904579,0.759094719195306,3.2985754744773175,0.06183351317617857,0.5453702477149291,,,,,
imbalanced,qwen3_1b7,tier0,last,10,6,0.02911569339840555,0.534154634167881,0.7557418273260688,2.8643911817330836,0.052416435902466536,0.5467556409237426,,,,,
imbalanced,qwen3_1b7,tier0,last,11,3,0.03159704718703947,0.5634355543780634,0.7468566638725901,0.4113958968800611,0.05408860748633776,0.5420640702962864,,,,,
imbalanced,qwen3_1b7,tier0,last,12,3,0.0741701974876264,0.5758488983088268,0.7547359597652976,2.436771009059678,0.08734007904857603,0.5567404071179406,,,,,
imbalanced,qwen3_1b7,tier0,last,13,6,0.024648736891396295,0.5512429902415331,0.7546521374685666,2.777113731695894,0.02431104720253304,0.541363094449596,,,,,
imbalanced,qwen3_1b7,tier0,last,14,6,0.035121873926793924,0.5644180244624012,0.762615255658005,5.270950718069432,0.029082836124883125,0.5309422881617875,,,,,
imbalanced,qwen3_1b7,tier0,last,15,3,0.003927836320245979,0.4493862321720316,0.7600167644593462,3.876980408209482,0.033993108624382776,0.5396134145802977,,,,,
imbalanced,qwen3_1b7,tier0,last,16,3,0.040273154550949535,0.5681160860158079,0.7679798826487846,6.420420470464854,0.060414634551090196,0.5665043935179053,,,,,
imbalanced,qwen3_1b7,tier0,last,17,4,0.010687207512198833,0.5455082350863248,0.7604358759430009,3.9126956270582167,0.06133509093425963,0.5632147745838301,,,,,
imbalanced,qwen3_1b7,tier0,last,18,4,0.050436232564511144,0.5556254691570628,0.7470243084660521,0.45167218149277766,0.033519905826071096,0.555520598754802,,,,,
imbalanced,qwen3_1b7,tier0,last,19,4,0.030168082090825405,0.545602066498874,0.756580050293378,2.689726722402617,0.026378044964901957,0.5292146862719124,,,,,
imbalanced,qwen3_1b7,tier0,last,20,10,0.10268947589237493,0.5737183732944761,0.769907795473596,6.939616226914313,0.07294612902875859,0.525279286439705,,,,,
imbalanced,qwen3_1b7,tier0,last,21,17,0.12497439172541602,0.5681933589437894,0.7702430846605198,6.786339256866925,0.08759947343243461,0.5429471894732194,,,,,
imbalanced,qwen3_1b7,tier0,last,22,13,0.07423970835709447,0.5369750960392105,0.7573344509639565,3.557864869684972,0.09458253494679107,0.5227292798163112,,,,,
imbalanced,qwen3_1b7,tier0,last,23,20,0.08011667165362264,0.5417494590895041,0.7628667225481979,4.819869592593607,0.05571777752146125,0.4942376473705127,,,,,
imbalanced,qwen3_1b7,tier0,last,24,11,0.1291511154218198,0.5624972402525721,0.7667225481978207,5.6414142420865625,0.10720768669988295,0.525119221088886,,,,,
imbalanced,qwen3_1b7,tier0,last,25,8,0.1258882340377618,0.5672826422925774,0.7557418273260688,2.211426013435972,0.09315880434610131,0.5290932573850842,,,,,
imbalanced,qwen3_1b7,tier0,last,26,11,0.13174408314863045,0.569970636287367,0.7616093880972339,4.308007675252594,0.06386836439021765,0.49332693071930056,,,,,
imbalanced,qwen3_1b7,tier0,last,27,9,0.12970050621069462,0.5652238707113525,0.7600167644593462,3.467580501245674,0.010047851848420358,0.5094328167086148,,,,,
imbalanced,qwen3_1b7,tier0,last,28,4,0.10645505871654236,0.5548913763412372,0.7706621961441744,6.202818452499402,0.03333437235228565,0.526063054709233,,,,,
imbalanced,qwen3_1b7,tier0,mean,0,3,0.12610329321724867,0.6077957345343754,0.7782062028499581,8.597353484447392,0.17860332081459718,0.6023259151322471,,,,,
imbalanced,qwen3_1b7,tier0,mean,1,3,0.24959959137192364,0.7232966838874906,0.7909471919530596,13.61726647919952,0.14534603487739478,0.5776924095906742,,,,,
imbalanced,qwen3_1b7,tier0,mean,2,3,0.18270357555125058,0.6456649887402305,0.7962279966471082,13.630950604731009,0.1631625707918814,0.593489203868062,,,,,
imbalanced,qwen3_1b7,tier0,mean,3,3,0.1807895671717649,0.6332571643043229,0.7806370494551551,9.159379163829291,0.019572746454149432,0.4965227182408266,,,,,
imbalanced,qwen3_1b7,tier0,mean,4,3,0.14702582960284735,0.6297854020400053,0.7789606035205365,8.004791013508365,0.020670362897986072,0.47299863116527574,,,,,
imbalanced,qwen3_1b7,tier0,mean,5,3,0.07633669238542201,0.5635569832648916,0.7979882648784576,14.202285838581796,0.006244368429142867,0.4502196758952621,,,,,
imbalanced,qwen3_1b7,tier0,mean,6,3,0.07812815194612918,0.49104737934384246,0.7982397317686506,16.259946654352465,0.0364453871651837,0.4944253101956109,,,,,
imbalanced,qwen3_1b7,tier0,mean,7,4,0.06018155244607105,0.5381176314743674,0.7937133277451803,12.79647665940948,0.007365109899733449,0.5374056166379653,,,,,
imbalanced,qwen3_1b7,tier0,mean,8,4,0.08397571808108928,0.5119055504040271,0.7870913663034367,8.52630495824269,0.011916794867500965,0.484374310063143,,,,,
imbalanced,qwen3_1b7,tier0,mean,9,27,0.1316440161596281,0.6134642557513137,0.766219614417435,4.489495362555269,0.06271897635996221,0.4826522276681238,,,,,
imbalanced,qwen3_1b7,tier0,mean,10,18,0.10958172445928191,0.5819700181039431,0.76756077116513,6.669541768759254,0.08801052357526279,0.5125402923124476,,,,,
imbalanced,qwen3_1b7,tier0,mean,11,16,0.09341029762245828,0.5760586391133483,0.7569991617770326,3.1582961572505344,0.06448438741592363,0.5003366891862057,,,,,
imbalanced,qwen3_1b7,tier0,mean,12,14,0.15665562082833137,0.620954210270676,0.7706621961441743,5.691244428199809,0.05742941396699847,0.48966750562988476,,,,,
imbalanced,qwen3_1b7,tier0,mean,13,8,0.1828723161481534,0.5578608645736742,0.762615255658005,4.662787114188625,0.06594606379089508,0.5058561840420365,,,,,
imbalanced,qwen3_1b7,tier0,mean,14,14,0.11803575169395769,0.5965083675542014,0.7649622799664711,5.624896730923773,0.08451164881655165,0.5106471055768976,,,,,
imbalanced,qwen3_1b7,tier0,mean,15,19,0.15995984480157352,0.6203415463416788,0.774685666387259,7.256238677970335,0.08382341284064018,0.5174581622289928,,,,,
imbalanced,qwen3_1b7,tier0,mean,16,15,0.14942119979000457,0.6036726718770699,0.7658843252305113,4.382293407020874,0.07972667055220743,0.5139808804698194,,,,,
imbalanced,qwen3_1b7,tier0,mean,17,5,0.10592490023555433,0.6031262418863426,0.7632020117351216,4.009279592698448,0.052296146961121955,0.5181425795911159,,,,,
imbalanced,qwen3_1b7,tier0,mean,18,10,0.08234154466444442,0.5848015189649843,0.7590947191953059,3.1443518590407344,0.06993417369775443,0.5218958360930808,,,,,
imbalanced,qwen3_1b7,tier0,mean,19,7,0.17269035583451564,0.6466033028657218,0.7799664710813077,9.225308677724476,0.09168408652005482,0.5236896719212257,,,,,
imbalanced,qwen3_1b7,tier0,mean,20,4,0.15941266465492085,0.5400328961893408,0.773595976529757,8.276643947774437,0.02756004857731752,0.4835187883604892,,,,,
imbalanced,qwen3_1b7,tier0,mean,21,4,0.15765958040025355,0.623791230626573,0.7846605196982397,12.622678157451253,0.014811005680782733,0.4463008345476222,,,,,
imbalanced,qwen3_1b7,tier0,mean,22,4,0.16257361855969835,0.631590276857862,0.7739312657166806,7.136705417104329,0.023401740885266444,0.5567956020664989,,,,,
imbalanced,qwen3_1b7,tier0,mean,23,3,0.11180891625155057,0.5829138517242902,0.7536462699077955,2.259462670787434,0.022121751857836432,0.5667693292709851,,,,,
imbalanced,qwen3_1b7,tier0,mean,24,3,0.08122183905483492,0.5326422925773833,0.7665549036043587,5.815538702324208,0.045919324734710776,0.5643131540601404,,,,,
imbalanced,qwen3_1b7,tier0,mean,25,3,0.10852015128517956,0.5652459486907758,0.7708298407376363,7.536269172768288,0.048205036577602806,0.5610952885591911,,,,,
imbalanced,qwen3_1b7,tier0,mean,26,3,0.13995254081021988,0.6025411754316244,0.768650461022632,5.9158822899820755,0.03670724394314605,0.534739700622599,,,,,
imbalanced,qwen3_1b7,tier0,mean,27,3,0.11337742859539911,0.5452377798383892,0.7646269907795474,6.357326608885484,0.0014723010111240846,0.4459420673819932,,,,,
imbalanced,qwen3_1b7,tier0,mean,28,3,0.13312408487705507,0.5896641939329712,0.7673093042749373,5.248302306063772,0.006301364300407485,0.49517044200114807,,,,,
imbalanced,qwen3_32b,maximal,last,0,50,0.017742418940124707,0.5063143021150704,0.7996647108130763,10.62793581493381,,0.0,,,,,
imbalanced,qwen3_32b,maximal,last,1,34,0.02238920063735495,0.5111935355676248,0.7830678960603521,9.19661352787965,0.09388424640061958,0.5415617962644059,,,,,
imbalanced,qwen3_32b,maximal,last,2,23,0.053504636179517194,0.5238662957566124,0.780637049455155,8.560040923042582,0.08455651786507506,0.5464134322426811,,,,,
imbalanced,qwen3_32b,maximal,last,3,15,0.06619542217394649,0.5286296198171944,0.77837384744342,6.625392454252599,0.06862879469602823,0.5496037002693513,,,,,
imbalanced,qwen3_32b,maximal,last,4,16,0.0760223320850324,0.5314224842142448,0.7798826487845767,7.573148746372328,0.046804349522385026,0.5221442133615931,,,,,
imbalanced,qwen3_32b,maximal,last,5,16,0.0684741727687296,0.5215757053914426,0.7846605196982398,9.200491851635197,0.046012022852474035,0.5306663134189958,,,,,
imbalanced,qwen3_32b,maximal,last,6,16,0.06108729947318196,0.5250916236146068,0.7714165968147528,6.221598397797598,0.053899061460206066,0.5432562811851459,,,,,
imbalanced,qwen3_32b,maximal,last,7,16,0.027823538993335614,0.5052490396078951,0.784241408214585,9.739986255399803,0.03721104194270107,0.5406345211286263,,,,,
imbalanced,qwen3_32b,maximal,last,8,16,0.03476872045965605,0.504338322956683,0.7632858340318526,4.349746262063965,0.030443807465790777,0.514742570759924,,,,,
imbalanced,qwen3_32b,maximal,last,9,14,0.029758502614060902,0.5027707864176271,0.7721709974853311,6.416810358255267,0.032911832294510536,0.5232646708173267,,,,,
imbalanced,qwen3_32b,maximal,last,10,16,0.0268517531957952,0.49834967103810657,0.7673093042749373,5.629185854988739,0.04461969641279033,0.5259250673378373,,,,,
imbalanced,qwen3_32b,maximal,last,11,16,0.025046798947405583,0.49700291429328386,0.7720871751886,6.225679729529909,0.044254795476814705,0.5327195655053649,,,,,
imbalanced,qwen3_32b,maximal,last,12,16,0.01704386444630661,0.4908431580341767,0.7680637049455155,5.017257692743069,0.05665284735717845,0.5278513710425222,,,,,
imbalanced,qwen3_32b,maximal,last,13,16,0.01937789282993537,0.4925817989137634,0.7734283319362951,7.420783337205312,0.05000712531876366,0.5298218307060538,,,,,
imbalanced,qwen3_32b,maximal,last,14,16,0.03205401107900526,0.5025500066233938,0.7775356244761108,8.509328833848505,0.03793839640595412,0.5199695323883958,,,,,
imbalanced,qwen3_32b,maximal,last,15,16,0.028656362424852762,0.5009548726100588,0.7745180217937971,8.890603873021584,0.02734340841527329,0.5008610411975096,,,,,
imbalanced,qwen3_32b,maximal,last,16,16,0.039445183576489226,0.5071753433125801,0.7694048616932104,6.388576380792669,0.024303142616377067,0.49966883030865017,,,,,
imbalanced,qwen3_32b,maximal,last,17,16,0.042297825668491135,0.5130315273546165,0.7653813914501258,4.912041692732875,0.024999766780471968,0.49632953592087253,,,,,
imbalanced,qwen3_32b,maximal,last,18,13,0.01751593148626279,0.49093146995187,0.7699916177703269,6.478563642404962,0.010975054002861912,0.4875756170795249,,,,,
imbalanced,qwen3_32b,maximal,last,19,13,0.024740474247029357,0.49158828983971387,0.7692372170997486,6.265084794783186,0.042627459473415716,0.5026438380359429,,,,,
imbalanced,qwen3_32b,maximal,last,20,14,0.013079426975496208,0.4789541661147172,0.7701592623637887,6.304756204018567,0.04712062917660597,0.4995529209166777,,,,,
imbalanced,qwen3_32b,maximal,last,21,13,0.041777483562202976,0.495236675939418,0.7689857502095558,6.28576172838862,0.0398501990217277,0.5007064953415463,,,,,
imbalanced,qwen3_32b,maximal,last,22,13,0.02898096063925839,0.4841424912791981,0.7617770326906956,4.5550403114341975,0.03842241349088554,0.5004525985781781,,,,,
imbalanced,qwen3_32b,maximal,last,23,12,0.031647115130063595,0.550232922682916,0.7647108130762783,5.098940922919273,0.025696840996822786,0.49887402304941053,,,,,
imbalanced,qwen3_32b,maximal,last,24,12,0.006638311721335965,0.46657945864794453,0.772338642078793,5.618006900148898,0.03241338626518619,0.5085165805625469,,,,,
imbalanced,qwen3_32b,maximal,last,25,12,0.028290956077543616,0.55434494635051,0.7690695725062867,6.4038451773545875,0.0164993996711494,0.49104737934384246,,,,,
imbalanced,qwen3_32b,maximal,last,26,13,0.005620500245612577,0.4620755508455866,0.7692372170997486,5.6792730934313616,0.022632344870645683,0.49103082085927496,,,,,
imbalanced,qwen3_32b,maximal,last,27,14,0.017864280665888254,0.5465734975935003,0.7736797988264879,7.498316905513038,0.03904060566101651,0.5103987283083852,,,,,
imbalanced,qwen3_32b,maximal,last,28,13,0.028385111795843625,0.5522861747692851,0.7698239731768651,5.5711787281628995,0.01329376831934165,0.4858038592308032,,,,,
imbalanced,qwen3_32b,maximal,last,29,11,0.0006339502938614847,0.5409822493045436,0.7683989941324393,5.176365224549468,0.04655060823051409,0.5089636596458692,,,,,
imbalanced,qwen3_32b,maximal,last,30,12,0.06506779434984875,0.57424272530578,0.7766974015088013,9.123097865622302,0.027477754133716517,0.4950710910937431,,,,,
imbalanced,qwen3_32b,maximal,last,31,11,0.09228839046938915,0.5730781118911997,0.7657166806370495,4.936477316834606,0.040675965678845696,0.49398375060714445,,,,,
imbalanced,qwen3_32b,maximal,last,32,7,0.05718287232593236,0.49577758643528946,0.7642917015926236,4.409539501703353,0.06008355161106735,0.520063363800945,,,,,
imbalanced,qwen3_32b,maximal,last,33,6,0.008723887674646394,0.510862365876275,0.776110645431685,8.53120718789496,0.03843270708564122,0.5201627147083498,,,,,
imbalanced,qwen3_32b,maximal,last,34,16,0.052506746190419645,0.581909303660529,0.7693210393964794,7.055992420701011,0.05784407411696879,0.5145659469245375,,,,,
imbalanced,qwen3_32b,maximal,last,35,16,0.03053691916285424,0.5767320174857598,0.761441743503772,4.710909045564682,0.07767038575900419,0.5196494016867577,,,,,
imbalanced,qwen3_32b,maximal,last,36,16,0.006865892181706831,0.563446593367775,0.7652137468566639,4.863867777898269,0.058520504339727275,0.5147315317702124,,,,,
imbalanced,qwen3_32b,maximal,last,37,17,0.056088198367791234,0.5832505409104959,0.7652975691533948,5.279919582453779,0.03729229283723083,0.5090630105532742,,,,,
imbalanced,qwen3_32b,maximal,last,38,15,0.08615446687428861,0.5908895217909657,0.7730930427493713,6.533368998244795,0.008598455957973141,0.5029970857067161,,,,,
imbalanced,qwen3_32b,maximal,last,39,13,0.061868862465396,0.5731774627986047,0.7673093042749372,5.743034708215337,0.0073133543677253755,0.47548240385039964,,,,,
imbalanced,qwen3_32b,maximal,last,40,8,0.07224227984888502,0.5628173709542102,0.7677284157585919,5.530027710874513,0.001955629729924986,0.4573287852695721,,,,,
imbalanced,qwen3_32b,maximal,last,41,8,0.07044548000102986,0.5672660838080099,0.7647108130762783,4.269559294550842,0.004139953549447919,0.458018722126551,,,,,
imbalanced,qwen3_32b,maximal,last,42,10,0.016446231977610373,0.5482514240296728,0.7711651299245599,6.045454806794005,0.006816737377760116,0.5111052236499316,,,,,
imbalanced,qwen3_32b,maximal,last,43,8,0.017558319198965847,0.5515134454894688,0.7571668063704946,3.4437798706822527,0.012349290070763356,0.4658674438115424,,,,,
imbalanced,qwen3_32b,maximal,last,44,7,0.03153134432831965,0.5620943171280964,0.7601005867560771,4.287392793836293,0.0036011021706821474,0.44840928158254956,,,,,
imbalanced,qwen3_32b,maximal,last,45,6,0.04910505231629092,0.5364948999867533,0.7730930427493714,6.8990305111996415,0.007141885643051556,0.44847551552081955,,,,,
imbalanced,qwen3_32b,maximal,last,46,6,0.002919488807165066,0.45924404998454543,0.758927074601844,3.6409590098942375,0.002862034524917821,0.5274429284231907,,,,,
imbalanced,qwen3_32b,maximal,last,47,7,0.0017134450221175245,0.5465900560780678,0.7595138306789607,3.2682647058873724,0.008794889174837605,0.45170442001148053,,,,,
imbalanced,qwen3_32b,maximal,last,48,7,0.007182621843927264,0.5360036649445843,0.762699077954736,3.78446389133007,0.010577743470485344,0.5328851503510399,,,,,
imbalanced,qwen3_32b,maximal,last,49,6,0.03099548377344662,0.5522751357795734,0.7554903604358759,2.901287675241327,0.014909919756633756,0.5282598136618537,,,,,
imbalanced,qwen3_32b,maximal,last,50,6,0.09291215642759913,0.5486819446284276,0.7632858340318525,4.806608639672787,0.00031565780818265915,0.445329403452996,,,,,
imbalanced,qwen3_32b,maximal,last,51,7,0.09228464939825018,0.563672892656864,0.7682313495389774,7.076002300512017,0.010499280626095155,0.5119276283834503,,,,,
imbalanced,qwen3_32b,maximal,last,52,9,0.059516286884596085,0.5885216584978142,0.7588432523051131,3.6671518504560154,0.038855849115554654,0.5254503907802358,,,,,
imbalanced,qwen3_32b,maximal,last,53,9,0.02448371399530963,0.45136773082527487,0.7572506286672256,2.634175681531346,0.096563621134146,0.5569667064070296,,,,,
imbalanced,qwen3_32b,maximal,last,54,9,0.009746653117832965,0.44997129862674967,0.765213746856664,4.837292569134044,0.006877359268007115,0.5013798737139576,,,,,
imbalanced,qwen3_32b,maximal,last,55,8,0.034585014384406726,0.48251424029672807,0.7667225481978206,6.266636298291526,0.04075476992903375,0.5241201925199805,,,,,
imbalanced,qwen3_32b,maximal,last,56,16,0.09138806441871473,0.5037201395328299,0.7596814752724225,4.418795778162218,0.03891754495934045,0.500491235042169,,,,,
imbalanced,qwen3_32b,maximal,last,57,15,0.08371682266087879,0.5180211507042876,0.7733445096395641,7.372676725137978,0.008388476265755536,0.48549476751887666,,,,,
imbalanced,qwen3_32b,maximal,last,58,15,0.06868834776388792,0.5224257075992406,0.7576697401508801,2.7001764008664764,0.009525883512647524,0.48876782796838436,,,,,
imbalanced,qwen3_32b,maximal,last,59,15,0.055339992216062124,0.5216529783194243,0.7538139145012573,1.7680659692813605,0.01210892299486169,0.48532918267320174,,,,,
imbalanced,qwen3_32b,maximal,last,60,15,0.09470629399871257,0.5421358237294123,0.7609388097233863,4.098962042733216,0.0027189584087103933,0.4929240075948249,,,,,
imbalanced,qwen3_32b,maximal,last,61,15,0.08886782707143967,0.538294255309754,0.7711651299245599,7.6325795234860285,0.012753344736292974,0.4942486863602243,,,,,
imbalanced,qwen3_32b,maximal,last,62,15,0.08507637909703276,0.5561498211683666,0.7720871751886003,6.565219449547539,0.01772779032962845,0.5005961054444297,,,,,
imbalanced,qwen3_32b,maximal,last,63,14,0.08416813594298693,0.5417991345432066,0.7621123218776195,3.8385215104258497,0.0013886709033742743,0.511061067691085,,,,,
imbalanced,qwen3_32b,maximal,last,64,18,0.11655099805017306,0.5543339073607984,0.7661357921207042,6.192278840403723,0.03870362886388433,0.4925928379034751,,,,,
imbalanced,qwen3_32b,maximal,mean,0,6,0.25324122732336757,0.681530666313419,0.7924559932942163,13.878098201218787,0.26627116903690096,0.6554620921093302,,,,,
imbalanced,qwen3_32b,maximal,mean,1,6,0.31010934886821595,0.7163752373382788,0.8087175188600169,16.11852171565949,0.1180255697561958,0.5431514107828852,,,,,
imbalanced,qwen3_32b,maximal,mean,2,6,0.3179473005835237,0.7121693822581358,0.7904442581726739,10.2237774322019,0.0008187861841484045,0.49470680443325826,,,,,
imbalanced,qwen3_32b,maximal,mean,3,6,0.30056058320662593,0.6798306618978232,0.7769488683989942,9.620425117990766,0.0149033431879018,0.4978363580165143,,,,,
imbalanced,qwen3_32b,maximal,mean,4,6,0.26906214833344605,0.6462445357000928,0.7905280804694049,11.736421783220289,0.061085894193735196,0.5394091932706319,,,,,
imbalanced,qwen3_32b,maximal,mean,5,6,0.26788041245717414,0.6454718064202765,0.7793797150041911,7.283984315554621,0.11966598035903363,0.5793206605731444,,,,,
imbalanced,qwen3_32b,maximal,mean,6,6,0.26689623606724305,0.659022166291341,0.7917015926236379,9.82846556856055,0.0876460979878781,0.54527641630238,,,,,
imbalanced,qwen3_32b,maximal,mean,7,6,0.22328064798834413,0.6217324590453481,0.7861693210393965,9.180298697760477,0.07565421964081617,0.5179549167660176,,,,,
imbalanced,qwen3_32b,maximal,mean,8,7,0.18401734994332616,0.594239855168455,0.7888516345347862,8.843344996797493,0.11008704647358783,0.543123813308606,,,,,
imbalanced,qwen3_32b,maximal,mean,9,8,0.190223997548619,0.6020333819048881,0.7904442581726739,11.140838171845116,0.09064493658051179,0.5392160109506778,,,,,
imbalanced,qwen3_32b,maximal,mean,10,8,0.19846479852002558,0.6027288382567227,0.7901089689857502,10.44910138910736,0.06811955901355458,0.5294133880867223,,,,,
imbalanced,qwen3_32b,maximal,mean,11,8,0.18262983841439814,0.594990506468848,0.7756915339480303,8.323431539839081,0.03157949131533271,0.5024616947057006,,,,,
imbalanced,qwen3_32b,maximal,mean,12,8,0.17768243638332207,0.5947476486951914,0.7841575859178541,11.422501531399762,0.04408960808540791,0.504238972049278,,,,,
imbalanced,qwen3_32b,maximal,mean,13,8,0.16534830665843514,0.5874729544752064,0.7849958088851634,9.854562661460259,0.03301288196000274,0.5018159138075683,,,,,
imbalanced,qwen3_32b,maximal,mean,14,8,0.18892062323896341,0.6023866295756612,0.7874266554903605,10.415293583274634,0.03284200941433885,0.5010376650328962,,,,,
imbalanced,qwen3_32b,maximal,mean,15,8,0.18701343735687456,0.6032255927937475,0.7843252305113161,11.442424365925165,0.01858843710254834,0.49470128493840243,,,,,
imbalanced,qwen3_32b,maximal,mean,16,8,0.1859871474460043,0.602850267143551,0.7829002514668902,9.525719595734254,0.027627570601253863,0.5015951340133351,,,,,
imbalanced,qwen3_32b,maximal,mean,17,8,0.18280040127202507,0.6020499403894556,0.7805532271584242,10.54434645733601,0.0014994201279385103,0.48879542544266347,,,,,
imbalanced,qwen3_32b,maximal,mean,18,8,0.19569232773648956,0.6147778955270014,0.7760268231349539,8.932149312020108,0.05841649359376742,0.5254614297699475,,,,,
imbalanced,qwen3_32b,maximal,mean,19,8,0.18759289779151272,0.6105610014571466,0.7811399832355407,9.100981282704087,0.02994244137412573,0.5137435421910187,,,,,
imbalanced,qwen3_32b,maximal,mean,20,8,0.19099069922490125,0.6095509338985297,0.7730930427493714,5.9215800677985095,0.05116687987516426,0.5278624100322339,,,,,
imbalanced,qwen3_32b,maximal,mean,21,8,0.187601836462254,0.613811983927231,0.7823973176865047,8.74197743786379,0.06404081544592058,0.5419150439351791,,,,,
imbalanced,qwen3_32b,maximal,mean,22,8,0.18185415086588697,0.610743144787389,0.7814752724224643,9.354381109118007,0.02516137961150946,0.5168620567845631,,,,,
imbalanced,qwen3_32b,maximal,mean,23,8,0.18494171585694955,0.6144080893716607,0.7871751886001676,9.196602203846181,0.02627823613875499,0.513831854108712,,,,,
imbalanced,qwen3_32b,maximal,mean,24,8,0.18361678391922634,0.619977259681194,0.7707460184409053,7.567585991007037,0.047088007315618186,0.5360423014085751,,,,,
imbalanced,qwen3_32b,maximal,mean,25,8,0.17752206389227881,0.615832119044465,0.7853310980720872,11.178112759906908,0.037165237002968386,0.5359043140371793,,,,,
imbalanced,qwen3_32b,maximal,mean,26,8,0.1696675210643957,0.6120954210270676,0.7730092204526404,8.176395721339787,0.0001345975824097496,0.46804764427959555,,,,,
imbalanced,qwen3_32b,maximal,mean,27,8,0.15150683964365172,0.5981421380315274,0.7678960603520537,4.950407730026768,0.021881934340343124,0.5280279948779087,,,,,
imbalanced,qwen3_32b,maximal,mean,28,8,0.14331867596292466,0.5963207047291031,0.7750209555741827,8.09709477654485,0.03491355850363276,0.5229831765796794,,,,,
imbalanced,qwen3_32b,maximal,mean,29,8,0.15072681087553114,0.5986444120634079,0.774937133277452,7.598390630159932,0.0020480336729253286,0.4962577824877467,,,,,
imbalanced,qwen3_32b,maximal,mean,30,8,0.13100195123088748,0.5822846293107254,0.7658005029337804,6.82192669816516,0.00019757867542508051,0.4829613193800503,,,,,
imbalanced,qwen3_32b,maximal,mean,31,8,0.15331938500815473,0.6000960392104915,0.767393126571668,4.979900335290448,0.007430698142563068,0.4937629708129112,,,,,
imbalanced,qwen3_32b,maximal,mean,32,8,0.12166813722793705,0.5801375458118073,0.7641240569991617,5.168474959606689,0.010106158504339048,0.5080253455203779,,,,,
imbalanced,qwen3_32b,maximal,mean,33,8,0.1321028073105777,0.5928986179184881,0.7703269069572506,6.06932491438009,0.009425162584832747,0.5008775996820771,,,,,
imbalanced,qwen3_32b,maximal,mean,34,8,0.15016518319755406,0.6070616417185499,0.7780385582564963,11.190952250379404,0.02607296075453627,0.5097805448845322,,,,,
imbalanced,qwen3_32b,maximal,mean,35,8,0.12838983912946197,0.5907018589658675,0.7822296730930428,10.700987574234132,0.05016233424104085,0.5255663001722083,,,,,
imbalanced,qwen3_32b,maximal,mean,36,8,0.1337898164640003,0.5941460237559059,0.7714165968147528,6.120542689501655,0.005265946893058949,0.4992935046584537,,,,,
imbalanced,qwen3_32b,maximal,mean,37,8,0.14937690554601293,0.5996324016426017,0.7765297569153395,9.750723830568644,0.014378318712378787,0.48710646001677926,,,,,
imbalanced,qwen3_32b,maximal,mean,38,8,0.1286600894895538,0.5859992493486996,0.7793797150041911,10.086170579520333,0.010613225780744674,0.5069656025080584,,,,,
imbalanced,qwen3_32b,maximal,mean,39,8,0.1153793683688227,0.5750872080187222,0.766219614417435,5.280160057572763,0.01652557307572892,0.5190919327063187,,,,,
imbalanced,qwen3_32b,maximal,mean,40,8,0.11168232005817255,0.5678235527884488,0.7810561609388097,10.381667467832056,0.029004611688723585,0.5153938711529121,,,,,
imbalanced,qwen3_32b,maximal,mean,41,8,0.14073839461971885,0.5878041241665563,0.7668901927912826,5.085559665567725,0.07884274462057107,0.5523634476972668,,,,,
imbalanced,qwen3_32b,maximal,mean,42,8,0.13938695694390799,0.586346977524617,0.7756077116512992,7.470481990874274,0.07507495233384076,0.5527994877908774,,,,,
imbalanced,qwen3_32b,maximal,mean,43,8,0.1641741288140251,0.6079668388749062,0.7673093042749373,6.59919359773391,0.11568827012051679,0.5758875347728176,,,,,
imbalanced,qwen3_32b,maximal,mean,44,8,0.15475491937567173,0.6117863293151411,0.7680637049455156,5.577229786557872,0.08612046970724933,0.5704894688038151,,,,,
imbalanced,qwen3_32b,maximal,mean,45,8,0.15156815014538114,0.6125480196052457,0.7717518860016764,6.185413204855789,0.10009273489247501,0.5674979025919548,,,,,
imbalanced,qwen3_32b,maximal,mean,46,8,0.07591794008406617,0.5780346182717357,0.7789606035205365,8.938068456457827,0.08173920631574255,0.5576952797279993,,,,,
imbalanced,qwen3_32b,maximal,mean,47,8,0.09822251042398686,0.5988651918576412,0.76756077116513,4.997445569364981,0.06793476337901029,0.5452984942818033,,,,,
imbalanced,qwen3_32b,maximal,mean,48,8,0.10756750323128055,0.6095122974345388,0.7679798826487846,5.831958713735012,0.09214830477571012,0.5504868194462843,,,,,
imbalanced,qwen3_32b,maximal,mean,49,8,0.08661029554250411,0.5823453437541396,0.7790444258172675,7.869403860353662,0.0878331201439861,0.5350046363756789,,,,,
imbalanced,qwen3_32b,maximal,mean,50,8,0.09009698688378005,0.5851492471409017,0.7733445096395641,7.098472068379909,0.08401220521173046,0.5332659954960922,,,,,
imbalanced,qwen3_32b,maximal,mean,51,8,0.10483916801692708,0.5693579723583697,0.7768650461022631,6.83623643590508,0.0951842122071655,0.5545491676601757,,,,,
imbalanced,qwen3_32b,maximal,mean,52,8,0.14554204020280986,0.6086015807833267,0.769907795473596,5.510071276828189,0.12287895219387579,0.5683920607585994,,,,,
imbalanced,qwen3_32b,maximal,mean,53,6,0.11911265311290208,0.5922528370203559,0.7877619446772841,9.024798200195846,0.05779026448748464,0.5214266790303351,,,,,
imbalanced,qwen3_32b,maximal,mean,54,4,0.061563564099691936,0.5437916721861615,0.7851634534786254,9.407558684546437,0.02827350075159063,0.5024892921799797,,,,,
imbalanced,qwen3_32b,maximal,mean,55,4,0.09969703147533114,0.5638439969973948,0.7745180217937971,7.92007631515698,0.05618317224116774,0.5361913277696825,,,,,
imbalanced,qwen3_32b,maximal,mean,56,4,0.017837536326235623,0.4996357133395152,0.780720871751886,8.863950834755663,0.00021148869007072806,0.5002318187839448,,,,,
imbalanced,qwen3_32b,maximal,mean,57,4,0.06628131643106187,0.5415893937386851,0.7757753562447611,9.080609178921698,0.07107216078163887,0.53092572967722,,,,,
imbalanced,qwen3_32b,maximal,mean,58,4,0.09881926882653641,0.5639047114408089,0.7700754400670579,5.598539563685154,0.07026073779254671,0.5426822537201396,,,,,
imbalanced,qwen3_32b,maximal,mean,59,4,0.09856218467849867,0.558749503245463,0.7664710813076279,5.83356782221004,0.027199806535593323,0.5093445047909215,,,,,
imbalanced,qwen3_32b,maximal,mean,60,5,0.077217860573401,0.5482072680708262,0.7604358759430009,4.162642038836465,0.05600056681362436,0.536666004327284,,,,,
imbalanced,qwen3_32b,maximal,mean,61,7,0.13104114568619604,0.5753135073078112,0.7713327745180218,5.454290378737509,0.03791235612682879,0.5189925817989137,,,,,
imbalanced,qwen3_32b,maximal,mean,62,8,0.12325584229415854,0.5652238707113525,0.7697401508801341,5.383199284920688,0.07332066605848829,0.5377754227933059,,,,,
imbalanced,qwen3_32b,maximal,mean,63,8,0.12695969005909527,0.5722115511988343,0.7704107292539816,6.627510361204365,0.06976528710081029,0.5367101602861306,,,,,
imbalanced,qwen3_32b,maximal,mean,64,8,0.10876940384004294,0.5571102132732813,0.7775356244761107,7.934964691229821,0.06369394344495412,0.5173146553627412,,,,,
imbalanced,qwen3_32b,tier0,last,0,47,0.0024938911309177595,0.4593709983662295,0.8123218776194467,16.21282441468672,0.03081193052707411,0.5402647149732857,,,,,
imbalanced,qwen3_32b,tier0,last,1,37,0.019976485850483762,0.519638362697046,0.7907795473595977,9.26718542060588,0.06334700708267074,0.5568287190356339,,,,,
imbalanced,qwen3_32b,tier0,last,2,13,0.15139057801226666,0.5950843378813971,0.7777870913663034,8.27367273413317,0.06374716683990356,0.5622378239943481,,,,,
imbalanced,qwen3_32b,tier0,last,3,13,0.015455701094298842,0.48889477635006845,0.7976529756915339,12.482707996313561,0.0989605600123171,0.5893495827261889,,,,,
imbalanced,qwen3_32b,tier0,last,4,12,0.12082205178107096,0.5939969973947984,0.7837384744341995,9.11838594771493,0.14033953910395114,0.6096778822802137,,,,,
imbalanced,qwen3_32b,tier0,last,5,15,0.12269660019835968,0.5790226078509295,0.7861693210393965,9.049041097139568,0.09608278146563762,0.5779739038283216,,,,,
imbalanced,qwen3_32b,tier0,last,6,16,0.1413240909491302,0.615313286528017,0.7824811399832355,7.0769808825541025,0.08630004823508931,0.5647988696074535,,,,,
imbalanced,qwen3_32b,tier0,last,7,17,0.14138188432695625,0.6142701020002649,0.7849119865884326,9.15324863631207,0.11650201675938664,0.5848898308826777,,,,,
imbalanced,qwen3_32b,tier0,last,8,13,0.023551287060648338,0.5222380447741423,0.7787929589270746,7.4117246228204285,0.057272965663890195,0.5402812734578532,,,,,
imbalanced,qwen3_32b,tier0,last,9,11,0.1044082378110599,0.5688005033779309,0.7652137468566639,4.6795321088656765,0.06496920954283761,0.5487757760409767,,,,,
imbalanced,qwen3_32b,tier0,last,10,9,0.009667098254975958,0.515460105091182,0.7777032690695725,9.781942691092206,0.05997961841464751,0.5569446284276063,,,,,
imbalanced,qwen3_32b,tier0,last,11,10,0.02773987392826287,0.5018379917869916,0.769907795473596,7.197900438000075,0.0750580942662126,0.5731609043140372,,,,,
imbalanced,qwen3_32b,tier0,last,12,12,0.08269357895129076,0.5574965779131894,0.7704945515507126,5.743764079122084,0.06122120645816289,0.5497196096613238,,,,,
imbalanced,qwen3_32b,tier0,last,13,17,0.13249404824501543,0.5898739347374928,0.7661357921207042,4.8117909037431135,0.06786168358974828,0.5499569479401245,,,,,
imbalanced,qwen3_32b,tier0,last,14,18,0.13821637835561154,0.5922252395460768,0.772254819782062,5.8243362892661255,0.061065836756929975,0.5411643926347861,,,,,
imbalanced,qwen3_32b,tier0,last,15,18,0.1331195978231272,0.5863635360091844,0.7782062028499581,7.021876248982579,0.05387630988297848,0.533337748929218,,,,,
imbalanced,qwen3_32b,tier0,last,16,15,0.11477698617814744,0.5779904623128891,0.7680637049455155,5.632591034713252,0.056922055049708695,0.5336192431668654,,,,,
imbalanced,qwen3_32b,tier0,last,17,13,0.12189782412340713,0.583929438777763,0.7743503772003353,7.495575789070511,0.03624695380359035,0.5237835033337749,,,,,
imbalanced,qwen3_32b,tier0,last,18,16,0.11186597181084425,0.5821466419393297,0.7694886839899413,5.559142642317427,0.02533998980961506,0.5153276372146421,,,,,
imbalanced,qwen3_32b,tier0,last,19,16,0.1157329638364383,0.5855080143065307,0.7662196144174351,5.1321624638973296,0.02642205136963325,0.50528215657703,,,,,
imbalanced,qwen3_32b,tier0,last,20,15,0.12643641279001552,0.5819258621450965,0.7727577535624477,8.015035815030569,0.034632350105043695,0.5184406323133307,,,,,
imbalanced,qwen3_32b,tier0,last,21,16,0.10135464749263493,0.5798008566256017,0.7753562447611064,8.085456332569674,0.041464278893716774,0.5287676071885901,,,,,
imbalanced,qwen3_32b,tier0,last,22,16,0.1026017893086566,0.5768313683931646,0.7701592623637887,6.18591387451555,0.04801678145172298,0.5362023667593941,,,,,
imbalanced,qwen3_32b,tier0,last,23,13,0.1073039173635786,0.5783161125093832,0.7640402347024309,4.582167237682721,0.05686806556510908,0.5401653640658807,,,,,
imbalanced,qwen3_32b,tier0,last,24,14,0.11184577886096671,0.5824502141564004,0.7704945515507124,6.4382511925761,0.0475686242921745,0.5328961893407516,,,,,
imbalanced,qwen3_32b,tier0,last,25,12,0.12846245599871756,0.5966463549255973,0.7647108130762783,5.306197822374236,0.061772359504714686,0.5465845365832119,,,,,
imbalanced,qwen3_32b,tier0,last,26,13,0.09721976433714054,0.5799940389455557,0.7659681475272423,4.694663172975191,0.07040221455917646,0.5505033779308518,,,,,
imbalanced,qwen3_32b,tier0,last,27,9,0.09453031240181671,0.5730946703757672,0.7556580050293378,2.981223663513314,0.0759731701780086,0.5447741422704994,,,,,
imbalanced,qwen3_32b,tier0,last,28,9,0.1094895081548073,0.5773612398993244,0.770997485331098,5.70802530840321,0.09093788419359039,0.5591689848545062,,,,,
imbalanced,qwen3_32b,tier0,last,29,12,0.07483644439041577,0.5515686404380271,0.7713327745180218,6.562370514089861,0.08938008311746634,0.546159535479313,,,,,
imbalanced,qwen3_32b,tier0,last,30,11,0.06047750244104357,0.5345906742614915,0.7654652137468567,5.290503376454394,0.08951441450496725,0.5534507881838654,,,,,
imbalanced,qwen3_32b,tier0,last,31,12,0.07198565300591281,0.5421027067602773,0.7682313495389773,5.466376657630203,0.07390559355291915,0.5474731752550006,,,,,
imbalanced,qwen3_32b,tier0,last,32,13,0.10516505340801224,0.5920044597518435,0.7633696563285833,4.77046909546465,0.08296976472626301,0.5368812646266614,,,,,
imbalanced,qwen3_32b,tier0,last,33,10,0.13358245393758192,0.5970823950192078,0.7692372170997486,5.6848154575202035,0.09832060484040869,0.5429306309886519,,,,,
imbalanced,qwen3_32b,tier0,last,34,14,0.13501101420638334,0.5959895350377533,0.7692372170997486,7.192684188443812,0.08606427497813376,0.5641034132556189,,,,,
imbalanced,qwen3_32b,tier0,last,35,13,0.145418712523325,0.6091866472380447,0.7690695725062867,6.093044542659065,0.08215605501716543,0.5601404159491323,,,,,
imbalanced,qwen3_32b,tier0,last,36,13,0.13322445206833103,0.5999028568905374,0.7721709974853311,8.440959809233942,0.07656004140147929,0.5522254603258709,,,,,
imbalanced,qwen3_32b,tier0,last,37,13,0.15046001721332983,0.6135249701947277,0.7645431684828164,4.150351180073752,0.0936506208343857,0.5706936901134808,,,,,
imbalanced,qwen3_32b,tier0,last,38,11,0.10991880358207465,0.593489203868062,0.7763621123218777,8.712741892966688,0.10008640460856444,0.5609573011877953,,,,,
imbalanced,qwen3_32b,tier0,last,39,15,0.11337226610706812,0.5975349935973859,0.7693210393964794,6.19272657822107,0.05417795598840849,0.5374939285556586,,,,,
imbalanced,qwen3_32b,tier0,last,40,9,0.11342899147730606,0.5941901797147525,0.7689019279128247,5.448888815603028,0.051657685769756476,0.5349604804168323,,,,,
imbalanced,qwen3_32b,tier0,last,41,10,0.10075531244169109,0.5822128758775997,0.7694886839899413,7.1484904395146485,0.06878048850304457,0.534772817591734,,,,,
imbalanced,qwen3_32b,tier0,last,42,6,0.07823229120977108,0.5641530887093213,0.7789606035205364,8.297117471094852,0.03089327552524324,0.5244348037267629,,,,,
imbalanced,qwen3_32b,tier0,last,43,9,0.034969427566278785,0.5582196317393032,0.7655490360435876,6.068917757386491,0.03752552535268559,0.5269682518655893,,,,,
imbalanced,qwen3_32b,tier0,last,44,7,0.044624514338148784,0.5150019870181481,0.7596814752724225,3.8109484030868717,0.027145586146204298,0.5298383891906213,,,,,
imbalanced,qwen3_32b,tier0,last,45,6,0.014331238911972704,0.5447575837859319,0.7608549874266556,4.295836827552757,0.05759027274053648,0.5595829469686934,,,,,
imbalanced,qwen3_32b,tier0,last,46,6,0.02878668454706627,0.5640592572967722,0.7752724224643756,6.941527055152629,0.018433227216155354,0.5267474720713561,,,,,
imbalanced,qwen3_32b,tier0,last,47,7,0.0408108186213909,0.5579381375016559,0.7728415758591786,7.270977555111986,0.03036803399023945,0.5292533227359032,,,,,
imbalanced,qwen3_32b,tier0,last,48,5,0.03960674526670735,0.5373007462357046,0.768650461022632,5.28798095502423,0.008924512332457219,0.49993376606173,,,,,
imbalanced,qwen3_32b,tier0,last,49,4,0.07326675572551598,0.5446416743939595,0.7807208717518861,9.262708375505516,0.024583214725937146,0.5293968296021548,,,,,
imbalanced,qwen3_32b,tier0,last,50,4,0.06885709712752387,0.5634189958934959,0.7664710813076279,5.244706151925521,0.0498776965080184,0.5317260564313154,,,,,
imbalanced,qwen3_32b,tier0,last,51,5,0.0670589382060042,0.5233143462710292,0.7742665549036044,8.749158610851437,0.016914296702963676,0.5144445180377092,,,,,
imbalanced,qwen3_32b,tier0,last,52,6,0.09122383198689872,0.5518832516448094,0.7813914501257335,8.988866841664699,0.031143764320678727,0.5072360577559941,,,,,
imbalanced,qwen3_32b,tier0,last,53,7,0.0768850264067111,0.5582361902238707,0.769740150880134,6.694434392982763,0.04603919734919799,0.5223925906301056,,,,,
imbalanced,qwen3_32b,tier0,last,54,11,0.11035593727948308,0.5815615754846116,0.7730930427493714,7.505198731076247,0.04518098892788107,0.5256159756259107,,,,,
imbalanced,qwen3_32b,tier0,last,55,7,0.1190497252519862,0.5702686890095818,0.7695725062866723,7.7798845722529695,0.06634655868009129,0.5220393429593324,,,,,
imbalanced,qwen3_32b,tier0,last,56,10,0.12931363324131023,0.5650914028348125,0.7672254819782063,5.743655818031126,0.039376447504034226,0.4992107122356162,,,,,
imbalanced,qwen3_32b,tier0,last,57,7,0.09113285270634097,0.5216364198348568,0.7730930427493713,8.282613398695283,0.03659014420947681,0.5044431933589438,,,,,
imbalanced,qwen3_32b,tier0,last,58,9,0.12076288445593944,0.5466176535523469,0.7709136630343671,6.311127941000549,0.05209027812280087,0.49744999337660617,,,,,
imbalanced,qwen3_32b,tier0,last,59,17,0.10742950859615844,0.5303406632225018,0.7628667225481979,4.33717441193998,0.07905550659746943,0.510569832648916,,,,,
imbalanced,qwen3_32b,tier0,last,60,19,0.11838340502460351,0.5435819313816399,0.774685666387259,5.856661381638811,0.030019004507078992,0.4655362741201925,,,,,
imbalanced,qwen3_32b,tier0,last,61,15,0.09274211248227411,0.5230162935488144,0.7694048616932104,7.6237448768802185,0.012149541461369632,0.4604252218836932,,,,,
imbalanced,qwen3_32b,tier0,last,62,15,0.11614726595477998,0.5498134410738729,0.7729253981559094,5.7310867539469985,0.0018601592421537397,0.5075341104782091,,,,,
imbalanced,qwen3_32b,tier0,last,63,15,0.11589973167814874,0.5603832737227888,0.7757753562447611,6.620530922056702,0.018386622594786003,0.5133682165408222,,,,,
imbalanced,qwen3_32b,tier0,last,64,7,0.09034809464799033,0.5387413343930764,0.7652975691533948,4.471710418294758,0.02574866478987702,0.5276526692277123,,,,,
imbalanced,qwen3_32b,tier0,mean,0,3,0.08194462894608463,0.5946538172826423,0.7804694048616933,9.45514160049184,0.12841576907291996,0.5591910628339294,,,,,
imbalanced,qwen3_32b,tier0,mean,1,3,0.21379672621441,0.6877069810570936,0.7984073763621123,12.851162342118615,0.04244950469584402,0.48800061818342383,,,,,
imbalanced,qwen3_32b,tier0,mean,2,3,0.10631668631865676,0.5942950501170133,0.7872590108968985,10.475623246432493,0.10611145098166673,0.5540082571643044,,,,,
imbalanced,qwen3_32b,tier0,mean,3,3,0.16808232281198474,0.6174051750783768,0.7813914501257335,10.025304924333087,0.009625404532393602,0.5027045524793571,,,,,
imbalanced,qwen3_32b,tier0,mean,4,3,0.08131138192626149,0.5609738596723628,0.803520536462699,16.485113220537617,0.08796182091977561,0.5274098114540557,,,,,
imbalanced,qwen3_32b,tier0,mean,5,3,0.10396868804982203,0.5802203382346448,0.7880972338642079,10.01870094852734,0.15403720580322383,0.5549355323000839,,,,,
imbalanced,qwen3_32b,tier0,mean,6,3,0.11343031537755068,0.5881849693116086,0.7814752724224644,10.19945869843659,0.1273876471634049,0.5837638539320882,,,,,
imbalanced,qwen3_32b,tier0,mean,7,5,0.17091279102484136,0.5969278491632446,0.7661357921207042,6.227561558936733,0.01596582835341662,0.504404556894953,,,,,
imbalanced,qwen3_32b,tier0,mean,8,3,0.09983162173727697,0.5480968781737096,0.7715004191114837,7.607416088657445,0.018984932079804544,0.5469488232436968,,,,,
imbalanced,qwen3_32b,tier0,mean,9,4,0.10860453515065142,0.5623702918708879,0.7749371332774518,6.842699499431246,0.014589586587766655,0.4756535081909304,,,,,
imbalanced,qwen3_32b,tier0,mean,10,4,0.11869446801715285,0.5711738861659381,0.7636211232187762,4.635493943541411,0.030677099833784124,0.46697686227756435,,,,,
imbalanced,qwen3_32b,tier0,mean,11,5,0.09907749522862806,0.5578332670993951,0.7826487845766974,11.239911676565074,0.004053143945644123,0.5422572526162406,,,,,
imbalanced,qwen3_32b,tier0,mean,12,4,0.15593525826451723,0.6148275709807038,0.761357921207041,3.5015704879820753,0.0022128195935808203,0.44830993067514463,,,,,
imbalanced,qwen3_32b,tier0,mean,13,4,0.153613079091555,0.6137899059478077,0.7607711651299246,5.045529929357675,0.024205715961284575,0.46863823022916945,,,,,
imbalanced,qwen3_32b,tier0,mean,14,3,0.06521693534946434,0.5396410120545768,0.7792958927074602,9.10766754735825,0.021022012286440094,0.5547975449286882,,,,,
imbalanced,qwen3_32b,tier0,mean,15,3,0.0980704453824881,0.6122941228418776,0.7710813076278291,7.187309637788098,0.06238234865477255,0.4881496445445313,,,,,
imbalanced,qwen3_32b,tier0,mean,16,3,0.10299317478057683,0.6168973815516404,0.7787929589270746,8.409445913431973,0.07828476433573954,0.5146597783370865,,,,,
imbalanced,qwen3_32b,tier0,mean,17,3,0.10513761385734653,0.5998035059831325,0.7805532271584242,8.925792067237493,0.051286606711627235,0.5090574910584184,,,,,
imbalanced,qwen3_32b,tier0,mean,18,3,0.11380696382097559,0.6220746677264096,0.7765297569153394,9.098199286413095,0.0997730159119811,0.5377975007727293,,,,,
imbalanced,qwen3_32b,tier0,mean,19,3,0.1263344886046696,0.6224720713560294,0.7712489522212908,6.967185706491907,0.09972658413456899,0.5286516977966177,,,,,
imbalanced,qwen3_32b,tier0,mean,20,3,0.13489939188819644,0.6268490307767033,0.7679798826487846,6.279459358087315,0.10955505289428329,0.5561608601580783,,,,,
imbalanced,qwen3_32b,tier0,mean,21,4,0.09852192700069613,0.5643352320395637,0.7776194467728416,9.15505016071795,0.0814209868621742,0.5347838565814457,,,,,
imbalanced,qwen3_32b,tier0,mean,22,4,0.11261613930874374,0.5777531240340884,0.773512154233026,7.258395781917656,0.10790370910621082,0.546060184571908,,,,,
imbalanced,qwen3_32b,tier0,mean,23,5,0.12344581415150827,0.5827261888991919,0.7658005029337804,4.52659432825434,0.12088250042908212,0.5512871462003798,,,,,
imbalanced,qwen3_32b,tier0,mean,24,5,0.14449769797255513,0.6029054620921094,0.768566638725901,6.669949009606492,0.10931992915658899,0.5384708791451407,,,,,
imbalanced,qwen3_32b,tier0,mean,25,4,0.09215118869846313,0.5183909568596282,0.7727577535624477,5.760272889118443,0.09267629317987039,0.5499238309709895,,,,,
imbalanced,qwen3_32b,tier0,mean,26,4,0.10122741672403615,0.5381673069280699,0.7573344509639565,3.0305620911145503,0.04285031863516479,0.5232315538481919,,,,,
imbalanced,qwen3_32b,tier0,mean,27,5,0.12728528580813217,0.583769373426944,0.7631181894383907,4.304999814098945,0.10647017454327165,0.545927716695368,,,,,
imbalanced,qwen3_32b,tier0,mean,28,6,0.11250267982684592,0.5758213008345476,0.7678122380553227,5.315032076938993,0.05705584260192234,0.5146542588422307,,,,,
imbalanced,qwen3_32b,tier0,mean,29,6,0.0709134014892007,0.5445147260122754,0.7690695725062867,6.232450752630337,0.05592805175608223,0.5167571863823023,,,,,
imbalanced,qwen3_32b,tier0,mean,30,6,0.08971657659129627,0.5652238707113525,0.7694886839899413,6.479011179250013,0.06536952346851704,0.520515962379123,,,,,
imbalanced,qwen3_32b,tier0,mean,31,5,0.054076666844136964,0.5356062613149645,0.7766135792120704,9.00772880222372,0.011708192571094756,0.4968428489424648,,,,,
imbalanced,qwen3_32b,tier0,mean,32,4,0.11831993351560142,0.590227182408266,0.7659681475272422,5.284825904672435,0.02999325221139146,0.5062094317128096,,,,,
imbalanced,qwen3_32b,tier0,mean,33,4,0.07739163081123114,0.5529043581931382,0.7780385582564961,6.935664574521345,0.018522451992858888,0.5094107387291915,,,,,
imbalanced,qwen3_32b,tier0,mean,34,4,0.07184389997295647,0.5433721905771184,0.7793797150041911,9.082862597438863,0.011705904992093537,0.5008996776615005,,,,,
imbalanced,qwen3_32b,tier0,mean,35,4,0.06315755807937803,0.5294961805095597,0.7727577535624477,6.869806590732592,0.06267327431470957,0.5322669669271868,,,,,
imbalanced,qwen3_32b,tier0,mean,36,4,0.06332230084151183,0.5371848368437321,0.7809723386420788,9.776310827299106,0.03520944996683647,0.5142182187486202,,,,,
imbalanced,qwen3_32b,tier0,mean,37,5,0.05972088431265768,0.5262120810703405,0.7908633696563285,12.617206925375495,0.06342139883763272,0.5301971563562503,,,,,
imbalanced,qwen3_32b,tier0,mean,38,11,0.08008837465687176,0.5618128228904491,0.7755238893545684,8.338854386868126,0.0767920374827551,0.5163487437629708,,,,,
imbalanced,qwen3_32b,tier0,mean,39,12,0.0978997345189363,0.5559897558175476,0.7715004191114837,6.945372919085046,0.076991640709947,0.5273325385260741,,,,,
imbalanced,qwen3_32b,tier0,mean,40,12,0.09391526873494954,0.5696615445754405,0.7704945515507126,6.597228512927433,0.08799193831321257,0.5289828674879675,,,,,
imbalanced,qwen3_32b,tier0,mean,41,6,0.07373343125740442,0.5646167262772112,0.7733445096395641,6.461545344782076,0.07493046082501187,0.5288559191062834,,,,,
imbalanced,qwen3_32b,tier0,mean,42,5,0.08572409842612858,0.5685797235836976,0.7763621123218777,9.023935482017313,0.06740343530412651,0.5364176270587716,,,,,
imbalanced,qwen3_32b,tier0,mean,43,11,0.12484875951813025,0.5291650108182099,0.777284157585918,8.129508176913161,0.09685776956734868,0.5385315935885547,,,,,
imbalanced,qwen3_32b,tier0,mean,44,7,0.11611656001355011,0.5275864352894423,0.7721709974853311,6.203085700248654,0.09953255822313323,0.5356835342429461,,,,,
imbalanced,qwen3_32b,tier0,mean,45,10,0.11035633160803208,0.5336468406411445,0.7699077954735961,6.1959800943911105,0.12042648314686775,0.5583631386055549,,,,,
imbalanced,qwen3_32b,tier0,mean,46,11,0.10688324617661568,0.5307767033161125,0.7715004191114837,5.9938887739451685,0.11788756642069544,0.5458835607365214,,,,,
imbalanced,qwen3_32b,tier0,mean,47,11,0.10095232217756095,0.534088400229611,0.766219614417435,5.1186219159943915,0.10331545858710535,0.5439903740009714,,,,,
imbalanced,qwen3_32b,tier0,mean,48,12,0.10614045993880077,0.5373449021945511,0.7630343671416596,3.7731242308695085,0.11995350591308519,0.5473572658630282,,,,,
imbalanced,qwen3_32b,tier0,mean,49,17,0.09305013081902773,0.5375270455247936,0.777116512992456,8.366360957886574,0.09576222448435794,0.5298604671700446,,,,,
imbalanced,qwen3_32b,tier0,mean,50,13,0.10222910176827837,0.5213107696383626,0.773512154233026,7.857587180770434,0.07520204664468999,0.5203117410694573,,,,,
imbalanced,qwen3_32b,tier0,mean,51,8,0.08175535273579045,0.5473848633373074,0.7737636211232188,7.782450434054767,0.06870905172126136,0.5133847750253897,,,,,
imbalanced,qwen3_32b,tier0,mean,52,4,0.0824750791808455,0.5632644500375326,0.7725901089689858,6.102234808661087,0.06063352992894101,0.5096977524616947,,,,,
imbalanced,qwen3_32b,tier0,mean,53,10,0.08272598859158374,0.5673599152205591,0.7667225481978207,5.8497920860914085,0.0828193152006609,0.5190422572526162,,,,,
imbalanced,qwen3_32b,tier0,mean,54,8,0.08132173156496306,0.5611173665386144,0.7681475272422466,5.757973907531394,0.06897361305826526,0.5034000088311917,,,,,
imbalanced,qwen3_32b,tier0,mean,55,4,0.06177277424389728,0.5317315759261713,0.7798826487845768,10.300226706797297,0.024852660116488443,0.48170287455292093,,,,,
imbalanced,qwen3_32b,tier0,mean,56,4,0.11267159640651853,0.531185145935444,0.7619446772841576,3.7058001561738556,0.05416222569717606,0.49725129156179626,,,,,
imbalanced,qwen3_32b,tier0,mean,57,3,0.1491090641504004,0.539177374486687,0.7572506286672256,3.2193079831957956,0.07948766470218642,0.5541186470614209,,,,,
imbalanced,qwen3_32b,tier0,mean,58,3,0.12186535120817504,0.5184903077670332,0.7634534786253144,4.165445567714981,0.0073236190659838425,0.5084393076345652,,,,,
imbalanced,qwen3_32b,tier0,mean,59,4,0.1145588914912709,0.5160893275047468,0.766303436714166,5.425230194849702,0.04504709947958256,0.5136055548196229,,,,,
imbalanced,qwen3_32b,tier0,mean,60,3,0.12366239867669881,0.5823453437541396,0.7741827326068734,8.916070432297916,0.020641397816867274,0.5036428666048484,,,,,
imbalanced,qwen3_32b,tier0,mean,61,5,0.136039600120242,0.585397624409414,0.7556580050293378,2.304389626426385,0.0659500984551706,0.4969697973241489,,,,,
imbalanced,qwen3_32b,tier0,mean,62,3,0.16455970423275998,0.6095895703625204,0.7637887678122381,5.694012290738146,0.004347183490059152,0.502903254294167,,,,,
imbalanced,qwen3_32b,tier0,mean,63,4,0.09959924142599899,0.5653342606084691,0.7661357921207042,6.484159451717827,0.05512054965532233,0.5158906256899368,,,,,
imbalanced,qwen3_32b,tier0,mean,64,4,0.10453846455798552,0.5774164348478827,0.7716680637049456,6.108948302571131,0.05847704991589335,0.5348280125402923,,,,,
imbalanced,qwen3_8b,maximal,last,0,50,0.0827425378883483,0.5265046142976995,0.7999161777032692,12.718634244923715,,0.0,,,,,
imbalanced,qwen3_8b,maximal,last,1,22,0.03862263190549974,0.5195997262330552,0.7709136630343671,5.114768657774523,0.045034828049874895,0.5290491014262375,,,,,
imbalanced,qwen3_8b,maximal,last,2,19,0.05764974609423527,0.5385536715679781,0.7797988264878458,8.555322194452032,0.06084676661362703,0.544752064291076,,,,,
imbalanced,qwen3_8b,maximal,last,3,16,0.06559623792033414,0.5338289839713869,0.7763621123218777,7.1590033659206505,0.03926660123015278,0.5310637170486157,,,,,
imbalanced,qwen3_8b,maximal,last,4,16,0.034576094802848574,0.5012529253322736,0.7741827326068735,7.982230166809202,0.027897089966078016,0.515725040844262,,,,,
imbalanced,qwen3_8b,maximal,last,5,16,0.01942384069488759,0.4939727116174328,0.7751047778709136,9.902031814162457,0.038685441449461476,0.5295568949529739,,,,,
imbalanced,qwen3_8b,maximal,last,6,18,0.04756190840024992,0.502185719962909,0.7716680637049456,6.209546585634215,0.07883627794885201,0.5598037267629267,,,,,
imbalanced,qwen3_8b,maximal,last,7,18,0.047483938967589595,0.502152602993774,0.7673093042749373,5.8931737682975305,0.052475017322788635,0.5295237779838389,,,,,
imbalanced,qwen3_8b,maximal,last,8,18,0.018641961684611043,0.4670927716695368,0.7706621961441744,6.967143186850589,0.0340885497387948,0.49262043537775424,,,,,
imbalanced,qwen3_8b,maximal,last,9,16,0.004240501015248477,0.45253234423985517,0.7575020955574183,3.1946466698157967,0.04188972691169408,0.4988353865854197,,,,,
imbalanced,qwen3_8b,maximal,last,10,18,0.00635382581624052,0.560410871197068,0.7563285834031852,2.318990770862055,0.038901387886866215,0.5000386364639908,,,,,
imbalanced,qwen3_8b,maximal,last,11,18,0.052199494516486256,0.5755729235660353,0.7552388935456832,2.647965264591127,0.07199492311530473,0.5168675762794189,,,,,
imbalanced,qwen3_8b,maximal,last,12,15,0.06252440372139072,0.57952488188281,0.7524727577535625,1.7452572140718035,0.05983612276867909,0.5225471364860688,,,,,
imbalanced,qwen3_8b,maximal,last,13,14,0.06653002944721871,0.584553141696472,0.7681475272422466,6.50661309930204,0.006475454653414503,0.46496776615004193,,,,,
imbalanced,qwen3_8b,maximal,last,14,11,0.05906807644782869,0.5830463196008301,0.7612740989103102,4.595282197293474,0.019162910300407125,0.48270742261668215,,,,,
imbalanced,qwen3_8b,maximal,last,15,7,0.048893415666690705,0.5727524616947057,0.7558256496227996,2.9540598787023344,0.0059241670706737136,0.5131308782620214,,,,,
imbalanced,qwen3_8b,maximal,last,16,7,0.03515106763422269,0.5668797191681018,0.7589270746018442,3.0806423843411794,0.02111366288889202,0.5282929306309887,,,,,
imbalanced,qwen3_8b,maximal,last,17,6,0.055613246226203325,0.573525190974522,0.7668063704945515,5.944515871217925,0.003704118226467731,0.5267971475250585,,,,,
imbalanced,qwen3_8b,maximal,last,18,7,0.027619621857967753,0.5683755022740319,0.7569153394803018,2.935213757145928,0.011595356556854057,0.45342650240649973,,,,,
imbalanced,qwen3_8b,maximal,last,19,7,0.024381090674543686,0.5738287631915927,0.7676445934618609,5.090169450309314,0.028613200918682833,0.48154280920210185,,,,,
imbalanced,qwen3_8b,maximal,last,20,7,0.003844755109707653,0.5575793703360269,0.761357921207041,3.480996401902397,0.0031309119315335275,0.46797589084646973,,,,,
imbalanced,qwen3_8b,maximal,last,21,7,0.04241295612152673,0.4694054400141299,0.7548197820620285,2.2419387816755596,0.018402564997904734,0.5283481255795469,,,,,
imbalanced,qwen3_8b,maximal,last,22,7,0.05312966211002809,0.5640261403276372,0.7639564124057,5.513757061995025,0.06470357991004959,0.5226078509294829,,,,,
imbalanced,qwen3_8b,maximal,last,23,8,0.039026784264079996,0.5590696339471012,0.7711651299245599,7.021338601674583,0.04259171966627523,0.5397238044774142,,,,,
imbalanced,qwen3_8b,maximal,last,24,15,0.05782660949948401,0.47220934340089193,0.7659681475272423,5.578910201998251,0.03016302319946479,0.48675873184086194,,,,,
imbalanced,qwen3_8b,maximal,last,25,16,0.13420530075057124,0.5657592617123681,0.7614417435037719,4.409095656054657,0.0020692294921013468,0.4650174416037444,,,,,
imbalanced,qwen3_8b,maximal,last,26,16,0.09265096748540008,0.5121042522188369,0.7586756077116513,3.063440923733782,0.024387313836557803,0.489921402393253,,,,,
imbalanced,qwen3_8b,maximal,last,27,12,0.0876815667490347,0.5092672318629399,0.7576697401508802,3.5797794529048437,0.03246833832030097,0.5023181878394489,,,,,
imbalanced,qwen3_8b,maximal,last,28,13,0.06358528391213326,0.5086876849030777,0.7624476110645432,4.220847921023611,0.0178883829963061,0.4666732900604937,,,,,
imbalanced,qwen3_8b,maximal,last,29,16,0.0272093398502539,0.4885580871638628,0.7669740150880134,5.580970627630194,0.0210204397373764,0.509261712368084,,,,,
imbalanced,qwen3_8b,maximal,last,30,16,0.006588668443419012,0.4753223384995805,0.7681475272422466,5.489779389252696,0.03259972957260197,0.5234136971784342,,,,,
imbalanced,qwen3_8b,maximal,last,31,16,0.0020406062836250895,0.47484214244712325,0.759094719195306,3.607795716925465,0.04902070964358058,0.5309478076566433,,,,,
imbalanced,qwen3_8b,maximal,last,32,16,0.011673494673597703,0.4864496401289354,0.7708298407376363,5.764446286965554,0.046223773599170404,0.5358767165629001,,,,,
imbalanced,qwen3_8b,maximal,last,33,15,0.008380791294955833,0.5226961628471762,0.7617770326906957,4.562403460626126,0.05259307053303366,0.5268744204530401,,,,,
imbalanced,qwen3_8b,maximal,last,34,13,0.1219816039304331,0.5674482271382523,0.765129924559933,6.103528292279242,0.06148118215926647,0.5247770124078245,,,,,
imbalanced,qwen3_8b,maximal,last,35,8,0.16138307307238764,0.5796076743056475,0.7703269069572506,5.7119790163257855,0.020644907698030027,0.5235682430343975,,,,,
imbalanced,qwen3_8b,maximal,last,36,18,0.10072981306099911,0.5681271250055195,0.7719195305951383,6.375101720389021,0.05782321334782538,0.5306497549344285,,,,,
imbalanced,qwen3_8b,maximal,mean,0,6,0.28271224280563206,0.6989612310681327,0.7968985750209556,12.497948936606477,0.17644921961963755,0.5784872168499139,,,,,
imbalanced,qwen3_8b,maximal,mean,1,6,0.31583669135137155,0.7157239369452908,0.8016764459346187,14.018726059700983,0.24758427234753444,0.645389013997439,,,,,
imbalanced,qwen3_8b,maximal,mean,2,6,0.29301526639250836,0.6838157371837329,0.7848281642917015,8.798846857332277,0.04298321650011,0.5226630458780412,,,,,
imbalanced,qwen3_8b,maximal,mean,3,6,0.2862621516604571,0.6754371439925818,0.7937133277451802,10.284923967485133,0.09748691467806396,0.5677352408707556,,,,,
imbalanced,qwen3_8b,maximal,mean,4,6,0.22049188611313666,0.6214509648077008,0.7776194467728416,7.920098045045777,0.02945331034830266,0.529258842230759,,,,,
imbalanced,qwen3_8b,maximal,mean,5,6,0.1604400995786668,0.593097319733298,0.7845766974015088,9.563501330818582,0.03251736484939417,0.4918587450876496,,,,,
imbalanced,qwen3_8b,maximal,mean,6,6,0.17454443552067342,0.6138837373603567,0.7787091366303437,8.878683145225327,0.03631181464089545,0.4859860025610456,,,,,
imbalanced,qwen3_8b,maximal,mean,7,6,0.15573597170049408,0.5772563694970636,0.7824811399832355,10.860256013701015,0.0659856838575851,0.5142292577383318,,,,,
imbalanced,qwen3_8b,maximal,mean,8,6,0.15119304381028387,0.5839183997880514,0.7801341156747695,8.527173844265464,0.06588897734379333,0.5075617079524882,,,,,
imbalanced,qwen3_8b,maximal,mean,9,6,0.12062437326086341,0.566416081600212,0.7645431684828164,5.196904297421629,0.0897527617992165,0.5364617830176183,,,,,
imbalanced,qwen3_8b,maximal,mean,10,6,0.09836028293853262,0.5630050337793086,0.7662196144174351,5.6000663078665625,0.04866920782128219,0.5101503510398728,,,,,
imbalanced,qwen3_8b,maximal,mean,11,6,0.1104493624802685,0.5668134852298318,0.7750209555741827,7.766987841224705,0.05863574201878344,0.5126782796838434,,,,,
imbalanced,qwen3_8b,maximal,mean,12,7,0.11299509189486699,0.5697995319468362,0.765046102263202,4.186125854245268,0.07195860007496041,0.5276361107431448,,,,,
imbalanced,qwen3_8b,maximal,mean,13,6,0.12525501586256954,0.5783657879630856,0.7767812238055323,6.807739056542308,0.019515352966521734,0.5140084779440985,,,,,
imbalanced,qwen3_8b,maximal,mean,14,7,0.15305926461443134,0.5915518611736654,0.7724224643755239,6.750160853174944,0.011731833994102096,0.4991224003179229,,,,,
imbalanced,qwen3_8b,maximal,mean,15,6,0.1312830268179454,0.5687673864087959,0.7776194467728416,8.998181456227032,0.046638922555254,0.5013467567448228,,,,,
imbalanced,qwen3_8b,maximal,mean,16,7,0.17104468484460733,0.5921976420717976,0.7732606873428332,7.794839833591627,0.10018180457335125,0.5232867487967501,,,,,
imbalanced,qwen3_8b,maximal,mean,17,7,0.19998096771177604,0.6162350421689406,0.7790444258172675,8.991267773504685,0.09125124587701887,0.5439903740009714,,,,,
imbalanced,qwen3_8b,maximal,mean,18,7,0.1657482352653678,0.6236035678014749,0.7875104777870914,10.39639786963693,0.14791470072294852,0.5622654214686272,,,,,
imbalanced,qwen3_8b,maximal,mean,19,8,0.15145323696014376,0.6004437673864088,0.7812238055322716,8.770284774768282,0.11757918304017391,0.5588543736477237,,,,,
imbalanced,qwen3_8b,maximal,mean,20,8,0.13816103303706856,0.5969499271426679,0.7813076278290025,9.234620329314799,0.10206538873584783,0.5650251688965426,,,,,
imbalanced,qwen3_8b,maximal,mean,21,8,0.07086280099995487,0.561360224312271,0.7717518860016764,8.554471197901748,0.120305275229471,0.5633858789243609,,,,,
imbalanced,qwen3_8b,maximal,mean,22,8,0.07883911363192848,0.5716816796926745,0.7631181894383907,5.175742644675926,0.13342885270517613,0.560184571907979,,,,,
imbalanced,qwen3_8b,maximal,mean,23,7,0.17166788797201707,0.6187243343489204,0.7741827326068735,8.660027985540339,0.1530088959072006,0.5751148054930013,,,,,
imbalanced,qwen3_8b,maximal,mean,24,6,0.14579131254267205,0.6101139223738243,0.7694048616932104,8.215567858086853,0.08479638792360918,0.5243961672627722,,,,,
imbalanced,qwen3_8b,maximal,mean,25,7,0.1434850863227403,0.5990142182187487,0.780804694048617,7.769720544149367,0.012523341865882418,0.5211231068132645,,,,,
imbalanced,qwen3_8b,maximal,mean,26,8,0.12923170331846293,0.5844648297787787,0.7810561609388097,10.659894468498534,0.02217520972850305,0.5214487570097585,,,,,
imbalanced,qwen3_8b,maximal,mean,27,8,0.11362312823354835,0.5763456528458516,0.7787929589270747,9.217075087875807,0.013005647038019217,0.49282465668742,,,,,
imbalanced,qwen3_8b,maximal,mean,28,8,0.12045083037198175,0.5764726012275356,0.773595976529757,6.396605938031094,0.02549664166686203,0.5301254029231245,,,,,
imbalanced,qwen3_8b,maximal,mean,29,8,0.11771360155162659,0.5740661014703934,0.7663872590108969,6.123844320057925,0.002690560535727208,0.47515123415904975,,,,,
imbalanced,qwen3_8b,maximal,mean,30,8,0.1146148432860148,0.5671612134057491,0.7670578373847443,5.443537657350807,0.008167316175570405,0.5189539453349229,,,,,
imbalanced,qwen3_8b,maximal,mean,31,8,0.0931198852303244,0.5518722126550978,0.7652137468566639,5.652014676724443,0.002083810214822028,0.4613524970194728,,,,,
imbalanced,qwen3_8b,maximal,mean,32,8,0.0915310976798194,0.5501501302600786,0.769740150880134,6.445787625911707,0.03339806309468394,0.525119221088886,,,,,
imbalanced,qwen3_8b,maximal,mean,33,8,0.0943335662633642,0.552192343356736,0.7692372170997486,5.71977307834081,0.03953240117054476,0.5046032587097629,,,,,
imbalanced,qwen3_8b,maximal,mean,34,8,0.11477769032785132,0.5670232260343533,0.771248952221291,7.151358375093504,0.05103757626855238,0.5090078156047159,,,,,
imbalanced,qwen3_8b,maximal,mean,35,8,0.13345900257385526,0.5767099395063364,0.7782062028499581,8.785357296228952,0.07350310235673077,0.534055283260476,,,,,
imbalanced,qwen3_8b,maximal,mean,36,8,0.13953546898361946,0.5697774539674129,0.7694886839899413,6.258054379067488,0.08250441430325851,0.5482955799885194,,,,,
imbalanced,qwen3_8b,tier0,last,0,38,0.02504392066442208,0.4582174239413609,0.7919530595138307,8.72354367752143,0.07216507140551266,0.5563485229831766,,,,,
imbalanced,qwen3_8b,tier0,last,1,19,0.028085317833132745,0.5302302733253853,0.7875104777870914,9.06185738049896,0.03991138448143562,0.540513092241798,,,,,
imbalanced,qwen3_8b,tier0,last,2,18,0.0009101130478743362,0.5137932176447212,0.7785414920368817,7.6464709798152946,0.0765190041962073,0.5738342826864485,,,,,
imbalanced,qwen3_8b,tier0,last,3,14,0.06284283472001828,0.5375380845145052,0.7790444258172675,8.670240873991878,0.08147763284623374,0.5726862277564357,,,,,
imbalanced,qwen3_8b,tier0,last,4,13,0.011106983930042775,0.49439219322647593,0.7865884325230512,11.26590772603178,0.04272004961854454,0.5473793438424516,,,,,
imbalanced,qwen3_8b,tier0,last,5,11,0.015482631815446728,0.4969146023755906,0.7794635373009221,8.539278307813149,0.12522365900456991,0.6039320881352939,,,,,
imbalanced,qwen3_8b,tier0,last,6,9,0.11449228160673593,0.5722667461473926,0.7786253143336128,7.792991826069001,0.10404386256478484,0.5673709542102707,,,,,
imbalanced,qwen3_8b,tier0,last,7,15,0.05434226994827308,0.506005210403144,0.7740989103101426,6.823797970089,0.09641734052753842,0.5501611692497903,,,,,
imbalanced,qwen3_8b,tier0,last,8,15,0.06401646687316666,0.5690930366052899,0.7618608549874265,3.8601407663964533,0.08702920260066783,0.5427595266481212,,,,,
imbalanced,qwen3_8b,tier0,last,9,15,0.09736322212762595,0.5841667770565638,0.7670578373847443,5.806176264763722,0.06476134211064546,0.5257484435024506,,,,,
imbalanced,qwen3_8b,tier0,last,10,8,0.1325927461218346,0.604644102971696,0.7730092204526404,7.3159900537374405,0.05061466359454666,0.5400604936636199,,,,,
imbalanced,qwen3_8b,tier0,last,11,6,0.10953400370372333,0.5927330330728132,0.7789606035205364,8.069613989065948,0.039119995066769095,0.5280224753830529,,,,,
imbalanced,qwen3_8b,tier0,last,12,5,0.10398392532318239,0.5827593058683269,0.7689019279128249,5.789639110893137,0.04527503972906641,0.514124387336071,,,,,
imbalanced,qwen3_8b,tier0,last,13,4,0.010816427645351245,0.4721872654214686,0.7708298407376363,5.561130662026739,0.028766430599977334,0.5304455336247627,,,,,
imbalanced,qwen3_8b,tier0,last,14,6,0.11926177210025714,0.5709972623305515,0.7656328583403186,5.3969167631737625,0.02353749348108254,0.4984048659866649,,,,,
imbalanced,qwen3_8b,tier0,last,15,7,0.09648777715895362,0.5877158122488629,0.7588432523051131,3.5161445560538613,0.017542947678036103,0.4614021724731753,,,,,
imbalanced,qwen3_8b,tier0,last,16,4,0.07470401718542843,0.5617797059213141,0.7654652137468567,5.3869425488765215,0.025075316982516086,0.49547953371307457,,,,,
imbalanced,qwen3_8b,tier0,last,17,4,0.05321821035747515,0.550856625601625,0.754233025984912,2.1667958812562698,0.011203824558176704,0.45036318276151366,,,,,
imbalanced,qwen3_8b,tier0,last,18,4,0.06340017815773136,0.5568176800459222,0.7523051131601006,1.7017430535542764,0.011407549364556775,0.5295955314169647,,,,,
imbalanced,qwen3_8b,tier0,last,19,4,0.0246833983679438,0.5627787344902194,0.7662196144174349,4.9275699943552285,0.028195684995416515,0.5441283613723672,,,,,
imbalanced,qwen3_8b,tier0,last,20,5,0.057338931240214656,0.5654501700004415,0.7525565800502935,1.6203082178355008,0.04825573973684203,0.5572868371086678,,,,,
imbalanced,qwen3_8b,tier0,last,21,7,0.06710959284907503,0.559301452731046,0.7594300083822296,3.6825276357166863,0.004070473263838178,0.44885636066587187,,,,,
imbalanced,qwen3_8b,tier0,last,22,6,0.03921386077355319,0.564324193049852,0.7572506286672254,3.0012044739054855,0.008964048988156432,0.44405440014129904,,,,,
imbalanced,qwen3_8b,tier0,last,23,4,0.018348781937152347,0.5524738375943834,0.7580050293378038,3.2214326674285827,0.04901546992349583,0.5699154413388087,,,,,
imbalanced,qwen3_8b,tier0,last,24,17,0.07501112254177152,0.5866008742879851,0.7684828164291702,5.9221595222716505,0.028963865537742436,0.5208692100498963,,,,,
imbalanced,qwen3_8b,tier0,last,25,18,0.09029277903729989,0.5161610809378726,0.7567476948868399,2.448444762048792,0.03519390951937083,0.5091126860069767,,,,,
imbalanced,qwen3_8b,tier0,last,26,15,0.08910639927845869,0.5290215039519583,0.7559094719195305,2.16900441959685,0.03879622296138303,0.5236123989932442,,,,,
imbalanced,qwen3_8b,tier0,last,27,11,0.13517144098763886,0.5784651388704906,0.7668901927912826,5.869462314510232,0.0476744730262281,0.5209023270190312,,,,,
imbalanced,qwen3_8b,tier0,last,28,6,0.030455687967596897,0.4944473881750342,0.765046102263202,4.506567474313624,0.0066265327163967675,0.49972402525720844,,,,,
imbalanced,qwen3_8b,tier0,last,29,19,0.09966553259481997,0.5234964896012717,0.7640402347024309,5.100146950592637,0.0375770975094089,0.5051938446593368,,,,,
imbalanced,qwen3_8b,tier0,last,30,19,0.136554506702503,0.5529595531416964,0.768566638725901,5.592480730170513,0.03540843618404741,0.4899489998675321,,,,,
imbalanced,qwen3_8b,tier0,last,31,7,0.13471248812049844,0.5741488938932309,0.7683151718357083,6.570473357886312,0.001992901857735679,0.510862365876275,,,,,
imbalanced,qwen3_8b,tier0,last,32,8,0.1491337244875687,0.5775820196935576,0.7634534786253145,4.994012303049112,0.04994418038114565,0.4971684991389588,,,,,
imbalanced,qwen3_8b,tier0,last,33,7,0.11763149712448419,0.5503212346006093,0.761357921207041,4.909627872018206,0.028429468134073876,0.4955512871462004,,,,,
imbalanced,qwen3_8b,tier0,last,34,7,0.14787016163094432,0.5783437099836622,0.7700754400670579,7.418134261489095,0.0700924117902433,0.5167847838565814,,,,,
imbalanced,qwen3_8b,tier0,last,35,19,0.13469853335421184,0.5668962776526693,0.761441743503772,3.3273585500718266,0.004001302676377209,0.5027211109639246,,,,,
imbalanced,qwen3_8b,tier0,last,36,16,0.11041041513240886,0.5536218925243962,0.7619446772841576,4.343803190513782,0.01935968323418797,0.49011458471320707,,,,,
imbalanced,qwen3_8b,tier0,mean,0,4,0.15110022982007726,0.6288857243785049,0.7805532271584242,7.695131405140151,0.1495182565852438,0.5581092418421866,,,,,
imbalanced,qwen3_8b,tier0,mean,1,3,0.23596835849397696,0.6944242062966397,0.7854149203688181,9.927565374423935,0.13959860889520284,0.5539475427208902,,,,,
imbalanced,qwen3_8b,tier0,mean,2,3,0.2793157469834533,0.7033989049322206,0.8040234702430847,19.85611234451731,0.12735182922075408,0.5588046981940212,,,,,
imbalanced,qwen3_8b,tier0,mean,3,3,0.08973511434608017,0.5697553759879895,0.7995808885163455,14.726164971538592,0.03255103937318475,0.5306607939241401,,,,,
imbalanced,qwen3_8b,tier0,mean,4,3,0.19453928693673886,0.6216275886430874,0.7755238893545684,7.931890455263448,0.09832311622173971,0.5263500684417363,,,,,
imbalanced,qwen3_8b,tier0,mean,5,3,0.12699325605676803,0.5708647944540116,0.7693210393964794,6.02815021734056,0.0007456755388727815,0.48114540557248203,,,,,
imbalanced,qwen3_8b,tier0,mean,6,4,0.1524538733316728,0.5826378769814986,0.7666387259010897,5.98090990956366,0.013891654516602571,0.5131253587671656,,,,,
imbalanced,qwen3_8b,tier0,mean,7,4,0.07051660533472191,0.5339614518479269,0.7846605196982397,11.986924021352946,0.07375624847450782,0.5197708305735859,,,,,
imbalanced,qwen3_8b,tier0,mean,8,4,0.052041705345647234,0.502185719962909,0.7792958927074602,7.413001154364273,0.031300450468286785,0.4818574204088842,,,,,
imbalanced,qwen3_8b,tier0,mean,9,5,0.09640754953498357,0.5424283569567713,0.769907795473596,5.331063983946756,0.015118322252510467,0.47809312491720757,,,,,
imbalanced,qwen3_8b,tier0,mean,10,3,0.05736726188136752,0.5164260166909524,0.7751047778709137,7.948260032805371,0.06383762972002785,0.5321289795557911,,,,,
imbalanced,qwen3_8b,tier0,mean,11,3,0.1372106294182606,0.5322117719786286,0.7715004191114837,7.4598370606839435,0.07864938149591257,0.5318033293592971,,,,,
imbalanced,qwen3_8b,tier0,mean,12,4,0.13375134042250506,0.5633969179140725,0.7649622799664711,5.0092097578698285,0.0987121563735469,0.5487536980615534,,,,,
imbalanced,qwen3_8b,tier0,mean,13,5,0.09976639380784827,0.5466949264803285,0.7796311818943841,10.353150719866756,0.08465245625891363,0.5175575131363978,,,,,
imbalanced,qwen3_8b,tier0,mean,14,6,0.11442945628301697,0.5213438866074976,0.7668901927912826,5.598367576284652,0.11683868754821786,0.5373449021945511,,,,,
imbalanced,qwen3_8b,tier0,mean,15,3,0.10673667414455043,0.5449231686316068,0.7765297569153395,7.966298384415748,0.10014842601095705,0.5469929792025434,,,,,
imbalanced,qwen3_8b,tier0,mean,16,3,0.11076487741171455,0.5348611295094273,0.7716680637049456,8.072013616185139,0.08772385265123346,0.5439296595575573,,,,,
imbalanced,qwen3_8b,tier0,mean,17,4,0.1258391466346688,0.5420971872654214,0.775859178541492,7.914660312728227,0.04324612365975195,0.5096701549874155,,,,,
imbalanced,qwen3_8b,tier0,mean,18,4,0.18266435953436694,0.5764505232481123,0.7541492036881811,2.386753424325848,0.06587138645320717,0.5248487658409502,,,,,
imbalanced,qwen3_8b,tier0,mean,19,4,0.1292837344113747,0.5369309400803638,0.774937133277452,7.80491842685113,0.052000111331159324,0.5084117101602861,,,,,
imbalanced,qwen3_8b,tier0,mean,20,5,0.11766815157116331,0.5448900516624718,0.7797988264878457,7.7174962597466115,0.07166142476399882,0.5174360842495694,,,,,
imbalanced,qwen3_8b,tier0,mean,21,10,0.14605468085696716,0.564097893760763,0.7638725901089689,5.401557292425541,0.11003794340831319,0.5490462312889124,,,,,
imbalanced,qwen3_8b,tier0,mean,22,11,0.13398442580287076,0.5572592396343886,0.7730930427493713,6.825179836594075,0.13444204083869044,0.5497085706716122,,,,,
imbalanced,qwen3_8b,tier0,mean,23,7,0.11011722752466897,0.5489137634123725,0.802347024308466,14.696472198818526,0.09977447506177899,0.5332218395372456,,,,,
imbalanced,qwen3_8b,tier0,mean,24,4,0.13367546986051942,0.5287731266834459,0.7899413243922884,15.894734041234242,0.08740259856811132,0.518495827261889,,,,,
imbalanced,qwen3_8b,tier0,mean,25,4,0.15101249792047877,0.5542676734225284,0.77116512992456,6.655653172561564,0.016902422290648565,0.4806265730560339,,,,,
imbalanced,qwen3_8b,tier0,mean,26,3,0.11859722721186272,0.564230361637303,0.7696563285834033,8.005979898203867,0.000635107486735186,0.5126562017044201,,,,,
imbalanced,qwen3_8b,tier0,mean,27,4,0.16111398186093215,0.559400803638451,0.7706621961441743,6.735615548185516,0.06196014856217638,0.5059665739391531,,,,,
imbalanced,qwen3_8b,tier0,mean,28,4,0.15424166641929168,0.553853711308341,0.7668901927912826,5.204229782805794,0.0025872833789392573,0.46686095288559193,,,,,
imbalanced,qwen3_8b,tier0,mean,29,4,0.165348481540978,0.5660517949397271,0.7718357082984073,6.648619262912331,0.014565915561623158,0.48871815251468187,,,,,
imbalanced,qwen3_8b,tier0,mean,30,4,0.1780785189825164,0.5877875656819888,0.7684828164291703,5.592855481401589,0.08178432092456765,0.5324491102574292,,,,,
imbalanced,qwen3_8b,tier0,mean,31,4,0.20520507164773752,0.5749437011524705,0.7636211232187762,4.266329131017416,0.09333599118244998,0.5292754007153265,,,,,
imbalanced,qwen3_8b,tier0,mean,32,4,0.18366068530062596,0.5865622378239943,0.7618608549874266,3.9217697824285387,0.0984947838334097,0.5361306133262684,,,,,
imbalanced,qwen3_8b,tier0,mean,33,4,0.15126146457544068,0.569711220029143,0.7726739312657166,6.970738427542232,0.08008062297773334,0.5326643705568066,,,,,
imbalanced,qwen3_8b,tier0,mean,34,4,0.12635189427779928,0.554963129774363,0.7764459346186086,9.260250732174235,0.07022300131925424,0.5239270102000265,,,,,
imbalanced,qwen3_8b,tier0,mean,35,4,0.0855058238225874,0.5268689009581843,0.7771165129924561,8.90666870212762,0.062018853414587495,0.5132357486642822,,,,,
imbalanced,qwen3_8b,tier0,mean,36,3,0.09666893847725849,0.5722115511988343,0.7859178541492036,11.972257126289222,0.018520637835058522,0.47957234953857025,,,,,
imbalanced,thalesian_akk300m,maximal,last,0,3,0.1553813126016941,0.49069965116792513,0.8837384744341996,35.19017028688592,0.1859324573803067,0.09160153662736786,,,,,
imbalanced,thalesian_akk300m,maximal,last,1,8,0.14432092094044696,0.6270698105709366,0.7714165968147528,6.28416591038116,0.14877199510823982,0.6060129376959421,,,,,
imbalanced,thalesian_akk300m,maximal,last,2,11,0.1421573203828716,0.6158817944981675,0.7897736797988265,10.898853634955218,0.029601491409525702,0.4612310681326445,,,,,
imbalanced,thalesian_akk300m,maximal,last,3,14,0.0930135445011719,0.5769196803108579,0.7574182732606873,2.534351295810328,0.00561155745835827,0.4176546562458604,,,,,
imbalanced,thalesian_akk300m,maximal,last,4,9,0.00042758447117239993,0.45559566388484124,0.7708298407376363,6.332685672824103,0.04638285963359395,0.5041065041727381,,,,,
imbalanced,thalesian_akk300m,maximal,last,5,11,0.05431970863965124,0.5252516889654258,0.7689857502095558,6.459835908534902,0.04912359659561602,0.5259637038018281,,,,,
imbalanced,thalesian_akk300m,maximal,last,6,10,0.06312714476521554,0.539144257517552,0.7740150880134117,8.229532433765787,0.0688489854898331,0.5338124254868194,,,,,
imbalanced,thalesian_akk300m,maximal,last,7,10,0.059939412088921375,0.5511436393341281,0.7679798826487846,5.972097791397496,0.11469598945805573,0.5475670066675498,,,,,
imbalanced,thalesian_akk300m,maximal,last,8,10,0.0801504590125596,0.5706384951649225,0.7678960603520537,6.1057488393048045,0.10316139587945039,0.5425939418024462,,,,,
imbalanced,thalesian_akk300m,maximal,mean,0,4,0.17696748651958627,0.6089217114849649,0.7859178541492037,9.981049634168935,0.0006334570583985249,0.45073850841171015,,,,,
imbalanced,thalesian_akk300m,maximal,mean,1,4,0.22588073772413875,0.6318662516006535,0.7906957250628668,13.486847938803495,0.02115054422380746,0.5247328564489778,,,,,
imbalanced,thalesian_akk300m,maximal,mean,2,4,0.20975292933090842,0.6333565152117279,0.7834031852472758,10.306148380352035,0.064867976078293,0.5747560383273723,,,,,
imbalanced,thalesian_akk300m,maximal,mean,3,3,0.26310971545605993,0.6613569126153575,0.7897736797988265,10.865411357981285,0.02027593004022448,0.5335916456925862,,,,,
imbalanced,thalesian_akk300m,maximal,mean,4,4,0.22022286956365247,0.6522000706495341,0.7779547359597653,7.3889398822251495,0.04981056788282244,0.5798118956153133,,,,,
imbalanced,thalesian_akk300m,maximal,mean,5,6,0.15837952664261795,0.5921148496489601,0.7766135792120704,8.51788122334455,0.007556763212952707,0.514676336821654,,,,,
imbalanced,thalesian_akk300m,maximal,mean,6,5,0.14401461146419556,0.582919371219146,0.7767812238055323,6.75431108589515,0.007542979012066101,0.47475383052942993,,,,,
imbalanced,thalesian_akk300m,maximal,mean,7,5,0.17712064017808138,0.6034022166291341,0.7797150041911148,9.355722884870833,0.006086613588944346,0.5045701417406279,,,,,
imbalanced,thalesian_akk300m,maximal,mean,8,6,0.14833700810521402,0.6190003090917119,0.7847443419949707,10.61112281521603,0.02400524324710765,0.52544487128538,,,,,
imbalanced,thalesian_akk300m,tier0,last,0,3,0.1553813126016941,0.49069965116792513,0.8837384744341996,35.19017028688592,0.1859324573803067,0.09160153662736786,,,,,
imbalanced,thalesian_akk300m,tier0,last,1,4,0.18609433309563247,0.6555393650373118,0.77837384744342,9.036188292217982,0.005497823842345596,0.4614518479268777,,,,,
imbalanced,thalesian_akk300m,tier0,last,2,10,0.126207997464103,0.6014262374707466,0.7676445934618609,4.633129340682673,0.03845298083487295,0.5317591734004504,,,,,
imbalanced,thalesian_akk300m,tier0,last,3,10,0.04502514008969551,0.5696173886165938,0.774853310980721,7.4360759321063705,0.03655780149730191,0.531836446328432,,,,,
imbalanced,thalesian_akk300m,tier0,last,4,10,0.10291267298820923,0.5899401686757628,0.7777032690695725,8.565669111704375,0.037742722388562466,0.5302468318099528,,,,,
imbalanced,thalesian_akk300m,tier0,last,5,10,0.036651845063992244,0.5128162670552391,0.7618608549874267,4.129237687163125,0.03160665469970399,0.5183799178699166,,,,,
imbalanced,thalesian_akk300m,tier0,last,6,9,0.050424087138098456,0.5465569391089328,0.7625314333612742,4.152721243232082,0.012536350262052031,0.4908100410650417,,,,,
imbalanced,thalesian_akk300m,tier0,last,7,6,0.021820549536371102,0.5138263346138562,0.7536462699077954,2.503913891020426,0.03703354951895682,0.494618492515565,,,,,
imbalanced,thalesian_akk300m,tier0,last,8,6,0.12137456308868941,0.5560283922815384,0.7676445934618609,5.180094020603186,0.007146461643694828,0.49109705479754495,,,,,
imbalanced,thalesian_akk300m,tier0,mean,0,3,0.18517077318663905,0.6619143815957963,0.7948868398994132,13.98198872257835,0.08330858664828016,0.5548803373515256,,,,,
imbalanced,thalesian_akk300m,tier0,mean,1,3,0.13582381922552872,0.6302876760718858,0.780720871751886,8.1505361723075,0.17451876181511145,0.6222899280257871,,,,,
imbalanced,thalesian_akk300m,tier0,mean,2,3,0.18919683745316984,0.6484136971784342,0.7703269069572506,6.121309360319799,0.10148893850763582,0.5694683622554864,,,,,
imbalanced,thalesian_akk300m,tier0,mean,3,3,0.1004530434052138,0.6007804565726145,0.7694886839899413,6.081019276394417,0.14727888491536179,0.5718969399920519,,,,,
imbalanced,thalesian_akk300m,tier0,mean,4,3,0.1062237752414794,0.5642193226475913,0.7845766974015088,11.251701119938254,0.059361440880219225,0.5098247008433788,,,,,
imbalanced,thalesian_akk300m,tier0,mean,5,3,0.1048167625719346,0.5578222281096834,0.7821458507963119,9.697656297730962,0.02846364683472123,0.48121163951075197,,,,,
imbalanced,thalesian_akk300m,tier0,mean,6,3,0.10933337005112895,0.5714167439395946,0.7870075440067058,12.739718979462621,0.06868252369666229,0.538818607321058,,,,,
imbalanced,thalesian_akk300m,tier0,mean,7,3,0.0628847369228519,0.5441780368260697,0.7786253143336128,7.270963503409254,0.03889302718760489,0.5534176712147304,,,,,
imbalanced,thalesian_akk300m,tier0,mean,8,3,0.20032492967878213,0.6058970283039696,0.7664710813076279,6.341672727045809,0.09423278735883332,0.5444871285379962,,,,,
imbalanced,thalesian_cunei400m,maximal,last,0,3,0.1553813126016941,0.49069965116792513,0.8837384744341996,35.19017028688592,0.1859324573803067,0.09160153662736786,,,,,
imbalanced,thalesian_cunei400m,maximal,last,1,50,0.0046292464975397065,0.4981951251821433,0.76035205364627,3.859479025443024,,0.0,,,,,
imbalanced,thalesian_cunei400m,maximal,last,2,50,0.0008947460054127286,0.49324965779131896,0.7704945515507126,6.858105397191777,,0.0,,,,,
imbalanced,thalesian_cunei400m,maximal,last,3,41,0.0338802114621657,0.5426160197818696,0.7596814752724225,4.803093771929804,0.08568467670362494,0.547462136265289,,,,,
imbalanced,thalesian_cunei400m,maximal,last,4,20,0.08277930684049481,0.5986664900428312,0.7620284995808885,4.78361492114392,0.0025888458727120695,0.5181260211065484,,,,,
imbalanced,thalesian_cunei400m,maximal,last,5,24,0.07276894708721209,0.5841778160462755,0.7682313495389773,4.6394644313066475,0.00902755507996782,0.46995187000485716,,,,,
imbalanced,thalesian_cunei400m,maximal,last,6,6,0.10041342732758905,0.5613933412814059,0.7778709136630344,5.973333330429932,0.06362158364589295,0.5155649754934428,,,,,
imbalanced,thalesian_cunei400m,maximal,last,7,6,0.015211041570716191,0.46373139930233587,0.7625314333612742,4.686415442106536,0.03381204880960704,0.503262021459796,,,,,
imbalanced,thalesian_cunei400m,maximal,last,8,7,0.07980800729261875,0.5634962688214774,0.7670578373847444,5.778179292177905,0.011775536149235495,0.4993762970812911,,,,,
imbalanced,thalesian_cunei400m,maximal,last,9,6,0.08181692756812321,0.5653508190930366,0.7739312657166807,6.930548420987326,0.013347033972552578,0.4998012981851901,,,,,
imbalanced,thalesian_cunei400m,maximal,last,10,6,0.08991904236016988,0.5520598754801961,0.7746018440905281,7.3186765245239584,0.0173764957439416,0.4902691305691703,,,,,
imbalanced,thalesian_cunei400m,maximal,last,11,6,0.08591343551939984,0.5524241621406809,0.7658005029337804,5.2156919605170335,0.06224656697969799,0.5048350774937078,,,,,
imbalanced,thalesian_cunei400m,maximal,last,12,6,0.13723175197026222,0.5935057623526295,0.7647946353730093,5.782451654345654,0.06306275112694612,0.5147977657084823,,,,,
imbalanced,thalesian_cunei400m,maximal,mean,0,4,0.19341611782321547,0.6315185234247361,0.7792120704107293,9.475725065093311,0.1307978310424294,0.5483673334216452,,,,,
imbalanced,thalesian_cunei400m,maximal,mean,1,3,0.16743346986676755,0.6036395549079349,0.7792120704107292,7.021566646013705,0.0883698792176599,0.5189153088709322,,,,,
imbalanced,thalesian_cunei400m,maximal,mean,2,4,0.19135690647362197,0.6367068485892171,0.7762782900251467,8.918067565726032,0.04405994562380259,0.47866163288735813,,,,,
imbalanced,thalesian_cunei400m,maximal,mean,3,6,0.19328461001573266,0.6220194727778514,0.7803855825649623,9.738079890783776,0.012458238940677971,0.4908431580341767,,,,,
imbalanced,thalesian_cunei400m,maximal,mean,4,5,0.2409381839756922,0.6569081997615578,0.7842414082145851,9.739678487871402,0.13908201123550626,0.5809544310504703,,,,,
imbalanced,thalesian_cunei400m,maximal,mean,5,4,0.18075415680327012,0.6398474411621848,0.7811399832355407,8.395957643532634,0.1391416925804309,0.5525179935532301,,,,,
imbalanced,thalesian_cunei400m,maximal,mean,6,5,0.16307203862861755,0.6044398816620303,0.7828164291701593,11.634172894428053,0.03830648475855885,0.4816311211197951,,,,,
imbalanced,thalesian_cunei400m,maximal,mean,7,4,0.24258541538914286,0.6805757937033603,0.8009220452640403,16.327111093525232,0.07055796633366146,0.619486024639025,,,,,
imbalanced,thalesian_cunei400m,maximal,mean,8,6,0.1345132552246987,0.5796628692542058,0.7804694048616933,8.091421344503285,0.00569441317618583,0.510636066587186,,,,,
imbalanced,thalesian_cunei400m,maximal,mean,9,6,0.17060886233610198,0.6099538570230053,0.7803855825649623,8.944376948662503,0.006983560678458686,0.5050392988033735,,,,,
imbalanced,thalesian_cunei400m,maximal,mean,10,6,0.21659541121239523,0.6384013335099572,0.7751886001676447,6.89060103540675,0.04631247590099803,0.5258919503687023,,,,,
imbalanced,thalesian_cunei400m,maximal,mean,11,6,0.18124870200447638,0.6161025742924008,0.7775356244761107,8.539440810643448,0.047652875324945644,0.5263666269263038,,,,,
imbalanced,thalesian_cunei400m,maximal,mean,12,6,0.20953616347251677,0.6288581269042257,0.7728415758591786,6.384936030094116,0.05127815050511046,0.5237227888903607,,,,,
imbalanced,thalesian_cunei400m,tier0,last,0,3,0.1553813126016941,0.49069965116792513,0.8837384744341996,35.19017028688592,0.1859324573803067,0.09160153662736786,,,,,
imbalanced,thalesian_cunei400m,tier0,last,1,33,0.05499215819814688,0.5734313595619729,0.7550712489522212,2.1604979725937534,0.027924624843805996,0.5269627323707334,,,,,
imbalanced,thalesian_cunei400m,tier0,last,2,25,0.07598813841884106,0.514317569656025,0.7597652975691533,3.671317732639506,0.026269859281454352,0.49663862763279903,,,,,
imbalanced,thalesian_cunei400m,tier0,last,3,14,0.06780561423900568,0.5147370512650682,0.7611064543168483,3.3726975140072715,0.0700964991041752,0.5477712279772156,,,,,
imbalanced,thalesian_cunei400m,tier0,last,4,8,0.028038298214826313,0.5529374751622731,0.7525565800502934,1.8979255332366396,0.05815215267177481,0.5463416788095553,,,,,
imbalanced,thalesian_cunei400m,tier0,last,5,5,0.033971261200982886,0.538001722082395,0.7599329421626153,3.5449387143953186,0.044749320012270125,0.5403254294166998,,,,,
imbalanced,thalesian_cunei400m,tier0,last,6,7,0.04820759787491132,0.53627412019252,0.7570829840737636,2.7692909848571827,0.040589794973782685,0.5143010111714575,,,,,
imbalanced,thalesian_cunei400m,tier0,last,7,7,0.010695306737856469,0.5036152691305692,0.7541492036881811,2.675297539130403,0.02989403542367526,0.5162162758864308,,,,,
imbalanced,thalesian_cunei400m,tier0,last,8,6,0.018245687263969315,0.5066951472601228,0.7553227158424141,2.868732231656734,0.03156201604923823,0.5065406014041595,,,,,
imbalanced,thalesian_cunei400m,tier0,last,9,7,0.014408082586998102,0.495302909877688,0.755406538139145,2.5813965673333663,0.023509106284052273,0.5004305205987548,,,,,
imbalanced,thalesian_cunei400m,tier0,last,10,7,0.02092069910674056,0.5393871152912085,0.7636211232187762,5.298564132166267,0.03642274463870035,0.5209685609573012,,,,,
imbalanced,thalesian_cunei400m,tier0,last,11,4,0.0016237995881461026,0.5374939285556586,0.7536462699077955,2.746548041790195,0.019422520621237775,0.5042003355852872,,,,,
imbalanced,thalesian_cunei400m,tier0,last,12,4,0.1440676676877315,0.5568397580253455,0.7601844090528082,4.084111524054176,0.050265893562407446,0.49975714222634343,,,,,
imbalanced,thalesian_cunei400m,tier0,mean,0,3,0.10810924442255136,0.600570715768093,0.7767812238055323,10.083523016618967,0.014566114052950585,0.5033116969134985,,,,,
imbalanced,thalesian_cunei400m,tier0,mean,1,3,0.15172669448926937,0.6045392325694352,0.7873428331936295,9.631481813758914,0.13723813482399255,0.5478153839360622,,,,,
imbalanced,thalesian_cunei400m,tier0,mean,2,3,0.14147534764999076,0.6189064776791628,0.783151718357083,9.902272847967252,0.11663467074445553,0.560250805846249,,,,,
imbalanced,thalesian_cunei400m,tier0,mean,3,4,0.12125339078670683,0.5970879145140636,0.7799664710813077,8.70713985062932,0.009612001384462906,0.47935708923919285,,,,,
imbalanced,thalesian_cunei400m,tier0,mean,4,4,0.08011009206149296,0.5885051000132467,0.7774518021793798,11.35599320189616,0.07986114976273036,0.5376815913807569,,,,,
imbalanced,thalesian_cunei400m,tier0,mean,5,4,0.09355568046788454,0.6058142358811321,0.7781223805532271,8.812104710156373,0.0008370001899557387,0.5031902680266702,,,,,
imbalanced,thalesian_cunei400m,tier0,mean,6,4,0.10819052201354751,0.6453282995540248,0.7751047778709137,7.577375764205779,0.09397321963559788,0.5632699695323884,,,,,
imbalanced,thalesian_cunei400m,tier0,mean,7,3,0.0661212065848951,0.5797401421821875,0.7834870075440068,8.860221568703267,0.04972938139692756,0.5163377047732591,,,,,
imbalanced,thalesian_cunei400m,tier0,mean,8,3,0.056513536740442134,0.5772287720227844,0.7744341994970663,8.037781452129044,0.005826208965281836,0.48588665165364064,,,,,
imbalanced,thalesian_cunei400m,tier0,mean,9,3,0.017978103465741444,0.5574800194286219,0.8088013411567476,17.94460585104584,0.0522504722910171,0.5580264494193491,,,,,
imbalanced,thalesian_cunei400m,tier0,mean,10,3,0.01399958835690266,0.5418156930277741,0.7988264878457669,16.01225716060938,0.04362906216210598,0.5279617609396388,,,,,
imbalanced,thalesian_cunei400m,tier0,mean,11,3,0.04970929088836782,0.5487978540204,0.8046102263202013,12.90716040289617,0.007542595544810865,0.5056519627323708,,,,,
imbalanced,thalesian_cunei400m,tier0,mean,12,3,0.020422453008645047,0.49283569567713165,0.8009220452640402,15.199133881475559,0.06807754134502518,0.5044211153795205,,,,,
balanced,qwen3_1b7,maximal,last,0,14,0.06624029764924677,0.5378495842781557,0.7330833333333334,1.250219021413285,,,0.04550672295010367,0.035302249788628046,0.017869773310983585,1.4017746436846024,200
balanced,qwen3_1b7,maximal,last,1,8,0.06005373823593763,0.5358982111363064,0.7317708333333335,1.187003161456791,,,0.0444306608137739,0.034895048173512334,0.014905983412120995,1.208548162090385,200
balanced,qwen3_1b7,maximal,last,2,6,0.06196250274950943,0.5354787100025196,0.7327738095238097,1.249284486179965,,,0.04591652771455988,0.0365546767297487,0.01617631558609818,1.3342786094966266,200
balanced,qwen3_1b7,maximal,last,3,5,0.06370252235720775,0.5362975560594608,0.7288898809523809,0.9596001018398893,,,0.04896438567980797,0.036186622477299805,0.015053038023180717,1.1949973326472552,200
balanced,qwen3_1b7,maximal,last,4,4,0.06728738026567017,0.5418253968253969,0.729095238095238,0.9786972155337764,,,0.05184337123557394,0.04044589265409715,0.014223395820342334,1.1458354400265591,200
balanced,qwen3_1b7,maximal,last,5,4,0.06802377528557231,0.5432023179642228,0.728032738095238,0.8849496586853354,,,0.04729371961035695,0.039300079443048135,0.015240489662602571,1.2144125687531875,200
balanced,qwen3_1b7,maximal,last,6,4,0.06536366724765212,0.5439506172839507,0.7280625000000001,0.9134897051169467,,,0.05220443231702274,0.04788237416431575,0.016932865378245957,1.3806823568918156,200
balanced,qwen3_1b7,maximal,last,7,3,0.0642162813336128,0.5452557319223986,0.7252351190476191,0.6614467975602534,,,0.04652237811946369,0.04458462953608802,0.0140082045803186,1.129791742093738,200
balanced,qwen3_1b7,maximal,last,8,3,0.07108764728980214,0.5455366591080877,0.7258928571428571,0.700859611964739,,,0.05308639377412508,0.047723579729006656,0.01496914343247606,1.2029944592379647,200
balanced,qwen3_1b7,maximal,last,9,3,0.07724799204576863,0.5501788863693625,0.7290119047619048,0.9826690234082613,,,0.058966067059813054,0.04863701639418796,0.016219909345729207,1.3482704600903344,200
balanced,qwen3_1b7,maximal,last,10,3,0.07862599975265275,0.5528722600151171,0.7286964285714285,0.9337910299204747,,,0.05516378914311656,0.04483629129727058,0.016560417070495315,1.3939583696550466,200
balanced,qwen3_1b7,maximal,last,11,3,0.07190914046589415,0.5490010078105317,0.7284315476190477,0.9029169301092526,,,0.05129996891543044,0.043477450919017675,0.016881373985181154,1.3503803843430624,200
balanced,qwen3_1b7,maximal,last,12,3,0.06283990124290365,0.5420080624842529,0.7252678571428571,0.6759835987328705,,,0.043354705387260904,0.042349533156070665,0.014076562948145643,1.1723061447827938,200
balanced,qwen3_1b7,maximal,last,13,3,0.061341800083262836,0.5448085159989922,0.7257857142857143,0.6836866146433573,,,0.043627753210347,0.038940578262205594,0.014785378801500318,1.1770647825767107,200
balanced,qwen3_1b7,maximal,last,14,3,0.0625538798746594,0.5435764676240867,0.7239196428571429,0.5642613099343009,,,0.04645553297057661,0.0432604930305057,0.014083021056293124,1.1297856969660622,200
balanced,qwen3_1b7,maximal,last,15,3,0.0592634672756596,0.538867472915092,0.7218452380952382,0.3660037087727823,,,0.04436619371487666,0.0426322317414034,0.014729587320437242,1.1784074734465562,200
balanced,qwen3_1b7,maximal,last,16,3,0.062490747594951525,0.5408881330309901,0.7226428571428571,0.44737317714119457,,,0.04228815024471914,0.039680371050973946,0.01488605150731578,1.1822941616510434,200
balanced,qwen3_1b7,maximal,last,17,3,0.059462104439826996,0.5371541950113378,0.7236458333333334,0.5487292763516328,,,0.0446390180349139,0.04035364465618089,0.014761177197412186,1.195243410388496,200
balanced,qwen3_1b7,maximal,last,18,3,0.06080114672934078,0.5365482489292013,0.7217380952380953,0.38917270116438546,,,0.042850351881533556,0.03995077959956496,0.014937625415748801,1.1908299909234583,200
balanced,qwen3_1b7,maximal,last,19,4,0.06836452614793959,0.5439821113630637,0.7234196428571429,0.5310340216247154,,,0.04718613436280679,0.04271913973657612,0.015304519184503018,1.2630761635946717,200
balanced,qwen3_1b7,maximal,last,20,4,0.0704950022192691,0.5450365331317713,0.7259672619047618,0.7268823930584045,,,0.053253308839952745,0.04506026680660208,0.016016046275776775,1.2986958950385157,200
balanced,qwen3_1b7,maximal,last,21,3,0.06124971859271259,0.540981355505165,0.7273303571428571,0.8399508765069613,,,0.04305101401393406,0.039683548260107615,0.014766917531671546,1.2119386565879984,200
balanced,qwen3_1b7,maximal,last,22,4,0.06219751422452198,0.5404736709498614,0.7290178571428573,0.9631763795871856,,,0.04442166425547855,0.03846854714061521,0.016418836617180826,1.2974406451354208,200
balanced,qwen3_1b7,maximal,last,23,4,0.06395317122399304,0.5397089947089947,0.7289166666666667,0.9860369491957535,,,0.04668478011023693,0.03518014349354736,0.015696278463265486,1.3068434935271835,200
balanced,qwen3_1b7,maximal,last,24,4,0.06510526944142941,0.5411463844797177,0.7313005952380952,1.1209177801028192,,,0.05324010599168033,0.04270977930849387,0.01622788455634425,1.2991029720638723,200
balanced,qwen3_1b7,maximal,last,25,3,0.06843289603618154,0.5447820609725372,0.7288660714285714,0.9185384158947091,,,0.05375118148002896,0.04201326011189709,0.016825033893538163,1.3485857638173657,200
balanced,qwen3_1b7,maximal,last,26,3,0.0673603782930978,0.5475925925925926,0.7288988095238096,0.9769115193277692,,,0.053863459859696664,0.04149040948618727,0.015723949725010206,1.2955798641127918,200
balanced,qwen3_1b7,maximal,last,27,3,0.07694636157739963,0.5581380700428319,0.7312916666666667,1.146707201612481,,,0.05461540873300036,0.047605999950802565,0.014948360422079405,1.2123663816043588,200
balanced,qwen3_1b7,maximal,last,28,3,0.07512348025162682,0.5537414965986395,0.7325982142857143,1.2690884952954042,,,0.05242462076459765,0.043662809737578495,0.015471035943350104,1.3109138300486336,200
balanced,qwen3_1b7,maximal,mean,0,3,0.27672487923079975,0.7266288737717309,0.7838273809523809,5.287005278783203,,,0.09905227529733965,0.06740361600412621,0.022838542624147706,1.8311529142581062,200
balanced,qwen3_1b7,maximal,mean,1,3,0.2947998089570714,0.7351965230536659,0.7876904761904762,5.64760529466899,,,0.08126946988609629,0.05370985144228652,0.02405695540118498,2.031720231572318,200
balanced,qwen3_1b7,maximal,mean,2,3,0.26068799668488135,0.6903086419753086,0.772264880952381,4.450977309123998,,,0.11178205930873682,0.07929418413278612,0.02809707277479107,2.297246828251541,200
balanced,qwen3_1b7,maximal,mean,3,3,0.20799246395133822,0.6490325018896448,0.7672440476190476,4.030030647171689,,,0.12797536140542237,0.09258739224705184,0.0308044145272245,2.5885896553408774,200
balanced,qwen3_1b7,maximal,mean,4,3,0.228422226723911,0.6638825900730663,0.7676875000000001,4.0815879301526925,,,0.13092782164423813,0.09615463436873085,0.03524530258801839,2.8702727753463555,200
balanced,qwen3_1b7,maximal,mean,5,3,0.20925103313031448,0.647111363063744,0.7646071428571429,3.8003558728012417,,,0.1293842077077078,0.09732989781908986,0.03447882126242512,2.88585304064568,200
balanced,qwen3_1b7,maximal,mean,6,3,0.20634564098139216,0.6526769967246158,0.7651666666666667,3.8554199810201584,,,0.12848875214878702,0.0949241799321095,0.03170306268601616,2.525573686361289,200
balanced,qwen3_1b7,maximal,mean,7,3,0.22865878170481518,0.6657331821617535,0.7687738095238095,4.131652940132668,,,0.11862424140089906,0.08750396481329717,0.03227611486382691,2.6544608441081636,200
balanced,qwen3_1b7,maximal,mean,8,3,0.2131775350901237,0.6551612496850592,0.7641011904761905,3.787553230687184,,,0.10564834845679343,0.08215072858049699,0.02845184485946438,2.3432322423501946,200
balanced,qwen3_1b7,maximal,mean,9,3,0.2165385766921652,0.6628949357520786,0.7666458333333332,4.000355507222873,,,0.09695464701534323,0.07192720760263556,0.02527992220648381,2.1005805031972247,200
balanced,qwen3_1b7,maximal,mean,10,3,0.20752288445537037,0.6580259511211892,0.766514880952381,4.000468625011426,,,0.10211505784917944,0.07670265719647289,0.02796149547569888,2.2995874737608895,200
balanced,qwen3_1b7,maximal,mean,11,3,0.20083463179705136,0.654904257999496,0.7596904761904762,3.441636353753486,,,0.09639448439278418,0.07345084139585834,0.025753948687839562,2.1638080060790057,200
balanced,qwen3_1b7,maximal,mean,12,3,0.17348601898486982,0.6292957923910305,0.7525327380952382,2.9232810719597215,,,0.09848289145377663,0.07917131496707414,0.02646534586886438,2.2235195199229936,200
balanced,qwen3_1b7,maximal,mean,13,3,0.16713494226981943,0.6268190980095742,0.7519166666666668,2.852082677013031,,,0.0906289667526461,0.07167083539623022,0.024390977524086626,2.004780651410921,200
balanced,qwen3_1b7,maximal,mean,14,3,0.15259811015012073,0.6151940035273369,0.7489583333333334,2.6121229630310387,,,0.08750181743462924,0.06707231223937733,0.023461726896549077,1.9436930095052678,200
balanced,qwen3_1b7,maximal,mean,15,4,0.1651933791354749,0.6245313681027967,0.7520744047619047,2.8662692728883195,,,0.08400128544543203,0.06595318683686467,0.022012382613152602,1.8604383219398448,200
balanced,qwen3_1b7,maximal,mean,16,4,0.16256472832197325,0.6259637188208617,0.7523690476190477,2.8769449460228653,,,0.0845016683260079,0.0665936296677912,0.021061502235529973,1.7354060291317255,200
balanced,qwen3_1b7,maximal,mean,17,3,0.161446072791395,0.6288838498362308,0.7495922619047619,2.597104042826048,,,0.08382422302259754,0.06756208315579772,0.02311061845963311,1.8881466435444452,200
balanced,qwen3_1b7,maximal,mean,18,3,0.17003792059599895,0.6389405391786345,0.7534136904761906,2.937887777447807,,,0.08530842075392892,0.06597630364367874,0.023589419954137825,1.9232310789570308,200
balanced,qwen3_1b7,maximal,mean,19,3,0.20039518402543352,0.6608604182413707,0.7599672619047618,3.45853109270434,,,0.09413023867095968,0.06808226497416024,0.025042975922795772,2.0695753938373156,200
balanced,qwen3_1b7,maximal,mean,20,3,0.20162973678016782,0.6657193247669438,0.7627946428571428,3.6287078047229513,,,0.08828803054804878,0.06542937370077229,0.023935085400678128,2.0167693629321137,200
balanced,qwen3_1b7,maximal,mean,21,3,0.2167394834368846,0.6740677752582513,0.7704940476190477,4.31763293139453,,,0.11431650842287033,0.08630562117910767,0.028372041760945002,2.3301508938854374,200
balanced,qwen3_1b7,maximal,mean,22,3,0.20079934136870725,0.6573771730914588,0.765702380952381,3.8596471009987794,,,0.11932779110594148,0.09079797977168709,0.028890122400841454,2.3048397372698908,200
balanced,qwen3_1b7,maximal,mean,23,3,0.21633720768201387,0.673148148148148,0.7715625,4.402345464794475,,,0.11089872539850082,0.08383205433833267,0.025536646496193326,2.11665062381907,200
balanced,qwen3_1b7,maximal,mean,24,3,0.19622146183110722,0.6591345427059713,0.7693660714285716,4.248462333225438,,,0.10365060790355526,0.07949686274801596,0.0246774743556831,2.122285949937312,200
balanced,qwen3_1b7,maximal,mean,25,3,0.22289459680789833,0.6783912824389015,0.774544642857143,4.586489248001234,,,0.10640417559353715,0.08102958403912809,0.02487518285094431,2.0138158678838747,200
balanced,qwen3_1b7,maximal,mean,26,3,0.19976734319906636,0.6624514991181658,0.7699375,4.333474622589819,,,0.10718892250304701,0.08362242491286351,0.02636091709948582,2.2203642178256686,200
balanced,qwen3_1b7,maximal,mean,27,3,0.19098774686147657,0.6556588561350466,0.765125,3.8293025861033665,,,0.09517192569238576,0.0736546167552193,0.02662426143142205,2.1046533513364567,200
balanced,qwen3_1b7,maximal,mean,28,3,0.12864219221262402,0.6044255479969766,0.7542916666666667,2.9687245485674,,,0.08432038349923306,0.06835291223617594,0.024184662986133056,1.9392578206803435,200
balanced,qwen3_1b7,tier0,last,0,8,0.0673848115363751,0.5373381204333585,0.7242797619047618,0.5346756096890527,,,0.04834401214054861,0.0320632885120046,0.01575274761873885,1.2402330064424678,200
balanced,qwen3_1b7,tier0,last,1,6,0.07683880169009547,0.5474741748551272,0.7274702380952381,0.82666905217896,,,0.05723297410619742,0.03988069509018448,0.01589048827539247,1.2764314954912113,200
balanced,qwen3_1b7,tier0,last,2,5,0.07990115578952053,0.549623330813807,0.7292648809523808,0.9401525530405582,,,0.059651379852255,0.04297487599868158,0.01704926267972711,1.3508732896664828,200
balanced,qwen3_1b7,tier0,last,3,4,0.09622122841645328,0.5637314184933233,0.7289821428571429,0.9388645559823994,,,0.07093141937057476,0.04574804738374622,0.01569323423082645,1.252357611074075,200
balanced,qwen3_1b7,tier0,last,4,4,0.08841676737583531,0.5561602418745276,0.7284880952380952,0.9015046876192961,,,0.06541098320383835,0.0452300732278158,0.01637478687265018,1.3143605223412607,200
balanced,qwen3_1b7,tier0,last,5,4,0.07807545618917244,0.5495364071554547,0.7275803571428571,0.8403945519695125,,,0.06044818269286096,0.043348966987467034,0.01651324769447048,1.3307706763609444,200
balanced,qwen3_1b7,tier0,last,6,3,0.07770940135826257,0.5490589569160997,0.7281339285714288,0.8796818520666129,,,0.06086534184285924,0.043444268382192806,0.015854854410427437,1.2768437149380127,200
balanced,qwen3_1b7,tier0,last,7,3,0.07946940355119461,0.5499874023683547,0.7275624999999999,0.8065525855984356,,,0.054592873890295435,0.03950104668487232,0.01475556669572216,1.1392312741461634,200
balanced,qwen3_1b7,tier0,last,8,3,0.07320638683196329,0.5458490803728898,0.7249910714285714,0.6460381683964914,,,0.05177148499897203,0.037635507821508526,0.01526451828107178,1.2579688594892346,200
balanced,qwen3_1b7,tier0,last,9,3,0.07399477653134623,0.5492126480221718,0.7251309523809525,0.6406399939284995,,,0.051201383672048024,0.03934344585353057,0.01447667018315458,1.1510682193900423,200
balanced,qwen3_1b7,tier0,last,10,3,0.06908527143918991,0.5446119929453263,0.7287232142857144,0.942311205302117,,,0.050817514295024735,0.03761846517129538,0.01677885260589676,1.3629454798055143,200
balanced,qwen3_1b7,tier0,last,11,3,0.06776251057569635,0.5464978584026202,0.7250327380952382,0.6536073110021049,,,0.05131317695899955,0.03773087840204687,0.01507130603228226,1.22339365697196,200
balanced,qwen3_1b7,tier0,last,12,3,0.06959307555361857,0.5444595616024188,0.7247440476190475,0.6348452346309152,,,0.052927116080775875,0.03904919432944073,0.015834285461884142,1.2896489067660024,200
balanced,qwen3_1b7,tier0,last,13,3,0.06435720046009956,0.5415495086923658,0.7246904761904761,0.6437087710382403,,,0.04908050642513139,0.03625612560905351,0.01606624254951556,1.2685056221815154,200
balanced,qwen3_1b7,tier0,last,14,3,0.061331295833286,0.5359586797682035,0.7266130952380953,0.7951883130705687,,,0.043182925029260265,0.0329782528819547,0.01584346592179142,1.2648270839116211,200
balanced,qwen3_1b7,tier0,last,15,3,0.06814208487719509,0.5418909045099521,0.7253779761904763,0.6886599542115057,,,0.04458573534391769,0.03304649553080486,0.015387011547478766,1.2384454067506496,200
balanced,qwen3_1b7,tier0,last,16,3,0.06219521296608406,0.5378256487780297,0.7232232142857142,0.5080232793566768,,,0.042211049966294295,0.03272321872089276,0.01501811518331435,1.2274492531102184,200
balanced,qwen3_1b7,tier0,last,17,3,0.060303776069039666,0.537283950617284,0.7253005952380951,0.6980229742524862,,,0.04765896679890786,0.035239698503805275,0.014105133157532526,1.1516273073101881,200
balanced,qwen3_1b7,tier0,last,18,3,0.06824731285308333,0.5427299067775259,0.7234702380952381,0.5103722339063085,,,0.04761658488763577,0.035662091580426186,0.01474119010316319,1.216526803034229,200
balanced,qwen3_1b7,tier0,last,19,3,0.08278552992838811,0.5528735197782817,0.7259940476190476,0.7183621748492971,,,0.05743425246881079,0.041297034101028945,0.01601977037290028,1.2838880183621182,200
balanced,qwen3_1b7,tier0,last,20,4,0.09399223310914487,0.559976064499874,0.7275744047619048,0.8430783208151064,,,0.06159761624323255,0.04285386777362228,0.015964474083171924,1.2873685969378725,200
balanced,qwen3_1b7,tier0,last,21,4,0.09455224796999977,0.5623091458805745,0.7265238095238096,0.7429281725106242,,,0.06650214075709379,0.04786687400166489,0.01647870628329103,1.3024704855647793,200
balanced,qwen3_1b7,tier0,last,22,3,0.0930441607917355,0.5602784076593601,0.7283095238095236,0.8954428160551586,,,0.0625437573292197,0.04324128206262515,0.015285181158185496,1.2536390057110283,200
balanced,qwen3_1b7,tier0,last,23,4,0.0857239163725849,0.5551801461325271,0.7268392857142857,0.8157707008878878,,,0.060085191859183144,0.04190218465850065,0.013698650509946255,1.1368745235174598,200
balanced,qwen3_1b7,tier0,last,24,3,0.07181427456638222,0.5472700932224742,0.7241607142857143,0.5838937103138275,,,0.056787738695410914,0.0403107613155028,0.016350659585397494,1.3216467503195934,200
balanced,qwen3_1b7,tier0,last,25,3,0.08950048142154145,0.5580524061476443,0.7287321428571428,0.9572293160488416,,,0.0632656518453539,0.04495603325576643,0.01685834821322831,1.3799486492003818,200
balanced,qwen3_1b7,tier0,last,26,3,0.1087936434920177,0.5717687074829932,0.729625,1.019668193512016,,,0.07175771730559728,0.04860551418800522,0.01649128708146137,1.365803575612907,200
balanced,qwen3_1b7,tier0,last,27,5,0.1164510406497141,0.575151171579743,0.7288065476190476,0.9407013830903614,,,0.06532621445929214,0.043808763058257434,0.015275472376821414,1.2332378020488177,200
balanced,qwen3_1b7,tier0,last,28,5,0.09990639201552881,0.5684542705971277,0.7272559523809522,0.8091446489524534,,,0.06501114804209783,0.04471187299237048,0.01629600478109273,1.3178743796961945,200
balanced,qwen3_1b7,tier0,mean,0,3,0.15064738892783214,0.6259271856890904,0.7777916666666667,4.876227854234686,,,0.12064463669807496,0.1114501078550789,0.031260394529763424,2.595883037097975,200
balanced,qwen3_1b7,tier0,mean,1,3,0.21118680295845516,0.698798185941043,0.796517857142857,6.423671347411442,,,0.11356844975521768,0.09562679516995681,0.026838291652218172,2.3481509276149595,200
balanced,qwen3_1b7,tier0,mean,2,3,0.17142586389311368,0.6379881582262535,0.7759761904761905,4.724968624406419,,,0.12349238781712792,0.1020492966297812,0.03694233110761149,3.0350721935551905,200
balanced,qwen3_1b7,tier0,mean,3,3,0.16172127266975106,0.626307634164777,0.7762261904761906,4.667258780091982,,,0.11445434878376942,0.09468922343731805,0.033075246617002126,2.480424552404455,200
balanced,qwen3_1b7,tier0,mean,4,4,0.11540465419185972,0.5907785336356766,0.7627440476190478,3.719852311321789,,,0.08289337352258504,0.07022535495216614,0.028674058605379926,2.3713387987841203,200
balanced,qwen3_1b7,tier0,mean,5,4,0.10386578679474617,0.5790513983371126,0.7623541666666667,3.6529409519233162,,,0.07950600402112125,0.06398183700699771,0.029525579434035377,2.3585515846369236,200
balanced,qwen3_1b7,tier0,mean,6,4,0.0865268365462574,0.5614953388762912,0.7635744047619047,3.7239604041814824,,,0.06439462626095055,0.05612438984376919,0.029994312663615064,2.360614174151303,200
balanced,qwen3_1b7,tier0,mean,7,4,0.09422575301683278,0.5733282942806752,0.7565654761904761,3.1917917090628545,,,0.07220252755668595,0.06031294962835685,0.02540334419996609,2.095795138246221,200
balanced,qwen3_1b7,tier0,mean,8,6,0.10615077444010865,0.5766981607457798,0.7531369047619049,2.938556358606367,,,0.07704092070491989,0.06374394032751328,0.024368273390124984,1.9750138893562041,200
balanced,qwen3_1b7,tier0,mean,9,6,0.11577081042819622,0.5814399092970521,0.7514940476190478,2.74977782301426,,,0.07494789482569596,0.05720769969733445,0.023978270320487226,1.9193016752433705,200
balanced,qwen3_1b7,tier0,mean,10,6,0.11988326657627763,0.5868997228521039,0.7422946428571428,2.049197545981229,,,0.072937822250389,0.056320178116909626,0.022832110354742374,1.850518343167796,200
balanced,qwen3_1b7,tier0,mean,11,5,0.11854956614681234,0.5827752582514487,0.7390684523809524,1.8110217031362144,,,0.07112853931996034,0.054685118266130026,0.022116293710554152,1.846165314122556,200
balanced,qwen3_1b7,tier0,mean,12,5,0.11318877922199157,0.5760128495842782,0.7399970238095238,1.8535621020498365,,,0.07101254135600453,0.05306173112930797,0.023925957679743093,1.9343359835322107,200
balanced,qwen3_1b7,tier0,mean,13,5,0.11717700624971701,0.5729755605946082,0.7413303571428571,1.9611037406974359,,,0.07519371299871953,0.05636363440896959,0.023810534018747595,1.9320809212515522,200
balanced,qwen3_1b7,tier0,mean,14,6,0.1134945275062821,0.5683459309649785,0.7378482142857143,1.7173991472739474,,,0.06755797505200369,0.05098022286062432,0.02204433386476859,1.825077928960862,200
balanced,qwen3_1b7,tier0,mean,15,6,0.1159345600946132,0.5682249937011842,0.7356845238095238,1.5164010316521819,,,0.06666904740593416,0.05178697678776079,0.021373420264919278,1.7723339140683285,200
balanced,qwen3_1b7,tier0,mean,16,6,0.11105107302709719,0.5681317712270093,0.7346875,1.4454629575781233,,,0.06917555118530477,0.05246619895978346,0.021058640313306985,1.7459285184891793,200
balanced,qwen3_1b7,tier0,mean,17,6,0.09947353128255293,0.5621743512219702,0.7368898809523808,1.5859937034265477,,,0.06337461995317507,0.048124434963504936,0.02011477109205077,1.6547335151447948,200
balanced,qwen3_1b7,tier0,mean,18,6,0.09449770462669725,0.5585399344923154,0.7378065476190477,1.6767314847423989,,,0.059999214968954294,0.04520768264315634,0.02178359811963998,1.7818893512724991,200
balanced,qwen3_1b7,tier0,mean,19,6,0.09680459789862567,0.5612874779541446,0.7385833333333334,1.7515363271357531,,,0.06475796611628339,0.05147552455883864,0.02272248903479784,1.8429009859838799,200
balanced,qwen3_1b7,tier0,mean,20,5,0.086345674032144,0.5582312925170068,0.7493779761904762,2.6788867692748863,,,0.06122052516013838,0.053859532875851227,0.02394620718710918,2.033999900972803,200
balanced,qwen3_1b7,tier0,mean,21,3,0.09146544980707047,0.5633975812547242,0.746360119047619,2.361900431271331,,,0.07079739469651579,0.06669305142466087,0.024937292209251432,2.012800416955199,200
balanced,qwen3_1b7,tier0,mean,22,3,0.09762777613352408,0.5717271352985639,0.7473333333333333,2.4407843295657954,,,0.07563327825540797,0.06914680192275535,0.029966260316723115,2.39732579065551,200
balanced,qwen3_1b7,tier0,mean,23,3,0.0999915341265426,0.5715948601662888,0.7510416666666666,2.7259874419026846,,,0.07433563994391466,0.06925772047874071,0.02906753988558372,2.404214475728344,200
balanced,qwen3_1b7,tier0,mean,24,3,0.09748536202833737,0.5781897203325774,0.7552142857142857,3.058462559937883,,,0.07488456807471332,0.07852243473647463,0.026622601240776554,2.203116130759108,200
balanced,qwen3_1b7,tier0,mean,25,3,0.10201306833596441,0.5861363063744016,0.7564702380952381,3.223811135300658,,,0.07820034959011755,0.07488722051884271,0.02931964920746028,2.461366010559433,200
balanced,qwen3_1b7,tier0,mean,26,3,0.09568233632316492,0.5784882842025699,0.7539255952380952,3.0050961141841115,,,0.07156053681379558,0.06897827638444642,0.03146913516288079,2.649483999467318,200
balanced,qwen3_1b7,tier0,mean,27,3,0.09631885842013886,0.5790791131267322,0.7540625,2.9809408496143117,,,0.07078738162571521,0.06399168431616271,0.02754585678166806,2.2423626377158725,200
balanced,qwen3_1b7,tier0,mean,28,3,0.09442528185118954,0.573567649281935,0.7544077380952382,3.029828677684186,,,0.07030920981744586,0.056619984950628324,0.02795288400389999,2.2909067294348957,200
balanced,qwen3_32b,maximal,last,0,24,0.07749475094226278,0.5433018392542202,0.733967261904762,1.3139540517870125,,,0.049551354326132425,0.03593563737496254,0.018101412392354153,1.438850616427466,200
balanced,qwen3_32b,maximal,last,1,7,0.06374039352493921,0.5380536659108087,0.732279761904762,1.2327004354980153,,,0.04707119947341255,0.03360103524335337,0.015076537302736876,1.2268393604764432,200
balanced,qwen3_32b,maximal,last,2,5,0.0653302054026328,0.5360896951373142,0.7286785714285715,0.9302257284752058,,,0.049233439544458815,0.03796145529311635,0.016381787250319763,1.3112803492041407,200
balanced,qwen3_32b,maximal,last,3,5,0.07659652651918844,0.5406059460821365,0.729309523809524,0.9931530410015454,,,0.058384006323650914,0.04115957063540786,0.015347362149350313,1.2028032682875764,200
balanced,qwen3_32b,maximal,last,4,4,0.07554851565213885,0.541662887377173,0.7298392857142858,1.0515683278958912,,,0.058032744784197655,0.04297283189508704,0.015860868243570695,1.2893014427526357,200
balanced,qwen3_32b,maximal,last,5,4,0.07783588404845512,0.5428722600151171,0.729309523809524,0.9849991160553884,,,0.05759791729075253,0.040041761455619315,0.015720061168114193,1.2646961708968887,200
balanced,qwen3_32b,maximal,last,6,4,0.07698108373318162,0.5451700680272109,0.7313363095238096,1.101980046607904,,,0.05640259560302068,0.043185689372678394,0.015072093556664218,1.197746764108009,200
balanced,qwen3_32b,maximal,last,7,4,0.06460533463154104,0.5373469387755102,0.732264880952381,1.2428920909759904,,,0.04805000045566489,0.03756786714481558,0.015867232050161537,1.3244240273935073,200
balanced,qwen3_32b,maximal,last,8,4,0.06321208220051093,0.5370118417737466,0.729154761904762,0.9478425993904227,,,0.04776413990157734,0.03585001777901571,0.015357022886205435,1.2462799100886375,200
balanced,qwen3_32b,maximal,last,9,4,0.06420854826148643,0.5386999244142101,0.7295119047619048,0.9668955101612643,,,0.04766304641914537,0.03494414985379787,0.013917802104481198,1.1194051126851972,200
balanced,qwen3_32b,maximal,last,10,4,0.06207235816419682,0.5371579743008315,0.7308333333333334,1.1103941662730674,,,0.04863985012741372,0.03862067305730403,0.015787280860282797,1.2359267055728727,200
balanced,qwen3_32b,maximal,last,11,4,0.06433221969992058,0.5392857142857143,0.730125,1.0598560834609152,,,0.050950865099150346,0.03685868480803608,0.01607107473155455,1.309717647369775,200
balanced,qwen3_32b,maximal,last,12,4,0.06504876040116665,0.5366376921138826,0.7296309523809523,1.0284402600075122,,,0.04887342452197506,0.038960601335635434,0.01644992573507074,1.331733590259089,200
balanced,qwen3_32b,maximal,last,13,4,0.06365181300457597,0.5382136558327035,0.7307083333333333,1.0977648101721877,,,0.045113485389016196,0.03848305833764958,0.014767446876318813,1.2190056235456779,200
balanced,qwen3_32b,maximal,last,14,4,0.06258114690282691,0.537511967750063,0.7282113095238095,0.9129870500742697,,,0.04413320486466118,0.035501607240031256,0.01597423182541595,1.3143397579963936,200
balanced,qwen3_32b,maximal,last,15,4,0.06289102567427263,0.5389657344419249,0.7307916666666668,1.1081562638935443,,,0.04775777069739282,0.039106750609029614,0.016816788823609242,1.3323706540296374,200
balanced,qwen3_32b,maximal,last,16,4,0.06714033856323191,0.5392567397329302,0.7314732142857143,1.1569847847750998,,,0.04580093187083899,0.0370406052514392,0.016056092495425386,1.274885876122302,200
balanced,qwen3_32b,maximal,last,17,4,0.0673277112439327,0.5391899722852104,0.7311517857142857,1.1348018922451744,,,0.04834929333147614,0.03726383101131376,0.016112302245777827,1.3361753294422534,200
balanced,qwen3_32b,maximal,last,18,4,0.06766274406354016,0.5424149659863946,0.7305744047619046,1.0721321029935802,,,0.05048797748055573,0.03836734079631278,0.015409560954377951,1.2643357464618865,200
balanced,qwen3_32b,maximal,last,19,4,0.06622526518960548,0.5431620055429579,0.7304494047619048,1.0879606767438972,,,0.050808921562854645,0.039050856922515295,0.015628383703912313,1.259995766115193,200
balanced,qwen3_32b,maximal,last,20,4,0.0656497673869879,0.5413114134542706,0.7294642857142857,1.014950221468863,,,0.0486289021771886,0.03855265442407589,0.015097237737466658,1.2217355196968513,200
balanced,qwen3_32b,maximal,last,21,4,0.06257861103726746,0.5397278911564626,0.7301517857142857,1.0448606075277673,,,0.04673786642358879,0.038007017177271896,0.014897680775974316,1.2446123639932622,200
balanced,qwen3_32b,maximal,last,22,4,0.06408009815936981,0.5452078609221467,0.7293928571428571,0.9930905034076898,,,0.04982501845892486,0.04139891903309129,0.015516723477686685,1.2610690965480582,200
balanced,qwen3_32b,maximal,last,23,4,0.06887833893013907,0.5496245905769716,0.729029761904762,0.9472506157796391,,,0.048268476628651295,0.04052272430710783,0.01580440765431767,1.258055683583896,200
balanced,qwen3_32b,maximal,last,24,4,0.0685277004703249,0.5463958175862937,0.7274464285714286,0.8297675349031566,,,0.05077420116524058,0.04592037634010648,0.01580923582461457,1.314354305199812,200
balanced,qwen3_32b,maximal,last,25,4,0.07111568671225178,0.5499836230788612,0.7287559523809523,0.9086393498317088,,,0.049127184601955656,0.04403189389915645,0.016952626528116937,1.3365360437324454,200
balanced,qwen3_32b,maximal,last,26,4,0.07367942798139084,0.5517951625094482,0.7286696428571429,0.922590032878511,,,0.04986612838645029,0.04244668325469388,0.015377406516216129,1.232599580826776,200
balanced,qwen3_32b,maximal,last,27,4,0.06383179058912355,0.5412925170068027,0.7294821428571427,1.0370124603900621,,,0.04558694453371336,0.0422334377967386,0.01646249409216884,1.3725839974645888,200
balanced,qwen3_32b,maximal,last,28,4,0.06683326016411405,0.5472234819853867,0.729029761904762,0.9915683918863146,,,0.04714792500064611,0.043048439213047,0.01596777752906419,1.3369067097315481,200
balanced,qwen3_32b,maximal,last,29,4,0.07153528039644168,0.5495074326026707,0.7295148809523809,1.0078336579354115,,,0.04957283570961756,0.04944931324119617,0.014334648024958036,1.154610273476763,200
balanced,qwen3_32b,maximal,last,30,4,0.0662905184933974,0.5480146132527085,0.7296458333333333,1.0352766880953341,,,0.046972970274502125,0.04398861726473159,0.01558804558559447,1.280324096760434,200
balanced,qwen3_32b,maximal,last,31,4,0.06720665155048089,0.5459838750314941,0.7285773809523809,0.9600803450858751,,,0.04727633345227933,0.04216125243738921,0.016195945111000743,1.3013420719855402,200
balanced,qwen3_32b,maximal,last,32,4,0.05991544172002243,0.5387465356512975,0.7298273809523809,1.0409581959764906,,,0.04479154077786201,0.043206140265697864,0.016951727808110665,1.354933919832169,200
balanced,qwen3_32b,maximal,last,33,4,0.06735618261620425,0.5464789619551524,0.7304761904761904,1.0949854240822081,,,0.05489716824009834,0.04503260875448558,0.01664752301922833,1.3297739550568044,200
balanced,qwen3_32b,maximal,last,34,4,0.06651860781856553,0.5439455782312925,0.7298482142857143,1.0254687351855356,,,0.052171160305617505,0.047815560848445036,0.01573742406131325,1.2858169625318463,200
balanced,qwen3_32b,maximal,last,35,4,0.07207667164016876,0.5504497354497354,0.7317500000000001,1.171317795791838,,,0.05342004741233088,0.04836657512506844,0.015585743201928567,1.2564007247953166,200
balanced,qwen3_32b,maximal,last,36,4,0.07055358540537465,0.5521012849584278,0.7306904761904761,1.1056560490307774,,,0.050532042839540776,0.049052806794681804,0.016180914543524806,1.341185158774093,200
balanced,qwen3_32b,maximal,last,37,4,0.06819067267505097,0.5486495338876292,0.729857142857143,1.0485821193806795,,,0.05133476300519496,0.0504721007019938,0.016040472833039655,1.3069315413890084,200
balanced,qwen3_32b,maximal,last,38,4,0.0711060435906986,0.5514978584026202,0.7260744047619048,0.7404691368932939,,,0.05144352709586174,0.048284698462714375,0.015551408044376512,1.225098788408638,200
balanced,qwen3_32b,maximal,last,39,4,0.06281673908786667,0.5450491307634165,0.7281607142857144,0.9005410611938279,,,0.04560217745466495,0.04451673633440994,0.016178587853455353,1.3024570512261575,200
balanced,qwen3_32b,maximal,last,40,4,0.0642046574585644,0.5432514487276392,0.7276696428571428,0.8466856574216101,,,0.048438893181932036,0.04373838040420383,0.014850561526428111,1.1987604494323103,200
balanced,qwen3_32b,maximal,last,41,3,0.066156419087031,0.5457445200302343,0.7253809523809523,0.7291991438177655,,,0.0454648526010211,0.04324711452230549,0.015148901908222373,1.2645514955105281,200
balanced,qwen3_32b,maximal,last,42,3,0.06450813709127456,0.5416553287981859,0.7251875,0.684218053036918,,,0.05038231260553344,0.042109630608798194,0.014828308966676697,1.2175268107631156,200
balanced,qwen3_32b,maximal,last,43,3,0.058296794405416325,0.5406953892668178,0.7245833333333332,0.6295119247545535,,,0.04393083119195955,0.03939120449246923,0.014322126215046698,1.158247740592931,200
balanced,qwen3_32b,maximal,last,44,3,0.06780194244019408,0.5463529856386999,0.725922619047619,0.6891351790013068,,,0.04896319426005638,0.042898499845827075,0.01597942692184445,1.2590677343253152,200
balanced,qwen3_32b,maximal,last,45,3,0.061283078948374425,0.5410254472159234,0.7237023809523809,0.5766117180708776,,,0.04602943794964292,0.04334570360070954,0.014986974692406703,1.2572229760994853,200
balanced,qwen3_32b,maximal,last,46,4,0.06191837283844419,0.5391307634164777,0.7241696428571429,0.5747231697027758,,,0.04677393873398433,0.04017937061728774,0.014197507633444009,1.1388692240067388,200
balanced,qwen3_32b,maximal,last,47,3,0.05957885981061039,0.5394167296548248,0.7258839285714285,0.7429761150488335,,,0.0410573043120009,0.040298507909359106,0.014454481477835306,1.1986381714726022,200
balanced,qwen3_32b,maximal,last,48,3,0.06484766906824978,0.5375900730662635,0.7244821428571429,0.6064677164206081,,,0.0476357958091587,0.042367655322515616,0.015068615503288321,1.2014321391913312,200
balanced,qwen3_32b,maximal,last,49,4,0.05927858761632212,0.5357092466616276,0.7236011904761903,0.5237030424673048,,,0.0443001907629291,0.04091182236529853,0.015018383245791156,1.2100610350687557,200
balanced,qwen3_32b,maximal,last,50,4,0.06253315081365242,0.5338435374149659,0.7231875,0.49454975565994985,,,0.04484240125185423,0.04355534130303392,0.01567695980752293,1.233502676369121,200
balanced,qwen3_32b,maximal,last,51,4,0.06608445172790313,0.5411073318216175,0.7251815476190475,0.6631361457825022,,,0.0491786501289645,0.04718016457305371,0.01488252342897352,1.1984994564172107,200
balanced,qwen3_32b,maximal,last,52,4,0.07349861990243414,0.5519173595364072,0.7269285714285715,0.809137300205167,,,0.05344807536248186,0.045585310486383195,0.01653811391961431,1.3105967595765333,200
balanced,qwen3_32b,maximal,last,53,4,0.06876014013966786,0.5432829428067524,0.7255267857142857,0.6856684784887157,,,0.051264357901765166,0.04112241013658648,0.014501492599989528,1.205006179321259,200
balanced,qwen3_32b,maximal,last,54,4,0.07037386630182929,0.5437742504409171,0.7253779761904761,0.6684556680462467,,,0.0514419627129512,0.043388103289391404,0.014517853177043134,1.1628205561094849,200
balanced,qwen3_32b,maximal,last,55,4,0.06659204349869931,0.5411841773746535,0.7256130952380953,0.6608582768500156,,,0.048427211466486736,0.03922543918762675,0.016117648485032648,1.284197415139913,200
balanced,qwen3_32b,maximal,last,56,4,0.06468437193365162,0.5365671453766692,0.7263571428571428,0.7373527039821733,,,0.04706559919999937,0.041391149202793846,0.015724671892362294,1.2712592428447451,200
balanced,qwen3_32b,maximal,last,57,4,0.05958757534394763,0.5350995212899975,0.7275982142857143,0.850132056497744,,,0.0443275007648125,0.03733431691437255,0.016467149483664352,1.3480669211523155,200
balanced,qwen3_32b,maximal,last,58,4,0.05972317658340797,0.5347883597883598,0.7263065476190476,0.7180974529579303,,,0.04505800254364373,0.03879914658139406,0.0161193836459137,1.291898568960479,200
balanced,qwen3_32b,maximal,last,59,4,0.06820147429422947,0.5405328798185941,0.7259315476190475,0.7322868185723095,,,0.04953009921848266,0.040645976407618065,0.01579183353662306,1.2594142825827366,200
balanced,qwen3_32b,maximal,last,60,4,0.06308345949099682,0.5365091962711009,0.7239077380952381,0.5782795641017165,,,0.050748155145737814,0.03978210082505849,0.014982838999945885,1.3145410871457794,200
balanced,qwen3_32b,maximal,last,61,4,0.06831357541080782,0.5435348954396573,0.7270565476190476,0.8243580370858943,,,0.0485430573575504,0.037768402158276114,0.014691990436255565,1.217486632957637,200
balanced,qwen3_32b,maximal,last,62,4,0.0759604654860277,0.5481746031746032,0.7279196428571427,0.8769024920547415,,,0.051563991958338364,0.042534423781582176,0.014601009392137054,1.1876967640726164,200
balanced,qwen3_32b,maximal,last,63,4,0.08203202631658979,0.5540891912320484,0.7283571428571429,0.8958179018243457,,,0.05504835010296611,0.04245385237038418,0.015244144074739932,1.2539530435982202,200
balanced,qwen3_32b,maximal,last,64,4,0.08134231903357673,0.5587477954144621,0.7322886904761904,1.22542492078605,,,0.05803745887047992,0.045920737230356876,0.015531437276162784,1.2693633132247493,200
balanced,qwen3_32b,maximal,mean,0,3,0.2596864907834999,0.7093134290753338,0.7788839285714286,5.032589952324193,,,0.11155385233250907,0.07893230647258223,0.023030017868028267,1.8670233866324484,200
balanced,qwen3_32b,maximal,mean,1,3,0.2950462694677527,0.7313920382968003,0.7860654761904761,5.490859750646291,,,0.09189739215117064,0.06165495807787365,0.026205838973694252,2.1303990893442086,200
balanced,qwen3_32b,maximal,mean,2,3,0.2987984152467729,0.7336570924666163,0.7835416666666667,5.286067458226848,,,0.09946230656171712,0.06701117907688117,0.026902704172258325,2.2159737965440507,200
balanced,qwen3_32b,maximal,mean,3,3,0.29595001022483514,0.7241723356009071,0.7834910714285716,5.345586371767515,,,0.10013879977147107,0.06921031165070476,0.025891658257685357,2.0821815171452163,200
balanced,qwen3_32b,maximal,mean,4,3,0.26010795807788356,0.6998387503149408,0.7804255952380953,5.142439327325894,,,0.10493090092779903,0.07256170407168488,0.02559732670741863,2.2544190764340395,200
balanced,qwen3_32b,maximal,mean,5,3,0.25664586533359857,0.6987629125724365,0.7797678571428571,5.073267362234208,,,0.10673610387049577,0.07109084877419303,0.02342880053967534,1.9912382939917868,200
balanced,qwen3_32b,maximal,mean,6,3,0.2879143143314728,0.7191055681531873,0.7891130952380954,5.687421981360193,,,0.11596912512797286,0.0795471175738181,0.027233661159860017,2.120950189130147,200
balanced,qwen3_32b,maximal,mean,7,3,0.2558926686065434,0.6899244142101284,0.7834553571428572,5.279673318313053,,,0.11735707794095074,0.08406884813513324,0.030801388667775667,2.4769793628206105,200
balanced,qwen3_32b,maximal,mean,8,3,0.23256699969548078,0.6784467120181407,0.7750565476190476,4.644327439760469,,,0.11401467260302864,0.08361666592164409,0.031401367956024426,2.540200451614649,200
balanced,qwen3_32b,maximal,mean,9,3,0.22796655514096828,0.6751977828168304,0.7732827380952381,4.4403599990134754,,,0.11077644451685838,0.07997699307993127,0.03169843652817122,2.5120076836798733,200
balanced,qwen3_32b,maximal,mean,10,3,0.22323236063500143,0.6720005039052659,0.7726785714285714,4.424017002695183,,,0.11989455379201126,0.0880051363721688,0.03269959857804883,2.6951772093354633,200
balanced,qwen3_32b,maximal,mean,11,3,0.21603496676247202,0.6654358780549257,0.768919642857143,4.106579653864685,,,0.11738465151544215,0.08771403412568242,0.03065937768647436,2.43344714165871,200
balanced,qwen3_32b,maximal,mean,12,3,0.21272993406995513,0.6640110859158477,0.767422619047619,4.023528101533771,,,0.11576497378383784,0.08538940817912441,0.03034667828505301,2.4484715394350034,200
balanced,qwen3_32b,maximal,mean,13,3,0.2073095568356294,0.6589833711262283,0.7676071428571428,4.02190136927035,,,0.11390744900881083,0.0850488457805221,0.030834962725838588,2.5933852810401357,200
balanced,qwen3_32b,maximal,mean,14,3,0.2041297926174084,0.6565633660871757,0.7685952380952381,4.172106096047413,,,0.11860327842713524,0.08579138838618734,0.028408154509407778,2.247989098888608,200
balanced,qwen3_32b,maximal,mean,15,3,0.19856603528273034,0.6535789871504157,0.7682380952380953,4.0938562776970615,,,0.12341701120896267,0.08934647200031151,0.03152908485208503,2.5337560964141534,200
balanced,qwen3_32b,maximal,mean,16,3,0.20153176022246813,0.6553514739229024,0.765169642857143,3.8137365442333593,,,0.11779932015640521,0.08692837298843077,0.030757224593988587,2.432371844658803,200
balanced,qwen3_32b,maximal,mean,17,3,0.19158717249506277,0.6476177878558832,0.7653363095238095,3.8528930737449643,,,0.11551626169488763,0.08666099303291065,0.030736885920800056,2.4978664915279887,200
balanced,qwen3_32b,maximal,mean,18,3,0.16877392966209445,0.6320458553791887,0.7627380952380952,3.5994278119174847,,,0.11204103636855159,0.08584678130714238,0.027961432277537893,2.261141069964867,200
balanced,qwen3_32b,maximal,mean,19,3,0.1637080897493292,0.629074074074074,0.7597589285714287,3.4113950641680195,,,0.11368682766434397,0.08683332947801198,0.02760312923220598,2.2140136121191936,200
balanced,qwen3_32b,maximal,mean,20,3,0.16760166365189555,0.6317523305618544,0.7605625,3.499283882641277,,,0.10808732356886196,0.08411648520968405,0.02611827151226798,2.1036781380729006,200
balanced,qwen3_32b,maximal,mean,21,3,0.1752959532724387,0.6414210128495843,0.7621041666666667,3.6538763777208043,,,0.10537473711117472,0.07988739412671043,0.02692998695676432,2.19517717646649,200
balanced,qwen3_32b,maximal,mean,22,3,0.1684441591545248,0.6348299319727891,0.7584464285714284,3.3690731433153838,,,0.10211362651826651,0.07707355426244607,0.02831628326026806,2.365935580801055,200
balanced,qwen3_32b,maximal,mean,23,3,0.16628179337786178,0.6323015873015874,0.7578303571428572,3.2827075997172455,,,0.09910123149322124,0.07744405461964014,0.02650341300674757,2.1445146678196436,200
balanced,qwen3_32b,maximal,mean,24,3,0.17143381840995647,0.6362698412698413,0.7612559523809524,3.5722818381699737,,,0.10124559379633082,0.0779494616851785,0.028036737293033024,2.3185237122577815,200
balanced,qwen3_32b,maximal,mean,25,3,0.17073410823767035,0.6363403880070547,0.7595386904761904,3.4002174930755906,,,0.102908942543879,0.07785302998450248,0.02781790566336782,2.257315616065149,200
balanced,qwen3_32b,maximal,mean,26,3,0.16660112684072864,0.6304724111866968,0.7584196428571428,3.292455068886311,,,0.10435063579981685,0.08290066974290099,0.025989106652820494,2.107857637882503,200
balanced,qwen3_32b,maximal,mean,27,3,0.16644472414151332,0.6321252204585538,0.7573630952380952,3.217613134944653,,,0.10191806348143267,0.07970332922688983,0.02766866886349983,2.2118836133127826,200
balanced,qwen3_32b,maximal,mean,28,3,0.1863520592043868,0.646981607457798,0.7625089285714287,3.6572473649364317,,,0.10789922830660235,0.0859198830686689,0.027174328917933248,2.235946460109347,200
balanced,qwen3_32b,maximal,mean,29,3,0.1801887462034504,0.6419223985890653,0.7610625,3.5403697049095695,,,0.10855714565049432,0.08644761613517767,0.028386884011565177,2.356643192608689,200
balanced,qwen3_32b,maximal,mean,30,3,0.18040348275760493,0.6439720332577477,0.7591755952380953,3.4127816759385587,,,0.11095132162879412,0.08714346630671481,0.030305644782032973,2.5396856830310055,200
balanced,qwen3_32b,maximal,mean,31,3,0.19102631044446597,0.651660367850844,0.7610863095238096,3.5161924873703043,,,0.10720516437413183,0.08756034652374996,0.030200954265297324,2.509137099844024,200
balanced,qwen3_32b,maximal,mean,32,3,0.16908104996199344,0.6371340388007055,0.7591488095238096,3.358889401365401,,,0.10115563360347776,0.07816083933203546,0.031361383698294554,2.4856682414542584,200
balanced,qwen3_32b,maximal,mean,33,3,0.14892223325724097,0.6212018140589569,0.7545476190476191,3.0219262791577455,,,0.10037914589162408,0.0787717315089205,0.02767684582434532,2.2753577811134567,200
balanced,qwen3_32b,maximal,mean,34,3,0.15570239337873545,0.6260745779793399,0.7571249999999999,3.1668156245635988,,,0.09991476472914017,0.08172396122601146,0.025687810858472944,2.065182815109872,200
balanced,qwen3_32b,maximal,mean,35,3,0.16700534808538595,0.6371982867220962,0.7613005952380952,3.562048952968096,,,0.10190940042256154,0.08212291171700566,0.02876179620342766,2.323487180905934,200
balanced,qwen3_32b,maximal,mean,36,3,0.16655984421665124,0.6364008566389519,0.7567142857142858,3.1764895845302017,,,0.10193605764486817,0.08211281236807998,0.029628041813086547,2.3508286338322453,200
balanced,qwen3_32b,maximal,mean,37,3,0.1575492152217482,0.6259863945578231,0.7555267857142858,3.028384644592319,,,0.09703995132698226,0.08032258962411626,0.025459104855706436,2.049842660768595,200
balanced,qwen3_32b,maximal,mean,38,3,0.1488124564299769,0.6184933232552281,0.7526458333333335,2.8175806851943004,,,0.0919484618910287,0.07283874360034621,0.0249494739920536,2.015573460769992,200
balanced,qwen3_32b,maximal,mean,39,3,0.13067529709440606,0.6021327790375409,0.7488035714285715,2.5228328024793383,,,0.08540788055746376,0.07074533234253831,0.0201617072034656,1.5922371679485778,200
balanced,qwen3_32b,maximal,mean,40,3,0.12327987667866502,0.5976996724615773,0.7481488095238095,2.4890086370438316,,,0.0899816866974183,0.07308245061832074,0.02222286094249316,1.84155356461352,200
balanced,qwen3_32b,maximal,mean,41,3,0.12222718967189035,0.5981632653061224,0.746669642857143,2.3582774521452823,,,0.08964456423412853,0.07128502655197069,0.022961080762987224,1.833888187982277,200
balanced,qwen3_32b,maximal,mean,42,4,0.12076319114106111,0.5950125976316453,0.7458630952380951,2.335537298947108,,,0.09224944358448707,0.07477598404805581,0.022710790605362796,1.8585394525171757,200
balanced,qwen3_32b,maximal,mean,43,4,0.12829280746510563,0.6018568909045099,0.7456994047619048,2.349342928348442,,,0.0853709347211951,0.07085452648887894,0.02110431230684884,1.7208812287395632,200
balanced,qwen3_32b,maximal,mean,44,4,0.11997751002263962,0.5949017384731671,0.7431815476190476,2.1057956029198555,,,0.07763919506025123,0.06562469334472748,0.020339887345297368,1.6264275396038892,200
balanced,qwen3_32b,maximal,mean,45,4,0.12758199176046184,0.6011552028218695,0.7424970238095239,2.067825152692181,,,0.07687363494898028,0.06522620825099934,0.022182575864432254,1.840451126102859,200
balanced,qwen3_32b,maximal,mean,46,4,0.1130800287101906,0.5904572940287226,0.7419494047619049,1.994150987608593,,,0.07561730370754287,0.06554024588303566,0.0201377886701969,1.6510987515185858,200
balanced,qwen3_32b,maximal,mean,47,4,0.11935095292787025,0.5958402620307381,0.7412083333333334,1.9623858258116644,,,0.07841299500224401,0.06628991937515934,0.020634227991275043,1.7240718247313127,200
balanced,qwen3_32b,maximal,mean,48,4,0.1278804834640007,0.6023544973544973,0.7442113095238096,2.1658331051131383,,,0.08430079331988424,0.0714238477048516,0.023372396351472348,1.925857576719713,200
balanced,qwen3_32b,maximal,mean,49,3,0.1365222207472631,0.6117901234567902,0.7480625000000001,2.487373230658382,,,0.08253700726155891,0.0703628316732372,0.02309408728569986,1.8490992030346165,200
balanced,qwen3_32b,maximal,mean,50,4,0.12487805469297303,0.5966238347190728,0.7460773809523811,2.3349068375222273,,,0.0798814771624494,0.07166614050673152,0.020309153090738146,1.6854115712217093,200
balanced,qwen3_32b,maximal,mean,51,4,0.11983677248001101,0.5985928445452255,0.7471488095238095,2.483446845390136,,,0.07519119020732487,0.06376394553750836,0.02051021449935431,1.6765344378175873,200
balanced,qwen3_32b,maximal,mean,52,3,0.14711531183805027,0.6207407407407408,0.7540357142857144,2.992937464438037,,,0.08896481441602588,0.07460714039047714,0.020699156352280285,1.7011134619287038,200
balanced,qwen3_32b,maximal,mean,53,3,0.15598468286305212,0.6288813303099018,0.7583065476190476,3.305667726104667,,,0.09291243520740691,0.07242810390110682,0.022554599404427868,1.8752621626197996,200
balanced,qwen3_32b,maximal,mean,54,3,0.16156052817854935,0.6357470395565633,0.7586011904761905,3.2848592678880415,,,0.1001957734102233,0.07893167386879205,0.02366771384935341,1.9508006096079413,200
balanced,qwen3_32b,maximal,mean,55,3,0.17589712988579387,0.6398538674729151,0.7619970238095237,3.616054215727072,,,0.11991448614325688,0.09681187501331324,0.031897770283811355,2.575240261086937,200
balanced,qwen3_32b,maximal,mean,56,3,0.1481798189178031,0.6194897959183673,0.7510267857142856,2.7196289287045947,,,0.09773626219988592,0.08152029934139585,0.0241127960376284,1.9666516022057012,200
balanced,qwen3_32b,maximal,mean,57,3,0.14406937445775916,0.6129339884101789,0.7530684523809523,2.8295442158447406,,,0.08798043317197178,0.07134708015439728,0.022544684897021938,1.8067181059740594,200
balanced,qwen3_32b,maximal,mean,58,3,0.14290305335295547,0.6136822877299067,0.7487946428571428,2.493356091531154,,,0.08906642839617664,0.07289716750644729,0.023112217425355224,1.796794718270837,200
balanced,qwen3_32b,maximal,mean,59,3,0.14520880800631888,0.6163492063492063,0.7482291666666667,2.5098123394182386,,,0.09318074442346984,0.07639656113647099,0.025267309398684833,2.0659496262080292,200
balanced,qwen3_32b,maximal,mean,60,3,0.14867247247058796,0.620578231292517,0.755014880952381,3.0426668690163985,,,0.09977783370824118,0.07770056595119523,0.02429646685837031,1.9759833188319396,200
balanced,qwen3_32b,maximal,mean,61,3,0.14883750154609707,0.6199886621315193,0.7577261904761905,3.2785631577538434,,,0.09977472067562293,0.08085520942875976,0.02468236136566019,2.115397296193064,200
balanced,qwen3_32b,maximal,mean,62,3,0.14972307265079457,0.6223091458805744,0.7579464285714286,3.3616805869856408,,,0.09536575627605144,0.07660816999139435,0.025944444368575414,2.2602640105273744,200
balanced,qwen3_32b,maximal,mean,63,3,0.1379636028343638,0.61286470143613,0.7594970238095238,3.4051165695954215,,,0.09660089515201291,0.08226030384854995,0.02723025933507089,2.2800767738580006,200
balanced,qwen3_32b,maximal,mean,64,3,0.13390966204458152,0.6079062736205593,0.7554464285714286,3.113544424949672,,,0.0933366841560461,0.07948889213363207,0.02536425048497195,2.146294647287798,200
balanced,qwen3_32b,tier0,last,0,10,0.08243263877695518,0.5470874275636181,0.7236875,0.5095623106977798,,,0.058528395577750685,0.03976614619334465,0.015362136681134697,1.201157521559119,200
balanced,qwen3_32b,tier0,last,1,6,0.07979520142969891,0.5501574703955656,0.7271041666666668,0.8087490234548141,,,0.05565808493596316,0.04094306596571604,0.015074206739638588,1.2049747484188364,200
balanced,qwen3_32b,tier0,last,2,4,0.07553045467693044,0.5485059208868732,0.7289821428571429,0.9475296652656102,,,0.06243342035001931,0.04331204968924522,0.01520077624189006,1.1983433748427268,200
balanced,qwen3_32b,tier0,last,3,4,0.09076757498784936,0.5586671705719324,0.728014880952381,0.8513872478784709,,,0.06312297594421268,0.04375300746612783,0.015733785419089256,1.28087408753924,200
balanced,qwen3_32b,tier0,last,4,4,0.10194019332017654,0.5676429831191736,0.7306547619047618,1.0526875505696407,,,0.06834365772228754,0.0488577957378355,0.015932156689539723,1.261011106132809,200
balanced,qwen3_32b,tier0,last,5,4,0.09258866252210457,0.55994708994709,0.7309672619047619,1.0931124433935062,,,0.06314370305884365,0.04367131049830439,0.01745747561536636,1.3788985688868332,200
balanced,qwen3_32b,tier0,last,6,4,0.08931795533480004,0.558013353489544,0.7282410714285714,0.9006355404630696,,,0.06445638049440677,0.04413779758541535,0.017289458458706906,1.3891282738333521,200
balanced,qwen3_32b,tier0,last,7,4,0.09809901396129667,0.5628924162257496,0.727717261904762,0.8408948369378478,,,0.06575687648306201,0.046033439199526446,0.01754161490895139,1.414646534148562,200
balanced,qwen3_32b,tier0,last,8,4,0.11457344679432183,0.5785815066767448,0.7314375000000001,1.1080542865321645,,,0.07473876430866287,0.05100926995679061,0.01691545577876975,1.3550768279781877,200
balanced,qwen3_32b,tier0,last,9,4,0.11305865025477627,0.572310405643739,0.7304523809523809,1.0738548958029077,,,0.06771721888650788,0.04820320082415995,0.017093123957349497,1.357314897407937,200
balanced,qwen3_32b,tier0,last,10,4,0.10679423049787803,0.5676795162509448,0.7286011904761903,0.9034718463170347,,,0.06817929857401794,0.04789432379267303,0.016501171323434937,1.3316809905940241,200
balanced,qwen3_32b,tier0,last,11,4,0.11496230614550228,0.5732186948853615,0.7308958333333334,1.106623382934461,,,0.06385999434870449,0.045049274476940876,0.015901838631677587,1.2993943038707216,200
balanced,qwen3_32b,tier0,last,12,4,0.1126505459171535,0.5735185185185184,0.7301994047619047,1.0338322411549214,,,0.06661907670956224,0.04620123516538854,0.016721898015131482,1.3541899623184481,200
balanced,qwen3_32b,tier0,last,13,4,0.10928293280402396,0.5706374401612497,0.7296815476190477,0.9870573180939524,,,0.061820208499608544,0.04393721657213518,0.01668766507769931,1.333574708696213,200
balanced,qwen3_32b,tier0,last,14,4,0.1073101650113436,0.5692164273116654,0.7296815476190477,0.9783355118139394,,,0.06631563575059621,0.04556183652005659,0.016758111962244308,1.3518960828970643,200
balanced,qwen3_32b,tier0,last,15,4,0.10719136513109101,0.5679516250944823,0.7313690476190476,1.1226365291018023,,,0.06861017289232822,0.049225599885370945,0.0157075201886291,1.261446824477001,200
balanced,qwen3_32b,tier0,last,16,4,0.10721597593748317,0.5692517006802721,0.7300059523809524,1.0372140105823069,,,0.06649503536811507,0.045230024386203736,0.016116580093542325,1.3068747171852708,200
balanced,qwen3_32b,tier0,last,17,4,0.1076279719797138,0.5681229528848576,0.7293869047619047,0.9872533253665366,,,0.06803596059182132,0.046174343553379786,0.018406462643959932,1.501521112431969,200
balanced,qwen3_32b,tier0,last,18,4,0.10543828099868664,0.5665684051398336,0.7303214285714286,1.0593406790747941,,,0.06733817941986006,0.04700348118281939,0.017787726188241308,1.4621244552103254,200
balanced,qwen3_32b,tier0,last,19,4,0.10868873160669815,0.5700176366843034,0.7295357142857142,0.9952456585498081,,,0.06798694718429223,0.04773319598667701,0.016553887130771505,1.3213559277829428,200
balanced,qwen3_32b,tier0,last,20,4,0.10635406116687694,0.5698160745779793,0.7288095238095238,0.961604655436561,,,0.06418063537571068,0.04398870738645525,0.017029844085286315,1.4213804728040043,200
balanced,qwen3_32b,tier0,last,21,4,0.10155307607376156,0.5668694885361552,0.7302023809523809,1.0465849918692292,,,0.06843211587195829,0.04799685487380659,0.01688161141167736,1.364693166616506,200
balanced,qwen3_32b,tier0,last,22,4,0.10119232562155235,0.5668959435626103,0.7294940476190476,0.9976332671748045,,,0.06790765736603366,0.04491844856467228,0.01652906097936027,1.3623297875659874,200
balanced,qwen3_32b,tier0,last,23,4,0.10553580057242208,0.5696031746031747,0.7289077380952381,0.9536407885101374,,,0.06861405364535009,0.047400503766146705,0.016427339660085662,1.313822524634825,200
balanced,qwen3_32b,tier0,last,24,4,0.10228448493219224,0.565424540186445,0.7274464285714285,0.8129811814287916,,,0.06777126823975824,0.04722562346027728,0.015356657199777357,1.2471640015667145,200
balanced,qwen3_32b,tier0,last,25,4,0.1038669265487807,0.5675900730662635,0.7282738095238096,0.8853184883982465,,,0.06487528638970141,0.04563313599639988,0.017460881123657894,1.3930384813607306,200
balanced,qwen3_32b,tier0,last,26,4,0.09868208150625014,0.5629062736205593,0.7273095238095239,0.8327116717219962,,,0.06717968699617974,0.0474177294154986,0.01549089960336526,1.2525225621322484,200
balanced,qwen3_32b,tier0,last,27,4,0.09495991898791777,0.5618934240362812,0.7275357142857143,0.8235675998639971,,,0.06668159489446307,0.04651910226612065,0.016401616949214267,1.297002667517931,200
balanced,qwen3_32b,tier0,last,28,4,0.10499421654505703,0.5688989669942051,0.7293035714285715,0.989635313669257,,,0.0688831144895583,0.04837814562509236,0.015568259789343217,1.2671871188753447,200
balanced,qwen3_32b,tier0,last,29,4,0.10815427452751558,0.5714424288233811,0.7288809523809523,0.942346743826414,,,0.06643306744495707,0.04675515358917432,0.016401046645435766,1.3364579666022784,200
balanced,qwen3_32b,tier0,last,30,4,0.11226311306940477,0.5717787855883094,0.7287916666666666,0.9381789366101307,,,0.0722499805805219,0.05018012758380536,0.017917686057062614,1.4480898957582522,200
balanced,qwen3_32b,tier0,last,31,4,0.10921375405035,0.570878054925674,0.7275267857142856,0.8256097170550976,,,0.06526248409485905,0.04711121521473995,0.017279803682100973,1.3873383969030115,200
balanced,qwen3_32b,tier0,last,32,4,0.0962836248696523,0.5634630889392794,0.7260446428571429,0.7333363248328365,,,0.06394565025400549,0.04746207621079136,0.016912252856962788,1.3510354014910584,200
balanced,qwen3_32b,tier0,last,33,4,0.10917865755081195,0.5674930713025951,0.7277589285714285,0.8313791883119336,,,0.06944912550699175,0.047944914890192716,0.016346323783438078,1.311461781923869,200
balanced,qwen3_32b,tier0,last,34,4,0.11374621535766803,0.5715570672713529,0.7280089285714285,0.877712267695631,,,0.06833344613322231,0.04753714583703799,0.01741833853211574,1.3788077899525921,200
balanced,qwen3_32b,tier0,last,35,4,0.11684801671346719,0.5738284202569917,0.7286666666666668,0.9049860904853699,,,0.0666646377030454,0.04664619049591454,0.017345082850565192,1.3524074690722019,200
balanced,qwen3_32b,tier0,last,36,4,0.12159454814221995,0.5772323003275384,0.7275297619047619,0.8492410255386528,,,0.06504809438548677,0.04493701731578004,0.015508865460755614,1.2610107155614145,200
balanced,qwen3_32b,tier0,last,37,4,0.11868434527033407,0.5776581002771478,0.7274880952380953,0.8318745091148346,,,0.06564599539361993,0.04373171205845301,0.01654780746723835,1.3059313527369216,200
balanced,qwen3_32b,tier0,last,38,4,0.11325179642479771,0.5745830183925422,0.7278392857142858,0.8670040572354918,,,0.06559865750080456,0.04474724837979662,0.015977648565568315,1.2860838217113255,200
balanced,qwen3_32b,tier0,last,39,4,0.10369086733125414,0.5673998488284202,0.7268333333333333,0.7808322652803474,,,0.061343599197920116,0.04301482301595371,0.017388631702110885,1.4225386496198098,200
balanced,qwen3_32b,tier0,last,40,4,0.10051285457921492,0.5674603174603174,0.7261547619047619,0.7125108645193814,,,0.0640177606988751,0.04477353361803615,0.015423633285280772,1.2292622320749085,200
balanced,qwen3_32b,tier0,last,41,4,0.0961238681225306,0.5623066263542453,0.7254285714285714,0.7181455208116252,,,0.06997649943382175,0.04838913676341829,0.01710293797943338,1.4143834500165762,200
balanced,qwen3_32b,tier0,last,42,3,0.08062979039734809,0.5538384983623079,0.7256845238095238,0.685661432010151,,,0.063565818576028,0.04481255110410606,0.017251613311457942,1.3570382971937724,200
balanced,qwen3_32b,tier0,last,43,3,0.0786320122368994,0.5532653061224491,0.724907738095238,0.6405020514750788,,,0.057203577739192754,0.039542295700298505,0.016102713982583044,1.322868354935204,200
balanced,qwen3_32b,tier0,last,44,3,0.08149607477962933,0.5527034517510708,0.7270714285714286,0.8158738721548583,,,0.06211575421551595,0.04291286474304412,0.015020059338753717,1.2305527113450085,200
balanced,qwen3_32b,tier0,last,45,3,0.07497394814804284,0.550376669186193,0.7267142857142858,0.7730254678869852,,,0.056778820649956874,0.03948020336095288,0.014891015644971155,1.2003460879987804,200
balanced,qwen3_32b,tier0,last,46,3,0.07890487627302044,0.5535537918871252,0.7258571428571429,0.7286953444919277,,,0.059358316925101316,0.04189278484981201,0.016420982546743464,1.3473578502040335,200
balanced,qwen3_32b,tier0,last,47,3,0.07483723932653104,0.5497026958931721,0.7236845238095239,0.5406258925154366,,,0.05532098597255723,0.04036880906096014,0.014920375161323813,1.2083859443451748,200
balanced,qwen3_32b,tier0,last,48,3,0.07080863427697884,0.5450340136054421,0.7225982142857142,0.46973611524918185,,,0.05711764752721743,0.04086776741589217,0.015175697381962769,1.2487904217959602,200
balanced,qwen3_32b,tier0,last,49,3,0.0742963718433437,0.5479012345679012,0.7253005952380953,0.6674164105796442,,,0.05958483339896199,0.04111838068459193,0.015839038255703736,1.266812231064001,200
balanced,qwen3_32b,tier0,last,50,3,0.06988572280848715,0.5450755857898715,0.7249285714285715,0.6414899507273484,,,0.05448997687614233,0.0387144884849818,0.017463169860804248,1.4106165562839943,200
balanced,qwen3_32b,tier0,last,51,3,0.07613194617068439,0.5461312673217436,0.7249791666666667,0.6383170392126513,,,0.05395229501052032,0.03773779554035647,0.015330862699783553,1.243758075435316,200
balanced,qwen3_32b,tier0,last,52,3,0.07320285902040681,0.5442063492063492,0.7233363095238096,0.4808950816384754,,,0.051133936557069826,0.038247623754535984,0.017344864024711016,1.3958283658210326,200
balanced,qwen3_32b,tier0,last,53,3,0.07026461059063197,0.5447077349458301,0.7237529761904763,0.5240025407340445,,,0.052495258973331314,0.03756343542060149,0.015369780410677606,1.2135585937126847,200
balanced,qwen3_32b,tier0,last,54,4,0.06850776059212761,0.5435311161501637,0.7236934523809524,0.5479334744312736,,,0.048182815247380176,0.03564842124047298,0.015380277137157174,1.2751921379035134,200
balanced,qwen3_32b,tier0,last,55,3,0.07285881170531319,0.543944318468128,0.7229732142857143,0.4559126823763661,,,0.05329987826519663,0.03879666237814909,0.016248375278537137,1.297292171702112,200
balanced,qwen3_32b,tier0,last,56,3,0.07620358474280076,0.5459586797682036,0.7259672619047618,0.7191206677600871,,,0.05802403772610926,0.03932736217369356,0.014823512654680383,1.2224368807632269,200
balanced,qwen3_32b,tier0,last,57,3,0.06811878850568279,0.5438032249937013,0.7241249999999999,0.5686252809271946,,,0.04787367725737954,0.03515860553182623,0.015111418913390094,1.2034568546138156,200
balanced,qwen3_32b,tier0,last,58,3,0.07825973440535837,0.5503968253968254,0.7258690476190476,0.7015288799689037,,,0.05960464856120977,0.04402307538114308,0.016943788786987695,1.3736365074067927,200
balanced,qwen3_32b,tier0,last,59,3,0.07649520863451487,0.5475976316452507,0.7240833333333333,0.5701318425250852,,,0.06054268090891983,0.04333794956387829,0.015752888192155687,1.2682296406127893,200
balanced,qwen3_32b,tier0,last,60,3,0.08372856742636216,0.553320735701688,0.7277529761904762,0.8815464507964166,,,0.05910103695781523,0.04271495077248215,0.016478899522246192,1.322228738129669,200
balanced,qwen3_32b,tier0,last,61,3,0.08926618718440875,0.559649785840262,0.7274940476190477,0.8077747314547807,,,0.06181359660156545,0.04172093492658518,0.015389683823824293,1.229111328423483,200
balanced,qwen3_32b,tier0,last,62,4,0.09594198201992792,0.5623381204333585,0.7266130952380953,0.7929988433297305,,,0.06464865425928894,0.04473761053663374,0.017001482820151317,1.4141365827049457,200
balanced,qwen3_32b,tier0,last,63,4,0.09611719097773523,0.5614940791131268,0.7271101190476191,0.8249672415655773,,,0.06185857403475071,0.04348361951515315,0.017634806086263416,1.4385594964277861,200
balanced,qwen3_32b,tier0,last,64,5,0.08770690647757155,0.5558213655832703,0.7235803571428572,0.5163743883945281,,,0.06110344256491677,0.04329340440022474,0.01565778052329043,1.2498602920334103,200
balanced,qwen3_32b,tier0,mean,0,3,0.1426330552455473,0.6209700176366842,0.7747380952380952,4.6552748389799055,,,0.1220036524859181,0.10362667623610654,0.030383429328793322,2.470855907935978,200
balanced,qwen3_32b,tier0,mean,1,3,0.175056583652766,0.670923406399597,0.7861815476190476,5.593352954167069,,,0.10080969693288445,0.08524359789000759,0.026881961834930714,2.2572175756925015,200
balanced,qwen3_32b,tier0,mean,2,3,0.17447607116745048,0.6638775510204081,0.7828511904761905,5.325617548261041,,,0.09640909439410263,0.08199408349115243,0.030020093776149302,2.5400943663657296,200
balanced,qwen3_32b,tier0,mean,3,3,0.15095221980529838,0.6308969513731418,0.7810089285714287,5.159176867962035,,,0.10976174291487242,0.091074394481873,0.032581802114228904,2.8222195508504697,200
balanced,qwen3_32b,tier0,mean,4,3,0.1302909984508503,0.6088082640463592,0.7775238095238095,4.895468102490981,,,0.10349925394205804,0.08882027544469347,0.031212292442986074,2.5585574245812572,200
balanced,qwen3_32b,tier0,mean,5,3,0.14594641885025456,0.6148727639203829,0.7823184523809523,5.233106161604144,,,0.11535376033908126,0.09662348490832384,0.03436941036289845,2.8386000703243557,200
balanced,qwen3_32b,tier0,mean,6,3,0.1489901493672081,0.6125233056185437,0.7860982142857142,5.59130192624536,,,0.12066565992997265,0.09960125569444556,0.03261089452656217,2.7358962841533496,200
balanced,qwen3_32b,tier0,mean,7,3,0.13695484973440458,0.6060733182161754,0.769327380952381,4.164162438815677,,,0.10705805938561275,0.08639689802469878,0.030989841685597767,2.5334212246160517,200
balanced,qwen3_32b,tier0,mean,8,3,0.14479819556009538,0.6139669942050895,0.7698720238095238,4.271330394564655,,,0.10281028009867862,0.08520208012514416,0.029375025781577923,2.445370776922865,200
balanced,qwen3_32b,tier0,mean,9,3,0.14006456671528572,0.61060972537163,0.7712738095238094,4.283171576777732,,,0.10934098633954845,0.09024367216150707,0.02822001398551042,2.2359208791135377,200
balanced,qwen3_32b,tier0,mean,10,3,0.1395832778820736,0.6100365331317712,0.7736875000000001,4.530238478418632,,,0.11037204631929892,0.09189205421820368,0.029052271869502364,2.466367740131284,200
balanced,qwen3_32b,tier0,mean,11,3,0.13500131891546682,0.6102443940539178,0.7741964285714286,4.715697018127447,,,0.10142950352615675,0.0835439661158821,0.030245285867005308,2.6357087592999853,200
balanced,qwen3_32b,tier0,mean,12,3,0.13305998042416975,0.606429831191736,0.7733244047619047,4.570998937809191,,,0.09296476313123907,0.08173159866078711,0.02835808726961799,2.405714302147355,200
balanced,qwen3_32b,tier0,mean,13,3,0.12997899076934133,0.6012446460065507,0.7725119047619047,4.473061013026577,,,0.09763923281789129,0.08452721868266731,0.02969425406521936,2.4614076534383,200
balanced,qwen3_32b,tier0,mean,14,3,0.12201230116814671,0.5951045603426556,0.7696994047619049,4.24057569860484,,,0.08971858645351437,0.07901637838489607,0.02951946477607784,2.4394899396165797,200
balanced,qwen3_32b,tier0,mean,15,3,0.11968148433619148,0.5918707482993197,0.7704761904761906,4.268017583920805,,,0.09157030218554452,0.07788147150500374,0.0303631529998237,2.4437004297170963,200
balanced,qwen3_32b,tier0,mean,16,3,0.10866174287878039,0.5811967750062987,0.771875,4.461457525247357,,,0.08463543395976944,0.07346436628676202,0.028588025313521236,2.388311744556277,200
balanced,qwen3_32b,tier0,mean,17,3,0.10374139678028968,0.578087679516251,0.7725982142857143,4.4887696019560055,,,0.07687504240378583,0.0691197391276786,0.029046117343842492,2.4241966642924617,200
balanced,qwen3_32b,tier0,mean,18,3,0.09974952333733601,0.5728054925673973,0.7703958333333333,4.274267423208467,,,0.07507441153990028,0.06656783043388359,0.029966586497881836,2.5065999649111372,200
balanced,qwen3_32b,tier0,mean,19,3,0.09397853307689047,0.5681531872008062,0.7716250000000001,4.386863978043925,,,0.07038064293230537,0.06475527253184381,0.02817445639074217,2.269775988699691,200
balanced,qwen3_32b,tier0,mean,20,4,0.09095430960403249,0.5653854875283446,0.768919642857143,4.229597310980025,,,0.06990548095604493,0.06255645194797882,0.027413275273310875,2.351928085699216,200
balanced,qwen3_32b,tier0,mean,21,4,0.0910007831593879,0.567037037037037,0.7667797619047618,4.0717576557320605,,,0.06950903757367077,0.05988893685175831,0.03096390524930572,2.554846645544187,200
balanced,qwen3_32b,tier0,mean,22,4,0.08406797006540564,0.5591471403376166,0.7679404761904762,4.097355435612898,,,0.06225132309560807,0.05753178243418869,0.030030575405470893,2.4577179601772228,200
balanced,qwen3_32b,tier0,mean,23,4,0.0884243784455379,0.5641685563114135,0.7688005952380954,4.152834565176487,,,0.06861528176849746,0.05987823326446119,0.028387820102018364,2.3342282272527055,200
balanced,qwen3_32b,tier0,mean,24,4,0.09490288154670252,0.5677626606198035,0.7689464285714286,4.219314949285635,,,0.06962473797938548,0.06065092174539364,0.02849997948740162,2.4019603744554385,200
balanced,qwen3_32b,tier0,mean,25,5,0.09397723072956268,0.5700062988158227,0.7643511904761904,3.7939213923196258,,,0.06857616974556416,0.05904939254508986,0.029259920769465094,2.381793834919556,200
balanced,qwen3_32b,tier0,mean,26,5,0.0950394962633564,0.5701839254220207,0.7652767857142857,3.96538212107733,,,0.07356969484880588,0.06407667483704516,0.02737081058941128,2.343713447901137,200
balanced,qwen3_32b,tier0,mean,27,5,0.09863775397903125,0.5782892416225749,0.7606636904761905,3.5216369117345443,,,0.0717870932725091,0.06103023881924459,0.027199110039618557,2.2115365263936075,200
balanced,qwen3_32b,tier0,mean,28,5,0.10297390072265081,0.5827576215671454,0.7622291666666666,3.7121069322434153,,,0.07811938055017101,0.06946996325445995,0.029754510837494398,2.5463634684566174,200
balanced,qwen3_32b,tier0,mean,29,5,0.10336543223783524,0.5806563366087175,0.7620476190476191,3.6248572495827305,,,0.0843686218273924,0.07383537759221097,0.028008798119677405,2.290435568046853,200
balanced,qwen3_32b,tier0,mean,30,5,0.10249696050761542,0.5816465104560343,0.7604523809523809,3.5153580174080092,,,0.08356320477985844,0.07114055009561612,0.025646518397156603,2.1166899553812253,200
balanced,qwen3_32b,tier0,mean,31,5,0.10886515327918364,0.5843172083648274,0.7629077380952382,3.700812601938071,,,0.09157186512640486,0.07881204855122105,0.02858336664656634,2.3192556477239212,200
balanced,qwen3_32b,tier0,mean,32,4,0.11796263224127176,0.5914802217183169,0.766735119047619,3.9361809447005625,,,0.0969518516811991,0.08005516599158106,0.03141036954316896,2.5308214860113325,200
balanced,qwen3_32b,tier0,mean,33,3,0.11340974763675064,0.591535651297556,0.7691845238095238,4.123351466277386,,,0.0849675902578867,0.07937404396334637,0.0322327177541836,2.589527646230014,200
balanced,qwen3_32b,tier0,mean,34,3,0.10791948876857624,0.5882552280171328,0.7669166666666666,3.9883630846154885,,,0.08404290952419215,0.07625884464628525,0.028735723064599438,2.386526033982127,200
balanced,qwen3_32b,tier0,mean,35,3,0.10415140372723024,0.5833673469387756,0.7658601190476191,3.886075399146473,,,0.07457199497670745,0.06760875880564339,0.02516293964130032,2.0313663504624424,200
balanced,qwen3_32b,tier0,mean,36,3,0.09422411583812294,0.5716880826404637,0.7663958333333334,3.9543003344782925,,,0.07365500345908713,0.0647864726881251,0.027931816220135824,2.2166055677635508,200
balanced,qwen3_32b,tier0,mean,37,4,0.08762672529820631,0.5662194507432603,0.7610535714285714,3.570162955913437,,,0.06712391770162307,0.05679138621000933,0.028970459458878172,2.3359872856449657,200
balanced,qwen3_32b,tier0,mean,38,4,0.08220393682839253,0.5575434618291761,0.7588541666666667,3.3881128817978334,,,0.06186961857664396,0.05270643606105269,0.027051455434824394,2.241769445331921,200
balanced,qwen3_32b,tier0,mean,39,4,0.07951593246834243,0.5546963970773495,0.7601071428571428,3.5171973381567154,,,0.0565986036381334,0.0501402337060737,0.025403417423253225,2.204891586843907,200
balanced,qwen3_32b,tier0,mean,40,5,0.07573496978132929,0.5525610985134795,0.7575654761904761,3.313723983576493,,,0.056972331875319755,0.04665312532564447,0.025287153997888445,2.0942223462200564,200
balanced,qwen3_32b,tier0,mean,41,5,0.07350596080868192,0.5471579743008315,0.7564107142857143,3.1956580450656724,,,0.05478440798450322,0.04574516357623358,0.026550068619637938,2.1366028728089,200
balanced,qwen3_32b,tier0,mean,42,5,0.07031901723069256,0.5461577223481986,0.7564136904761906,3.220962654830856,,,0.05241921815943981,0.04299405394476503,0.026816809827573288,2.223126719936446,200
balanced,qwen3_32b,tier0,mean,43,5,0.07135948894049167,0.5459599395313681,0.7551666666666667,3.131810114724209,,,0.05426777414989974,0.044594205191679406,0.0275608582418886,2.310015129673302,200
balanced,qwen3_32b,tier0,mean,44,5,0.07080735313964265,0.5438775510204081,0.7534583333333333,2.9257329724289627,,,0.0552210545721714,0.04718965702959742,0.02565789603549469,2.073220959954711,200
balanced,qwen3_32b,tier0,mean,45,5,0.06796071890893546,0.5450012597631645,0.7508988095238095,2.7317138010681687,,,0.05136873050036841,0.04123257598636207,0.025369505006938,2.1057308474768015,200
balanced,qwen3_32b,tier0,mean,46,5,0.07165362811602453,0.5460934744268078,0.7519374999999999,2.852673505575406,,,0.052593098093381405,0.04347443737575179,0.026297872170794576,2.1734908645762148,200
balanced,qwen3_32b,tier0,mean,47,5,0.06853659696136064,0.5430864197530864,0.7540267857142858,2.972647692731867,,,0.04867186737121074,0.04185709791979525,0.0267088167028861,2.146640618957182,200
balanced,qwen3_32b,tier0,mean,48,5,0.0692248002051293,0.5442920131015369,0.7549672619047619,3.1183351932687855,,,0.051894874122488305,0.0416449868917285,0.02589905491642618,2.1278692272393225,200
balanced,qwen3_32b,tier0,mean,49,5,0.07118681972203054,0.5463403880070546,0.7540654761904763,3.01633953436405,,,0.055064411681932414,0.04485165518154076,0.027329474772240514,2.265692769987149,200
balanced,qwen3_32b,tier0,mean,50,5,0.07087663284444566,0.5477185689090451,0.7532589285714287,2.9691756034904473,,,0.05767966347713699,0.04659899465042547,0.02714259199301361,2.251560835154372,200
balanced,qwen3_32b,tier0,mean,51,4,0.07473341707464304,0.5525673973293022,0.7570178571428572,3.1918322491820548,,,0.054822948839795674,0.04560812460401401,0.025152707502928816,2.027380858985631,200
balanced,qwen3_32b,tier0,mean,52,4,0.08542537972113572,0.5606601158982112,0.7565119047619048,3.1832140451699242,,,0.06476716541180458,0.0543042227380676,0.027158036691117795,2.1882807349688145,200
balanced,qwen3_32b,tier0,mean,53,4,0.08752208506983053,0.5629793398841018,0.7576994047619049,3.295623675945941,,,0.06766562439573076,0.058661211632815256,0.028095747416438697,2.3280363435617812,200
balanced,qwen3_32b,tier0,mean,54,4,0.09931060663232724,0.5760317460317461,0.7601041666666667,3.487913403982891,,,0.07899657282982953,0.06685772696320244,0.027049719950841156,2.247001100052353,200
balanced,qwen3_32b,tier0,mean,55,3,0.12474305237193416,0.5956160241874527,0.7650357142857144,3.8191566678878996,,,0.09586457412868116,0.07965512274874961,0.03493653340291725,2.811280524212973,200
balanced,qwen3_32b,tier0,mean,56,3,0.13093105798494448,0.6018077601410935,0.760639880952381,3.547468739908652,,,0.09468284811621036,0.07958673386233171,0.030257243275301014,2.5203912309410526,200
balanced,qwen3_32b,tier0,mean,57,3,0.12992455194526772,0.601581002771479,0.7586041666666666,3.3854637311406406,,,0.10075082616056914,0.0840102078003418,0.03193244609470546,2.6725825962768712,200
balanced,qwen3_32b,tier0,mean,58,3,0.11449234910793649,0.5864902998236332,0.7560327380952381,3.08416448606513,,,0.08525002457509058,0.07225794253983538,0.026081325414172823,2.0516846559477413,200
balanced,qwen3_32b,tier0,mean,59,3,0.11490765674096881,0.5890589569160997,0.7576398809523809,3.2787764236860553,,,0.08023018355857599,0.06664383579877091,0.026787749757317385,2.205110030153872,200
balanced,qwen3_32b,tier0,mean,60,3,0.10463576166011852,0.5798626858150668,0.759952380952381,3.4291490851071957,,,0.08361689779667554,0.06886516713220421,0.030907543073186234,2.4364321409790777,200
balanced,qwen3_32b,tier0,mean,61,3,0.10707638561253124,0.5817901234567902,0.7634642857142857,3.6850591450211767,,,0.08016206929765378,0.06828971002335313,0.03097106578889033,2.465501817867383,200
balanced,qwen3_32b,tier0,mean,62,3,0.10896928880145054,0.5797241118669689,0.7646845238095239,3.8158134777129566,,,0.08274443724804861,0.07353993663954089,0.027571355965649944,2.2084184356709713,200
balanced,qwen3_32b,tier0,mean,63,3,0.08733298745222835,0.5640652557319225,0.7663988095238097,4.0478069624947945,,,0.06542249222374051,0.054629358735576006,0.03235401047857312,2.7299062846774462,200
balanced,qwen3_32b,tier0,mean,64,3,0.09420495171303238,0.5693046107331822,0.7667470238095239,3.976954838600703,,,0.06842657228923743,0.05943878482509497,0.028442272406103843,2.3180804374583803,200
balanced,qwen3_8b,maximal,last,0,15,0.0604415560885059,0.5318795666414714,0.7326398809523809,1.1959948502415112,,,0.043510734686580066,0.03396109259693349,0.01657722359290963,1.2942437100273767,200
balanced,qwen3_8b,maximal,last,1,6,0.06926306435631656,0.5389241622574956,0.729830357142857,0.998693707910328,,,0.04848084992205136,0.0364209970540654,0.015355663630771,1.203013420766831,200
balanced,qwen3_8b,maximal,last,2,5,0.05816462519979156,0.5333522297808012,0.7290089285714286,0.9676166645510252,,,0.047746966091601346,0.036042957399722644,0.015407181019575087,1.2392003560684697,200
balanced,qwen3_8b,maximal,last,3,5,0.06150224560089965,0.5335815066767448,0.7304523809523809,1.0767233009999657,,,0.04705958854981987,0.03680806253388769,0.01656232645483031,1.296324837398883,200
balanced,qwen3_8b,maximal,last,4,4,0.06870766948113376,0.5411841773746535,0.7286011904761905,0.9819024805769345,,,0.056838411399326785,0.040601162956541766,0.017100512972839172,1.4358679775268846,200
balanced,qwen3_8b,maximal,last,5,4,0.0685575057632035,0.5380826404635929,0.729922619047619,1.049316833616573,,,0.051575915931835886,0.040404198799276245,0.0149942957313259,1.1971838349021793,200
balanced,qwen3_8b,maximal,last,6,4,0.06910326763895856,0.5405479969765683,0.7324642857142857,1.2152545189277644,,,0.05219365387841077,0.041833148539550224,0.016587913427616095,1.3287718423535428,200
balanced,qwen3_8b,maximal,last,7,4,0.07017233934608143,0.5432829428067523,0.7308720238095238,1.1070001010416368,,,0.05596774382063245,0.04547919216881001,0.01562141994133569,1.2669787050498706,200
balanced,qwen3_8b,maximal,last,8,4,0.07118289792179867,0.5424502393550013,0.7309761904761904,1.1146105598435705,,,0.057886330616970204,0.043864052352175865,0.015152970941194046,1.2301128863131912,200
balanced,qwen3_8b,maximal,last,9,4,0.06749971074952871,0.5458490803728899,0.7304166666666667,1.0822193481706692,,,0.051637687284103465,0.04500697758277594,0.015901549254946294,1.3029999259667053,200
balanced,qwen3_8b,maximal,last,10,4,0.06863894040457354,0.5473242630385488,0.7290892857142857,0.9725373732024509,,,0.04862082857065057,0.043792898200145675,0.015472448036514153,1.2708548475693946,200
balanced,qwen3_8b,maximal,last,11,3,0.06965274431325366,0.5526278659611993,0.7289464285714286,0.9520637218649465,,,0.05109070424056664,0.04667093587282096,0.015516009899733132,1.2363077665406934,200
balanced,qwen3_8b,maximal,last,12,3,0.07309380313710985,0.5549181153943059,0.7271755952380954,0.8372625394101451,,,0.05213067961332842,0.04791557451896192,0.015009987876086038,1.2027170285539301,200
balanced,qwen3_8b,maximal,last,13,3,0.0684977651589892,0.55005291005291,0.7292053571428571,0.9637857154046128,,,0.050521706003385236,0.04672427741132662,0.015798506889591696,1.2695513219533066,200
balanced,qwen3_8b,maximal,last,14,3,0.06627667697380328,0.5452128999748048,0.7241071428571427,0.5701726590170257,,,0.047795358761403506,0.04416721570199353,0.013674550778810532,1.149729019535291,200
balanced,qwen3_8b,maximal,last,15,3,0.07027302913612185,0.5510833963214915,0.7243303571428571,0.5814873641798138,,,0.04970112824071629,0.04215272778449918,0.015983327470064118,1.2733093088815348,200
balanced,qwen3_8b,maximal,last,16,3,0.06423589693570567,0.5498211136306373,0.725279761904762,0.6626774847745842,,,0.04768581854660139,0.044542569370242875,0.014469785109753672,1.1791400749579963,200
balanced,qwen3_8b,maximal,last,17,3,0.06424717341065,0.5478445452254976,0.7236369047619047,0.514108429806951,,,0.045141313081918676,0.04410830697627461,0.014467786907236272,1.189008888396612,200
balanced,qwen3_8b,maximal,last,18,3,0.062320115625994175,0.5459977324263039,0.723404761904762,0.529670457267305,,,0.04569096509125919,0.04619647596144481,0.015245157403681953,1.2491832351625036,200
balanced,qwen3_8b,maximal,last,19,3,0.06389432694241781,0.5479226505416982,0.7232678571428572,0.4920926389946946,,,0.04735303934447151,0.0430162014215136,0.015771472198798073,1.2523729765753504,200
balanced,qwen3_8b,maximal,last,20,3,0.06274075301560929,0.5473733938019653,0.7224791666666667,0.4475758650509352,,,0.0460990945606894,0.04300232839252925,0.015075276146487574,1.2445181839589634,200
balanced,qwen3_8b,maximal,last,21,3,0.06574455906768356,0.5515066767447719,0.7234434523809524,0.5391202440421314,,,0.04565372981000645,0.03986449233175969,0.01413319844898975,1.1486497036128662,200
balanced,qwen3_8b,maximal,last,22,3,0.05848951605945987,0.5353590325018897,0.7237202380952381,0.5498341684227179,,,0.042448761439076534,0.04079565527027671,0.014237984501480516,1.1424844975595414,200
balanced,qwen3_8b,maximal,last,23,3,0.06322363835107493,0.540028974552784,0.7255892857142857,0.6965601982461317,,,0.04655625497717704,0.04039414773680971,0.015929931565176348,1.3003326127589512,200
balanced,qwen3_8b,maximal,last,24,4,0.05613160944587797,0.5374968505920887,0.725860119047619,0.7181937159268986,,,0.04182443830682855,0.04004836782889948,0.014772665228985833,1.2047484815704068,200
balanced,qwen3_8b,maximal,last,25,4,0.06259654326441877,0.5411501637692113,0.7258363095238096,0.704602817502851,,,0.04647476584694743,0.0422449696928188,0.01505647643503914,1.2144843372127379,200
balanced,qwen3_8b,maximal,last,26,4,0.06273762773736244,0.5424036281179138,0.726672619047619,0.7921788856896452,,,0.04800080147181567,0.040348041078591745,0.015541231231703591,1.3180087656353734,200
balanced,qwen3_8b,maximal,last,27,4,0.0623331946447791,0.5391017888636936,0.7263124999999999,0.7360896565232019,,,0.04434350610801979,0.03977808824573188,0.01483759129009659,1.180382470446348,200
balanced,qwen3_8b,maximal,last,28,4,0.061730450930122534,0.5402166792642983,0.7265714285714285,0.7691011237152148,,,0.04392515846772487,0.037818766319051525,0.015436078971474762,1.241584401403203,200
balanced,qwen3_8b,maximal,last,29,4,0.06408742792476817,0.5393260267069792,0.7261845238095238,0.7433552297470939,,,0.04769511619998163,0.03773628310098083,0.014444552235556293,1.1578120474334053,200
balanced,qwen3_8b,maximal,last,30,4,0.07103735107508424,0.5408352229780802,0.7283184523809524,0.8940770613948176,,,0.05044384895560486,0.038138758695215665,0.013929771710086452,1.1444562579624888,200
balanced,qwen3_8b,maximal,last,31,4,0.07120091451018183,0.5432602670697909,0.7260267857142858,0.7087080519067287,,,0.0538416526275491,0.03776876696840093,0.015592390859227338,1.2445303426413195,200
balanced,qwen3_8b,maximal,last,32,4,0.06933397434572443,0.5425661375661376,0.727279761904762,0.8544212253239658,,,0.05366120510523762,0.03873911385946465,0.01594239537328363,1.366463433416958,200
balanced,qwen3_8b,maximal,last,33,4,0.06659563302596232,0.5432615268329555,0.7277410714285714,0.8321468154713477,,,0.054940765119362876,0.038335752636514675,0.015771327017138397,1.2346919585875287,200
balanced,qwen3_8b,maximal,last,34,4,0.07310885985775183,0.544824892920131,0.7297767857142858,1.0033831185417943,,,0.05368629303600398,0.04140020459598162,0.015126478945608934,1.1971517231562898,200
balanced,qwen3_8b,maximal,last,35,4,0.07279556192109625,0.5465696649029982,0.7276428571428571,0.8503002628285193,,,0.05506572944916272,0.04328398313100269,0.015481986094297984,1.2311434474995173,200
balanced,qwen3_8b,maximal,last,36,4,0.07972174654070209,0.5556135046611237,0.7317172619047619,1.1388321494459936,,,0.06053408415436263,0.04772121685249393,0.016607609813796942,1.3105901942625136,200
balanced,qwen3_8b,maximal,mean,0,3,0.2768242427333662,0.7230246913580247,0.7834464285714288,5.3136646273238215,,,0.11513589411856226,0.08366705682044813,0.024359451986387087,2.0458044988849338,200
balanced,qwen3_8b,maximal,mean,1,3,0.29115531068129924,0.7295086923658352,0.7841190476190476,5.296520728247885,,,0.09779771677802128,0.06551271062370813,0.026477911364936504,2.184569241375217,200
balanced,qwen3_8b,maximal,mean,2,3,0.30575997874796473,0.7367535903250189,0.7913244047619048,5.990412634127114,,,0.10369473506704738,0.07502394881612225,0.02766304207852026,2.3545828598669645,200
balanced,qwen3_8b,maximal,mean,3,3,0.2823052314779764,0.7171277399848828,0.7846011904761905,5.456489039413973,,,0.1082709723494851,0.0758411624540992,0.02590703703135046,2.1643769279392866,200
balanced,qwen3_8b,maximal,mean,4,3,0.25475706251918245,0.696305114638448,0.7813244047619048,5.158536733268741,,,0.1092577041198585,0.07553025245086373,0.027840313235107675,2.428366620827194,200
balanced,qwen3_8b,maximal,mean,5,3,0.26106563966823465,0.7028206097253715,0.7824047619047618,5.2476304667138125,,,0.12321217120595744,0.08801327932639963,0.03502684830299204,2.8862822870291485,200
balanced,qwen3_8b,maximal,mean,6,3,0.26387750084625444,0.7080612244897958,0.7831994047619049,5.408137540005027,,,0.11110771028078921,0.07909039074800282,0.029835233325799137,2.562189360814611,200
balanced,qwen3_8b,maximal,mean,7,3,0.19516054431447014,0.6475018896447469,0.7650476190476191,3.8279486926061237,,,0.11195616413834435,0.0845940151069174,0.02964914113924356,2.4751370844389404,200
balanced,qwen3_8b,maximal,mean,8,3,0.1919164394050114,0.6463630637440161,0.7636934523809523,3.757344868509264,,,0.11274290233183301,0.08618116055984153,0.02996392728634219,2.418925735401285,200
balanced,qwen3_8b,maximal,mean,9,3,0.1745758311256706,0.632766439909297,0.7576369047619047,3.220473411450766,,,0.10416056136708515,0.08277276628632882,0.027515463468298765,2.207327804409114,200
balanced,qwen3_8b,maximal,mean,10,3,0.16268128046822128,0.6187540942302847,0.7519910714285715,2.8773273354736166,,,0.10114414659487844,0.07799603363260149,0.025921480997106113,2.2199646458098257,200
balanced,qwen3_8b,maximal,mean,11,3,0.14762353585990817,0.6055719324766944,0.7513958333333332,2.7774444021564433,,,0.095155381715709,0.07185345420210656,0.022937498069164005,1.8961956931828516,200
balanced,qwen3_8b,maximal,mean,12,3,0.153705635662591,0.6098916603678508,0.7517619047619047,2.7852484739592107,,,0.09653523346220921,0.07437012429670313,0.026204328046909024,2.077927559275761,200
balanced,qwen3_8b,maximal,mean,13,3,0.14878559658110857,0.608567649281935,0.7493154761904762,2.6498134395599755,,,0.09547916253137874,0.07322495212157579,0.023263816969462735,1.9220762018412982,200
balanced,qwen3_8b,maximal,mean,14,3,0.14377384149910477,0.6076681783824641,0.7470535714285714,2.4032953272616986,,,0.09264228285629732,0.06864708657131577,0.021731306475277764,1.8056337939612188,200
balanced,qwen3_8b,maximal,mean,15,3,0.1456160817503366,0.6105265810027715,0.7484523809523809,2.519227321298972,,,0.08555452163985852,0.06590404133494036,0.02176114279170344,1.7369121990670078,200
balanced,qwen3_8b,maximal,mean,16,3,0.1469858711176545,0.610323759133283,0.7459940476190476,2.3355270514606756,,,0.09400298581675892,0.0750064910913195,0.022783293864329406,1.8667376179972976,200
balanced,qwen3_8b,maximal,mean,17,3,0.15141763206922787,0.6148828420256991,0.7466636904761904,2.39386289118644,,,0.0909820928894572,0.07026178779283405,0.021672299233525278,1.7982380077552012,200
balanced,qwen3_8b,maximal,mean,18,4,0.144489234173864,0.6108767951625095,0.7472083333333334,2.389097970687761,,,0.08660938404151369,0.06657756915376925,0.021490847831876714,1.7377793647642439,200
balanced,qwen3_8b,maximal,mean,19,4,0.1514707222174315,0.6194557823129252,0.748297619047619,2.5153912381424495,,,0.08795763082421262,0.06683995435537742,0.022936450952859403,1.8679202951547513,200
balanced,qwen3_8b,maximal,mean,20,4,0.14442074921906706,0.6133547493071302,0.7476726190476191,2.415798798848538,,,0.08628718076723364,0.06797088593952227,0.022845606432674186,1.8316167503635954,200
balanced,qwen3_8b,maximal,mean,21,4,0.15314975019081464,0.6238447971781305,0.7484285714285714,2.562920555655462,,,0.08472017058091559,0.06563509152155572,0.02175170061378735,1.8603385272014168,200
balanced,qwen3_8b,maximal,mean,22,4,0.14856260996754542,0.6229327286470143,0.7486220238095238,2.5331005066245784,,,0.08302047124517341,0.06398431419301404,0.02371271819469121,1.9613703889868077,200
balanced,qwen3_8b,maximal,mean,23,4,0.15337007802165756,0.6284630889392794,0.7499940476190478,2.707134105671871,,,0.08712265539340588,0.07018409252495546,0.02315766828986854,1.9435948628060895,200
balanced,qwen3_8b,maximal,mean,24,3,0.15484013156027795,0.6259435626102292,0.7504255952380953,2.6886191893576497,,,0.0973129642653268,0.07760221386600215,0.0255573069921065,2.038876233121055,200
balanced,qwen3_8b,maximal,mean,25,3,0.15068555006230525,0.6160909549004787,0.7444017857142857,2.182499738242456,,,0.0942991854658945,0.07400942291329461,0.024450168089408714,1.9795695176109729,200
balanced,qwen3_8b,maximal,mean,26,3,0.15707989896385083,0.6246535651297557,0.747139880952381,2.4068556691326637,,,0.09506817175098413,0.07584590646030925,0.02407689883412773,1.911079966187166,200
balanced,qwen3_8b,maximal,mean,27,3,0.15821023372974088,0.6241584782060973,0.7454970238095239,2.2928764827209167,,,0.09404968472159982,0.07174509217094321,0.025361025405590678,2.091630725178204,200
balanced,qwen3_8b,maximal,mean,28,3,0.1583167276308569,0.6240325018896447,0.7457767857142857,2.262291786914235,,,0.08737753448437321,0.06989017478293555,0.02336729166892211,1.905911208930737,200
balanced,qwen3_8b,maximal,mean,29,3,0.16105947596170922,0.6241975308641975,0.7455505952380952,2.254660670046542,,,0.09375905031184456,0.07413554403624295,0.024518820104732438,2.0657972086606957,200
balanced,qwen3_8b,maximal,mean,30,3,0.15660965975032837,0.6200390526581003,0.742279761904762,1.9740961222942262,,,0.09578062288512756,0.07413745965065792,0.024120947693454863,1.922642197008331,200
balanced,qwen3_8b,maximal,mean,31,3,0.16515224897922615,0.6260884353741497,0.7453184523809524,2.2857147806414746,,,0.08843138307480244,0.06617521009345873,0.024392249805065568,2.0019087644552434,200
balanced,qwen3_8b,maximal,mean,32,3,0.1604833421966324,0.6219916855631141,0.7456994047619048,2.3134020233882224,,,0.09068618357479022,0.06830917079248766,0.023590167928362066,1.9097999863622714,200
balanced,qwen3_8b,maximal,mean,33,3,0.17168868318893937,0.630323759133283,0.7469107142857143,2.395017071369251,,,0.09272690602765814,0.06888007826516793,0.023130755550224973,1.9010288543798997,200
balanced,qwen3_8b,maximal,mean,34,3,0.17629645588059417,0.6367863441672965,0.7510089285714286,2.7287801921518504,,,0.09758967148306312,0.0745015035627067,0.026635305053054583,2.245338507841616,200
balanced,qwen3_8b,maximal,mean,35,3,0.16882081178359665,0.6343940539178634,0.7538005952380952,2.9142493521766992,,,0.10106533315409956,0.07843895770167747,0.027215251559486738,2.2108834610359094,200
balanced,qwen3_8b,maximal,mean,36,3,0.157829925283006,0.6229201310153691,0.7450684523809524,2.244197265451273,,,0.08761845651170207,0.0680710752731681,0.023156244405656334,1.8982810344942718,200
balanced,qwen3_8b,tier0,last,0,12,0.07974706533845748,0.5428961955152432,0.7239642857142857,0.5267456674423132,,,0.05726550351706766,0.04047406727063596,0.014978873065821583,1.1635014229662124,200
balanced,qwen3_8b,tier0,last,1,5,0.08437652392405476,0.554074074074074,0.7265654761904762,0.7476175549248777,,,0.062051397942431766,0.04174628226852387,0.015973279443468665,1.2707021196863564,200
balanced,qwen3_8b,tier0,last,2,4,0.08897647795431649,0.5570899470899471,0.7290357142857142,0.9080106724442174,,,0.06492534771647324,0.04390555085708575,0.017364959210721537,1.3919556083468003,200
balanced,qwen3_8b,tier0,last,3,4,0.08265190261609093,0.5531443688586546,0.7272053571428572,0.8085121667182625,,,0.06127992675178355,0.043801445380403085,0.017311996030550357,1.3540303761317654,200
balanced,qwen3_8b,tier0,last,4,4,0.09392596100362098,0.5577437641723355,0.7275505952380954,0.8269136927042586,,,0.0622599864236464,0.04454411804300046,0.01687879224836912,1.374083080971058,200
balanced,qwen3_8b,tier0,last,5,4,0.08854496904542061,0.5576354245401864,0.7293333333333334,0.9618300141675471,,,0.06660730278479567,0.046588358242082524,0.017220409896596615,1.4121092578873913,200
balanced,qwen3_8b,tier0,last,6,4,0.09610251526764464,0.5616389518770472,0.7297916666666666,0.9997752599692123,,,0.06443977779042317,0.04631306368994131,0.018396492744400618,1.4574002330670632,200
balanced,qwen3_8b,tier0,last,7,4,0.08153993292796827,0.5520710506424793,0.7275565476190476,0.8100390156208812,,,0.05856446370213792,0.04159361099113141,0.014631092532456723,1.1542166997070928,200
balanced,qwen3_8b,tier0,last,8,4,0.09107082960175164,0.5601914840010078,0.7278065476190477,0.8762560201633129,,,0.06364049489402256,0.044741602129635565,0.015693571473273212,1.249625453682617,200
balanced,qwen3_8b,tier0,last,9,3,0.083981693291334,0.5554207608969514,0.7259910714285713,0.7194616195877033,,,0.061678476125542135,0.04301601754565414,0.01624359693096542,1.3102518126479699,200
balanced,qwen3_8b,tier0,last,10,3,0.09071238836314803,0.5571227009322247,0.7251755952380953,0.6765054793177966,,,0.059415118697439026,0.04365658061553498,0.015035483057736405,1.2354241499828094,200
balanced,qwen3_8b,tier0,last,11,3,0.1125929001009468,0.5716931216931217,0.7300089285714287,1.0168522915846687,,,0.06804727086594903,0.048608981566852186,0.01848597915671911,1.4484209439375495,200
balanced,qwen3_8b,tier0,last,12,3,0.10463260966128458,0.5695036533131771,0.7283482142857143,0.9060866015842857,,,0.07071884935224403,0.04979360505087462,0.017501663904943725,1.3961075116215051,200
balanced,qwen3_8b,tier0,last,13,3,0.09533056323204304,0.5645313681027967,0.7250982142857143,0.6760700642006541,,,0.06425198118504753,0.046210375705019874,0.01585041791073697,1.3368743456298033,200
balanced,qwen3_8b,tier0,last,14,3,0.07814606753667563,0.5496296296296296,0.7275119047619047,0.8506625824892913,,,0.06003207500845456,0.04544628369748434,0.01589945021083443,1.2577244984094043,200
balanced,qwen3_8b,tier0,last,15,3,0.07092286830862364,0.5480284706475183,0.7230089285714285,0.4781284478229702,,,0.055541853150734115,0.0415772150654963,0.01427052733174089,1.1414780897481163,200
balanced,qwen3_8b,tier0,last,16,3,0.07375738910436258,0.5481027966742252,0.7245684523809524,0.5972834123473321,,,0.05490174659395231,0.043186006877335786,0.01504598223042766,1.1702220481481576,200
balanced,qwen3_8b,tier0,last,17,3,0.0762695886000419,0.549575459813555,0.7240505952380952,0.5718813544523098,,,0.05513633178719617,0.04248572500577781,0.015804787360181947,1.2795456481533471,200
balanced,qwen3_8b,tier0,last,18,3,0.07870523322582199,0.5492869740488788,0.7252142857142857,0.6510873284200648,,,0.05809501638058669,0.042413908275769095,0.01579255848898836,1.2815188902138497,200
balanced,qwen3_8b,tier0,last,19,3,0.07933020303334354,0.549400352733686,0.7250148809523809,0.6204046752739508,,,0.057850210880051434,0.04173635107451886,0.014034931404617302,1.1290576375033026,200
balanced,qwen3_8b,tier0,last,20,3,0.06812912720169613,0.5413290501385739,0.723264880952381,0.5008484227285253,,,0.054322020961552815,0.03816888535972454,0.01451231218176866,1.1694464923009913,200
balanced,qwen3_8b,tier0,last,21,3,0.07804670189777965,0.5478470647518265,0.7241458333333334,0.5625665109091611,,,0.05496633932209965,0.038580300677149515,0.015539314659894322,1.2576129229157573,200
balanced,qwen3_8b,tier0,last,22,3,0.0721454136051953,0.5455568153187201,0.723842261904762,0.5690340850114994,,,0.05349961282250909,0.03972791782096126,0.014619512641413498,1.1998828629438312,200
balanced,qwen3_8b,tier0,last,23,3,0.07456336802387703,0.544848828420257,0.7232113095238094,0.48430808160589467,,,0.059999675675828604,0.04026828174883109,0.01536827041255314,1.1958325269621541,200
balanced,qwen3_8b,tier0,last,24,3,0.08046369317445762,0.5511526832955405,0.7248124999999999,0.6068840116443251,,,0.056794142973142774,0.04039372735356409,0.015662859744716272,1.2797216487206238,200
balanced,qwen3_8b,tier0,last,25,3,0.07888294663242729,0.5472927689594356,0.7238898809523809,0.5698611296215677,,,0.061034979977981504,0.040692442985776664,0.01796166607134177,1.4481446346184454,200
balanced,qwen3_8b,tier0,last,26,3,0.09266577906343652,0.5577299067775258,0.7257529761904762,0.6972835682853818,,,0.06545212266860234,0.0461636515873228,0.016382729941882085,1.3325932914367193,200
balanced,qwen3_8b,tier0,last,27,3,0.09597819169879855,0.5565356512975561,0.7273511904761903,0.8198205590713746,,,0.06925297002262758,0.048838194403854764,0.015614849310541868,1.2591647280182183,200
balanced,qwen3_8b,tier0,last,28,4,0.096561055525465,0.5584794658604182,0.7265625,0.7695137294854303,,,0.07068404385069964,0.049053559367161964,0.015062045419886554,1.2493108270105748,200
balanced,qwen3_8b,tier0,last,29,4,0.0958286828270402,0.5575976316452507,0.727702380952381,0.8341343593031997,,,0.06713140291449392,0.047141181922977934,0.016509874733589624,1.3166436710224716,200
balanced,qwen3_8b,tier0,last,30,3,0.09840910020237419,0.564297052154195,0.7279791666666668,0.8743758169278909,,,0.06931758062839778,0.04757134734138521,0.017087014028159694,1.381695009048562,200
balanced,qwen3_8b,tier0,last,31,3,0.1023897885695548,0.5658969513731419,0.7294434523809525,0.9821980213216456,,,0.07188503646063622,0.050792265394583855,0.01670773824368181,1.3253991048290878,200
balanced,qwen3_8b,tier0,last,32,3,0.11087962381579698,0.5691282438901486,0.729014880952381,0.9608915443059735,,,0.06775186961669032,0.04522767536520112,0.016588357430842922,1.3835125802699177,200
balanced,qwen3_8b,tier0,last,33,4,0.10907073289563561,0.5666112370874274,0.7281994047619047,0.8952916054551037,,,0.07626954610192443,0.05223237294419633,0.016344509475921982,1.3215046373655126,200
balanced,qwen3_8b,tier0,last,34,4,0.1194731538383565,0.5719727891156462,0.7267916666666667,0.7863450740348341,,,0.06332251788299449,0.044855462289514765,0.01659422927691384,1.3447538150462695,200
balanced,qwen3_8b,tier0,last,35,4,0.12675667531927634,0.5784240362811791,0.7291488095238097,0.9659452350948066,,,0.06821044995004319,0.04655173813783096,0.01683681326426387,1.3830629266862913,200
balanced,qwen3_8b,tier0,last,36,5,0.10499713790462567,0.563896447467876,0.7251279761904763,0.650027474931926,,,0.06525935364348198,0.044961202523517894,0.015072091205906406,1.2505146289021811,200
balanced,qwen3_8b,tier0,mean,0,3,0.18570333162192912,0.6582426303854875,0.7800833333333332,5.0411819990788835,,,0.13091574843809115,0.11487568468226463,0.03494969457368191,2.884644820344518,200
balanced,qwen3_8b,tier0,mean,1,3,0.22264413974665928,0.7033585285966236,0.7941666666666667,6.20681028615213,,,0.1163269202222025,0.09466455345082324,0.03213205285788131,2.7382083191061457,200
balanced,qwen3_8b,tier0,mean,2,3,0.19854105351655404,0.6728458049886622,0.7945446428571428,6.22775939042564,,,0.1283979931933548,0.10850694872863893,0.035278480793944134,2.939714254058784,200
balanced,qwen3_8b,tier0,mean,3,3,0.11279970504954998,0.5873708742756362,0.7748571428571429,4.716240495834633,,,0.09638470904023878,0.07797897330029989,0.03313681655064516,2.830667042462269,200
balanced,qwen3_8b,tier0,mean,4,3,0.08819774147694329,0.5628634416729654,0.7692351190476191,4.181314164229715,,,0.07936042524025884,0.06426667923081197,0.028569976246570317,2.3163100348723047,200
balanced,qwen3_8b,tier0,mean,5,3,0.09752763919488619,0.5717687074829932,0.7598125,3.4838308238295137,,,0.08199916190434728,0.06608420143678022,0.028142739901606973,2.3081908542955385,200
balanced,qwen3_8b,tier0,mean,6,3,0.09475412561075643,0.5715658856135046,0.7620446428571428,3.5786933296031385,,,0.0745771316297256,0.06509478863222075,0.02722373194986949,2.163807165807259,200
balanced,qwen3_8b,tier0,mean,7,3,0.12821790420216064,0.596082136558327,0.7700803571428572,4.2153735926511775,,,0.10487768001970249,0.08678510086206119,0.03457464840029423,2.8565552653184283,200
balanced,qwen3_8b,tier0,mean,8,3,0.1200022151583892,0.5928634416729655,0.76875,4.205575930225186,,,0.09426131832420216,0.07679492666513733,0.03182231039342542,2.634473913689323,200
balanced,qwen3_8b,tier0,mean,9,4,0.10842032110153639,0.583039808515999,0.7673392857142858,4.093233162445025,,,0.09204533447225373,0.0785577633963761,0.029646640488149082,2.5370724630023047,200
balanced,qwen3_8b,tier0,mean,10,4,0.15744587236923793,0.615928445452255,0.7643125000000001,3.8640873793818273,,,0.11094530222975532,0.08730629378078994,0.025206158020214486,2.1343201066651063,200
balanced,qwen3_8b,tier0,mean,11,3,0.13526784502104125,0.5996094734189973,0.7613065476190477,3.593120150696799,,,0.09841828339076844,0.07666227125932168,0.02617312043310431,2.251284242564456,200
balanced,qwen3_8b,tier0,mean,12,3,0.10920124553818439,0.5751486520534139,0.7596636904761905,3.489901755790644,,,0.08644913429821646,0.07172271914367766,0.025177092260671826,2.151670562953625,200
balanced,qwen3_8b,tier0,mean,13,3,0.0810197238158575,0.5528143109095489,0.7611845238095237,3.58476779926772,,,0.0602833133765189,0.05309687326339009,0.026158434810490752,2.1606234594700364,200
balanced,qwen3_8b,tier0,mean,14,4,0.07079658928462285,0.5449004787100025,0.7621964285714286,3.684626707387862,,,0.05170968736259119,0.04335521072976766,0.02745732039051173,2.2778332544887467,200
balanced,qwen3_8b,tier0,mean,15,4,0.07095017554609978,0.5441055681531872,0.7624940476190477,3.6873972821299486,,,0.05160902696336265,0.04336890682138012,0.02619886161757204,2.122161424364919,200
balanced,qwen3_8b,tier0,mean,16,4,0.06930848711045814,0.5403754094230284,0.7629761904761904,3.7867457970693383,,,0.05375770901096139,0.04325965626010048,0.02747318833148978,2.353404378986989,200
balanced,qwen3_8b,tier0,mean,17,5,0.06576988579253122,0.5411539430587049,0.7575892857142857,3.2634983797922064,,,0.05112708121192004,0.04075807488451999,0.027984595368663927,2.2627620772658568,200
balanced,qwen3_8b,tier0,mean,18,4,0.0672611661998827,0.5411803980851599,0.7555892857142856,3.105599596472576,,,0.049063286568869706,0.04090843568936174,0.02633542075490475,2.172615176878474,200
balanced,qwen3_8b,tier0,mean,19,5,0.06625332068399184,0.5418405139833712,0.7563095238095238,3.2460782847522465,,,0.052884694766276275,0.03921678607746203,0.02851929767957224,2.3727263544791084,200
balanced,qwen3_8b,tier0,mean,20,4,0.06808734060954316,0.5413114134542706,0.7558333333333335,3.1041206616101795,,,0.05235011615929843,0.04186808333235106,0.027197756718552034,2.1754307748147648,200
balanced,qwen3_8b,tier0,mean,21,5,0.06674284005839057,0.5386911060720584,0.7564047619047619,3.1790969546486836,,,0.05191022360921769,0.03993031999635072,0.02734296277616391,2.243484191173075,200
balanced,qwen3_8b,tier0,mean,22,5,0.06866071236587513,0.5395981355505165,0.7597886904761906,3.3986878279634256,,,0.052406030962624486,0.03982794412154181,0.0288536223824497,2.355177577338123,200
balanced,qwen3_8b,tier0,mean,23,4,0.06868456360037786,0.5403174603174604,0.7691934523809525,4.1958003194634985,,,0.05274186394522776,0.04096064058198119,0.02927158592007064,2.4503375881319798,200
balanced,qwen3_8b,tier0,mean,24,3,0.07564283922159913,0.5502166792642984,0.7718273809523809,4.434048414549054,,,0.06182935160311864,0.05181450086757569,0.03195996856099051,2.6661082703330337,200
balanced,qwen3_8b,tier0,mean,25,3,0.07840018110195118,0.5501675485008818,0.7605446428571428,3.5631501288670564,,,0.060061831359312985,0.05524787366913979,0.028913280883308197,2.490416980579514,200
balanced,qwen3_8b,tier0,mean,26,3,0.09761945895662677,0.5674086671705719,0.7629434523809525,3.6903891379316036,,,0.07897207461445711,0.06956483508098148,0.030870254915283425,2.5603315523569723,200
balanced,qwen3_8b,tier0,mean,27,3,0.10106731687999479,0.5758553791887124,0.7592946428571429,3.435863817485999,,,0.0809888122124801,0.07353216984453355,0.02892757184609517,2.406910450000136,200
balanced,qwen3_8b,tier0,mean,28,3,0.10942002996035548,0.583618039808516,0.7583303571428571,3.301116751170779,,,0.08723122568623891,0.07827056682100902,0.028084421943161297,2.287626143598611,200
balanced,qwen3_8b,tier0,mean,29,3,0.10639651667876357,0.5828369866465105,0.7575476190476192,3.291697946280051,,,0.08437652518347047,0.07705367387078017,0.03052479151157952,2.4974239481258422,200
balanced,qwen3_8b,tier0,mean,30,3,0.12757687883044067,0.5981027966742252,0.7578065476190478,3.29988623144249,,,0.10044375841560135,0.08422337232457176,0.03262465071250284,2.667997289941894,200
balanced,qwen3_8b,tier0,mean,31,3,0.11985635086169644,0.5916414714033762,0.7533571428571428,2.956151607203278,,,0.09564941814404382,0.08252017789197201,0.028626561389849158,2.3297857780849602,200
balanced,qwen3_8b,tier0,mean,32,3,0.11517678933579263,0.5920546737213404,0.7588869047619048,3.4071109060936635,,,0.09052409729771747,0.08129810962211485,0.029548671247717196,2.480759220348029,200
balanced,qwen3_8b,tier0,mean,33,3,0.10731643204002088,0.5841055681531873,0.7595386904761904,3.4270490453490776,,,0.08582504407699398,0.07521686896594684,0.03098535546104083,2.5654285631835276,200
balanced,qwen3_8b,tier0,mean,34,3,0.10287132742046434,0.5783887629125724,0.7650803571428572,3.819103944874789,,,0.07470667708550234,0.06498479919965651,0.029138912785274314,2.3576465768325248,200
balanced,qwen3_8b,tier0,mean,35,3,0.09811883042752922,0.5726203073822121,0.7622976190476192,3.672550134110255,,,0.0729913845555873,0.0608145899866477,0.030332415232424203,2.4951402920698347,200
balanced,qwen3_8b,tier0,mean,36,3,0.08407542302858934,0.56427059712774,0.7628184523809522,3.7377034266774074,,,0.0699545073610076,0.06185898019497763,0.027085418385202648,2.290436250333947,200
balanced,random,maximal,last,0,24,0.066429578174619,0.5392340639959687,0.7343482142857143,1.3677868447277932,,,0.0493680482165842,0.03695083714163383,0.017539112178069277,1.3629419018442481,200
balanced,random,maximal,last,1,3,0.09335245506532348,0.564050138573948,0.7308095238095238,1.1045334432997764,,,0.07121626546253654,0.05551472180863905,0.018844925996874186,1.499768154893392,200
balanced,random,maximal,last,2,3,0.11244370776826688,0.5838813303099019,0.7343244047619046,1.4271375276459672,,,0.07495720330845941,0.05940038841431894,0.018314507718100136,1.5447941491829074,200
balanced,random,maximal,last,3,3,0.12837060224905833,0.593689846308894,0.7372053571428572,1.6010773249513033,,,0.09274073412321782,0.07194925494843661,0.02214373698168791,1.7715671963873256,200
balanced,random,maximal,last,4,3,0.12826419522719368,0.5968241370622323,0.7370267857142856,1.6065104694028653,,,0.09110293048784068,0.07402022017900663,0.01985083774763373,1.630373990308062,200
balanced,random,maximal,last,5,3,0.13041590761196498,0.6008893927941547,0.7371636904761906,1.6248961510099382,,,0.08736651782278206,0.0756197685867012,0.020883831443139576,1.7255035988962735,200
balanced,random,maximal,last,6,3,0.13330469047033236,0.6030057949105568,0.7383154761904761,1.6671564380563908,,,0.09751484495230213,0.0768059702110455,0.02120512719173566,1.6626244883494083,200
balanced,random,maximal,last,7,3,0.12737123859205013,0.602658100277148,0.7383988095238095,1.7025357427277812,,,0.09403577202381806,0.07828510808914038,0.020590505752753993,1.6907461524330363,200
balanced,random,maximal,last,8,3,0.13652361611585456,0.6089077853363567,0.737720238095238,1.6549179814135886,,,0.09564609659346189,0.07833577496390669,0.0190162790909487,1.5532585203306772,200
balanced,random,maximal,last,9,3,0.13920092979958404,0.6104522549760645,0.7386488095238096,1.6870611936336315,,,0.09537447488800577,0.07731490425645958,0.022767254893995535,1.803990048863604,200
balanced,random,maximal,last,10,3,0.15844915804213006,0.6279843789367598,0.7425892857142858,2.021720709538898,,,0.09706310249513943,0.0747690819215327,0.023546068458505084,1.8935458022432539,200
balanced,random,maximal,last,11,3,0.15218360543818424,0.6219085411942554,0.7396160714285714,1.7901491640482572,,,0.09707553162047253,0.07801052814073978,0.022540016812822822,1.834624713307064,200
balanced,random,maximal,last,12,3,0.15012393476974992,0.6222965482489292,0.7416309523809526,1.9528353791246604,,,0.09542987011621978,0.0765344822535425,0.0222362374313201,1.7944489336906297,200
balanced,random,maximal,last,13,3,0.16156858566911686,0.6263567649281936,0.7414107142857143,1.9335895206664184,,,0.09699248486920312,0.07748721605182225,0.022340984290796874,1.8523904155615796,200
balanced,random,maximal,last,14,3,0.16980487904318586,0.6348576467624086,0.7405208333333334,1.8835211139369579,,,0.0969328837088558,0.07452360137308775,0.022474155090636494,1.8203456466030707,200
balanced,random,maximal,last,15,3,0.16896067405850757,0.6331708238851096,0.7442142857142856,2.176212765109408,,,0.10029586412655965,0.07750466461244865,0.02403628327824832,1.9487649465505017,200
balanced,random,maximal,last,16,3,0.18141535419918106,0.6428004535147391,0.7477797619047619,2.4598212754994533,,,0.10307760585943752,0.08042268818046733,0.02418174157431374,1.9426543562383518,200
balanced,random,maximal,last,17,3,0.16944432754490962,0.6309460821365583,0.7440148809523809,2.1588738747428304,,,0.10136814033094715,0.08300963084759995,0.023746956295895294,1.8916098631758362,200
balanced,random,maximal,last,18,3,0.16702432875719858,0.6307155454774502,0.7426249999999999,2.0868325131970225,,,0.10674177432710408,0.08016613887889418,0.02277863423739643,1.8949990581995477,200
balanced,random,maximal,last,19,3,0.1866118349443381,0.6452670697908794,0.7459464285714286,2.318029629499057,,,0.10350003756107803,0.08110988075578526,0.022911594212896166,1.8273330286739353,200
balanced,random,maximal,last,20,3,0.17965504114368921,0.6402078609221468,0.7480357142857144,2.4973561603941152,,,0.0956214595476224,0.07610614735685793,0.0236958596419783,2.0140313701529475,200
balanced,random,maximal,last,21,3,0.19061084649676308,0.6455165028974552,0.7463511904761905,2.319789867702144,,,0.10303297276116256,0.08054857975702859,0.023401587944211353,1.9257254929178818,200
balanced,random,maximal,last,22,3,0.17763307725349275,0.6378042328042328,0.7425059523809523,2.0149694081087155,,,0.09712021752561217,0.07665908712681745,0.021887786998031615,1.7464738596843492,200
balanced,random,maximal,last,23,3,0.18773057770661403,0.6444053917863443,0.7456309523809524,2.2460028247923627,,,0.10601550131134857,0.07985846033502125,0.02270858219298201,1.833598115383502,200
balanced,random,maximal,last,24,3,0.19410969408425668,0.6510456034265556,0.7466666666666667,2.393419061862298,,,0.09605993102571046,0.07588858473755344,0.02316738240953756,1.9858630631030754,200
balanced,random,maximal,last,25,3,0.18835119225196464,0.6480839002267573,0.7471607142857143,2.4057735160082125,,,0.09912460580868888,0.07569009556892947,0.022215678865874337,1.8272316491660283,200
balanced,random,maximal,last,26,3,0.1775330060507045,0.6388284202569917,0.7459404761904761,2.3287230720148067,,,0.09686767698740552,0.07391812773468598,0.02245418931767149,1.8325385452810061,200
balanced,random,maximal,last,27,3,0.18515780762735012,0.6446157722348198,0.7465892857142856,2.319978760666854,,,0.1019295906957997,0.0769940779134043,0.023525140186723418,1.8658562346867178,200
balanced,random,maximal,last,28,3,0.17970839176550954,0.6401889644746787,0.7455982142857143,2.3064241336975964,,,0.10417471341444662,0.08193849105924349,0.023858201542128657,1.9720813026497042,200
balanced,random,maximal,last,29,3,0.18575896623558016,0.6441118669690098,0.7470625000000001,2.359296133142113,,,0.10546902317910739,0.07954933463983778,0.024526993371400074,1.9438730003191933,200
balanced,random,maximal,last,30,3,0.17484521060992983,0.6361917359536408,0.744797619047619,2.2305921801217816,,,0.10112199751732513,0.08214284645887471,0.02377245924581856,1.949413401085508,200
balanced,random,maximal,last,31,3,0.1834668467863197,0.6428508440413202,0.7480089285714285,2.4343693526768027,,,0.1062987797407995,0.08300643611778016,0.024777967939762998,1.9308262809539278,200
balanced,random,maximal,last,32,3,0.19680277481685948,0.6543638196019148,0.7514375000000001,2.831922302404495,,,0.10620433071472707,0.08072455847822539,0.025736410063054122,2.1612401408456163,200
balanced,random,maximal,last,33,3,0.17665744641873135,0.6380297304106829,0.7459880952380954,2.3509398423451295,,,0.09840712879132232,0.0776219547890075,0.02210195595227037,1.8490006904876872,200
balanced,random,maximal,last,34,3,0.19637007441546003,0.6535197782816831,0.7478184523809525,2.4433857342850467,,,0.10334682339881675,0.080587650309248,0.024215093215629174,1.941056506692347,200
balanced,random,maximal,last,35,3,0.19328512687469854,0.647761400856639,0.7480505952380954,2.5003105942106774,,,0.10661635194842843,0.0806241826373694,0.026586357166802556,2.206891349830472,200
balanced,random,maximal,last,36,3,0.19383523411402195,0.646986646510456,0.7468839285714286,2.380542740867148,,,0.10755194281880515,0.08032874179144225,0.024019533450382345,1.936196180228007,200
balanced,random,maximal,mean,0,3,0.2310104265559213,0.6849181153943058,0.7747410714285714,4.581492724939194,,,0.13175866975925438,0.09569663045625162,0.03005118799436138,2.5419471376011624,200
balanced,random,maximal,mean,1,3,0.27814058893952304,0.7147291509196272,0.7902321428571429,5.785455507008656,,,0.14016225407790334,0.10602417137678942,0.03413321688885193,2.7476501124470114,200
balanced,random,maximal,mean,2,3,0.3240360842642785,0.7556122448979592,0.800514880952381,6.565162619316327,,,0.11582239874320081,0.08286288287226332,0.030073527943675397,2.401415475413115,200
balanced,random,maximal,mean,3,3,0.29432377968846324,0.7374603174603175,0.7948095238095241,6.227186177935896,,,0.11686934326491914,0.08624974540233094,0.032174376080826746,2.606724591310591,200
balanced,random,maximal,mean,4,3,0.2915579851320587,0.7307042076089695,0.7955357142857143,6.227275425324994,,,0.11433846711283796,0.0871899651960231,0.02799283952416851,2.315511619240542,200
balanced,random,maximal,mean,5,4,0.2580266486398933,0.7029755605946082,0.7907053571428571,5.7928531813320046,,,0.12643974260065863,0.09756585463627165,0.028035125202334022,2.2512423299683975,200
balanced,random,maximal,mean,6,4,0.23786284644048986,0.684119425547997,0.7869047619047619,5.58758854062203,,,0.128092477838116,0.10330743640019291,0.028119755746899837,2.2898004194807005,200
balanced,random,maximal,mean,7,4,0.22777202437702354,0.6738901486520534,0.7850297619047619,5.459880172830424,,,0.12989042299161066,0.1035055734137937,0.028429505523259672,2.2632175252989355,200
balanced,random,maximal,mean,8,4,0.20052790886299207,0.6495124716553288,0.7833065476190477,5.314469105967024,,,0.12959761608479387,0.10478759913587206,0.029964092828853046,2.520598728203944,200
balanced,random,maximal,mean,9,4,0.20312407026944204,0.650532879818594,0.7860208333333333,5.545234728171016,,,0.12426253509443178,0.100916922703123,0.02791679215501292,2.290261566679649,200
balanced,random,maximal,mean,10,4,0.19856569916956615,0.6475296044343664,0.7853125,5.42115059654662,,,0.11739390151282697,0.09585365086051942,0.027002426083315562,2.2881341863110087,200
balanced,random,maximal,mean,11,4,0.19020814625327398,0.6381531872008063,0.7875416666666666,5.636081260650326,,,0.12566185371969257,0.09948922660268686,0.026050458379896523,2.2458031618940333,200
balanced,random,maximal,mean,12,4,0.19315361131723974,0.6413807004283195,0.7867946428571428,5.57355919516886,,,0.1151404262616443,0.09023407703860165,0.026984584332462945,2.2616659253438556,200
balanced,random,maximal,mean,13,4,0.19180157780475393,0.6394658604182414,0.7857916666666667,5.430985424736102,,,0.11722251260605458,0.09342628819960498,0.023237954204050948,2.0456523618918334,200
balanced,random,maximal,mean,14,4,0.20050816461537124,0.6456437389770723,0.7880238095238096,5.695049171943647,,,0.11837116361373576,0.09342773817206106,0.025892211267259317,2.203776156334388,200
balanced,random,maximal,mean,15,4,0.19433724099922642,0.6391975308641975,0.786967261904762,5.541388303847619,,,0.11211165266567996,0.08866534060851824,0.026050178710906795,2.121462656902909,200
balanced,random,maximal,mean,16,4,0.18724761841580012,0.6357407407407407,0.7863720238095238,5.479331167636298,,,0.1138625796563118,0.09116758667179103,0.024483930640790005,2.0936573777868412,200
balanced,random,maximal,mean,17,4,0.18365958902801832,0.6344746787603931,0.785782738095238,5.520331851641222,,,0.11327988738614383,0.08981146509342552,0.02602308367583352,2.16283259622091,200
balanced,random,maximal,mean,18,4,0.19312859762289705,0.6403968253968253,0.7879255952380952,5.629905599814629,,,0.11520830458472314,0.09067589556793541,0.025268567176910443,2.0535095234548515,200
balanced,random,maximal,mean,19,4,0.185279732056921,0.6351864449483497,0.7854285714285716,5.442669120829508,,,0.10795543920882457,0.08835420670885823,0.024864710465449066,2.060736365701409,200
balanced,random,maximal,mean,20,4,0.19655385979669945,0.6442630385487529,0.7859345238095239,5.464331094974242,,,0.10897406596091884,0.08964559427351097,0.026231725498316875,2.112119311614015,200
balanced,random,maximal,mean,21,4,0.19751314352773716,0.6438032249937012,0.7861279761904761,5.484752857731673,,,0.10333247749649985,0.0847367984876951,0.02543117389454844,2.1344847819237156,200
balanced,random,maximal,mean,22,5,0.1980231013051251,0.6437226001511717,0.7861785714285715,5.504413590567789,,,0.11174941975598734,0.09045459924806656,0.026258175489651814,2.174788563698351,200
balanced,random,maximal,mean,23,5,0.2010931114694592,0.6459586797682035,0.7862738095238094,5.511099967259254,,,0.11560947560588952,0.09096360809625341,0.024212778550276235,2.005757968377057,200
balanced,random,maximal,mean,24,5,0.21041865864150364,0.6525422020660117,0.7888303571428571,5.664587878018184,,,0.11472105033175099,0.09315937491209529,0.023681499368581046,1.9100293185328803,200
balanced,random,maximal,mean,25,5,0.2007562623647389,0.6467409926933736,0.785922619047619,5.465980547623081,,,0.11474678850664774,0.09279212557042142,0.0251285491790421,2.1299884444506976,200
balanced,random,maximal,mean,26,5,0.20709051205523665,0.6496019148400101,0.7860863095238095,5.536472487580993,,,0.10949253516502444,0.08955762468678462,0.02425457836453062,2.041308636146685,200
balanced,random,maximal,mean,27,5,0.20556432053241974,0.6459674981103553,0.7859970238095237,5.4680109653848294,,,0.11695328429443078,0.09479312285358983,0.02595681328877405,2.154298659067035,200
balanced,random,maximal,mean,28,5,0.2085109854470341,0.6518014613252708,0.7871250000000001,5.55968395873457,,,0.11358561800290969,0.09011357043516711,0.024725484749311497,2.079932696924294,200
balanced,random,maximal,mean,29,5,0.20656801424245536,0.6482552280171328,0.7853988095238094,5.4679735164572945,,,0.11581775389195408,0.09334100700883957,0.02571462397815431,2.227986651731009,200
balanced,random,maximal,mean,30,5,0.215165267376942,0.6555102040816326,0.78525,5.456682431063303,,,0.11388479958720495,0.0904140129369089,0.026723682139159457,2.191326772471766,200
balanced,random,maximal,mean,31,5,0.2141581766291181,0.6537553539934493,0.7876934523809525,5.602213816872769,,,0.11535101688564652,0.09185412606491902,0.025080435900354955,1.9840293384028191,200
balanced,random,maximal,mean,32,5,0.2095982264477297,0.6518253968253969,0.7895922619047618,5.8209087351365065,,,0.11487239541040407,0.09198494434193079,0.025626916823114784,2.248007484332004,200
balanced,random,maximal,mean,33,5,0.211013188091742,0.6517498110355254,0.788169642857143,5.7714704890413975,,,0.11661755485634791,0.094212603576876,0.02306790981785113,1.9773434593207337,200
balanced,random,maximal,mean,34,5,0.20536327089344264,0.6472058453010834,0.7886160714285715,5.740083163884854,,,0.11706686779657388,0.09541260332189393,0.023973611477304358,2.015458078703329,200
balanced,random,maximal,mean,35,5,0.20340567927037012,0.6469060216679264,0.7864375,5.521911336348519,,,0.11648142368545658,0.09229375562133399,0.023450483176478853,1.9361460570376277,200
balanced,random,maximal,mean,36,5,0.20376889451097377,0.6468568909045099,0.7840327380952381,5.31874365618972,,,0.1112561865958345,0.08923209893124628,0.024893582854478118,2.0419642642717366,200
balanced,random,tier0,last,0,15,0.06714751403764815,0.5402859662383471,0.7248303571428572,0.6195746821532989,,,0.05376813512130198,0.03889984567296404,0.015881748558877733,1.286115586625598,200
balanced,random,tier0,last,1,4,0.08730276951672977,0.559148400100781,0.7321636904761906,1.2175815498082774,,,0.06428949497985186,0.050126913389124624,0.018038206795787565,1.4606257518637067,200
balanced,random,tier0,last,2,4,0.1120496584921625,0.5820685311161502,0.7343690476190478,1.3707537813390795,,,0.07469807862485317,0.05788423368379249,0.019665322650950497,1.5449004972093097,200
balanced,random,tier0,last,3,3,0.11016055614503856,0.5781834215167548,0.7336964285714285,1.3139531822188395,,,0.07279050980626924,0.05685221355561834,0.018257980386371213,1.4379458356191253,200
balanced,random,tier0,last,4,3,0.11341898666513033,0.5827702191987907,0.733482142857143,1.310660796735724,,,0.07813726800522022,0.05808424916264669,0.018620656481153287,1.5355666809302815,200
balanced,random,tier0,last,5,3,0.11445917097302388,0.5832300327538423,0.7335357142857143,1.3434766973868835,,,0.07751699726466434,0.05767107951843698,0.018820487311182608,1.5912407167451008,200
balanced,random,tier0,last,6,3,0.11218186491773548,0.5803514739229025,0.7363660714285715,1.5558542128357287,,,0.08138288697020372,0.061814950948962104,0.021101555465645835,1.7156671171851836,200
balanced,random,tier0,last,7,3,0.1193508485918178,0.5884479717813051,0.7365238095238095,1.5658175822950977,,,0.0933403639997349,0.06951993977830821,0.020489080936970386,1.6560334898088538,200
balanced,random,tier0,last,8,3,0.1250211143575454,0.5930221718316957,0.7363452380952381,1.5259728751081219,,,0.08580399895749717,0.06693371861571983,0.01998153555256825,1.6045424690666998,200
balanced,random,tier0,last,9,3,0.11610519778923166,0.5831708238851095,0.733764880952381,1.3453684497965628,,,0.07826947323610121,0.061171831329320886,0.018764349903742757,1.5152689932485515,200
balanced,random,tier0,last,10,3,0.115717704383699,0.58572940287226,0.7348720238095237,1.4620320722251483,,,0.08154432611383974,0.06361242795222034,0.019463946908002204,1.5939446889098823,200
balanced,random,tier0,last,11,3,0.12339529212271151,0.5961211892164273,0.7381845238095238,1.7043858320618859,,,0.09350411872849665,0.07283839280342437,0.020577919879439372,1.6883023260026186,200
balanced,random,tier0,last,12,3,0.11879368627934882,0.5880599647266314,0.7364345238095238,1.5563700385317905,,,0.08827633362128486,0.07098653981865805,0.021492430475489845,1.7609189398400285,200
balanced,random,tier0,last,13,3,0.11462276803528262,0.581307634164777,0.7350833333333333,1.400286779790552,,,0.08431485126407418,0.07097902588324512,0.01997559451974418,1.5825057303002859,200
balanced,random,tier0,last,14,3,0.1369211383150186,0.6040891912320484,0.7375,1.609019801192272,,,0.10311165699433074,0.07835739971099581,0.02315705705358995,1.8493736807496661,200
balanced,random,tier0,last,15,3,0.1263495235373722,0.5965268329554044,0.7367648809523808,1.5752626360767825,,,0.08818606796598177,0.06894037626672124,0.0190443614680914,1.5703458397130379,200
balanced,random,tier0,last,16,3,0.13279064006735367,0.5995767195767197,0.7365595238095238,1.5845786126085102,,,0.0875229637519094,0.06974446712321954,0.020596903318311096,1.6845741173371602,200
balanced,random,tier0,last,17,3,0.13924183603416648,0.609920634920635,0.7368898809523811,1.608133215754801,,,0.09073551992400626,0.07029962225452094,0.019111633271117433,1.5501758742084744,200
balanced,random,tier0,last,18,3,0.1307455416598561,0.5996699420508945,0.7388571428571429,1.744159365685047,,,0.09361574873295522,0.07322551601794407,0.019800965413143797,1.5950292619238011,200
balanced,random,tier0,last,19,3,0.1314853190245857,0.5979264298311917,0.7387708333333333,1.7763630463493172,,,0.09075783584581645,0.07162932312550921,0.02034118330648007,1.6657499922336405,200
balanced,random,tier0,last,20,3,0.1334477680286746,0.6018720080624843,0.7356488095238095,1.4664036665052174,,,0.0953032362841321,0.07452910967007634,0.02084946569270307,1.6734720137761006,200
balanced,random,tier0,last,21,3,0.12968366609611554,0.6030549256739732,0.7391875,1.7790665968954316,,,0.08468067118811286,0.0654796242860311,0.021912829898444508,1.7629791828376422,200
balanced,random,tier0,last,22,3,0.12773548916634245,0.60236079617032,0.7390505952380951,1.7886185584663548,,,0.08854307204803848,0.07036052210401572,0.020249812565620053,1.6820804273389942,200
balanced,random,tier0,last,23,3,0.14319218546816137,0.60977450239355,0.7378125,1.6565829242826302,,,0.0940534851432352,0.07604955440783537,0.020553730666642817,1.650796147958345,200
balanced,random,tier0,last,24,3,0.14647363919731102,0.6142995716805241,0.7401785714285714,1.8166021021889351,,,0.09843574277576628,0.0745670496573033,0.023362848800641427,1.9265005227961962,200
balanced,random,tier0,last,25,3,0.14223386681034064,0.6127236079617032,0.7392886904761905,1.761496904502534,,,0.09163147907536884,0.0730828470941661,0.02157822227423844,1.7367481791214885,200
balanced,random,tier0,last,26,3,0.14161289617114942,0.6102796674225246,0.7382499999999999,1.7223933920998018,,,0.09084833348475997,0.06923184320313815,0.02180832810197001,1.8067654495186196,200
balanced,random,tier0,last,27,3,0.1460000007908456,0.6103451751070799,0.7404523809523809,1.8533384149705388,,,0.09553695248057525,0.07780830416960645,0.021102163487540213,1.7241134766843784,200
balanced,random,tier0,last,28,3,0.14936828844203753,0.614819853867473,0.7380714285714285,1.6964502751494097,,,0.10297796873765448,0.07760532984447173,0.022482974157885048,1.8423977267867424,200
balanced,random,tier0,last,29,3,0.13726126086956275,0.6082753842277652,0.7374017857142857,1.5985168309803788,,,0.09166123849275813,0.07284475462291481,0.021328368355264454,1.6610766239637094,200
balanced,random,tier0,last,30,3,0.14502607398174303,0.6137188208616781,0.7402232142857144,1.8277349660432187,,,0.09054039763846237,0.07318952405402304,0.022242354980708957,1.768037430073287,200
balanced,random,tier0,last,31,3,0.13303930698712896,0.601410934744268,0.7385416666666668,1.6899137450052057,,,0.09276742641681761,0.07284867384806724,0.020431130341176447,1.6062212746469844,200
balanced,random,tier0,last,32,3,0.1552426798212514,0.617164273116654,0.7416190476190476,1.9724525130378872,,,0.10375539759608206,0.07943258171286935,0.023475737704510478,1.9349986428900565,200
balanced,random,tier0,last,33,3,0.14735321157300943,0.6149395313681029,0.740547619047619,1.898624787427642,,,0.0993421636649098,0.07935959699637397,0.024281232079375985,1.9785538319627185,200
balanced,random,tier0,last,34,3,0.13802350424253074,0.6089430587049635,0.7381220238095239,1.7132857654591194,,,0.0918250714736119,0.07194176170792732,0.022082474753878225,1.7700983992703443,200
balanced,random,tier0,last,35,3,0.15076490560729647,0.6168342151675484,0.7417351190476191,1.9414924885854137,,,0.09904057503360843,0.07821895713437889,0.021519250720532287,1.754483805592273,200
balanced,random,tier0,last,36,3,0.1515516846541832,0.6204698916603679,0.7399017857142858,1.8480452909956693,,,0.09493103484171149,0.07552727178596232,0.022851436035781034,1.8920475941277082,200
balanced,random,tier0,mean,0,3,0.22829731883220952,0.6891748551272362,0.7841071428571428,5.293511743798508,,,0.1353984393189491,0.11593812855998684,0.035217728589866194,2.767828974611963,200
balanced,random,tier0,mean,1,3,0.2073779351322646,0.6671554547745023,0.7790684523809525,4.957985604539992,,,0.13660821566576675,0.11032177996754151,0.034668507190275075,2.8619664425562483,200
balanced,random,tier0,mean,2,3,0.2082641874918368,0.67096875787352,0.7865416666666667,5.44544493952549,,,0.1329823763456947,0.11098504882043658,0.036596629829935126,2.9025100121535816,200
balanced,random,tier0,mean,3,3,0.2083558789811503,0.6663366087175611,0.7842589285714285,5.353853363098974,,,0.12673213254127874,0.10399956287857381,0.03536013382711584,2.8391505991887374,200
balanced,random,tier0,mean,4,3,0.21316190295000897,0.6668946837994457,0.7860624999999999,5.523466273445106,,,0.1298661496918313,0.1069497515357842,0.03605302048271227,3.0643315284756265,200
balanced,random,tier0,mean,5,3,0.1904072436080306,0.6509057697152935,0.7875922619047618,5.608770456995057,,,0.1306625859170292,0.11231182981341468,0.03558653229558663,2.9048008639582816,200
balanced,random,tier0,mean,6,3,0.20154201935900623,0.6614147140337617,0.7907559523809524,5.901472076284917,,,0.1352006962890978,0.11648393706934566,0.03532550843514944,2.9081787348330694,200
balanced,random,tier0,mean,7,3,0.19969192550823878,0.6603880070546737,0.7882023809523809,5.6137587430226015,,,0.13305150286172757,0.11174088861728831,0.03567983258809855,2.834122162548622,200
balanced,random,tier0,mean,8,3,0.21403931556623795,0.6716490299823633,0.7900654761904762,5.847427293951969,,,0.12948329186130225,0.11034101074984884,0.0370180380396655,3.0667240114840686,200
balanced,random,tier0,mean,9,3,0.20586897399763104,0.6650377928949358,0.7898095238095237,5.786249640176955,,,0.13011850839828148,0.1053615177987929,0.036879386437289455,2.998060959834798,200
balanced,random,tier0,mean,10,3,0.18710190037094676,0.6572285210380449,0.7877886904761905,5.762710749835488,,,0.1233760207212969,0.10096833141035436,0.03527060605622094,3.02998085000611,200
balanced,random,tier0,mean,11,3,0.1919596548544422,0.6546283698664651,0.7849791666666667,5.427171255183646,,,0.12293671709244389,0.101642692195128,0.0329813998753984,2.6748440875247956,200
balanced,random,tier0,mean,12,3,0.19449479271808656,0.6558377425044091,0.7866636904761906,5.595004727507835,,,0.1320025689599206,0.10875172541225163,0.03666348246358644,3.092146323027611,200
balanced,random,tier0,mean,13,3,0.19844142449674376,0.65797052154195,0.7874434523809524,5.638543345677567,,,0.1286476328783691,0.10931231744733665,0.03460149293220966,2.8187176988989635,200
balanced,random,tier0,mean,14,3,0.18996466358210085,0.6515797430083146,0.786875,5.510994939639086,,,0.12680198018436226,0.10179818538947948,0.033862443389083896,2.722703686883621,200
balanced,random,tier0,mean,15,3,0.19516519570169655,0.6554446963970775,0.7864345238095238,5.588066306859527,,,0.1285530342434266,0.10580554807541409,0.03331092943952054,2.7750554644426684,200
balanced,random,tier0,mean,16,3,0.18751317789954705,0.6527021919879062,0.7878035714285716,5.683632196827696,,,0.12535334300675754,0.10393900096234948,0.03415857658907697,2.7686275315450097,200
balanced,random,tier0,mean,17,3,0.19120399919910583,0.6522738725119678,0.7881041666666667,5.6116718298905734,,,0.12499277805313022,0.10560090176205547,0.03462231828048318,2.7673402424039826,200
balanced,random,tier0,mean,18,3,0.18568563765149493,0.6506664147140337,0.7852321428571429,5.4560927155947,,,0.11550636687132418,0.09764412178994646,0.03291706438664402,2.7850971988503748,200
balanced,random,tier0,mean,19,3,0.18109843632311326,0.641331569664903,0.7852767857142857,5.467599567504846,,,0.11615798645048314,0.09974103297777026,0.031868342614318056,2.6320480813234144,200
balanced,random,tier0,mean,20,4,0.1892727364002278,0.6499508692365835,0.786327380952381,5.506569950413928,,,0.11930662116952626,0.10340532515377242,0.0336690634249915,2.7739828713849075,200
balanced,random,tier0,mean,21,4,0.16952196276955372,0.6408868732678257,0.7833333333333334,5.269577371685954,,,0.11560643097212635,0.09915334824199364,0.03171680822586475,2.6068669245477025,200
balanced,random,tier0,mean,22,4,0.17105623509226917,0.6415129755605946,0.7864880952380954,5.445950979694545,,,0.11815713854816615,0.1025396507732039,0.032233942811281995,2.5266664534252574,200
balanced,random,tier0,mean,23,4,0.17512338708445918,0.642339380196523,0.7851488095238095,5.460139876250396,,,0.12054459050144627,0.10093217976479729,0.03633292327594231,3.0005989110869704,200
balanced,random,tier0,mean,24,4,0.18009742162573275,0.6454925673973293,0.7867053571428572,5.608602023204312,,,0.11788912017625186,0.10018312751286786,0.032866160636006975,2.772002486360408,200
balanced,random,tier0,mean,25,4,0.16129235476320744,0.6331809019904259,0.7831845238095237,5.3443959473337115,,,0.10963490211996636,0.09821812518205043,0.03355536966045653,2.8743464405705947,200
balanced,random,tier0,mean,26,4,0.16842007195272302,0.6387100025195263,0.7863958333333335,5.508874284281355,,,0.10974305249755983,0.09597314938217981,0.03352122837715327,2.762304117515272,200
balanced,random,tier0,mean,27,4,0.1776519774978324,0.6493524817334341,0.790360119047619,5.88876182030935,,,0.11670467164693517,0.09928039695750664,0.03166250965710522,2.756387402232963,200
balanced,random,tier0,mean,28,4,0.17229073827129518,0.6494116906021667,0.7858273809523808,5.490780470668865,,,0.1075861253919898,0.0865598294508542,0.03453757884282371,2.8819602946690788,200
balanced,random,tier0,mean,29,4,0.17975677634409098,0.6481607457797935,0.7886517857142857,5.752958304528306,,,0.11906179530825964,0.1000183178940673,0.034252478388034774,2.814607047387894,200
balanced,random,tier0,mean,30,4,0.1850335085993396,0.6547140337616528,0.788797619047619,5.662875364411569,,,0.11665008996968623,0.09695085797329878,0.03319309146285832,2.6879873305437134,200
balanced,random,tier0,mean,31,4,0.1826209295404224,0.6533812043335853,0.7890803571428572,5.788604614909221,,,0.11399333524927435,0.09435638787376081,0.03506056457647542,2.9163949356056227,200
balanced,random,tier0,mean,32,4,0.18515696307929497,0.6531027966742252,0.7889613095238096,5.816157020406149,,,0.1163531548663998,0.0964249250163335,0.0353614414123822,2.9321487436993756,200
balanced,random,tier0,mean,33,4,0.18044446866475203,0.653339632149156,0.7887619047619049,5.696632075411771,,,0.1115199170382584,0.09390385291337502,0.0335385667431343,2.725650977140911,200
balanced,random,tier0,mean,34,4,0.19380309744867322,0.6616805240614764,0.7887261904761904,5.733133102690661,,,0.11710756750936348,0.09553017100864183,0.034468636126444484,2.9072820468311162,200
balanced,random,tier0,mean,35,4,0.1835802990709413,0.6526706979087932,0.7894851190476192,5.789262647053939,,,0.11226147183930049,0.09308667067563914,0.03194334451362267,2.6477548800843085,200
balanced,random,tier0,mean,36,4,0.18907608137988555,0.6538384983623079,0.7883035714285715,5.668053656513982,,,0.11389242710608949,0.095710845395411,0.02984949907376419,2.4754643113639854,200
balanced,thalesian_akk300m,maximal,last,0,,,,,,,,,,,,0
balanced,thalesian_akk300m,maximal,last,1,3,0.11478951082375882,0.5946472663139329,0.7407351190476191,1.8802094548336987,,,0.07849195516754054,0.06748884181904434,0.018054522008400388,1.4602002659424123,200
balanced,thalesian_akk300m,maximal,last,2,5,0.0753090976028961,0.5529730410682793,0.735327380952381,1.4366819755806899,,,0.05475434344351699,0.04591893760655865,0.017067122514307073,1.3638632317511143,200
balanced,thalesian_akk300m,maximal,last,3,5,0.07985275573800044,0.5556437389770723,0.7341398809523809,1.3808042376553318,,,0.05742620772222433,0.04849781740440898,0.01554926629090177,1.2812880074351716,200
balanced,thalesian_akk300m,maximal,last,4,5,0.07962077416881914,0.5572260015117158,0.7319494047619048,1.2285815702965304,,,0.05515464420680262,0.04950619399690632,0.016583865054460554,1.3744541540480204,200
balanced,thalesian_akk300m,maximal,last,5,5,0.06991247748905825,0.5489103048626858,0.7299642857142856,1.0229140900165634,,,0.05021173720201597,0.042848635741622974,0.014012445876997428,1.1565640651042444,200
balanced,thalesian_akk300m,maximal,last,6,4,0.07794950673897999,0.557538422776518,0.7314196428571428,1.1641605865782005,,,0.05120223341983089,0.046515685258777334,0.017375944881647315,1.445540018829913,200
balanced,thalesian_akk300m,maximal,last,7,4,0.07375477973220222,0.554050138573948,0.7314583333333334,1.1643633922421328,,,0.05625933875885815,0.047025266083953625,0.016719490057687636,1.383487414816727,200
balanced,thalesian_akk300m,maximal,last,8,4,0.07470578254006165,0.5546611237087427,0.7305178571428571,1.0873466718677733,,,0.05700492769052256,0.04902517062169762,0.01854457670353731,1.5073997311418368,200
balanced,thalesian_akk300m,maximal,mean,0,3,0.20751543520887367,0.6595351473922904,0.7696577380952381,4.195739435213681,,,0.10575140758163297,0.07557464097461157,0.02412737521792337,1.9596050486966823,200
balanced,thalesian_akk300m,maximal,mean,1,3,0.19628504805648628,0.6478243890148653,0.7690178571428572,4.169021876631532,,,0.1154782487842981,0.08356844171015221,0.025520291018811037,2.1287227970821183,200
balanced,thalesian_akk300m,maximal,mean,2,3,0.2188819074148374,0.6646397077349459,0.7694136904761905,4.219048013519118,,,0.11111392070034319,0.08033956164864303,0.025644655885701254,2.1364902394399734,200
balanced,thalesian_akk300m,maximal,mean,3,3,0.21940949163836926,0.6720231796422272,0.7722529761904763,4.3919181062977914,,,0.11514470649538301,0.08549614256696822,0.02931000235939641,2.3732584796525593,200
balanced,thalesian_akk300m,maximal,mean,4,3,0.24615491763863617,0.6935575711766188,0.7757142857142858,4.758789906036369,,,0.11929984597307908,0.08762035877578152,0.03027726418878314,2.5599299531153523,200
balanced,thalesian_akk300m,maximal,mean,5,3,0.2199689903028836,0.6697996976568404,0.7697857142857143,4.20077759736747,,,0.11671343384331812,0.08560100464948082,0.032953417441722734,2.670751972895458,200
balanced,thalesian_akk300m,maximal,mean,6,3,0.24522394905989878,0.6862849584278155,0.7746160714285715,4.569739699348741,,,0.1155528540930542,0.08414539252915003,0.032689785649549497,2.5954885506541485,200
balanced,thalesian_akk300m,maximal,mean,7,3,0.23693297121998,0.683390022675737,0.769952380952381,4.246948235632852,,,0.11510722054610026,0.08415153229761331,0.03223916128574321,2.6269321282168208,200
balanced,thalesian_akk300m,maximal,mean,8,3,0.1347138491039278,0.6071504157218444,0.7619999999999999,3.5859629588933513,,,0.0958294170896515,0.07744083424621287,0.02496244628416445,2.021348419146831,200
balanced,thalesian_akk300m,tier0,last,0,,,,,,,,,,,,0
balanced,thalesian_akk300m,tier0,last,1,3,0.1093192245704481,0.5897593852355757,0.7345505952380953,1.4192525922822852,,,0.07640788067226897,0.06446367272642778,0.017068113501846213,1.378555932604176,200
balanced,thalesian_akk300m,tier0,last,2,6,0.11853078149903531,0.5809158478206098,0.7339166666666667,1.3450619787181837,,,0.07067331888537445,0.048585971094614176,0.01631592679317303,1.2944970276511378,200
balanced,thalesian_akk300m,tier0,last,3,6,0.09357013125472013,0.5618871252204586,0.7337619047619048,1.3027774111222743,,,0.06530683315310583,0.04612789173544765,0.018378033786298802,1.4696989229963626,200
balanced,thalesian_akk300m,tier0,last,4,4,0.0845977141039294,0.5537881078357269,0.734452380952381,1.3486501576216774,,,0.055667701255052285,0.03919427081055938,0.01670812869910482,1.3396574384089406,200
balanced,thalesian_akk300m,tier0,last,5,4,0.0779140470851369,0.546814058956916,0.7298482142857143,1.0026328245354044,,,0.0560319976577685,0.03811826178720628,0.015499455669891289,1.2454242218497025,200
balanced,thalesian_akk300m,tier0,last,6,4,0.08398884518257468,0.5528432854623331,0.7309404761904762,1.0946215073179582,,,0.06353339020486594,0.04462398354076031,0.016355292922352802,1.3060671897142162,200
balanced,thalesian_akk300m,tier0,last,7,3,0.0829566513353848,0.5536167800453514,0.7319345238095238,1.199709350587731,,,0.06790053164093678,0.0497548223038135,0.017256849629262702,1.4171510071520335,200
balanced,thalesian_akk300m,tier0,last,8,3,0.10066945207189093,0.5677790375409423,0.730202380952381,1.054088677823863,,,0.06895579352996964,0.05197536706835227,0.017837612335517315,1.4122586096135605,200
balanced,thalesian_akk300m,tier0,mean,0,3,0.1462198565323305,0.6354950869236583,0.7802053571428573,5.073410962197991,,,0.10913524254669336,0.10087080332214089,0.028004354965576017,2.339134779272805,200
balanced,thalesian_akk300m,tier0,mean,1,3,0.15603588846999553,0.6428042328042329,0.7792142857142857,5.0501830283111,,,0.10718793818954112,0.08549957410657595,0.03138916631426776,2.623870081152707,200
balanced,thalesian_akk300m,tier0,mean,2,3,0.1852660822258925,0.6557092466616277,0.7803839285714287,5.109931673760395,,,0.12428328105015424,0.10034194142983993,0.0358749016083017,2.9423803927756675,200
balanced,thalesian_akk300m,tier0,mean,3,3,0.16337473140808484,0.6367598891408415,0.7805863095238095,5.165053938902363,,,0.10995328319889235,0.09120945264109992,0.03641119048767278,3.016816141461788,200
balanced,thalesian_akk300m,tier0,mean,4,3,0.18391197960407446,0.6420420760896951,0.7902529761904762,5.904618773756755,,,0.12790538373301402,0.10921657389112,0.04067238155711782,3.36042792658246,200
balanced,thalesian_akk300m,tier0,mean,5,3,0.17147949073857852,0.6358578987150415,0.7843005952380954,5.4324187968444,,,0.11259786068186396,0.08903163013653964,0.035092324250482754,3.0174215362907515,200
balanced,thalesian_akk300m,tier0,mean,6,3,0.19538833309357131,0.6489443184681281,0.7901041666666667,5.826711446602997,,,0.13550987613963633,0.10880283373828387,0.04311670890015129,3.629892420776497,200
balanced,thalesian_akk300m,tier0,mean,7,3,0.1948371404598236,0.6477966742252457,0.7865833333333333,5.5955207976624255,,,0.14073404590395944,0.1067620062387646,0.04086299075698502,3.222948269536221,200
balanced,thalesian_akk300m,tier0,mean,8,3,0.15916915118075362,0.6145956160241874,0.780639880952381,5.07228368937316,,,0.1296813723782613,0.09961963404499541,0.03585586705956973,2.8889886031485292,200
balanced,thalesian_cunei400m,maximal,last,0,,,,,,,,,,,,0
balanced,thalesian_cunei400m,maximal,last,1,12,0.06594955030860908,0.5475346434870244,0.7298541666666668,1.037871330350192,,,0.04792111741050594,0.03939750360272658,0.01575190499538262,1.302917154631949,200
balanced,thalesian_cunei400m,maximal,last,2,12,0.06508132557036612,0.5466906021667927,0.7275178571428572,0.8208846264711019,,,0.04525833082473132,0.0374148139449724,0.01477782239925577,1.1850491802772047,200
balanced,thalesian_cunei400m,maximal,last,3,9,0.06388947329770595,0.5454736709498614,0.7298392857142858,1.0421576431297053,,,0.04386273029373177,0.038523421439890404,0.01509833015312284,1.226683070161968,200
balanced,thalesian_cunei400m,maximal,last,4,5,0.08246186759515524,0.5649206349206349,0.7324970238095239,1.239131966026838,,,0.056570072541605086,0.047390087521437384,0.01550284992041018,1.2578365234206097,200
balanced,thalesian_cunei400m,maximal,last,5,4,0.08416024263855769,0.5681191735953641,0.735,1.413636773954713,,,0.055957209631630006,0.04715281023090169,0.01593526978526727,1.2593028297036255,200
balanced,thalesian_cunei400m,maximal,last,6,4,0.08298157140451455,0.5625132275132275,0.7341458333333333,1.3671945576383522,,,0.05936364055025314,0.05186585963715437,0.015462926722334768,1.262651110266632,200
balanced,thalesian_cunei400m,maximal,last,7,4,0.08635775222421423,0.5674565381708239,0.7348035714285714,1.3974527275084525,,,0.05960756289277607,0.0531391695355205,0.016815229665280963,1.3452656721960417,200
balanced,thalesian_cunei400m,maximal,last,8,4,0.09164576938266127,0.5715973796926177,0.7344285714285715,1.3979434208829378,,,0.05927368937278577,0.05280959106404482,0.015899481408847737,1.3463759153247703,200
balanced,thalesian_cunei400m,maximal,last,9,4,0.09368886058476172,0.5719299571680524,0.7345416666666668,1.432272846326373,,,0.06122318202985317,0.05320639509507704,0.016745340460981833,1.4115302533387213,200
balanced,thalesian_cunei400m,maximal,last,10,3,0.08692752398088122,0.5667498110355252,0.7339464285714286,1.3727392466552593,,,0.06325727134083539,0.05124041110972052,0.01937652323761356,1.6187912318667779,200
balanced,thalesian_cunei400m,maximal,last,11,3,0.09925493621924991,0.5745804988662131,0.7338244047619048,1.359883738126881,,,0.06705240656283273,0.05116926603113461,0.017139698524732214,1.4036315824082755,200
balanced,thalesian_cunei400m,maximal,last,12,3,0.09308776975267634,0.571657848324515,0.7294583333333332,0.9881237028498808,,,0.0669944789084863,0.053798809122698486,0.014687792791504383,1.188731834861943,200
balanced,thalesian_cunei400m,maximal,mean,0,3,0.19875738251045325,0.6665696649029982,0.7667916666666668,3.988107308776213,,,0.10292103287039787,0.07354965889255269,0.023828905058139817,1.9791676428349418,200
balanced,thalesian_cunei400m,maximal,mean,1,3,0.24591013306846982,0.6903691106072058,0.7744226190476189,4.564541591851102,,,0.11207913762594147,0.08089896920348301,0.028259765308959326,2.250176628386422,200
balanced,thalesian_cunei400m,maximal,mean,2,3,0.2667965025849596,0.7113416477702192,0.7818601190476191,5.1774935462238885,,,0.11009866705536268,0.0814409539971904,0.027315199096592874,2.2548009753138474,200
balanced,thalesian_cunei400m,maximal,mean,3,3,0.26883243507938626,0.7142970521541949,0.7822738095238096,5.187517477939539,,,0.12072844304045319,0.08881462288321763,0.03064454059829786,2.5001989200111026,200
balanced,thalesian_cunei400m,maximal,mean,4,3,0.2865336817272218,0.7299722852103804,0.790547619047619,5.864709583240669,,,0.1275345574538985,0.08910171989007964,0.03506647396548279,2.84799509087054,200
balanced,thalesian_cunei400m,maximal,mean,5,3,0.28654654187798373,0.7288901486520534,0.7956220238095238,6.2840819800467225,,,0.1324153303000294,0.09609090718679456,0.03751043399343509,3.0986240449225866,200
balanced,thalesian_cunei400m,maximal,mean,6,3,0.30359432589209867,0.741262282690854,0.8034315476190477,6.843208787181684,,,0.14001775148315138,0.10588647905248158,0.041928217254493694,3.414035501453081,200
balanced,thalesian_cunei400m,maximal,mean,7,3,0.3184114136849442,0.7378483245149912,0.8169702380952382,7.812476877071072,,,0.15931040228011334,0.1209395732331773,0.04809343282503019,3.712138735926634,200
balanced,thalesian_cunei400m,maximal,mean,8,3,0.31957982597831197,0.7392126480221719,0.8218660714285716,8.380211110488169,,,0.16332885027787247,0.1223066137808775,0.047154072044911115,3.8535511131369016,200
balanced,thalesian_cunei400m,maximal,mean,9,3,0.3343857487353993,0.7454736709498616,0.8192529761904762,8.197141221149055,,,0.1646178096954361,0.12029606327487155,0.04895783931940657,4.142391112793291,200
balanced,thalesian_cunei400m,maximal,mean,10,3,0.32378843857100575,0.734076593600403,0.8156279761904763,7.916506153951445,,,0.16460329166936458,0.11985409985490064,0.045649096217486675,3.7225408769591923,200
balanced,thalesian_cunei400m,maximal,mean,11,3,0.299885343138312,0.7174842529604435,0.8025684523809524,6.79450104237522,,,0.16443230652424706,0.1188683662959262,0.040821859830347064,3.301339467198474,200
balanced,thalesian_cunei400m,maximal,mean,12,3,0.25785622928153457,0.6944343663391283,0.7928154761904761,5.939513905000813,,,0.1538768629767559,0.11488207810335099,0.04191361809487129,3.282688811369264,200
balanced,thalesian_cunei400m,tier0,last,0,,,,,,,,,,,,0
balanced,thalesian_cunei400m,tier0,last,1,14,0.06944490681402835,0.5589128243890148,0.729375,0.9871719542094877,,,0.05819528937233268,0.05109878260941395,0.01616164603119503,1.2981657307531675,200
balanced,thalesian_cunei400m,tier0,last,2,10,0.0662346945846798,0.5484731670445956,0.7251339285714284,0.6713317543954094,,,0.05271144068503915,0.044981122604567214,0.014984572269780562,1.2439883552186417,200
balanced,thalesian_cunei400m,tier0,last,3,9,0.07268003400929775,0.5514663643235072,0.7262172619047618,0.7459851217829716,,,0.05477753081841505,0.04033297150363013,0.016438090054332777,1.3099630395442257,200
balanced,thalesian_cunei400m,tier0,last,4,6,0.06685157217740151,0.5473481985386747,0.7263065476190477,0.7616065365935972,,,0.05076536959260449,0.03945099908597498,0.015609964137412849,1.2237106176558494,200
balanced,thalesian_cunei400m,tier0,last,5,4,0.07871405248650726,0.5542013101536911,0.728842261904762,0.9372403207885734,,,0.059728682973199075,0.04756360200748776,0.016847004524160224,1.37434516134926,200
balanced,thalesian_cunei400m,tier0,last,6,4,0.07958198930706406,0.5536293776769967,0.7277142857142858,0.8755961054426179,,,0.05560522387643181,0.04254551938139866,0.016098152384795027,1.3035173993102267,200
balanced,thalesian_cunei400m,tier0,last,7,3,0.0784000134379526,0.5542391030486269,0.7262708333333333,0.728019506659249,,,0.055590427240024734,0.04168302133406498,0.015745333404603063,1.2192714096645094,200
balanced,thalesian_cunei400m,tier0,last,8,3,0.07048709439803917,0.5473519778281682,0.726654761904762,0.7691672132818855,,,0.046369431995536906,0.03629376269000134,0.015855601061896502,1.2718058640214909,200
balanced,thalesian_cunei400m,tier0,last,9,3,0.07148183089809615,0.5479717813051146,0.7269761904761904,0.8124812872003824,,,0.04905132744062202,0.03935235582950649,0.014708134598106222,1.1992338349156844,200
balanced,thalesian_cunei400m,tier0,last,10,3,0.07213501975944753,0.5510115898211136,0.7273779761904762,0.8307813190585008,,,0.055710302864977496,0.043193392740291374,0.017253846384652688,1.374273538825892,200
balanced,thalesian_cunei400m,tier0,last,11,3,0.07306110643418527,0.5476631393298059,0.7241607142857143,0.5858826313928625,,,0.05231474177439782,0.03626740606602415,0.015423122154591958,1.2273228268155094,200
balanced,thalesian_cunei400m,tier0,last,12,3,0.0904090687501008,0.5575094482237339,0.7221130952380953,0.40697124493644765,,,0.06003757263190479,0.04095910268346678,0.015328594496572824,1.2594104652188254,200
balanced,thalesian_cunei400m,tier0,mean,0,3,0.09471146559452008,0.5778949357520786,0.772982142857143,4.532342675829058,,,0.07377575510203242,0.08249040892949226,0.028128246222333484,2.3386355992765715,200
balanced,thalesian_cunei400m,tier0,mean,1,3,0.1072146134373305,0.5894305870496347,0.776327380952381,4.709268855899389,,,0.08731246374677853,0.07637277275082047,0.028868170703421875,2.3112134161231546,200
balanced,thalesian_cunei400m,tier0,mean,2,3,0.11391695495176526,0.5911627614008567,0.7811696428571429,5.134091181288431,,,0.08429925186375486,0.07960113960579943,0.026803643305160444,2.256767245117431,200
balanced,thalesian_cunei400m,tier0,mean,3,3,0.12985590881174985,0.6077588813303099,0.782345238095238,5.220715135483483,,,0.10419418310046637,0.08916669780232976,0.028439143164757597,2.4000202847700782,200
balanced,thalesian_cunei400m,tier0,mean,4,3,0.1488255452072742,0.6275963718820862,0.7853690476190477,5.433307506170724,,,0.10464045074684342,0.09361954858286797,0.03242918982348634,2.6542615280523876,200
balanced,thalesian_cunei400m,tier0,mean,5,3,0.15421496143588678,0.6254446963970774,0.7998511904761905,6.6176367460711205,,,0.11374341184711365,0.10288789800098046,0.0375371013555203,3.125991435332139,200
balanced,thalesian_cunei400m,tier0,mean,6,3,0.15430158935316668,0.61663139329806,0.7987886904761905,6.451130917122384,,,0.12194165045126351,0.10562220150141251,0.041095635443197116,3.2519039058760213,200
balanced,thalesian_cunei400m,tier0,mean,7,3,0.17866850201341564,0.6237843285462332,0.8087886904761905,7.298912852386355,,,0.12963203681571,0.10944848183428205,0.042736519133791215,3.4164847799123734,200
balanced,thalesian_cunei400m,tier0,mean,8,3,0.23093378985466673,0.6512320483749054,0.8176517857142858,8.042534975563981,,,0.14895723420042892,0.12058185904392797,0.043890105977394456,3.783503469047533,200
balanced,thalesian_cunei400m,tier0,mean,9,3,0.23908504963576668,0.6525245653817083,0.8194702380952381,8.100303777221175,,,0.16144851345910305,0.12609214204209954,0.04662422868420265,3.704063879629661,200
balanced,thalesian_cunei400m,tier0,mean,10,3,0.20047516696673198,0.6236507936507937,0.8117202380952381,7.579649212369864,,,0.14700610210430107,0.10860828985659345,0.04067438303269889,3.3823125000769982,200
balanced,thalesian_cunei400m,tier0,mean,11,3,0.20382377612950642,0.6256198034769462,0.8150833333333333,7.942835096423594,,,0.14113158593327355,0.10908120339085349,0.03775838984121755,3.1823776694377672,200
balanced,thalesian_cunei400m,tier0,mean,12,3,0.16283444697423582,0.5975951121189217,0.80525,7.061346652768379,,,0.12107462090371908,0.09641449513785316,0.037835084543964996,3.16907279685808,200
