fragment_id,year_true,ruler,period,provenance,domain,sub_genre,n_correct,err_mlm,ok_mlm,err_thalesian_cunei400m,ok_thalesian_cunei400m,err_qwen3_32b,ok_qwen3_32b,err_tfidf,ok_tfidf
Q003628,722.0,Shalmaneser V,Neo-Assyrian,Nimrud (Kalhu),ORCC,lion weight,0,142,0,197,0,139,0,204,0
Q003749,631.0,Ashurbanipal,Neo-Assyrian,Kuyunjik (Nineveh),ORCC,slab (sculptured),0,115,0,110,0,126,0,119,0
Q004179,261.0,Antiochus I,Hellenistic,Borsippa,ORCC,cylinder,0,313,0,328,0,287,0,308,0
Q005434,539.0,Nabonidus,Neo-Babylonian,Ur,ORCC,brick,0,227,0,148,0,127,0,193,0
Q005451,539.0,Nabonidus,Neo-Babylonian,Padakku,ORCC,slab,0,104,0,140,0,146,0,154,0
Q005465,539.0,Nabonidus,Neo-Babylonian,Babylonia,ORCC,stele,0,148,0,167,0,166,0,102,0
Q005467,539.0,Nabonidus,Neo-Babylonian,Tell al-Lahm,ORCC,brick,0,172,0,181,0,165,0,154,0
Q006239,1132.0,Itti-Marduk-balaṭu,Middle Babylonian,Babylonia,ORCC,uncertain,0,539,0,538,0,492,0,364,0
Q006241,1104.0,Nebuchadnezzar I,Middle Babylonian,Babylon,ORCC,None,0,518,0,508,0,481,0,492,0
Q006243,1104.0,Nebuchadnezzar I,Middle Babylonian,Luristan,ORCC,dagger,0,374,0,353,0,392,0,327,0
Q006244,1104.0,Nebuchadnezzar I,Middle Babylonian,Luristan,ORCC,hatchet,0,484,0,518,0,505,0,462,0
Q006245,1104.0,Nebuchadnezzar I,Neo-Assyrian,Nineveh,ORCC,None,0,513,0,515,0,527,0,469,0
Q006246,1104.0,Nebuchadnezzar I,Neo-Assyrian,Nineveh,ORCC,None,0,491,0,456,0,468,0,444,0
Q006247,1104.0,Nebuchadnezzar I,Neo-Babylonian,Babylon,ORCC,None,0,492,0,524,0,528,0,504,0
Q006248,1104.0,Nebuchadnezzar I,Neo-Assyrian,Babylon,ORCC,None,0,511,0,499,0,461,0,394,0
Q006249,1104.0,Nebuchadnezzar I,Neo-Assyrian,Nineveh,ORCC,None,0,516,0,514,0,504,0,465,0
Q006250,1104.0,Nebuchadnezzar I,Middle Babylonian,Babylonia,ORCC,cylinder,0,480,0,474,0,487,0,463,0
Q006251,1104.0,Nebuchadnezzar I,Middle Babylonian,Sippar,ORCC,kudurru (boundary stone),0,477,0,465,0,483,0,406,0
Q006253,1100.0,Enlil-nadin-apli,Middle Babylonian,Luristan,ORCC,dagger,0,330,0,264,0,383,0,242,0
Q006257,1082.0,Marduk-nadin-ahhe,Middle Babylonian,Luristan,ORCC,dagger,0,278,0,240,0,370,0,165,0
Q006258,1082.0,Marduk-nadin-ahhe,Middle Babylonian,Luristan,ORCC,dagger,0,545,0,559,0,423,0,546,0
Q006259,1069.0,Marduk-šapik-zeri,Middle Babylonian,Babylonia,ORCC,cylinder,0,327,0,365,0,430,0,310,0
Q006260,1069.0,Marduk-šapik-zeri,Neo-Babylonian,Babylonia,ORCC,None,0,486,0,510,0,414,0,551,0
Q006261,1069.0,Marduk-šapik-zeri,Middle Babylonian,Luristan,ORCC,dagger,0,458,0,266,0,387,0,401,0
Q006263,1047.0,Adad-apla-iddina,Middle Babylonian,Babylon,ORCC,brick,0,325,0,344,0,349,0,153,0
Q006264,1047.0,Adad-apla-iddina,Middle Babylonian,Babylon,ORCC,cylinder,0,425,0,386,0,353,0,377,0
Q006267,1047.0,Adad-apla-iddina,Neo-Assyrian,Nineveh,ORCC,None,0,398,0,432,0,368,0,369,0
Q006268,1047.0,Adad-apla-iddina,Middle Babylonian,Dur-Šarrukin,ORCC,cone,0,432,0,381,0,385,0,325,0
Q006270,1047.0,Adad-apla-iddina,Neo-Babylonian,Uruk,ORCC,None,0,264,0,189,0,321,0,332,0
Q006273,1047.0,Adad-apla-iddina,Middle Babylonian,Ur,ORCC,brick,0,443,0,451,0,417,0,363,0
Q006276,1026.0,Nabû-šumu-libur,Middle Babylonian,Nimrud,ORCC,duck weight,0,303,0,348,0,360,0,536,0
Q006279,1008.0,Simbar-Šipak,Neo-Babylonian,Babylonia,ORCC,None,0,319,0,318,0,371,0,316,0
Q006280,1008.0,Simbar-Šipak,Middle Babylonian,Luristan,ORCC,arrow head,0,488,0,193,0,365,0,501,0
Q006284,985.0,Ninurta-kudurri-usur I,Middle Babylonian,Luristan,ORCC,arrow head,0,393,0,145,0,334,0,303,0
Q006285,10.0,Bazi Dynasty Unidentified Ruler,Middle Babylonian,Uruk,ORCC,None,0,662,0,660,0,632,0,687,0
Q006286,10.0,Bazi Dynasty Unidentified Ruler,Middle Babylonian,Luristan,ORCC,arrow head,0,522,0,656,0,650,0,678,0
Q006287,10.0,Bazi Dynasty Unidentified Ruler,Middle Babylonian,Luristan,ORCC,arrow head,0,561,0,809,0,709,0,683,0
Q006288,979.0,Mar-biti-apla-uṣur,Middle Babylonian,Luristan,ORCC,arrow head,0,291,0,169,0,300,0,119,0
Q006289,943.0,Nabû-mukin-apli,Neo-Babylonian,Luristan,ORCC,arrow head,0,291,0,209,0,287,0,609,0
Q006290,943.0,Nabû-mukin-apli,Neo-Babylonian,Luristan,ORCC,situla,0,428,0,263,0,304,0,293,0
Q006291,943.0,Nabû-mukin-apli,Neo-Babylonian,Luristan,ORCC,situla,0,209,0,299,0,298,0,415,0
Q006292,943.0,Nabû-mukin-apli,Neo-Babylonian,Luristan,ORCC,arrow head,0,216,0,198,0,292,0,221,0
Q006293,943.0,Nabû-mukin-apli,Neo-Babylonian,Luristan,ORCC,arrow head,0,223,0,277,0,313,0,206,0
Q006294,943.0,Nabû-mukin-apli,Neo-Babylonian,Luristan,ORCC,dagger,0,253,0,324,0,311,0,376,0
Q006295,9.0,Marduk-zakir-šumi I,Neo-Babylonian,Babylon,ORCC,seal,0,542,0,652,0,674,0,611,0
Q006296,9.0,Marduk-zakir-šumi I,Neo-Babylonian,Babylonia,ORCC,None,0,638,0,686,0,699,0,508,0
Q006297,9.0,Marduk-zakir-šumi I,Neo-Babylonian,Zalu-Ab,ORCC,vessel,0,610,0,657,0,635,0,612,0
Q006298,9.0,Nabû-šumu-lišir,Neo-Babylonian,Babylonia,ORCC,weight,0,652,0,566,0,619,0,636,0
Q006299,9.0,Marduk-šakin-šumi,Neo-Babylonian,Babylonia,ORCC,seal,0,436,0,607,0,619,0,571,0
Q006300,8.0,Eriba-Marduk,Neo-Babylonian,Nimrud,ORCC,duck weight,0,624,0,513,0,615,0,627,0
Q006301,8.0,Eriba-Marduk,Neo-Babylonian,Uruk,ORCC,duck weight,0,624,0,513,0,615,0,627,0
Q006302,748.0,Nabû-šuma-iškun,Neo-Babylonian,Uruk,ORCC,None,0,209,0,150,0,201,0,180,0
Q006318,7.0,Unidentified Neo-Babylonian Ruler,Neo-Babylonian,Babylonia,ORCC,mace head,0,570,0,613,0,528,0,657,0
Q006319,7.0,Unidentified Neo-Babylonian Ruler,Neo-Babylonian,Luristan,ORCC,situla,0,660,0,744,0,684,0,790,0
Q006320,7.0,Unidentified Neo-Babylonian Ruler,Neo-Babylonian,Luristan,ORCC,situla,0,658,0,706,0,672,0,750,0
Q006322,7.0,Unidentified Neo-Babylonian Ruler,Neo-Babylonian,Luristan,ORCC,mace head,0,777,0,818,0,706,0,728,0
Q006654,530.0,Cyrus II,Achaemenid,Ur,ORCC,brick,0,138,0,118,0,159,0,148,0
Q007557,631.0,Ashurbanipal,Neo-Assyrian,Kuyunjik (Nineveh),ORCC,None,0,121,0,162,0,101,0,121,0
Q007559,631.0,Ashurbanipal,Neo-Assyrian,Kuyunjik (Nineveh),ORCC,None,0,158,0,113,0,109,0,138,0
Q008328,631.0,Ashurbanipal,Neo-Assyrian,Kuyunjik (Nineveh),ORCC,None,0,128,0,213,0,129,0,114,0
Q003337,678.0,Esarhaddon,Neo-Assyrian,Nineveh,ORCC,prism,1,101,0,119,0,210,0,46,1
Q003355,669.0,Esarhaddon,Neo-Assyrian,Babylon,ORCC,brick,1,146,0,114,0,120,0,64,1
Q003617,727.0,Tiglath-pileser III,Neo-Assyrian,Arslan Tash (Ḫadatu),ORCC,lion colossus,1,181,0,123,0,14,1,149,0
Q003723,631.0,Ashurbanipal,Neo-Assyrian,Kuyunjik (Nineveh),ORCC,slab (sculptured),1,71,1,182,0,132,0,109,0
Q003730,631.0,Ashurbanipal,Neo-Assyrian,Kuyunjik (Nineveh),ORCC,slab (sculptured),1,125,0,146,0,121,0,66,1
Q003800,631.0,Ashurbanipal,Neo-Assyrian,Babylon,ORCC,stele,1,132,0,103,0,148,0,86,1
Q003801,631.0,Ashurbanipal,Neo-Assyrian,Babylon,ORCC,cylinder,1,105,0,133,0,159,0,62,1
Q005400,539.0,Nabonidus,Neo-Babylonian,Babylon,ORCC,stele,1,117,0,144,0,131,0,61,1
Q005408,539.0,Nabonidus,Neo-Babylonian,Babylon,ORCC,cylinder,1,110,0,59,1,147,0,146,0
Q005416,539.0,Nabonidus,Neo-Babylonian,Marad,ORCC,cylinder,1,104,0,109,0,120,0,44,1
Q005422,539.0,Nabonidus,Neo-Babylonian,Sippar,ORCC,cylinder,1,127,0,110,0,107,0,45,1
Q005433,539.0,Nabonidus,Neo-Babylonian,Ur,ORCC,door socket,1,113,0,75,1,110,0,100,0
Q005435,539.0,Nabonidus,Neo-Babylonian,Ur,ORCC,brick,1,198,0,171,0,136,0,40,1
Q005441,539.0,Nabonidus,Neo-Babylonian,Babylonia,ORCC,None,1,135,0,84,1,136,0,120,0
Q005447,539.0,Nabonidus,Neo-Babylonian,Harran,ORCC,uncertain,1,162,0,225,0,152,0,60,1
Q005458,539.0,Nabonidus,Neo-Babylonian,Tayma,ORCC,stele,1,182,0,73,1,140,0,140,0
Q005493,562.0,Nebuchadnezzar II,Neo-Babylonian,Babylon,ORCC,cylinder,1,177,0,116,0,137,0,94,1
Q005499,562.0,Nebuchadnezzar II,Neo-Babylonian,Babylon,ORCC,cylinder,1,160,0,114,0,131,0,55,1
Q005589,562.0,Nebuchadnezzar II,Neo-Babylonian,Uruk,ORCC,cylinder,1,101,0,1,1,120,0,119,0
Q006240,1126.0,Ninurta-nadin-šumi,Middle Babylonian,Luristan,ORCC,dagger,1,263,0,140,0,390,0,14,1
Q006256,1082.0,Marduk-nadin-ahhe,Middle Babylonian,Luristan,ORCC,dagger,1,305,0,299,0,393,0,83,1
Q006274,1047.0,Adad-apla-iddina,Middle Babylonian,Luristan,ORCC,dagger,1,378,0,185,0,319,0,97,1
Q006281,1005.0,Kaššû-nadin-ahhe,Middle Babylonian,Luristan,ORCC,arrow head,1,197,0,51,1,280,0,278,0
Q006282,988.0,Eulmaš-šakin-šumi,Middle Babylonian,Luristan,ORCC,arrow head,1,289,0,71,1,258,0,409,0
Q006283,988.0,Eulmaš-šakin-šumi,Middle Babylonian,Luristan,ORCC,dagger,1,289,0,71,1,258,0,409,0
Q006304,734.0,Nabû-naṣir,Neo-Babylonian,Uruk,ORCC,cylinder,1,106,0,101,0,137,0,59,1
Q006308,710.0,Marduk-apla-iddina II,Neo-Babylonian,Babylonia,ORCC,seal,1,204,0,433,0,93,1,140,0
Q006576,705.0,Sargon II,Neo-Assyrian,Kuyunjik (Nineveh),ORCC,brick; slab,1,119,0,18,1,111,0,237,0
Q006649,705.0,Sargon II,Neo-Assyrian,uncertain,ORCC,cylinder seal,1,135,0,173,0,69,1,143,0
Q006656,1008.0,Simbar-Šipak,Middle Babylonian,Luristan,ORCC,dagger,1,342,0,43,1,335,0,312,0
Q008325,631.0,Ashurbanipal,Neo-Assyrian,Kuyunjik (Nineveh),ORCC,None,1,175,0,221,0,97,1,122,0
Q003338,678.0,Esarhaddon,Neo-Assyrian,Nineveh,ORCC,prism,2,97,1,130,0,130,0,47,1
Q003346,677.0,Esarhaddon,Neo-Assyrian,Nineveh,ORCC,None,2,94,1,124,0,144,0,54,1
Q003364,669.0,Esarhaddon,Neo-Assyrian,Uruk,ORCC,cylinder,2,50,1,126,0,161,0,4,1
Q003425,727.0,Tiglath-pileser III,Neo-Assyrian,Nimrud (Kalhu),ORCC,wall slab (with reliefs),2,116,0,100,0,82,1,88,1
Q003438,727.0,Tiglath-pileser III,Neo-Assyrian,Nimrud (Kalhu),ORCC,wall slab (with reliefs),2,104,0,93,1,117,0,59,1
Q003443,727.0,Tiglath-pileser III,Neo-Assyrian,Nimrud (Kalhu),ORCC,wall slab (with reliefs),2,122,0,86,1,75,1,107,0
Q003458,727.0,Tiglath-pileser III,Neo-Assyrian,Nimrud (Kalhu),ORCC,slab,2,65,1,131,0,109,0,96,1
Q003469,727.0,Tiglath-pileser III,Neo-Assyrian,Nimrud (Kalhu),ORCC,wall slab (with reliefs),2,20,1,259,0,59,1,250,0
Q003470,727.0,Tiglath-pileser III,Neo-Assyrian,Nimrud (Kalhu),ORCC,wall slab (with reliefs),2,26,1,106,0,63,1,130,0
Q003539,681.0,Sennacherib,Neo-Assyrian,Kuyunjik (Nineveh),ORCC,wall slab (with reliefs),2,171,0,107,0,21,1,39,1
Q003567,681.0,Sennacherib,Neo-Assyrian,Kuyunjik (Nineveh),ORCC,brick,2,149,0,102,0,65,1,56,1
Q003619,727.0,Tiglath-pileser III,Neo-Assyrian,Nimrud (Kalhu),ORCC,None,2,123,0,52,1,9,1,127,0
Q003622,722.0,Shalmaneser V,Neo-Assyrian,Nimrud (Kalhu),ORCC,lion weight,2,51,1,150,0,91,1,208,0
Q003623,722.0,Shalmaneser V,Neo-Assyrian,Nimrud (Kalhu),ORCC,lion weight,2,100,1,131,0,96,1,212,0
Q003624,722.0,Shalmaneser V,Neo-Assyrian,Nimrud (Kalhu),ORCC,lion weight,2,60,1,144,0,96,1,189,0
Q003625,722.0,Shalmaneser V,Neo-Assyrian,Nimrud (Kalhu),ORCC,lion weight,2,60,1,144,0,96,1,189,0
Q003626,722.0,Shalmaneser V,Neo-Assyrian,Nimrud (Kalhu),ORCC,lion weight,2,83,1,114,0,99,1,191,0
Q003627,722.0,Shalmaneser V,Neo-Assyrian,Nimrud (Kalhu),ORCC,lion weight,2,60,1,144,0,96,1,189,0
Q003629,722.0,Shalmaneser V,Neo-Assyrian,Nimrud (Kalhu),ORCC,lion weight,2,36,1,110,0,95,1,169,0
Q003630,722.0,Shalmaneser V,Neo-Assyrian,Nimrud (Kalhu),ORCC,lion weight,2,36,1,110,0,95,1,169,0
Q003634,722.0,Shalmaneser V,Neo-Assyrian,Assyria,ORCC,oval,2,83,1,114,0,99,1,191,0
Q003636,722.0,Shalmaneser V,Neo-Assyrian,Nimrud (Kalhu),ORCC,vessel,2,156,0,22,1,78,1,118,0
Q003736,631.0,Ashurbanipal,Neo-Assyrian,Kuyunjik (Nineveh),ORCC,slab (sculptured),2,179,0,101,0,67,1,69,1
Q003739,631.0,Ashurbanipal,Neo-Assyrian,Kuyunjik (Nineveh),ORCC,slab (sculptured),2,116,0,36,1,114,0,65,1
Q003742,631.0,Ashurbanipal,Neo-Assyrian,Kuyunjik (Nineveh),ORCC,slab (sculptured),2,39,1,141,0,169,0,74,1
Q003744,631.0,Ashurbanipal,Neo-Assyrian,Kuyunjik (Nineveh),ORCC,slab (sculptured),2,111,0,161,0,61,1,45,1
Q003746,631.0,Ashurbanipal,Neo-Assyrian,Kuyunjik (Nineveh),ORCC,slab (sculptured),2,11,1,168,0,140,0,51,1
Q003750,631.0,Ashurbanipal,Neo-Assyrian,Kuyunjik (Nineveh),ORCC,slab (sculptured),2,27,1,128,0,124,0,37,1
Q003755,631.0,Ashurbanipal,Neo-Assyrian,Kuyunjik (Nineveh),ORCC,slab (sculptured),2,16,1,130,0,123,0,65,1
Q003813,631.0,Ashurbanipal,Neo-Assyrian,Nippur,ORCC,cylinder,2,100,0,49,1,112,0,8,1
Q003840,631.0,Ashurbanipal,Neo-Assyrian,Ur,ORCC,door socket,2,83,1,120,0,144,0,1,1
Q003857,627.0,Aššur-etel-ilāni,Neo-Assyrian,Babylonia,ORCC,None,2,118,0,86,1,180,0,5,1
Q003878,612.0,Sîn-šarru-iškun,Neo-Assyrian,Qalat Sherqat (Assur),ORCC,None,2,35,1,27,1,106,0,133,0
Q003933,681.0,Sennacherib,Neo-Assyrian,Kuyunjik (Nineveh),ORCC,bead,2,107,0,104,0,7,1,25,1
Q003977,681.0,Sennacherib,Neo-Assyrian,Qalat Sherqat (Assur),ORCC,block,2,35,1,101,0,52,1,107,0
Q004014,681.0,Sennacherib,Neo-Assyrian,Qalat Sherqat (Assur),ORCC,None,2,88,1,41,1,144,0,173,0
Q004024,681.0,Sennacherib,Neo-Assyrian,Qasr Shamamuk (Kilizu),ORCC,brick,2,108,0,102,0,40,1,91,1
Q005385,560.0,Amel-Marduk,Neo-Babylonian,Susa,ORCC,vessel,2,76,1,172,0,132,0,44,1
Q005398,539.0,Nabonidus,Neo-Babylonian,Babylon,ORCC,cylinder,2,140,0,67,1,130,0,95,1
Q005399,539.0,Nabonidus,Neo-Babylonian,Babylon,ORCC,cylinder,2,123,0,83,1,104,0,48,1
Q005407,539.0,Nabonidus,Neo-Babylonian,Babylon,ORCC,cylinder,2,138,0,50,1,116,0,86,1
Q005409,539.0,Nabonidus,Neo-Babylonian,Babylon,ORCC,cylinder,2,157,0,18,1,115,0,69,1
Q005414,539.0,Nabonidus,Neo-Babylonian,Larsa,ORCC,stele,2,92,1,108,0,100,1,119,0
Q005417,539.0,Nabonidus,Neo-Babylonian,Seleucia,ORCC,brick,2,54,1,104,0,129,0,34,1
Q005418,539.0,Nabonidus,Neo-Babylonian,Sippar,ORCC,cylinder,2,150,0,35,1,154,0,89,1
Q005420,539.0,Nabonidus,Neo-Babylonian,Sippar,ORCC,cylinder,2,115,0,40,1,141,0,18,1
Q005421,539.0,Nabonidus,Neo-Babylonian,Sippar,ORCC,cylinder,2,132,0,83,1,140,0,84,1
Q005423,539.0,Nabonidus,Neo-Babylonian,Sippar,ORCC,cylinder,2,107,0,33,1,104,0,73,1
Q005432,539.0,Nabonidus,Neo-Babylonian,Ur,ORCC,cylinder,2,94,1,88,1,112,0,114,0
Q005438,539.0,Nabonidus,Neo-Babylonian,Ur,ORCC,cylinder,2,78,1,94,1,101,0,118,0
Q005439,539.0,Nabonidus,Neo-Babylonian,Babylonia,ORCC,cylinder,2,138,0,12,1,150,0,67,1
Q005440,539.0,Nabonidus,Neo-Babylonian,Babylonia,ORCC,stele,2,53,1,102,0,108,0,30,1
Q005442,539.0,Nabonidus,Neo-Babylonian,Babylonia,ORCC,None,2,32,1,116,0,90,1,115,0
Q005443,539.0,Nabonidus,Neo-Babylonian,Harran,ORCC,cylinder,2,102,0,78,1,141,0,94,1
Q005444,539.0,Nabonidus,Neo-Babylonian,Harran,ORCC,stele,2,58,1,133,0,163,0,79,1
Q005446,539.0,Nabonidus,Neo-Babylonian,Harran,ORCC,uncertain,2,7,1,5,1,126,0,118,0
Q005456,539.0,Nabonidus,Neo-Babylonian,Tayma,ORCC,stele,2,94,1,138,0,129,0,9,1
Q005463,539.0,Nabonidus,Neo-Babylonian,Babylonia,ORCC,cylinder,2,98,1,107,0,136,0,52,1
Q005464,539.0,Nabonidus,Neo-Babylonian,Borsippa,ORCC,cylinder,2,58,1,56,1,134,0,108,0
Q005468,539.0,Nabonidus,Neo-Babylonian,Marad,ORCC,cylinder,2,101,0,15,1,90,1,114,0
Q005470,539.0,Nabonidus,Neo-Babylonian,Sippar,ORCC,cylinder,2,96,1,80,1,142,0,109,0
Q005471,539.0,Nabonidus,Neo-Babylonian,Harran,ORCC,stele,2,90,1,110,0,118,0,68,1
Q005477,562.0,Nebuchadnezzar II,Neo-Babylonian,Babylon,ORCC,block,2,55,1,152,0,75,1,111,0
Q005484,562.0,Nebuchadnezzar II,Neo-Babylonian,Babylon,ORCC,cylinder,2,109,0,104,0,73,1,55,1
Q005507,562.0,Nebuchadnezzar II,Neo-Babylonian,Babylon,ORCC,cylinder,2,102,0,70,1,100,0,3,1
Q005523,562.0,Nebuchadnezzar II,Neo-Babylonian,Babylon,ORCC,cylinder,2,101,0,8,1,57,1,191,0
Q005525,562.0,Nebuchadnezzar II,Neo-Babylonian,Babylon,ORCC,cylinder,2,168,0,62,1,42,1,282,0
Q005528,562.0,Nebuchadnezzar II,Neo-Babylonian,Babylon,ORCC,glazed brick panel,2,163,0,71,1,43,1,250,0
Q005541,562.0,Nebuchadnezzar II,Neo-Babylonian,Babylon,ORCC,brick,2,4,1,183,0,80,1,166,0
Q005557,562.0,Nebuchadnezzar II,Neo-Babylonian,Borsippa,ORCC,cylinder,2,147,0,81,1,21,1,106,0
Q005591,562.0,Nebuchadnezzar II,Neo-Babylonian,Babylonia,ORCC,cylinder,2,27,1,219,0,91,1,183,0
Q005594,562.0,Nebuchadnezzar II,Neo-Babylonian,Babylonia,ORCC,eyestone,2,100,0,85,1,31,1,196,0
Q005597,562.0,Nebuchadnezzar II,Neo-Babylonian,Brissa,ORCC,rock face,2,29,1,130,0,65,1,238,0
Q006303,748.0,Nabû-šuma-iškun,Neo-Babylonian,Borsippa,ORCC,cylinder,2,58,1,127,0,72,1,145,0
Q006509,705.0,Sargon II,Neo-Assyrian,Khorsabad (Dur-Šarrukin),ORCC,wall slab (with reliefs),2,110,0,207,0,27,1,55,1
Q006517,705.0,Sargon II,Neo-Assyrian,Khorsabad (Dur-Šarrukin),ORCC,wall slab (with reliefs),2,150,0,133,0,17,1,5,1
Q006541,705.0,Sargon II,Neo-Assyrian,Khorsabad (Dur-Šarrukin),ORCC,bowl,2,146,0,147,0,1,1,25,1
Q006560,705.0,Sargon II,Neo-Assyrian,Nimrud (Kalhu),ORCC,lion weight,2,47,1,207,0,37,1,232,0
Q006575,705.0,Sargon II,Neo-Assyrian,Kuyunjik (Nineveh),ORCC,slab,2,129,0,540,0,31,1,32,1
Q006580,705.0,Sargon II,Neo-Assyrian,Kuyunjik (Nineveh),ORCC,plating (for doorjamb),2,130,0,218,0,60,1,60,1
Q006599,705.0,Sargon II,Neo-Assyrian,Persepolis (Pārśa),ORCC,eyestone,2,101,0,208,0,50,1,27,1
Q006600,705.0,Sargon II,Neo-Assyrian,Persepolis (Pārśa),ORCC,eyestone,2,101,0,208,0,50,1,27,1
Q006604,705.0,Sargon II,Neo-Assyrian,Babylon (Bābili),ORCC,brick,2,102,0,113,0,10,1,57,1
Q006637,705.0,Sargon II,Neo-Assyrian,Kuyunjik (Nineveh),ORCC,block,2,139,0,307,0,21,1,91,1
Q006639,705.0,Sargon II,Neo-Assyrian,Samaria (Sāmerīna),ORCC,stele ?,2,221,0,154,0,45,1,30,1
Q006645,705.0,Sargon II,Neo-Assyrian,Khorsabad (Dur-Šarrukin),ORCC,macehead,2,188,0,175,0,43,1,65,1
Q006648,705.0,Sargon II,Neo-Assyrian,Nimrud (Kalhu),ORCC,cylinder seal (sealing),2,148,0,72,1,2,1,110,0
Q007548,631.0,Ashurbanipal,Neo-Assyrian,Kuyunjik (Nineveh),ORCC,None,2,14,1,141,0,101,0,48,1
Q007549,631.0,Ashurbanipal,Neo-Assyrian,Kuyunjik (Nineveh),ORCC,None,2,100,1,109,0,1,1,102,0
Q007556,631.0,Ashurbanipal,Neo-Assyrian,Kuyunjik (Nineveh),ORCC,None,2,153,0,73,1,121,0,79,1
Q007558,631.0,Ashurbanipal,Neo-Assyrian,Kuyunjik (Nineveh),ORCC,None,2,92,1,140,0,86,1,174,0
Q007565,631.0,Ashurbanipal,Neo-Assyrian,Kuyunjik (Nineveh),ORCC,None,2,76,1,109,0,44,1,130,0
Q007574,631.0,Ashurbanipal,Neo-Assyrian,Kuyunjik (Nineveh),ORCC,None,2,64,1,57,1,125,0,100,0
Q007590,631.0,Ashurbanipal,Neo-Assyrian,Qalat Sherqat (Assur),ORCC,None,2,15,1,98,1,200,0,140,0
Q007600,631.0,Ashurbanipal,Neo-Assyrian,Kuyunjik (Nineveh),ORCC,None,2,153,0,152,0,53,1,82,1
Q007609,631.0,Ashurbanipal,Neo-Assyrian,Kuyunjik (Nineveh),ORCC,None,2,55,1,18,1,102,0,102,0
Q007610,631.0,Ashurbanipal,Neo-Assyrian,Kuyunjik (Nineveh),ORCC,None,2,71,1,120,0,141,0,94,1
Q007621,631.0,Ashurbanipal,Neo-Assyrian,Kuyunjik (Nineveh),ORCC,None,2,57,1,73,1,128,0,178,0
Q007770,705.0,Sargon II,Neo-Assyrian,Turlu Höyük,ORCC,stele,2,229,0,166,0,49,1,21,1
Q009238,539.0,Nabonidus,Neo-Babylonian,Sippar,ORCC,None,2,40,1,62,1,132,0,128,0
Q003235,670.0,Esarhaddon,Neo-Assyrian,Kuyunjik (Nineveh),ORCC,prism,3,71,1,104,0,90,1,0,1
Q003238,670.0,Esarhaddon,Neo-Assyrian,Kuyunjik (Nineveh),ORCC,prism,3,67,1,41,1,69,1,141,0
Q003259,669.0,Esarhaddon,Neo-Assyrian,Kuyunjik (Nineveh),ORCC,None,3,52,1,51,1,128,0,16,1
Q003260,669.0,Esarhaddon,Neo-Assyrian,Kuyunjik (Nineveh),ORCC,None,3,58,1,70,1,119,0,17,1
Q003269,669.0,Esarhaddon,Neo-Assyrian,Kuyunjik (Nineveh),ORCC,None,3,51,1,34,1,21,1,103,0
Q003298,669.0,Esarhaddon,Neo-Assyrian,Qalat Sherqat (Assur),ORCC,door socket,3,111,0,21,1,37,1,15,1
Q003311,669.0,Esarhaddon,Neo-Assyrian,Nimrud (Kalhu),ORCC,series of blocks,3,16,1,38,1,43,1,161,0
Q003340,674.0,Esarhaddon,Neo-Assyrian,Babylon,ORCC,prism,3,34,1,115,0,72,1,42,1
Q003347,669.0,Esarhaddon,Neo-Assyrian,Babylon,ORCC,seal,3,87,1,21,1,104,0,63,1
Q003348,669.0,Esarhaddon,Neo-Assyrian,Babylon,ORCC,brick,3,11,1,36,1,106,0,33,1
Q003349,669.0,Esarhaddon,Neo-Assyrian,Babylon,ORCC,brick,3,57,1,44,1,106,0,74,1
Q003350,669.0,Esarhaddon,Neo-Assyrian,Babylon,ORCC,brick,3,41,1,55,1,110,0,73,1
Q003351,669.0,Esarhaddon,Neo-Assyrian,Babylon,ORCC,brick,3,30,1,33,1,117,0,76,1
Q003352,669.0,Esarhaddon,Neo-Assyrian,Babylon,ORCC,brick,3,64,1,58,1,118,0,56,1
Q003353,669.0,Esarhaddon,Neo-Assyrian,Babylon,ORCC,brick,3,42,1,83,1,118,0,58,1
Q003354,669.0,Esarhaddon,Neo-Assyrian,Babylon,ORCC,brick,3,87,1,60,1,128,0,77,1
Q003356,669.0,Esarhaddon,Neo-Assyrian,Borsippa,ORCC,cylinder,3,34,1,102,0,64,1,18,1
Q003379,669.0,Esarhaddon,Neo-Assyrian,Ben Shemen,ORCC,stele,3,10,1,114,0,24,1,6,1
Q003394,669.0,Esarhaddon,Neo-Assyrian,Kuyunjik (Nineveh),ORCC,vessel,3,17,1,168,0,32,1,8,1
Q003399,669.0,Esarhaddon,Neo-Assyrian,Kuyunjik (Nineveh),ORCC,vessel,3,5,1,212,0,27,1,13,1
Q003403,669.0,Esarhaddon,Neo-Assyrian,Assyria,ORCC,bead,3,6,1,114,0,70,1,13,1
Q003418,727.0,Tiglath-pileser III,Neo-Assyrian,Nimrud (Kalhu),ORCC,wall slab (with reliefs),3,82,1,70,1,63,1,112,0
Q003423,727.0,Tiglath-pileser III,Neo-Assyrian,Nimrud (Kalhu),ORCC,wall slab (with reliefs),3,145,0,87,1,51,1,8,1
Q003426,727.0,Tiglath-pileser III,Neo-Assyrian,Nimrud (Kalhu),ORCC,wall slab (with reliefs),3,72,1,100,0,37,1,77,1
Q003427,727.0,Tiglath-pileser III,Neo-Assyrian,Nimrud (Kalhu),ORCC,wall slab (with reliefs),3,69,1,75,1,6,1,117,0
Q003433,727.0,Tiglath-pileser III,Neo-Assyrian,Nimrud (Kalhu),ORCC,wall slab (with reliefs),3,53,1,28,1,36,1,113,0
Q003435,727.0,Tiglath-pileser III,Neo-Assyrian,Nimrud (Kalhu),ORCC,wall slab (with reliefs),3,57,1,51,1,112,0,24,1
Q003436,727.0,Tiglath-pileser III,Neo-Assyrian,Nimrud (Kalhu),ORCC,wall slab (with reliefs),3,3,1,9,1,66,1,109,0
Q003439,727.0,Tiglath-pileser III,Neo-Assyrian,Nimrud (Kalhu),ORCC,wall slab (with reliefs),3,67,1,78,1,13,1,103,0
Q003448,727.0,Tiglath-pileser III,Neo-Assyrian,Luristan,ORCC,stele,3,125,0,81,1,5,1,84,1
Q003453,727.0,Tiglath-pileser III,Neo-Assyrian,Nimrud (Kalhu),ORCC,slab,3,51,1,23,1,102,0,61,1
Q003456,727.0,Tiglath-pileser III,Neo-Assyrian,Nimrud (Kalhu),ORCC,slab,3,94,1,51,1,189,0,32,1
Q003459,727.0,Tiglath-pileser III,Neo-Assyrian,Nimrud (Kalhu),ORCC,None,3,110,0,62,1,22,1,88,1
Q003460,727.0,Tiglath-pileser III,Neo-Assyrian,Nimrud (Kalhu),ORCC,None,3,49,1,15,1,121,0,61,1
Q003464,727.0,Tiglath-pileser III,Neo-Assyrian,Nimrud (Kalhu),ORCC,None,3,56,1,7,1,112,0,81,1
Q003465,727.0,Tiglath-pileser III,Neo-Assyrian,Nimrud (Kalhu),ORCC,None,3,38,1,2,1,108,0,43,1
Q003468,727.0,Tiglath-pileser III,Neo-Assyrian,Nimrud (Kalhu),ORCC,wall slab (with reliefs),3,55,1,195,0,69,1,48,1
Q003471,727.0,Tiglath-pileser III,Neo-Assyrian,Qalat Sherqat (Assur),ORCC,brick,3,64,1,105,0,80,1,37,1
Q003512,681.0,Sennacherib,Neo-Assyrian,Kuyunjik (Nineveh),ORCC,stele,3,14,1,49,1,2,1,115,0
Q003524,681.0,Sennacherib,Neo-Assyrian,Kuyunjik (Nineveh),ORCC,human-headed bull colossus,3,20,1,30,1,29,1,218,0
Q003529,681.0,Sennacherib,Neo-Assyrian,Kuyunjik (Nineveh),ORCC,wall slab (with reliefs),3,148,0,3,1,20,1,29,1
Q003530,681.0,Sennacherib,Neo-Assyrian,Kuyunjik (Nineveh),ORCC,wall slab (with reliefs),3,176,0,50,1,8,1,32,1
Q003536,681.0,Sennacherib,Neo-Assyrian,Kuyunjik (Nineveh),ORCC,wall slab (with reliefs),3,43,1,110,0,10,1,64,1
Q003541,681.0,Sennacherib,Neo-Assyrian,Kuyunjik (Nineveh),ORCC,wall slab (with reliefs),3,152,0,81,1,7,1,22,1
Q003542,681.0,Sennacherib,Neo-Assyrian,Kuyunjik (Nineveh),ORCC,wall slab (with reliefs),3,142,0,29,1,9,1,39,1
Q003556,681.0,Sennacherib,Neo-Assyrian,Kuyunjik (Nineveh),ORCC,slab,3,46,1,138,0,30,1,37,1
Q003557,681.0,Sennacherib,Neo-Assyrian,Kuyunjik (Nineveh),ORCC,slab,3,3,1,127,0,27,1,30,1
Q003568,681.0,Sennacherib,Neo-Assyrian,Kuyunjik (Nineveh),ORCC,brick,3,29,1,108,0,24,1,34,1
Q003570,681.0,Sennacherib,Neo-Assyrian,Kuyunjik (Nineveh),ORCC,brick,3,106,0,91,1,14,1,0,1
Q003573,681.0,Sennacherib,Neo-Assyrian,Kuyunjik (Nineveh),ORCC,brick,3,90,1,19,1,70,1,116,0
Q003574,681.0,Sennacherib,Neo-Assyrian,Kuyunjik (Nineveh),ORCC,brick,3,74,1,4,1,59,1,126,0
Q003608,727.0,Tiglath-pileser III,Neo-Assyrian,Nimrud (Kalhu),ORCC,duck weight,3,96,1,101,0,92,1,64,1
Q003610,727.0,Tiglath-pileser III,Neo-Assyrian,Qalat Sherqat (Assur),ORCC,vessel,3,185,0,76,1,83,1,18,1
Q003611,727.0,Tiglath-pileser III,Neo-Assyrian,Qalat Sherqat (Assur),ORCC,enameled tile,3,135,0,56,1,94,1,47,1
Q003612,727.0,Tiglath-pileser III,Neo-Assyrian,Qalat Sherqat (Assur),ORCC,enameled tile,3,123,0,72,1,87,1,43,1
Q003618,727.0,Tiglath-pileser III,Neo-Assyrian,Tell Tayinat (Unqi),ORCC,disk,3,161,0,53,1,18,1,34,1
Q003620,727.0,Tiglath-pileser III,Neo-Assyrian,Nimrud (Kalhu),ORCC,vessel,3,51,1,39,1,102,0,0,1
Q003635,722.0,Shalmaneser V,Neo-Assyrian,Nimrud (Kalhu),ORCC,vessel,3,93,1,35,1,95,1,139,0
Q003704,631.0,Ashurbanipal,Neo-Assyrian,Kuyunjik (Nineveh),ORCC,prism,3,20,1,102,0,5,1,34,1
Q003713,631.0,Ashurbanipal,Neo-Assyrian,Kuyunjik (Nineveh),ORCC,prism,3,21,1,90,1,172,0,44,1
Q003714,631.0,Ashurbanipal,Neo-Assyrian,Kuyunjik (Nineveh),ORCC,prism,3,23,1,23,1,49,1,106,0
Q003720,631.0,Ashurbanipal,Neo-Assyrian,Kuyunjik (Nineveh),ORCC,cylinder,3,8,1,68,1,65,1,120,0
Q003724,631.0,Ashurbanipal,Neo-Assyrian,Kuyunjik (Nineveh),ORCC,slab (sculptured),3,63,1,113,0,63,1,24,1
Q003725,631.0,Ashurbanipal,Neo-Assyrian,Kuyunjik (Nineveh),ORCC,slab (sculptured),3,40,1,110,0,11,1,50,1
Q003732,631.0,Ashurbanipal,Neo-Assyrian,Kuyunjik (Nineveh),ORCC,slab (sculptured),3,25,1,74,1,101,0,29,1
Q003733,631.0,Ashurbanipal,Neo-Assyrian,Kuyunjik (Nineveh),ORCC,slab (sculptured),3,132,0,27,1,83,1,65,1
Q003734,631.0,Ashurbanipal,Neo-Assyrian,Kuyunjik (Nineveh),ORCC,slab (sculptured),3,36,1,125,0,56,1,43,1
Q003738,631.0,Ashurbanipal,Neo-Assyrian,Kuyunjik (Nineveh),ORCC,slab (sculptured),3,87,1,5,1,100,0,61,1
Q003741,631.0,Ashurbanipal,Neo-Assyrian,Kuyunjik (Nineveh),ORCC,slab (sculptured),3,133,0,17,1,82,1,78,1
Q003745,631.0,Ashurbanipal,Neo-Assyrian,Kuyunjik (Nineveh),ORCC,slab (sculptured),3,41,1,159,0,97,1,48,1
Q003748,631.0,Ashurbanipal,Neo-Assyrian,Kuyunjik (Nineveh),ORCC,slab (sculptured),3,100,1,123,0,74,1,88,1
Q003754,631.0,Ashurbanipal,Neo-Assyrian,Kuyunjik (Nineveh),ORCC,slab (sculptured),3,56,1,96,1,128,0,40,1
Q003756,631.0,Ashurbanipal,Neo-Assyrian,Kuyunjik (Nineveh),ORCC,slab (sculptured),3,9,1,130,0,89,1,92,1
Q003757,631.0,Ashurbanipal,Neo-Assyrian,Kuyunjik (Nineveh),ORCC,slab (sculptured),3,90,1,156,0,100,1,81,1
Q003758,631.0,Ashurbanipal,Neo-Assyrian,Kuyunjik (Nineveh),ORCC,paving stone,3,109,0,7,1,3,1,5,1
Q003767,631.0,Ashurbanipal,Neo-Assyrian,Kuyunjik (Nineveh),ORCC,vessel,3,22,1,115,0,78,1,38,1
Q003770,631.0,Ashurbanipal,Neo-Assyrian,Kuyunjik (Nineveh),ORCC,glazed brick,3,151,0,23,1,90,1,88,1
Q003772,631.0,Ashurbanipal,Neo-Assyrian,Kuyunjik (Nineveh),ORCC,None,3,14,1,30,1,108,0,69,1
Q003773,631.0,Ashurbanipal,Neo-Assyrian,Kuyunjik (Nineveh),ORCC,None,3,42,1,88,1,115,0,27,1
Q003775,631.0,Ashurbanipal,Neo-Assyrian,Kuyunjik (Nineveh),ORCC,None,3,51,1,110,0,99,1,16,1
Q003781,631.0,Ashurbanipal,Neo-Assyrian,Kuyunjik (Nineveh),ORCC,None,3,68,1,59,1,78,1,119,0
Q003782,631.0,Ashurbanipal,Neo-Assyrian,Kuyunjik (Nineveh),ORCC,None,3,81,1,24,1,100,0,28,1
Q003789,631.0,Ashurbanipal,Neo-Assyrian,Kuyunjik (Nineveh),ORCC,None,3,43,1,40,1,118,0,57,1
Q003793,631.0,Ashurbanipal,Neo-Assyrian,Kuyunjik (Nineveh),ORCC,None,3,42,1,69,1,23,1,112,0
Q003794,631.0,Ashurbanipal,Neo-Assyrian,Kuyunjik (Nineveh),ORCC,None,3,13,1,58,1,113,0,59,1
Q003802,631.0,Ashurbanipal,Neo-Assyrian,Babylon,ORCC,cylinder,3,63,1,117,0,64,1,48,1
Q003803,631.0,Ashurbanipal,Neo-Assyrian,Babylon,ORCC,cylinder,3,48,1,115,0,52,1,19,1
Q003809,631.0,Ashurbanipal,Neo-Assyrian,Babylon,ORCC,brick,3,107,0,54,1,77,1,75,1
Q003810,631.0,Ashurbanipal,Neo-Assyrian,Sippar,ORCC,cylinder,3,38,1,71,1,113,0,18,1
Q003812,631.0,Ashurbanipal,Neo-Assyrian,Borsippa,ORCC,cylinder,3,52,1,110,0,76,1,46,1
Q003823,631.0,Ashurbanipal,Neo-Assyrian,Kuyunjik (Nineveh),ORCC,None,3,58,1,137,0,97,1,75,1
Q003827,631.0,Ashurbanipal,Neo-Assyrian,Kuyunjik (Nineveh),ORCC,None,3,91,1,13,1,121,0,84,1
Q003846,631.0,Ashurbanipal,Neo-Assyrian,Ur,ORCC,brick,3,81,1,41,1,116,0,5,1
Q003855,631.0,Ashurbanipal,Neo-Assyrian,Ur,ORCC,uncertain,3,71,1,48,1,129,0,3,1
Q003858,627.0,Aššur-etel-ilāni,Neo-Assyrian,Babylonia,ORCC,None,3,25,1,2,1,183,0,25,1
Q003866,612.0,Sîn-šarru-iškun,Neo-Assyrian,Kuyunjik (Nineveh),ORCC,cylinder,3,100,0,36,1,36,1,80,1
Q003870,612.0,Sîn-šarru-iškun,Neo-Assyrian,Qalat Sherqat (Assur),ORCC,prism,3,59,1,98,1,124,0,48,1
Q003879,612.0,Sîn-šarru-iškun,Neo-Assyrian,Qalat Sherqat (Assur),ORCC,None,3,12,1,76,1,100,1,136,0
Q003922,681.0,Sennacherib,Neo-Assyrian,Kuyunjik (Nineveh),ORCC,bead,3,1,1,115,0,71,1,9,1
Q003926,681.0,Sennacherib,Neo-Assyrian,Kuyunjik (Nineveh),ORCC,bead,3,39,1,102,0,36,1,7,1
Q003929,681.0,Sennacherib,Neo-Assyrian,Kuyunjik (Nineveh),ORCC,bead,3,163,0,49,1,23,1,2,1
Q003930,681.0,Sennacherib,Neo-Assyrian,Kuyunjik (Nineveh),ORCC,bead,3,2,1,152,0,40,1,67,1
Q003931,681.0,Sennacherib,Neo-Assyrian,Kuyunjik (Nineveh),ORCC,bead,3,24,1,173,0,25,1,6,1
Q003932,681.0,Sennacherib,Neo-Assyrian,Kuyunjik (Nineveh),ORCC,bead,3,109,0,82,1,11,1,31,1
Q003936,681.0,Sennacherib,Neo-Assyrian,Kuyunjik (Nineveh),ORCC,bead,3,83,1,63,1,29,1,122,0
Q003937,681.0,Sennacherib,Neo-Assyrian,Kuyunjik (Nineveh),ORCC,horse trough,3,69,1,106,0,73,1,47,1
Q003938,681.0,Sennacherib,Neo-Assyrian,Kuyunjik (Nineveh),ORCC,vessel,3,23,1,81,1,125,0,5,1
Q003939,681.0,Sennacherib,Neo-Assyrian,Kuyunjik (Nineveh),ORCC,vessel,3,5,1,88,1,113,0,1,1
Q003956,681.0,Sennacherib,Neo-Assyrian,Kuyunjik (Nineveh),ORCC,None,3,63,1,11,1,111,0,58,1
Q003961,681.0,Sennacherib,Neo-Assyrian,Kuyunjik (Nineveh),ORCC,None,3,0,1,23,1,86,1,115,0
Q003962,681.0,Sennacherib,Neo-Assyrian,Kuyunjik (Nineveh),ORCC,None,3,26,1,109,0,49,1,1,1
Q003967,681.0,Sennacherib,Neo-Assyrian,Kuyunjik (Nineveh),ORCC,None,3,54,1,22,1,7,1,139,0
Q003971,681.0,Sennacherib,Neo-Assyrian,Qalat Sherqat (Assur),ORCC,prismatic cylinder,3,43,1,51,1,38,1,108,0
Q003974,681.0,Sennacherib,Neo-Assyrian,Qalat Sherqat (Assur),ORCC,block,3,19,1,93,1,40,1,136,0
Q003978,681.0,Sennacherib,Neo-Assyrian,Qalat Sherqat (Assur),ORCC,block,3,4,1,112,0,71,1,11,1
Q003981,681.0,Sennacherib,Neo-Assyrian,Qalat Sherqat (Assur),ORCC,series of blocks,3,6,1,286,0,8,1,2,1
Q003986,681.0,Sennacherib,Neo-Assyrian,Qalat Sherqat (Assur),ORCC,block,3,13,1,104,0,88,1,1,1
Q003987,681.0,Sennacherib,Neo-Assyrian,Qalat Sherqat (Assur),ORCC,block,3,0,1,134,0,88,1,9,1
Q003989,681.0,Sennacherib,Neo-Assyrian,Qalat Sherqat (Assur),ORCC,block,3,28,1,122,0,80,1,26,1
Q003990,681.0,Sennacherib,Neo-Assyrian,Qalat Sherqat (Assur),ORCC,block,3,103,0,84,1,52,1,7,1
Q003991,681.0,Sennacherib,Neo-Assyrian,Qalat Sherqat (Assur),ORCC,block,3,66,1,105,0,66,1,70,1
Q003993,681.0,Sennacherib,Neo-Assyrian,Qalat Sherqat (Assur),ORCC,block,3,106,0,17,1,33,1,55,1
Q003999,681.0,Sennacherib,Neo-Assyrian,Qalat Sherqat (Assur),ORCC,plating,3,15,1,10,1,78,1,309,0
Q004020,681.0,Sennacherib,Neo-Assyrian,Tell Sherif Khan (Tarbisu),ORCC,slab,3,38,1,28,1,61,1,138,0
Q004023,681.0,Sennacherib,Neo-Assyrian,Qasr Shamamuk (Kilizu),ORCC,slab,3,32,1,134,0,8,1,44,1
Q004038,681.0,Sennacherib,Neo-Assyrian,Sippar,ORCC,lion-head finial,3,30,1,72,1,115,0,55,1
Q004070,681.0,Sennacherib,Neo-Assyrian,Kuyunjik (Nineveh),ORCC,bead,3,97,1,201,0,6,1,76,1
Q004079,681.0,Sennacherib,Neo-Assyrian,Kuyunjik (Nineveh),ORCC,None,3,69,1,152,0,23,1,48,1
Q004082,681.0,Sennacherib,Neo-Assyrian,Kuyunjik (Nineveh),ORCC,tablet or prism,3,61,1,126,0,18,1,52,1
Q004088,681.0,Sennacherib,Neo-Assyrian,Qalat Sherqat (Assur),ORCC,stele,3,128,0,26,1,1,1,15,1
Q005380,560.0,Amel-Marduk,Neo-Babylonian,Babylon,ORCC,brick,3,44,1,2,1,14,1,161,0
Q005381,560.0,Amel-Marduk,Neo-Babylonian,Babylon,ORCC,paving stone,3,54,1,61,1,26,1,144,0
Q005382,560.0,Amel-Marduk,Neo-Babylonian,Babylon,ORCC,vessel,3,5,1,114,0,54,1,36,1
Q005384,560.0,Amel-Marduk,Neo-Babylonian,Susa,ORCC,vessel,3,55,1,141,0,71,1,41,1
Q005386,556.0,Neriglissar,Neo-Babylonian,Babylon,ORCC,cylinder,3,121,0,12,1,30,1,32,1
Q005387,556.0,Neriglissar,Neo-Babylonian,Babylon,ORCC,cylinder,3,139,0,72,1,57,1,4,1
Q005388,556.0,Neriglissar,Neo-Babylonian,Babylon,ORCC,cylinder,3,111,0,17,1,9,1,38,1
Q005389,556.0,Neriglissar,Neo-Babylonian,Babylon,ORCC,brick,3,92,1,116,0,16,1,16,1
Q005391,556.0,Neriglissar,Neo-Babylonian,Sippar,ORCC,cylinder,3,128,0,25,1,27,1,32,1
Q005393,556.0,Neriglissar,Neo-Babylonian,Susa,ORCC,vessel,3,121,0,60,1,63,1,74,1
Q005401,539.0,Nabonidus,Neo-Babylonian,Babylon,ORCC,stele,3,78,1,120,0,81,1,72,1
Q005402,539.0,Nabonidus,Neo-Babylonian,Babylon,ORCC,None,3,128,0,26,1,100,1,77,1
Q005412,539.0,Nabonidus,Neo-Babylonian,Kissik,ORCC,cylinder,3,82,1,55,1,98,1,106,0
Q005413,539.0,Nabonidus,Neo-Babylonian,Larsa,ORCC,cylinder,3,102,0,24,1,89,1,27,1
Q005419,539.0,Nabonidus,Neo-Babylonian,Sippar,ORCC,cylinder,3,142,0,96,1,68,1,12,1
Q005424,539.0,Nabonidus,Neo-Babylonian,Ur,ORCC,cylinder,3,109,0,42,1,95,1,74,1
Q005426,539.0,Nabonidus,Neo-Babylonian,Sippar,ORCC,cylinder,3,129,0,72,1,76,1,80,1
Q005427,539.0,Nabonidus,Neo-Babylonian,Sippar,ORCC,None,3,110,0,14,1,98,1,69,1
Q005428,539.0,Nabonidus,Neo-Babylonian,Sippar,ORCC,brick,3,39,1,174,0,92,1,30,1
Q005429,539.0,Nabonidus,Neo-Babylonian,Ur,ORCC,cylinder,3,126,0,78,1,65,1,49,1
Q005430,539.0,Nabonidus,Neo-Babylonian,Ur,ORCC,cylinder,3,131,0,49,1,65,1,28,1
Q005431,539.0,Nabonidus,Neo-Babylonian,Ur,ORCC,cylinder,3,68,1,73,1,207,0,76,1
Q005445,539.0,Nabonidus,Neo-Babylonian,Harran,ORCC,uncertain,3,112,0,16,1,64,1,61,1
Q005450,539.0,Nabonidus,Neo-Babylonian,Harran,ORCC,bead,3,54,1,56,1,104,0,57,1
Q005452,539.0,Nabonidus,Neo-Babylonian,Selaʾ,ORCC,rock face,3,67,1,7,1,124,0,53,1
Q005454,539.0,Nabonidus,Neo-Babylonian,Tayma,ORCC,statue base,3,113,0,71,1,12,1,49,1
Q005455,539.0,Nabonidus,Neo-Babylonian,Tayma,ORCC,stele,3,61,1,83,1,166,0,92,1
Q005457,539.0,Nabonidus,Neo-Babylonian,Tayma,ORCC,stele,3,98,1,3,1,170,0,79,1
Q005469,539.0,Nabonidus,Neo-Babylonian,Sippar,ORCC,cylinder,3,35,1,134,0,95,1,79,1
Q005472,562.0,Nebuchadnezzar II,Neo-Babylonian,Babylon,ORCC,stele,3,131,0,25,1,19,1,51,1
Q005475,562.0,Nebuchadnezzar II,Neo-Babylonian,Babylon,ORCC,block,3,89,1,103,0,58,1,37,1
Q005478,562.0,Nebuchadnezzar II,Neo-Babylonian,Babylon,ORCC,paving stone,3,8,1,114,0,46,1,83,1
Q005479,562.0,Nebuchadnezzar II,Neo-Babylonian,Babylon,ORCC,paving stone,3,31,1,98,1,28,1,292,0
Q005481,562.0,Nebuchadnezzar II,Neo-Babylonian,Babylon,ORCC,paving stone,3,109,0,36,1,41,1,92,1
Q005482,562.0,Nebuchadnezzar II,Neo-Babylonian,Babylon,ORCC,prism,3,119,0,20,1,49,1,45,1
Q005483,562.0,Nebuchadnezzar II,Neo-Babylonian,Babylon,ORCC,cylinder,3,142,0,7,1,30,1,38,1
Q005486,562.0,Nebuchadnezzar II,Neo-Babylonian,Babylon,ORCC,cylinder,3,138,0,40,1,83,1,79,1
Q005487,562.0,Nebuchadnezzar II,Neo-Babylonian,Babylon,ORCC,cylinder,3,96,1,119,0,49,1,36,1
Q005488,562.0,Nebuchadnezzar II,Neo-Babylonian,Babylon,ORCC,cylinder,3,34,1,99,1,46,1,128,0
Q005489,562.0,Nebuchadnezzar II,Neo-Babylonian,Babylon,ORCC,cylinder,3,111,0,23,1,16,1,8,1
Q005492,562.0,Nebuchadnezzar II,Neo-Babylonian,Babylon,ORCC,cylinder,3,141,0,11,1,38,1,59,1
Q005494,562.0,Nebuchadnezzar II,Neo-Babylonian,Babylon,ORCC,cylinder,3,103,0,8,1,13,1,29,1
Q005495,562.0,Nebuchadnezzar II,Neo-Babylonian,Babylon,ORCC,cylinder,3,112,0,61,1,94,1,27,1
Q005498,562.0,Nebuchadnezzar II,Neo-Babylonian,Babylon,ORCC,cylinder,3,132,0,5,1,26,1,7,1
Q005500,562.0,Nebuchadnezzar II,Neo-Babylonian,Babylon,ORCC,cylinder,3,104,0,52,1,0,1,45,1
Q005501,562.0,Nebuchadnezzar II,Neo-Babylonian,Babylon,ORCC,cylinder,3,106,0,15,1,1,1,6,1
Q005503,562.0,Nebuchadnezzar II,Neo-Babylonian,Babylon,ORCC,cylinder,3,144,0,76,1,53,1,2,1
Q005508,562.0,Nebuchadnezzar II,Neo-Babylonian,Babylon,ORCC,cylinder,3,96,1,122,0,67,1,23,1
Q005521,562.0,Nebuchadnezzar II,Neo-Babylonian,Babylon,ORCC,cylinder,3,122,0,2,1,56,1,53,1
Q005522,562.0,Nebuchadnezzar II,Neo-Babylonian,Babylon,ORCC,cylinder,3,20,1,22,1,18,1,158,0
Q005524,562.0,Nebuchadnezzar II,Neo-Babylonian,Babylon,ORCC,cylinder,3,32,1,64,1,31,1,179,0
Q005526,562.0,Nebuchadnezzar II,Neo-Babylonian,Babylon,ORCC,cylinder,3,30,1,53,1,38,1,231,0
Q005533,562.0,Nebuchadnezzar II,Neo-Babylonian,Babylon,ORCC,brick,3,99,1,56,1,72,1,109,0
Q005534,562.0,Nebuchadnezzar II,Neo-Babylonian,Babylon,ORCC,brick,3,107,0,40,1,38,1,33,1
Q005536,562.0,Nebuchadnezzar II,Neo-Babylonian,Babylon,ORCC,brick,3,141,0,31,1,50,1,75,1
Q005537,562.0,Nebuchadnezzar II,Neo-Babylonian,Babylon,ORCC,brick,3,105,0,6,1,18,1,37,1
Q005540,562.0,Nebuchadnezzar II,Neo-Babylonian,Babylon,ORCC,brick,3,166,0,45,1,84,1,42,1
Q005542,562.0,Nebuchadnezzar II,Neo-Babylonian,Babylon,ORCC,brick,3,122,0,4,1,4,1,3,1
Q005545,562.0,Nebuchadnezzar II,Neo-Babylonian,Babylon,ORCC,eyestone,3,130,0,26,1,25,1,32,1
Q005550,562.0,Nebuchadnezzar II,Neo-Babylonian,Borsippa,ORCC,cylinder,3,122,0,26,1,47,1,33,1
Q005551,562.0,Nebuchadnezzar II,Neo-Babylonian,Borsippa,ORCC,cylinder,3,118,0,33,1,40,1,10,1
Q005577,562.0,Nebuchadnezzar II,Neo-Babylonian,Marad,ORCC,cylinder,3,25,1,17,1,36,1,117,0
Q005585,562.0,Nebuchadnezzar II,Neo-Babylonian,Sippar,ORCC,brick,3,121,0,37,1,40,1,50,1
Q005586,562.0,Nebuchadnezzar II,Neo-Babylonian,Sippar,ORCC,brick,3,40,1,87,1,48,1,175,0
Q005587,562.0,Nebuchadnezzar II,Neo-Babylonian,Ur,ORCC,brick,3,128,0,13,1,45,1,92,1
Q005588,562.0,Nebuchadnezzar II,Neo-Babylonian,Ur,ORCC,brick,3,145,0,34,1,14,1,60,1
Q006204,612.0,Sîn-šarru-iškun,Neo-Assyrian,Nimrud (Kalhu),ORCC,bulla,3,39,1,81,1,23,1,701,0
Q006486,705.0,Sargon II,Neo-Assyrian,Khorsabad (Dur-Šarrukin),ORCC,wall slab (with reliefs),3,59,1,36,1,47,1,122,0
Q006506,705.0,Sargon II,Neo-Assyrian,Khorsabad (Dur-Šarrukin),ORCC,wall slab (with reliefs),3,90,1,218,0,11,1,55,1
Q006507,705.0,Sargon II,Neo-Assyrian,Khorsabad (Dur-Šarrukin),ORCC,wall slab (with reliefs),3,13,1,306,0,10,1,27,1
Q006508,705.0,Sargon II,Neo-Assyrian,Khorsabad (Dur-Šarrukin),ORCC,wall slab (with reliefs),3,41,1,184,0,30,1,21,1
Q006511,705.0,Sargon II,Neo-Assyrian,Khorsabad (Dur-Šarrukin),ORCC,wall slab (with reliefs),3,48,1,148,0,22,1,17,1
Q006512,705.0,Sargon II,Neo-Assyrian,Khorsabad (Dur-Šarrukin),ORCC,wall slab (with reliefs),3,86,1,41,1,19,1,287,0
Q006519,705.0,Sargon II,Neo-Assyrian,Khorsabad (Dur-Šarrukin),ORCC,wall slab (with reliefs),3,205,0,61,1,8,1,11,1
Q006520,705.0,Sargon II,Neo-Assyrian,Khorsabad (Dur-Šarrukin),ORCC,wall slab (with reliefs),3,36,1,154,0,1,1,15,1
Q006528,705.0,Sargon II,Neo-Assyrian,Khorsabad (Dur-Šarrukin),ORCC,None,3,135,0,38,1,34,1,29,1
Q006531,705.0,Sargon II,Neo-Assyrian,Khorsabad (Dur-Šarrukin),ORCC,brick,3,59,1,110,0,49,1,81,1
Q006532,705.0,Sargon II,Neo-Assyrian,Khorsabad (Dur-Šarrukin),ORCC,brick,3,41,1,113,0,18,1,9,1
Q006535,705.0,Sargon II,Neo-Assyrian,Khorsabad (Dur-Šarrukin),ORCC,brick,3,99,1,184,0,76,1,46,1
Q006536,705.0,Sargon II,Neo-Assyrian,Khorsabad (Dur-Šarrukin),ORCC,brick,3,57,1,86,1,91,1,121,0
Q006540,705.0,Sargon II,Neo-Assyrian,Khorsabad (Dur-Šarrukin),ORCC,bowl,3,119,0,52,1,82,1,30,1
Q006542,705.0,Sargon II,Neo-Assyrian,Khorsabad (Dur-Šarrukin),ORCC,eyestone,3,28,1,152,0,25,1,27,1
Q006546,705.0,Sargon II,Neo-Assyrian,Qalat Sherqat (Assur),ORCC,None,3,30,1,5,1,132,0,13,1
Q006547,705.0,Sargon II,Neo-Assyrian,Qalat Sherqat (Assur),ORCC,glazed wall plaque,3,31,1,117,0,50,1,17,1
Q006552,705.0,Sargon II,Neo-Assyrian,Qalat Sherqat (Assur),ORCC,grazed brick frieze,3,38,1,138,0,9,1,2,1
Q006555,705.0,Sargon II,Neo-Assyrian,Nimrud (Kalhu),ORCC,prism,3,5,1,6,1,119,0,47,1
Q006561,705.0,Sargon II,Neo-Assyrian,Nimrud (Kalhu),ORCC,writing board,3,124,0,5,1,75,1,42,1
Q006571,705.0,Sargon II,Neo-Assyrian,Kuyunjik (Nineveh),ORCC,None,3,87,1,202,0,56,1,44,1
Q006573,705.0,Sargon II,Neo-Assyrian,Kuyunjik (Nineveh),ORCC,cone,3,30,1,22,1,76,1,164,0
Q006574,705.0,Sargon II,Neo-Assyrian,Kuyunjik (Nineveh),ORCC,slab,3,33,1,344,0,51,1,40,1
Q006577,705.0,Sargon II,Neo-Assyrian,Kuyunjik (Nineveh),ORCC,brick,3,97,1,92,1,129,0,97,1
Q006578,705.0,Sargon II,Neo-Assyrian,Kuyunjik (Nineveh),ORCC,brick,3,65,1,210,0,59,1,39,1
Q006579,705.0,Sargon II,Neo-Assyrian,Kuyunjik (Nineveh),ORCC,brick,3,71,1,309,0,46,1,26,1
Q006582,705.0,Sargon II,Neo-Assyrian,Kuyunjik (Nineveh),ORCC,tablet ?,3,73,1,104,0,18,1,25,1
Q006583,705.0,Sargon II,Neo-Assyrian,uncertain,ORCC,None,3,60,1,47,1,136,0,88,1
Q006591,705.0,Sargon II,Neo-Assyrian,Europos (Carchemish),ORCC,brick,3,34,1,134,0,27,1,27,1
Q006592,705.0,Sargon II,Neo-Assyrian,Arslantepe (Melidu),ORCC,cylinder,3,17,1,10,1,106,0,16,1
Q006593,705.0,Sargon II,Neo-Assyrian,Arslantepe (Melidu),ORCC,cylinder,3,24,1,79,1,11,1,136,0
Q006598,705.0,Sargon II,Neo-Assyrian,Persepolis (Pārśa),ORCC,bead,3,41,1,198,0,36,1,50,1
Q006601,705.0,Sargon II,Neo-Assyrian,Persepolis (Pārśa),ORCC,eyestone,3,97,1,367,0,36,1,28,1
Q006610,705.0,Sargon II,Neo-Assyrian,uncertain,ORCC,bead,3,26,1,198,0,31,1,49,1
Q006634,705.0,Sargon II,Neo-Assyrian,Qalat Sherqat (Assur),ORCC,cone,3,101,0,6,1,13,1,7,1
Q006643,705.0,Sargon II,Neo-Assyrian,Nimrud (Kalhu),ORCC,bowl; jar; mirror,3,23,1,159,0,26,1,2,1
Q006650,705.0,Sargon II,Neo-Assyrian,Tell Haddad (Me-Turan),ORCC,axehead,3,85,1,20,1,41,1,138,0
Q006652,705.0,Sargon II,Neo-Assyrian,Tell Ahmar (Til Barsip),ORCC,stele,3,62,1,26,1,73,1,108,0
Q006653,530.0,Cyrus II,Achaemenid,Babylon,ORCC,"cylinder, tablet",3,74,1,109,0,43,1,53,1
Q006655,530.0,Cyrus II,Achaemenid,Uruk,ORCC,brick,3,44,1,31,1,122,0,69,1
Q007539,631.0,Ashurbanipal,Neo-Assyrian,Kuyunjik (Nineveh),ORCC,None,3,20,1,210,0,62,1,3,1
Q007547,631.0,Ashurbanipal,Neo-Assyrian,Kuyunjik (Nineveh),ORCC,None,3,49,1,13,1,99,1,111,0
Q007560,631.0,Ashurbanipal,Neo-Assyrian,Kuyunjik (Nineveh),ORCC,None,3,47,1,22,1,89,1,101,0
Q007569,631.0,Ashurbanipal,Neo-Assyrian,Kuyunjik (Nineveh),ORCC,None,3,16,1,59,1,160,0,16,1
Q007588,631.0,Ashurbanipal,Neo-Assyrian,Kuyunjik (Nineveh),ORCC,None,3,8,1,55,1,108,0,22,1
Q007589,631.0,Ashurbanipal,Neo-Assyrian,Qalat Sherqat (Assur),ORCC,None,3,25,1,47,1,101,0,43,1
Q007593,631.0,Ashurbanipal,Neo-Assyrian,Kuyunjik (Nineveh),ORCC,None,3,15,1,36,1,124,0,56,1
Q007594,631.0,Ashurbanipal,Neo-Assyrian,Kuyunjik (Nineveh),ORCC,None,3,68,1,65,1,109,0,95,1
Q007597,631.0,Ashurbanipal,Neo-Assyrian,Kuyunjik (Nineveh),ORCC,None,3,9,1,35,1,117,0,51,1
Q007607,631.0,Ashurbanipal,Neo-Assyrian,Kuyunjik (Nineveh),ORCC,None,3,17,1,4,1,31,1,108,0
Q007618,631.0,Ashurbanipal,Neo-Assyrian,Kuyunjik (Nineveh),ORCC,None,3,74,1,49,1,119,0,55,1
Q007619,631.0,Ashurbanipal,Neo-Assyrian,Kuyunjik (Nineveh),ORCC,None,3,79,1,54,1,117,0,63,1
Q007622,631.0,Ashurbanipal,Neo-Assyrian,Kuyunjik (Nineveh),ORCC,None,3,76,1,51,1,117,0,61,1
Q007624,631.0,Ashurbanipal,Neo-Assyrian,Kuyunjik (Nineveh),ORCC,None,3,23,1,4,1,104,0,85,1
Q007626,631.0,Ashurbanipal,Neo-Assyrian,Kuyunjik (Nineveh),ORCC,None,3,83,1,164,0,85,1,55,1
Q007628,631.0,Ashurbanipal,Neo-Assyrian,Kuyunjik (Nineveh),ORCC,None,3,21,1,44,1,128,0,68,1
Q008323,631.0,Ashurbanipal,Neo-Assyrian,Kuyunjik (Nineveh),ORCC,None,3,85,1,67,1,93,1,311,0
Q008327,631.0,Ashurbanipal,Neo-Assyrian,Kuyunjik (Nineveh),ORCC,None,3,88,1,41,1,111,0,54,1
Q008331,631.0,Ashurbanipal,Neo-Assyrian,Babylon (Bābili),ORCC,cylinder,3,105,0,26,1,16,1,62,1
Q008340,631.0,Ashurbanipal,Neo-Assyrian,Babylon (Bābili),ORCC,brick,3,55,1,173,0,91,1,33,1
Q008345,631.0,Ashurbanipal,Neo-Assyrian,Aqar Quf (Dur-Kurigalzu),ORCC,brick,3,94,1,176,0,90,1,33,1
Q008350,631.0,Ashurbanipal,Neo-Assyrian,Nuffar (Nippur),ORCC,brick,3,36,1,255,0,71,1,73,1
Q008354,631.0,Ashurbanipal,Neo-Assyrian,Tell Aqar (Der),ORCC,cylinder,3,9,1,1,1,104,0,64,1
Q008355,631.0,Ashurbanipal,Neo-Assyrian,Persepolis (Pārśa),ORCC,eyestone,3,19,1,178,0,82,1,18,1
Q008356,631.0,Ashurbanipal,Neo-Assyrian,Persepolis (Pārśa),ORCC,bead,3,19,1,178,0,82,1,18,1
Q008357,631.0,Ashurbanipal,Neo-Assyrian,Persepolis (Pārśa),ORCC,bead,3,78,1,253,0,72,1,13,1
Q008358,631.0,Ashurbanipal,Neo-Assyrian,Persepolis (Pārśa),ORCC,bowl (with sculpture),3,50,1,111,0,78,1,28,1
Q008368,612.0,Sîn-šarru-iškun,Neo-Assyrian,Kuyunjik (Nineveh),ORCC,vessel,3,70,1,130,0,4,1,66,1
Q003230,672.0,Esarhaddon,Neo-Assyrian,Kuyunjik (Nineveh),ORCC,prism,4,37,1,23,1,4,1,17,1
Q003231,676.0,Esarhaddon,Neo-Assyrian,Kuyunjik (Nineveh),ORCC,prism,4,16,1,4,1,14,1,9,1
Q003232,669.0,Esarhaddon,Neo-Assyrian,Kuyunjik (Nineveh),ORCC,prism,4,20,1,54,1,73,1,7,1
Q003233,669.0,Esarhaddon,Neo-Assyrian,Kuyunjik (Nineveh),ORCC,prism,4,14,1,25,1,36,1,20,1
Q003234,670.0,Esarhaddon,Neo-Assyrian,Kuyunjik (Nineveh),ORCC,prism,4,18,1,32,1,9,1,98,1
Q003236,670.0,Esarhaddon,Neo-Assyrian,Kuyunjik (Nineveh),ORCC,prism,4,13,1,21,1,49,1,15,1
Q003237,670.0,Esarhaddon,Neo-Assyrian,Kuyunjik (Nineveh),ORCC,prism,4,2,1,29,1,64,1,40,1
Q003239,677.0,Esarhaddon,Neo-Assyrian,Kuyunjik (Nineveh),ORCC,cylinder,4,29,1,20,1,10,1,51,1
Q003240,669.0,Esarhaddon,Neo-Assyrian,Kuyunjik (Nineveh),ORCC,cylinder,4,42,1,34,1,9,1,5,1
Q003241,669.0,Esarhaddon,Neo-Assyrian,Kuyunjik (Nineveh),ORCC,cylinder,4,28,1,2,1,38,1,15,1
Q003242,681.0,Esarhaddon,Neo-Assyrian,Kuyunjik (Nineveh),ORCC,cylinder,4,29,1,40,1,7,1,25,1
Q003243,681.0,Esarhaddon,Neo-Assyrian,Kuyunjik (Nineveh),ORCC,cylinder,4,56,1,21,1,14,1,23,1
Q003244,670.0,Esarhaddon,Neo-Assyrian,Kuyunjik (Nineveh),ORCC,cylinder,4,38,1,8,1,8,1,23,1
Q003245,670.0,Esarhaddon,Neo-Assyrian,Kuyunjik (Nineveh),ORCC,cylinder,4,60,1,36,1,39,1,7,1
Q003246,669.0,Esarhaddon,Neo-Assyrian,Kuyunjik (Nineveh),ORCC,cylinder,4,62,1,9,1,24,1,10,1
Q003247,669.0,Esarhaddon,Neo-Assyrian,Kuyunjik (Nineveh),ORCC,cylinder,4,1,1,36,1,13,1,48,1
Q003248,669.0,Esarhaddon,Neo-Assyrian,Kuyunjik (Nineveh),ORCC,uncertain,4,55,1,19,1,38,1,40,1
Q003249,670.0,Esarhaddon,Neo-Assyrian,Kuyunjik (Nineveh),ORCC,slab,4,47,1,28,1,41,1,7,1
Q003250,669.0,Esarhaddon,Neo-Assyrian,Kuyunjik (Nineveh),ORCC,slab,4,30,1,18,1,37,1,5,1
Q003251,669.0,Esarhaddon,Neo-Assyrian,Kuyunjik (Nineveh),ORCC,slab,4,11,1,67,1,49,1,2,1
Q003252,669.0,Esarhaddon,Neo-Assyrian,Kuyunjik (Nineveh),ORCC,brick,4,50,1,28,1,0,1,37,1
Q003253,669.0,Esarhaddon,Neo-Assyrian,Kuyunjik (Nineveh),ORCC,gaming board,4,8,1,54,1,25,1,23,1
Q003254,669.0,Esarhaddon,Neo-Assyrian,Kuyunjik (Nineveh),ORCC,vessel,4,48,1,4,1,70,1,19,1
Q003255,670.0,Esarhaddon,Neo-Assyrian,Kuyunjik (Nineveh),ORCC,vessel,4,33,1,1,1,56,1,3,1
Q003256,669.0,Esarhaddon,Neo-Assyrian,Kuyunjik (Nineveh),ORCC,vessel,4,14,1,9,1,34,1,12,1
Q003257,669.0,Esarhaddon,Neo-Assyrian,Kuyunjik (Nineveh),ORCC,vessel,4,27,1,6,1,56,1,41,1
Q003258,669.0,Esarhaddon,Neo-Assyrian,Kuyunjik (Nineveh),ORCC,vessel,4,6,1,64,1,43,1,17,1
Q003261,669.0,Esarhaddon,Neo-Assyrian,Kuyunjik (Nineveh),ORCC,None,4,52,1,61,1,5,1,6,1
Q003262,672.0,Esarhaddon,Neo-Assyrian,Kuyunjik (Nineveh),ORCC,None,4,39,1,21,1,9,1,38,1
Q003263,670.0,Esarhaddon,Neo-Assyrian,Kuyunjik (Nineveh),ORCC,None,4,32,1,9,1,6,1,13,1
Q003264,670.0,Esarhaddon,Neo-Assyrian,Kuyunjik (Nineveh),ORCC,None,4,43,1,62,1,58,1,25,1
Q003265,670.0,Esarhaddon,Neo-Assyrian,Kuyunjik (Nineveh),ORCC,None,4,30,1,36,1,51,1,9,1
Q003266,670.0,Esarhaddon,Neo-Assyrian,Kuyunjik (Nineveh),ORCC,None,4,22,1,31,1,19,1,11,1
Q003267,670.0,Esarhaddon,Neo-Assyrian,Kuyunjik (Nineveh),ORCC,None,4,12,1,27,1,6,1,4,1
Q003268,670.0,Esarhaddon,Neo-Assyrian,Kuyunjik (Nineveh),ORCC,None,4,6,1,66,1,30,1,84,1
Q003270,669.0,Esarhaddon,Neo-Assyrian,Kuyunjik (Nineveh),ORCC,None,4,9,1,25,1,11,1,31,1
Q003271,669.0,Esarhaddon,Neo-Assyrian,Kuyunjik (Nineveh),ORCC,None,4,94,1,70,1,34,1,25,1
Q003272,669.0,Esarhaddon,Neo-Assyrian,Kuyunjik (Nineveh),ORCC,None,4,14,1,40,1,43,1,26,1
Q003273,669.0,Esarhaddon,Neo-Assyrian,Kuyunjik (Nineveh),ORCC,None,4,78,1,43,1,29,1,24,1
Q003274,669.0,Esarhaddon,Neo-Assyrian,Kuyunjik (Nineveh),ORCC,None,4,41,1,30,1,21,1,12,1
Q003275,669.0,Esarhaddon,Neo-Assyrian,Kuyunjik (Nineveh),ORCC,None,4,80,1,71,1,59,1,89,1
Q003276,669.0,Esarhaddon,Neo-Assyrian,Kuyunjik (Nineveh),ORCC,None,4,2,1,3,1,42,1,67,1
Q003277,669.0,Esarhaddon,Neo-Assyrian,Kuyunjik (Nineveh),ORCC,None,4,64,1,45,1,24,1,11,1
Q003278,669.0,Esarhaddon,Neo-Assyrian,Kuyunjik (Nineveh),ORCC,None,4,31,1,19,1,12,1,40,1
Q003279,669.0,Esarhaddon,Neo-Assyrian,Kuyunjik (Nineveh),ORCC,None,4,47,1,87,1,1,1,58,1
Q003280,669.0,Esarhaddon,Neo-Assyrian,Kuyunjik (Nineveh),ORCC,None,4,30,1,15,1,7,1,12,1
Q003281,669.0,Esarhaddon,Neo-Assyrian,Kuyunjik (Nineveh),ORCC,None,4,8,1,30,1,15,1,31,1
Q003282,669.0,Esarhaddon,Neo-Assyrian,Kuyunjik (Nineveh),ORCC,None,4,48,1,2,1,29,1,7,1
Q003283,669.0,Esarhaddon,Neo-Assyrian,Kuyunjik (Nineveh),ORCC,None,4,31,1,42,1,53,1,4,1
Q003284,669.0,Esarhaddon,Neo-Assyrian,Kuyunjik (Nineveh),ORCC,None,4,69,1,81,1,1,1,15,1
Q003285,669.0,Esarhaddon,Neo-Assyrian,Kuyunjik (Nineveh),ORCC,None,4,2,1,15,1,5,1,11,1
Q003286,679.0,Esarhaddon,Neo-Assyrian,Qalat Sherqat (Assur),ORCC,"prism, tablet",4,33,1,7,1,8,1,2,1
Q003287,680.0,Esarhaddon,Neo-Assyrian,Qalat Sherqat (Assur),ORCC,prism,4,14,1,5,1,38,1,12,1
Q003288,680.0,Esarhaddon,Neo-Assyrian,Qalat Sherqat (Assur),ORCC,cylinder,4,5,1,15,1,8,1,24,1
Q003289,669.0,Esarhaddon,Neo-Assyrian,Kuyunjik (Nineveh),ORCC,None,4,21,1,20,1,40,1,2,1
Q003290,669.0,Esarhaddon,Neo-Assyrian,Qalat Sherqat (Assur),ORCC,brick,4,18,1,41,1,5,1,10,1
Q003291,669.0,Esarhaddon,Neo-Assyrian,Qalat Sherqat (Assur),ORCC,block,4,3,1,37,1,31,1,15,1
Q003292,669.0,Esarhaddon,Neo-Assyrian,Qalat Sherqat (Assur),ORCC,series of blocks,4,18,1,43,1,29,1,15,1
Q003293,669.0,Esarhaddon,Neo-Assyrian,Qalat Sherqat (Assur),ORCC,series of blocks,4,12,1,23,1,21,1,7,1
Q003294,669.0,Esarhaddon,Neo-Assyrian,Qalat Sherqat (Assur),ORCC,block,4,51,1,71,1,17,1,39,1
Q003295,669.0,Esarhaddon,Neo-Assyrian,Qalat Sherqat (Assur),ORCC,block,4,35,1,1,1,28,1,0,1
Q003297,669.0,Esarhaddon,Neo-Assyrian,Qalat Sherqat (Assur),ORCC,door socket,4,93,1,42,1,38,1,10,1
Q003299,669.0,Esarhaddon,Neo-Assyrian,Qalat Sherqat (Assur),ORCC,vessel,4,34,1,34,1,17,1,38,1
Q003300,669.0,Esarhaddon,Neo-Assyrian,Qalat Sherqat (Assur),ORCC,vessel,4,54,1,38,1,13,1,47,1
Q003302,669.0,Esarhaddon,Neo-Assyrian,Qalat Sherqat (Assur),ORCC,vessel,4,2,1,24,1,31,1,4,1
Q003303,669.0,Esarhaddon,Neo-Assyrian,Qalat Sherqat (Assur),ORCC,bead,4,25,1,9,1,62,1,70,1
Q003304,669.0,Esarhaddon,Neo-Assyrian,Qalat Sherqat (Assur),ORCC,amulet,4,17,1,10,1,51,1,84,1
Q003305,669.0,Esarhaddon,Neo-Assyrian,Qalat Sherqat (Assur),ORCC,None,4,28,1,17,1,22,1,1,1
Q003306,672.0,Esarhaddon,Neo-Assyrian,Nimrud (Kalhu),ORCC,cylinder,4,19,1,15,1,36,1,11,1
Q003307,676.0,Esarhaddon,Neo-Assyrian,Nimrud (Kalhu),ORCC,cylinder,4,19,1,13,1,32,1,16,1
Q003308,672.0,Esarhaddon,Neo-Assyrian,Nimrud (Kalhu),ORCC,cylinder,4,22,1,14,1,34,1,4,1
Q003309,669.0,Esarhaddon,Neo-Assyrian,Nimrud (Kalhu),ORCC,cylinder,4,36,1,13,1,22,1,34,1
Q003310,669.0,Esarhaddon,Neo-Assyrian,Nimrud (Kalhu),ORCC,series of blocks,4,7,1,40,1,29,1,5,1
Q003312,669.0,Esarhaddon,Neo-Assyrian,Nimrud (Kalhu),ORCC,bull colossus,4,87,1,19,1,81,1,1,1
Q003313,669.0,Esarhaddon,Neo-Assyrian,Nimrud (Kalhu),ORCC,bull colossus,4,34,1,25,1,82,1,5,1
Q003314,669.0,Esarhaddon,Neo-Assyrian,Nimrud (Kalhu),ORCC,human-headed lion colossus,4,8,1,33,1,90,1,6,1
Q003315,669.0,Esarhaddon,Neo-Assyrian,Negub Tunnel,ORCC,slab,4,99,1,14,1,70,1,32,1
Q003316,669.0,Esarhaddon,Neo-Assyrian,Nimrud (Kalhu),ORCC,slab,4,5,1,7,1,14,1,44,1
Q003317,669.0,Esarhaddon,Neo-Assyrian,Nimrud (Kalhu),ORCC,brick,4,15,1,42,1,51,1,7,1
Q003319,669.0,Esarhaddon,Neo-Assyrian,Nimrud (Kalhu),ORCC,seal (impression),4,48,1,22,1,30,1,58,1
Q003320,669.0,Esarhaddon,Neo-Assyrian,Nimrud (Kalhu),ORCC,vessel,4,2,1,64,1,30,1,7,1
Q003321,669.0,Esarhaddon,Neo-Assyrian,Nimrud (Kalhu),ORCC,lump,4,49,1,3,1,3,1,10,1
Q003322,672.0,Esarhaddon,Neo-Assyrian,Qalat Sherqat (Assur),ORCC,cylinder,4,23,1,12,1,35,1,5,1
Q003323,669.0,Esarhaddon,Neo-Assyrian,Tell Sherif Khan (Tarbisu),ORCC,slab,4,31,1,7,1,24,1,21,1
Q003324,669.0,Esarhaddon,Neo-Assyrian,Tell Sherif Khan (Tarbisu),ORCC,slab,4,39,1,22,1,49,1,0,1
Q003325,669.0,Esarhaddon,Neo-Assyrian,Tell Sherif Khan (Tarbisu),ORCC,brick,4,5,1,47,1,42,1,11,1
Q003326,669.0,Esarhaddon,Neo-Assyrian,Tell Ahmar (Til Barsip),ORCC,stele,4,9,1,62,1,47,1,3,1
Q003327,669.0,Esarhaddon,Neo-Assyrian,Zinčirli (Samal),ORCC,stele,4,19,1,8,1,0,1,9,1
Q003328,669.0,Esarhaddon,Neo-Assyrian,Kuyunjik (Nineveh),ORCC,None,4,23,1,7,1,18,1,50,1
Q003329,669.0,Esarhaddon,Neo-Assyrian,Kuyunjik (Nineveh),ORCC,None,4,1,1,33,1,0,1,6,1
Q003330,669.0,Esarhaddon,Neo-Assyrian,Kuyunjik (Nineveh),ORCC,None,4,47,1,39,1,75,1,25,1
Q003332,669.0,Esarhaddon,Neo-Assyrian,Nahr el-Kelb,ORCC,rock face,4,2,1,7,1,0,1,14,1
Q003333,673.0,Esarhaddon,Neo-Assyrian,Babylon,ORCC,prism,4,30,1,53,1,22,1,17,1
Q003334,672.0,Esarhaddon,Neo-Assyrian,Babylon,ORCC,prism,4,13,1,57,1,19,1,21,1
Q003335,670.0,Esarhaddon,Neo-Assyrian,Babylon,ORCC,"prism, tablet",4,49,1,56,1,64,1,12,1
Q003336,672.0,Esarhaddon,Neo-Assyrian,Babylon,ORCC,prism,4,45,1,59,1,12,1,29,1
Q003339,672.0,Esarhaddon,Neo-Assyrian,Babylon,ORCC,prism,4,32,1,12,1,6,1,4,1
Q003341,669.0,Esarhaddon,Neo-Assyrian,Sippar,ORCC,prism,4,22,1,34,1,30,1,30,1
Q003342,669.0,Esarhaddon,Neo-Assyrian,Babylon,ORCC,cylinder,4,53,1,18,1,10,1,1,1
Q003343,672.0,Esarhaddon,Neo-Assyrian,Babylon,ORCC,cubiod monument,4,35,1,61,1,42,1,4,1
Q003345,677.0,Esarhaddon,Neo-Assyrian,Nineveh,ORCC,None,4,76,1,78,1,54,1,34,1
Q003357,669.0,Esarhaddon,Neo-Assyrian,Nippur,ORCC,cylinder,4,16,1,95,1,69,1,37,1
Q003358,669.0,Esarhaddon,Neo-Assyrian,Nippur,ORCC,cylinder,4,53,1,65,1,20,1,31,1
Q003359,669.0,Esarhaddon,Neo-Assyrian,Nippur,ORCC,cylinder,4,28,1,60,1,41,1,45,1
Q003360,669.0,Esarhaddon,Neo-Assyrian,Nippur,ORCC,brick,4,10,1,60,1,70,1,71,1
Q003361,669.0,Esarhaddon,Neo-Assyrian,Nippur,ORCC,brick,4,18,1,56,1,78,1,29,1
Q003362,669.0,Esarhaddon,Neo-Assyrian,Uruk,ORCC,cylinder,4,64,1,100,1,42,1,35,1
Q003363,669.0,Esarhaddon,Neo-Assyrian,Uruk,ORCC,cylinder,4,29,1,80,1,76,1,8,1
Q003365,669.0,Esarhaddon,Neo-Assyrian,Uruk,ORCC,cylinder,4,73,1,50,1,31,1,7,1
Q003366,669.0,Esarhaddon,Neo-Assyrian,Uruk,ORCC,brick,4,1,1,18,1,30,1,26,1
Q003367,669.0,Esarhaddon,Neo-Assyrian,Uruk,ORCC,brick,4,74,1,60,1,96,1,3,1
Q003368,669.0,Esarhaddon,Neo-Assyrian,Uruk,ORCC,brick,4,39,1,72,1,71,1,20,1
Q003369,669.0,Esarhaddon,Neo-Assyrian,Cave Kalm-karra,ORCC,vessel,4,12,1,2,1,7,1,25,1
Q003370,669.0,Esarhaddon,Neo-Assyrian,Kuyunjik (Nineveh),ORCC,lion weight,4,58,1,12,1,77,1,6,1
Q003371,669.0,Esarhaddon,Neo-Assyrian,Assyria,ORCC,bead,4,9,1,11,1,16,1,21,1
Q003372,669.0,Esarhaddon,Neo-Assyrian,Persepolis (Pārśa),ORCC,bead,4,13,1,54,1,19,1,8,1
Q003373,669.0,Esarhaddon,Neo-Assyrian,Sippar,ORCC,prism,4,33,1,12,1,59,1,14,1
Q003374,669.0,Esarhaddon,Neo-Assyrian,Sippar,ORCC,prism,4,13,1,30,1,12,1,8,1
Q003375,669.0,Esarhaddon,Neo-Assyrian,Babylon,ORCC,prism,4,16,1,63,1,22,1,0,1
Q003376,669.0,Esarhaddon,Neo-Assyrian,Nineveh,ORCC,prism,4,5,1,66,1,3,1,8,1
Q003377,669.0,Esarhaddon,Neo-Assyrian,Kuyunjik (Nineveh),ORCC,cylinder,4,10,1,45,1,6,1,43,1
Q003378,669.0,Esarhaddon,Neo-Assyrian,Qalat Sherqat (Assur),ORCC,cylinder,4,1,1,27,1,49,1,4,1
Q003380,669.0,Esarhaddon,Neo-Assyrian,el-Ghab,ORCC,stele,4,58,1,39,1,17,1,19,1
Q003381,669.0,Esarhaddon,Neo-Assyrian,Syria,ORCC,brick,4,25,1,84,1,17,1,70,1
Q003382,669.0,Esarhaddon,Neo-Assyrian,Uruk,ORCC,None,4,54,1,20,1,44,1,18,1
Q003383,669.0,Esarhaddon,Neo-Assyrian,Kuyunjik (Nineveh),ORCC,None,4,24,1,55,1,10,1,20,1
Q003384,669.0,Esarhaddon,Neo-Assyrian,Kuyunjik (Nineveh),ORCC,None,4,60,1,35,1,4,1,39,1
Q003385,669.0,Esarhaddon,Neo-Assyrian,Kuyunjik (Nineveh),ORCC,None,4,5,1,4,1,49,1,18,1
Q003386,669.0,Esarhaddon,Neo-Assyrian,Kuyunjik (Nineveh),ORCC,None,4,1,1,69,1,3,1,13,1
Q003387,669.0,Esarhaddon,Neo-Assyrian,Kuyunjik (Nineveh),ORCC,None,4,29,1,33,1,37,1,0,1
Q003388,669.0,Esarhaddon,Neo-Assyrian,Kuyunjik (Nineveh),ORCC,None,4,52,1,20,1,29,1,24,1
Q003389,669.0,Esarhaddon,Neo-Assyrian,Kuyunjik (Nineveh),ORCC,None,4,83,1,3,1,7,1,14,1
Q003390,669.0,Esarhaddon,Neo-Assyrian,Kuyunjik (Nineveh),ORCC,None,4,29,1,34,1,11,1,5,1
Q003391,669.0,Esarhaddon,Neo-Assyrian,Kuyunjik (Nineveh),ORCC,None,4,13,1,18,1,29,1,37,1
Q003392,669.0,Esarhaddon,Neo-Assyrian,Kuyunjik (Nineveh),ORCC,None,4,64,1,49,1,30,1,13,1
Q003395,669.0,Esarhaddon,Neo-Assyrian,Kuyunjik (Nineveh),ORCC,vessel,4,13,1,42,1,19,1,6,1
Q003396,669.0,Esarhaddon,Neo-Assyrian,Kuyunjik (Nineveh),ORCC,vessel,4,35,1,24,1,42,1,25,1
Q003397,669.0,Esarhaddon,Neo-Assyrian,Kuyunjik (Nineveh),ORCC,vessel,4,68,1,60,1,43,1,17,1
Q003398,669.0,Esarhaddon,Neo-Assyrian,Kuyunjik (Nineveh),ORCC,vessel,4,0,1,40,1,20,1,1,1
Q003400,669.0,Esarhaddon,Neo-Assyrian,Kuyunjik (Nineveh),ORCC,vessel,4,25,1,28,1,11,1,4,1
Q003401,669.0,Esarhaddon,Neo-Assyrian,Kuyunjik (Nineveh),ORCC,vessel,4,9,1,25,1,24,1,6,1
Q003404,669.0,Esarhaddon,Neo-Assyrian,Qalat Sherqat (Assur),ORCC,block,4,26,1,47,1,48,1,25,1
Q003405,669.0,Esarhaddon,Neo-Assyrian,Kuyunjik (Nineveh),ORCC,prism,4,10,1,25,1,9,1,12,1
Q003406,669.0,Esarhaddon,Neo-Assyrian,Kuyunjik (Nineveh),ORCC,cylinder,4,35,1,20,1,0,1,5,1
Q003407,669.0,Esarhaddon,Neo-Assyrian,Kuyunjik (Nineveh),ORCC,None,4,14,1,17,1,43,1,23,1
Q003408,669.0,Esarhaddon,Neo-Assyrian,Kuyunjik (Nineveh),ORCC,None,4,37,1,25,1,15,1,15,1
Q003409,669.0,Esarhaddon,Neo-Assyrian,Assyria,ORCC,bead,4,33,1,3,1,17,1,18,1
Q003410,669.0,Esarhaddon,Neo-Assyrian,Assyria,ORCC,bead,4,13,1,10,1,21,1,12,1
Q003411,669.0,Esarhaddon,Neo-Assyrian,Assyria,ORCC,bead,4,50,1,35,1,7,1,39,1
Q003412,669.0,Esarhaddon,Neo-Assyrian,Assyria,ORCC,plating,4,47,1,17,1,18,1,87,1
Q003414,727.0,Tiglath-pileser III,Neo-Assyrian,Nimrud (Kalhu),ORCC,wall slab (with reliefs),4,40,1,10,1,42,1,58,1
Q003415,727.0,Tiglath-pileser III,Neo-Assyrian,Nimrud (Kalhu),ORCC,wall slab (with reliefs),4,18,1,6,1,49,1,71,1
Q003416,727.0,Tiglath-pileser III,Neo-Assyrian,Nimrud (Kalhu),ORCC,wall slab (with reliefs),4,52,1,71,1,79,1,49,1
Q003417,727.0,Tiglath-pileser III,Neo-Assyrian,Nimrud (Kalhu),ORCC,wall slab (with reliefs),4,42,1,11,1,77,1,97,1
Q003419,727.0,Tiglath-pileser III,Neo-Assyrian,Nimrud (Kalhu),ORCC,wall slab (with reliefs),4,78,1,86,1,95,1,29,1
Q003420,727.0,Tiglath-pileser III,Neo-Assyrian,Nimrud (Kalhu),ORCC,wall slab (with reliefs),4,54,1,49,1,66,1,53,1
Q003421,727.0,Tiglath-pileser III,Neo-Assyrian,Nimrud (Kalhu),ORCC,wall slab (with reliefs),4,58,1,53,1,11,1,87,1
Q003422,727.0,Tiglath-pileser III,Neo-Assyrian,Nimrud (Kalhu),ORCC,wall slab (with reliefs),4,67,1,1,1,49,1,69,1
Q003424,727.0,Tiglath-pileser III,Neo-Assyrian,Nimrud (Kalhu),ORCC,wall slab (with reliefs),4,61,1,55,1,64,1,84,1
Q003428,727.0,Tiglath-pileser III,Neo-Assyrian,Nimrud (Kalhu),ORCC,wall slab (with reliefs),4,71,1,58,1,86,1,8,1
Q003429,727.0,Tiglath-pileser III,Neo-Assyrian,Nimrud (Kalhu),ORCC,wall slab (with reliefs),4,36,1,68,1,5,1,65,1
Q003430,727.0,Tiglath-pileser III,Neo-Assyrian,Nimrud (Kalhu),ORCC,wall slab (with reliefs),4,70,1,96,1,47,1,44,1
Q003431,727.0,Tiglath-pileser III,Neo-Assyrian,Nimrud (Kalhu),ORCC,wall slab (with reliefs),4,65,1,67,1,21,1,74,1
Q003432,727.0,Tiglath-pileser III,Neo-Assyrian,Nimrud (Kalhu),ORCC,wall slab (with reliefs),4,88,1,56,1,63,1,83,1
Q003434,727.0,Tiglath-pileser III,Neo-Assyrian,Nimrud (Kalhu),ORCC,wall slab (with reliefs),4,97,1,81,1,44,1,58,1
Q003437,727.0,Tiglath-pileser III,Neo-Assyrian,Nimrud (Kalhu),ORCC,wall slab (with reliefs),4,77,1,59,1,75,1,100,1
Q003440,727.0,Tiglath-pileser III,Neo-Assyrian,Nimrud (Kalhu),ORCC,wall slab (with reliefs),4,75,1,57,1,12,1,54,1
Q003441,727.0,Tiglath-pileser III,Neo-Assyrian,Nimrud (Kalhu),ORCC,wall slab (with reliefs),4,68,1,22,1,5,1,25,1
Q003444,727.0,Tiglath-pileser III,Neo-Assyrian,Nimrud (Kalhu),ORCC,wall slab (with reliefs),4,60,1,65,1,28,1,86,1
Q003445,727.0,Tiglath-pileser III,Neo-Assyrian,Nimrud (Kalhu),ORCC,wall slab (with reliefs),4,69,1,63,1,54,1,33,1
Q003449,727.0,Tiglath-pileser III,Neo-Assyrian,Nimrud (Kalhu),ORCC,anthropomorphic statue,4,50,1,3,1,2,1,50,1
Q003450,727.0,Tiglath-pileser III,Neo-Assyrian,Mila Mergi,ORCC,rock face,4,98,1,78,1,17,1,83,1
Q003451,727.0,Tiglath-pileser III,Neo-Assyrian,Qalat Sherqat (Assur),ORCC,uncertain,4,6,1,3,1,22,1,15,1
Q003452,727.0,Tiglath-pileser III,Neo-Assyrian,Nimrud (Kalhu),ORCC,slab,4,54,1,6,1,93,1,15,1
Q003454,727.0,Tiglath-pileser III,Neo-Assyrian,Nimrud (Kalhu),ORCC,slab,4,63,1,24,1,12,1,14,1
Q003455,727.0,Tiglath-pileser III,Neo-Assyrian,Nimrud (Kalhu),ORCC,slab,4,61,1,87,1,32,1,55,1
Q003457,727.0,Tiglath-pileser III,Neo-Assyrian,Nimrud (Kalhu),ORCC,slab,4,39,1,37,1,7,1,62,1
Q003461,727.0,Tiglath-pileser III,Neo-Assyrian,Nimrud (Kalhu),ORCC,None,4,55,1,53,1,10,1,50,1
Q003462,727.0,Tiglath-pileser III,Neo-Assyrian,Nimrud (Kalhu),ORCC,None,4,82,1,20,1,18,1,52,1
Q003463,727.0,Tiglath-pileser III,Neo-Assyrian,Nimrud (Kalhu),ORCC,None,4,60,1,62,1,19,1,98,1
Q003466,727.0,Tiglath-pileser III,Neo-Assyrian,Arslan Tash (Ḫadatu),ORCC,bull colossus,4,91,1,20,1,41,1,83,1
Q003467,727.0,Tiglath-pileser III,Neo-Assyrian,Qalat Sherqat (Assur),ORCC,block,4,79,1,30,1,28,1,74,1
Q003472,727.0,Tiglath-pileser III,Neo-Assyrian,Qalat Sherqat (Assur),ORCC,brick,4,5,1,22,1,39,1,2,1
Q003473,727.0,Tiglath-pileser III,Neo-Assyrian,Qalat Sherqat (Assur),ORCC,brick,4,77,1,65,1,64,1,9,1
Q003474,727.0,Tiglath-pileser III,Neo-Assyrian,Nimrud (Kalhu),ORCC,duck weight,4,93,1,32,1,82,1,42,1
Q003475,681.0,Sennacherib,Neo-Assyrian,Kuyunjik (Nineveh),ORCC,cylinder,4,18,1,18,1,50,1,54,1
Q003476,681.0,Sennacherib,Neo-Assyrian,Kuyunjik (Nineveh),ORCC,cylinder,4,28,1,28,1,47,1,11,1
Q003477,681.0,Sennacherib,Neo-Assyrian,Kuyunjik (Nineveh),ORCC,cylinder,4,27,1,31,1,49,1,26,1
Q003478,681.0,Sennacherib,Neo-Assyrian,Kuyunjik (Nineveh),ORCC,cylinder,4,17,1,8,1,33,1,6,1
Q003479,681.0,Sennacherib,Neo-Assyrian,Kuyunjik (Nineveh),ORCC,cylinder,4,49,1,40,1,34,1,6,1
Q003481,681.0,Sennacherib,Neo-Assyrian,Kuyunjik (Nineveh),ORCC,cylinder,4,28,1,40,1,15,1,14,1
Q003482,681.0,Sennacherib,Neo-Assyrian,Kuyunjik (Nineveh),ORCC,cylinder,4,17,1,8,1,33,1,27,1
Q003483,681.0,Sennacherib,Neo-Assyrian,Kuyunjik (Nineveh),ORCC,cylinder,4,23,1,14,1,39,1,35,1
Q003484,681.0,Sennacherib,Neo-Assyrian,Kuyunjik (Nineveh),ORCC,cylinder,4,16,1,31,1,88,1,5,1
Q003485,681.0,Sennacherib,Neo-Assyrian,Kuyunjik (Nineveh),ORCC,cylinder,4,23,1,41,1,26,1,16,1
Q003486,681.0,Sennacherib,Neo-Assyrian,Kuyunjik (Nineveh),ORCC,cylinder,4,86,1,48,1,43,1,5,1
Q003487,681.0,Sennacherib,Neo-Assyrian,Kuyunjik (Nineveh),ORCC,cylinder,4,84,1,40,1,1,1,6,1
Q003489,681.0,Sennacherib,Neo-Assyrian,Kuyunjik (Nineveh),ORCC,prism,4,13,1,22,1,55,1,21,1
Q003490,681.0,Sennacherib,Neo-Assyrian,Kuyunjik (Nineveh),ORCC,prism,4,27,1,8,1,25,1,22,1
Q003491,681.0,Sennacherib,Neo-Assyrian,Kuyunjik (Nineveh),ORCC,prism,4,25,1,11,1,26,1,38,1
Q003492,681.0,Sennacherib,Neo-Assyrian,Kuyunjik (Nineveh),ORCC,prism,4,39,1,20,1,11,1,2,1
Q003493,681.0,Sennacherib,Neo-Assyrian,Kuyunjik (Nineveh),ORCC,prism,4,21,1,13,1,79,1,7,1
Q003494,681.0,Sennacherib,Neo-Assyrian,Kuyunjik (Nineveh),ORCC,prism,4,23,1,8,1,32,1,22,1
Q003495,681.0,Sennacherib,Neo-Assyrian,Kuyunjik (Nineveh),ORCC,prism,4,56,1,2,1,30,1,44,1
Q003496,681.0,Sennacherib,Neo-Assyrian,Kuyunjik (Nineveh),ORCC,prism,4,22,1,6,1,23,1,56,1
Q003497,681.0,Sennacherib,Neo-Assyrian,Kuyunjik (Nineveh),ORCC,prism,4,26,1,6,1,32,1,57,1
Q003498,681.0,Sennacherib,Neo-Assyrian,Kuyunjik (Nineveh),ORCC,prism,4,36,1,2,1,22,1,33,1
Q003499,681.0,Sennacherib,Neo-Assyrian,Kuyunjik (Nineveh),ORCC,prism,4,6,1,6,1,51,1,16,1
Q003500,681.0,Sennacherib,Neo-Assyrian,Kuyunjik (Nineveh),ORCC,prism,4,39,1,22,1,18,1,35,1
Q003501,681.0,Sennacherib,Neo-Assyrian,Kuyunjik (Nineveh),ORCC,prism,4,84,1,13,1,32,1,3,1
Q003502,681.0,Sennacherib,Neo-Assyrian,Kuyunjik (Nineveh),ORCC,prism,4,60,1,46,1,3,1,28,1
Q003503,681.0,Sennacherib,Neo-Assyrian,Kuyunjik (Nineveh),ORCC,prism,4,45,1,1,1,49,1,73,1
Q003504,681.0,Sennacherib,Neo-Assyrian,Kuyunjik (Nineveh),ORCC,prism,4,58,1,3,1,34,1,30,1
Q003505,681.0,Sennacherib,Neo-Assyrian,Kuyunjik (Nineveh),ORCC,prism,4,40,1,54,1,15,1,3,1
Q003506,681.0,Sennacherib,Neo-Assyrian,Kuyunjik (Nineveh),ORCC,prism,4,30,1,89,1,10,1,17,1
Q003508,681.0,Sennacherib,Neo-Assyrian,Kuyunjik (Nineveh),ORCC,None,4,46,1,16,1,27,1,37,1
Q003509,681.0,Sennacherib,Neo-Assyrian,Kuyunjik (Nineveh),ORCC,None,4,9,1,22,1,25,1,29,1
Q003510,681.0,Sennacherib,Neo-Assyrian,Kuyunjik (Nineveh),ORCC,None,4,36,1,58,1,31,1,43,1
Q003511,681.0,Sennacherib,Neo-Assyrian,Kuyunjik (Nineveh),ORCC,None,4,41,1,28,1,26,1,16,1
Q003513,681.0,Sennacherib,Neo-Assyrian,Kuyunjik (Nineveh),ORCC,human-headed bull colossus,4,10,1,10,1,73,1,13,1
Q003514,681.0,Sennacherib,Neo-Assyrian,Kuyunjik (Nineveh),ORCC,human-headed lion colossus,4,34,1,69,1,7,1,20,1
Q003515,681.0,Sennacherib,Neo-Assyrian,Kuyunjik (Nineveh),ORCC,human-headed bull colossus,4,30,1,24,1,9,1,33,1
Q003516,681.0,Sennacherib,Neo-Assyrian,Kuyunjik (Nineveh),ORCC,human-headed bull colossus,4,25,1,86,1,42,1,5,1
Q003517,681.0,Sennacherib,Neo-Assyrian,Kuyunjik (Nineveh),ORCC,human-headed bull colossus,4,5,1,39,1,31,1,7,1
Q003518,681.0,Sennacherib,Neo-Assyrian,Kuyunjik (Nineveh),ORCC,human-headed bull colossus,4,37,1,59,1,20,1,16,1
Q003519,681.0,Sennacherib,Neo-Assyrian,Kuyunjik (Nineveh),ORCC,human-headed bull colossus,4,11,1,53,1,38,1,36,1
Q003520,681.0,Sennacherib,Neo-Assyrian,Kuyunjik (Nineveh),ORCC,human-headed bull colossus,4,37,1,33,1,3,1,14,1
Q003521,681.0,Sennacherib,Neo-Assyrian,Kuyunjik (Nineveh),ORCC,human-headed bull colossus,4,29,1,96,1,31,1,3,1
Q003523,681.0,Sennacherib,Neo-Assyrian,Kuyunjik (Nineveh),ORCC,human-headed bull colossus,4,67,1,37,1,41,1,30,1
Q003525,681.0,Sennacherib,Neo-Assyrian,Kuyunjik (Nineveh),ORCC,human-headed lion colossus,4,38,1,17,1,57,1,23,1
Q003526,681.0,Sennacherib,Neo-Assyrian,Kuyunjik (Nineveh),ORCC,human-headed bull colossus,4,18,1,22,1,38,1,5,1
Q003527,681.0,Sennacherib,Neo-Assyrian,Kuyunjik (Nineveh),ORCC,wall slab (with reliefs),4,29,1,56,1,23,1,78,1
Q003528,681.0,Sennacherib,Neo-Assyrian,Kuyunjik (Nineveh),ORCC,wall slab (with reliefs),4,51,1,68,1,19,1,8,1
Q003531,681.0,Sennacherib,Neo-Assyrian,Kuyunjik (Nineveh),ORCC,wall slab (with reliefs),4,29,1,70,1,33,1,22,1
Q003532,681.0,Sennacherib,Neo-Assyrian,Kuyunjik (Nineveh),ORCC,wall slab (with reliefs),4,14,1,32,1,17,1,61,1
Q003533,681.0,Sennacherib,Neo-Assyrian,Kuyunjik (Nineveh),ORCC,wall slab (with reliefs),4,17,1,82,1,24,1,31,1
Q003534,681.0,Sennacherib,Neo-Assyrian,Kuyunjik (Nineveh),ORCC,wall slab (with reliefs),4,20,1,12,1,23,1,25,1
Q003535,681.0,Sennacherib,Neo-Assyrian,Kuyunjik (Nineveh),ORCC,wall slab (with reliefs),4,13,1,65,1,39,1,11,1
Q003537,681.0,Sennacherib,Neo-Assyrian,Kuyunjik (Nineveh),ORCC,wall slab (with reliefs),4,44,1,84,1,26,1,72,1
Q003538,681.0,Sennacherib,Neo-Assyrian,Kuyunjik (Nineveh),ORCC,wall slab (with reliefs),4,6,1,39,1,39,1,55,1
Q003540,681.0,Sennacherib,Neo-Assyrian,Kuyunjik (Nineveh),ORCC,wall slab (with reliefs),4,37,1,46,1,52,1,3,1
Q003547,681.0,Sennacherib,Neo-Assyrian,Kuyunjik (Nineveh),ORCC,wall slab (with reliefs),4,28,1,33,1,55,1,66,1
Q003548,681.0,Sennacherib,Neo-Assyrian,Kuyunjik (Nineveh),ORCC,wall slab (with reliefs),4,32,1,12,1,32,1,23,1
Q003549,681.0,Sennacherib,Neo-Assyrian,Kuyunjik (Nineveh),ORCC,wall slab (with reliefs),4,5,1,33,1,60,1,29,1
Q003550,681.0,Sennacherib,Neo-Assyrian,Kuyunjik (Nineveh),ORCC,wall slab (with reliefs),4,38,1,51,1,20,1,80,1
Q003552,681.0,Sennacherib,Neo-Assyrian,Kuyunjik (Nineveh),ORCC,threshold slab,4,5,1,68,1,53,1,55,1
Q003553,681.0,Sennacherib,Neo-Assyrian,Kuyunjik (Nineveh),ORCC,threshold slab,4,8,1,71,1,52,1,46,1
Q003554,681.0,Sennacherib,Neo-Assyrian,Kuyunjik (Nineveh),ORCC,human-headed lion colossus,4,38,1,52,1,4,1,23,1
Q003558,681.0,Sennacherib,Neo-Assyrian,Kuyunjik (Nineveh),ORCC,slab,4,61,1,32,1,29,1,26,1
Q003559,681.0,Sennacherib,Neo-Assyrian,Kuyunjik (Nineveh),ORCC,slab,4,44,1,22,1,42,1,55,1
Q003560,681.0,Sennacherib,Neo-Assyrian,Kuyunjik (Nineveh),ORCC,door socket,4,47,1,46,1,27,1,40,1
Q003561,681.0,Sennacherib,Neo-Assyrian,Kuyunjik (Nineveh),ORCC,door socket,4,5,1,35,1,50,1,60,1
Q003562,681.0,Sennacherib,Neo-Assyrian,Kuyunjik (Nineveh),ORCC,brick,4,76,1,20,1,35,1,52,1
Q003563,681.0,Sennacherib,Neo-Assyrian,Kuyunjik (Nineveh),ORCC,brick,4,10,1,39,1,37,1,55,1
Q003564,681.0,Sennacherib,Neo-Assyrian,Kuyunjik (Nineveh),ORCC,brick,4,18,1,51,1,1,1,52,1
Q003565,681.0,Sennacherib,Neo-Assyrian,Kuyunjik (Nineveh),ORCC,brick,4,11,1,99,1,63,1,41,1
Q003566,681.0,Sennacherib,Neo-Assyrian,Kuyunjik (Nineveh),ORCC,brick,4,40,1,39,1,61,1,48,1
Q003569,681.0,Sennacherib,Neo-Assyrian,Kuyunjik (Nineveh),ORCC,brick,4,72,1,66,1,3,1,17,1
Q003571,681.0,Sennacherib,Neo-Assyrian,Kuyunjik (Nineveh),ORCC,brick,4,42,1,58,1,26,1,6,1
Q003572,681.0,Sennacherib,Neo-Assyrian,Kuyunjik (Nineveh),ORCC,brick,4,49,1,53,1,52,1,30,1
Q003576,681.0,Sennacherib,Neo-Assyrian,Kuyunjik (Nineveh),ORCC,bead,4,68,1,2,1,32,1,71,1
Q003577,681.0,Sennacherib,Neo-Assyrian,Kuyunjik (Nineveh),ORCC,bead,4,37,1,71,1,2,1,14,1
Q003578,681.0,Sennacherib,Neo-Assyrian,Kuyunjik (Nineveh),ORCC,bead,4,14,1,34,1,53,1,95,1
Q003579,681.0,Sennacherib,Neo-Assyrian,Kuyunjik (Nineveh),ORCC,bead,4,66,1,4,1,9,1,17,1
Q003609,727.0,Tiglath-pileser III,Neo-Assyrian,Nimrud (Kalhu),ORCC,lion weight,4,49,1,75,1,93,1,63,1
Q003613,727.0,Tiglath-pileser III,Neo-Assyrian,Qalat Sherqat (Assur),ORCC,bead,4,42,1,32,1,98,1,38,1
Q003621,727.0,Tiglath-pileser III,Neo-Assyrian,Nimrud (Kalhu),ORCC,vessel,4,68,1,34,1,99,1,44,1
Q003700,631.0,Ashurbanipal,Neo-Assyrian,Kuyunjik (Nineveh),ORCC,prism,4,1,1,42,1,93,1,31,1
Q003701,631.0,Ashurbanipal,Neo-Assyrian,Kuyunjik (Nineveh),ORCC,prism,4,30,1,32,1,39,1,63,1
Q003702,631.0,Ashurbanipal,Neo-Assyrian,Kuyunjik (Nineveh),ORCC,prism,4,45,1,91,1,15,1,55,1
Q003703,631.0,Ashurbanipal,Neo-Assyrian,Kuyunjik (Nineveh),ORCC,prism,4,41,1,93,1,14,1,55,1
Q003705,631.0,Ashurbanipal,Neo-Assyrian,Kuyunjik (Nineveh),ORCC,prism,4,6,1,56,1,77,1,47,1
Q003706,631.0,Ashurbanipal,Neo-Assyrian,Nimrud (Kalhu),ORCC,prism,4,28,1,27,1,20,1,50,1
Q003707,631.0,Ashurbanipal,Neo-Assyrian,Kuyunjik (Nineveh),ORCC,prism,4,33,1,48,1,62,1,61,1
Q003708,631.0,Ashurbanipal,Neo-Assyrian,Kuyunjik (Nineveh),ORCC,"prism, vertical cylinder",4,9,1,59,1,17,1,37,1
Q003709,631.0,Ashurbanipal,Neo-Assyrian,Kuyunjik (Nineveh),ORCC,prism,4,6,1,91,1,24,1,53,1
Q003710,631.0,Ashurbanipal,Neo-Assyrian,Kuyunjik (Nineveh),ORCC,prism,4,9,1,52,1,3,1,54,1
Q003711,631.0,Ashurbanipal,Neo-Assyrian,Babylon (Bābili),ORCC,prism,4,40,1,16,1,39,1,39,1
Q003712,631.0,Ashurbanipal,Neo-Assyrian,Kuyunjik (Nineveh),ORCC,prism,4,20,1,62,1,66,1,41,1
Q003715,631.0,Ashurbanipal,Neo-Assyrian,Kuyunjik (Nineveh),ORCC,prism,4,69,1,26,1,46,1,68,1
Q003716,631.0,Ashurbanipal,Neo-Assyrian,Kuyunjik (Nineveh),ORCC,prism,4,32,1,86,1,26,1,54,1
Q003717,631.0,Ashurbanipal,Neo-Assyrian,Kuyunjik (Nineveh),ORCC,prism,4,19,1,79,1,46,1,63,1
Q003718,631.0,Ashurbanipal,Neo-Assyrian,Kuyunjik (Nineveh),ORCC,prism,4,45,1,5,1,16,1,22,1
Q003719,631.0,Ashurbanipal,Neo-Assyrian,Kuyunjik (Nineveh),ORCC,prism,4,30,1,54,1,76,1,53,1
Q003721,631.0,Ashurbanipal,Neo-Assyrian,Kuyunjik (Nineveh),ORCC,slab,4,62,1,14,1,16,1,50,1
Q003722,631.0,Ashurbanipal,Neo-Assyrian,Kuyunjik (Nineveh),ORCC,slab,4,60,1,44,1,88,1,78,1
Q003726,631.0,Ashurbanipal,Neo-Assyrian,Kuyunjik (Nineveh),ORCC,slab (sculptured),4,2,1,84,1,1,1,23,1
Q003727,631.0,Ashurbanipal,Neo-Assyrian,Kuyunjik (Nineveh),ORCC,slab (sculptured),4,42,1,19,1,21,1,21,1
Q003728,631.0,Ashurbanipal,Neo-Assyrian,Kuyunjik (Nineveh),ORCC,slab (sculptured),4,54,1,64,1,39,1,9,1
Q003731,631.0,Ashurbanipal,Neo-Assyrian,Kuyunjik (Nineveh),ORCC,slab (sculptured),4,94,1,31,1,44,1,9,1
Q003735,631.0,Ashurbanipal,Neo-Assyrian,Kuyunjik (Nineveh),ORCC,slab (sculptured),4,48,1,39,1,61,1,43,1
Q003737,631.0,Ashurbanipal,Neo-Assyrian,Kuyunjik (Nineveh),ORCC,slab (sculptured),4,71,1,76,1,56,1,30,1
Q003740,631.0,Ashurbanipal,Neo-Assyrian,Kuyunjik (Nineveh),ORCC,slab (sculptured),4,89,1,64,1,99,1,48,1
Q003743,631.0,Ashurbanipal,Neo-Assyrian,Kuyunjik (Nineveh),ORCC,slab (sculptured),4,92,1,97,1,86,1,64,1
Q003751,631.0,Ashurbanipal,Neo-Assyrian,Kuyunjik (Nineveh),ORCC,slab (sculptured),4,55,1,85,1,63,1,93,1
Q003753,631.0,Ashurbanipal,Neo-Assyrian,Kuyunjik (Nineveh),ORCC,slab (sculptured),4,36,1,75,1,54,1,12,1
Q003759,631.0,Ashurbanipal,Neo-Assyrian,Kuyunjik (Nineveh),ORCC,paving stone,4,21,1,44,1,38,1,2,1
Q003760,631.0,Ashurbanipal,Neo-Assyrian,Qalat Sherqat (Assur),ORCC,None,4,9,1,11,1,60,1,22,1
Q003761,631.0,Ashurbanipal,Neo-Assyrian,Kuyunjik (Nineveh),ORCC,None,4,35,1,5,1,12,1,10,1
Q003762,631.0,Ashurbanipal,Neo-Assyrian,Kuyunjik (Nineveh),ORCC,anthropomorphic statue,4,1,1,61,1,88,1,45,1
Q003763,631.0,Ashurbanipal,Neo-Assyrian,Kuyunjik (Nineveh),ORCC,"human-headed bull colossus, slab",4,20,1,3,1,34,1,4,1
Q003764,631.0,Ashurbanipal,Neo-Assyrian,Kuyunjik (Nineveh),ORCC,seal (impression),4,7,1,77,1,61,1,24,1
Q003765,631.0,Ashurbanipal,Neo-Assyrian,Kuyunjik (Nineveh),ORCC,seal (impression),4,16,1,90,1,75,1,10,1
Q003766,631.0,Ashurbanipal,Neo-Assyrian,Kuyunjik (Nineveh),ORCC,seal (impression),4,7,1,77,1,61,1,24,1
Q003768,631.0,Ashurbanipal,Neo-Assyrian,Kuyunjik (Nineveh),ORCC,vessel,4,19,1,59,1,25,1,22,1
Q003769,631.0,Ashurbanipal,Neo-Assyrian,Kuyunjik (Nineveh),ORCC,vessel,4,10,1,35,1,11,1,31,1
Q003771,631.0,Ashurbanipal,Neo-Assyrian,Kuyunjik (Nineveh),ORCC,None,4,34,1,6,1,55,1,33,1
Q003774,631.0,Ashurbanipal,Neo-Assyrian,Kuyunjik (Nineveh),ORCC,None,4,32,1,14,1,55,1,38,1
Q003776,631.0,Ashurbanipal,Neo-Assyrian,Kuyunjik (Nineveh),ORCC,None,4,17,1,22,1,30,1,52,1
Q003777,631.0,Ashurbanipal,Neo-Assyrian,Kuyunjik (Nineveh),ORCC,None,4,90,1,53,1,84,1,78,1
Q003778,631.0,Ashurbanipal,Neo-Assyrian,Kuyunjik (Nineveh),ORCC,None,4,52,1,32,1,65,1,86,1
Q003779,631.0,Ashurbanipal,Neo-Assyrian,Kuyunjik (Nineveh),ORCC,None,4,78,1,16,1,41,1,68,1
Q003780,631.0,Ashurbanipal,Neo-Assyrian,Kuyunjik (Nineveh),ORCC,None,4,99,1,65,1,29,1,89,1
Q003783,631.0,Ashurbanipal,Neo-Assyrian,Kuyunjik (Nineveh),ORCC,None,4,36,1,4,1,76,1,92,1
Q003784,631.0,Ashurbanipal,Neo-Assyrian,Kuyunjik (Nineveh),ORCC,None,4,57,1,76,1,81,1,59,1
Q003785,631.0,Ashurbanipal,Neo-Assyrian,Kuyunjik (Nineveh),ORCC,None,4,4,1,20,1,76,1,76,1
Q003786,631.0,Ashurbanipal,Neo-Assyrian,Kuyunjik (Nineveh),ORCC,None,4,44,1,61,1,75,1,48,1
Q003787,631.0,Ashurbanipal,Neo-Assyrian,Kuyunjik (Nineveh),ORCC,None,4,36,1,16,1,27,1,29,1
Q003788,631.0,Ashurbanipal,Neo-Assyrian,Kuyunjik (Nineveh),ORCC,None,4,31,1,4,1,52,1,52,1
Q003790,631.0,Ashurbanipal,Neo-Assyrian,Kuyunjik (Nineveh),ORCC,None,4,41,1,10,1,14,1,77,1
Q003791,631.0,Ashurbanipal,Neo-Assyrian,Kuyunjik (Nineveh),ORCC,None,4,78,1,66,1,72,1,70,1
Q003792,631.0,Ashurbanipal,Neo-Assyrian,Kuyunjik (Nineveh),ORCC,None,4,43,1,59,1,27,1,48,1
Q003795,631.0,Ashurbanipal,Neo-Assyrian,Kuyunjik (Nineveh),ORCC,None,4,3,1,47,1,6,1,46,1
Q003796,631.0,Ashurbanipal,Neo-Assyrian,Kuyunjik (Nineveh),ORCC,None,4,95,1,10,1,62,1,12,1
Q003797,631.0,Ashurbanipal,Neo-Assyrian,Kuyunjik (Nineveh),ORCC,None,4,26,1,51,1,64,1,18,1
Q003798,631.0,Ashurbanipal,Neo-Assyrian,Kuyunjik (Nineveh),ORCC,None,4,28,1,1,1,63,1,13,1
Q003799,631.0,Ashurbanipal,Neo-Assyrian,Babylon,ORCC,cylinder,4,62,1,96,1,84,1,38,1
Q003804,631.0,Ashurbanipal,Neo-Assyrian,Babylon,ORCC,stele,4,47,1,44,1,81,1,22,1
Q003805,631.0,Ashurbanipal,Neo-Assyrian,Babylon,ORCC,brick,4,10,1,19,1,55,1,44,1
Q003806,631.0,Ashurbanipal,Neo-Assyrian,Babylon,ORCC,brick,4,55,1,45,1,33,1,44,1
Q003807,631.0,Ashurbanipal,Neo-Assyrian,Babylon,ORCC,brick,4,51,1,42,1,3,1,19,1
Q003808,631.0,Ashurbanipal,Neo-Assyrian,Babylon,ORCC,brick,4,48,1,59,1,43,1,4,1
Q003811,631.0,Ashurbanipal,Neo-Assyrian,Borsippa,ORCC,stele,4,33,1,76,1,43,1,1,1
Q003814,631.0,Ashurbanipal,Neo-Assyrian,Nippur,ORCC,brick,4,60,1,60,1,44,1,63,1
Q003815,631.0,Ashurbanipal,Neo-Assyrian,Nippur,ORCC,brick,4,7,1,7,1,2,1,27,1
Q003816,631.0,Ashurbanipal,Neo-Assyrian,Nippur,ORCC,brick,4,44,1,31,1,41,1,41,1
Q003817,631.0,Ashurbanipal,Neo-Assyrian,Uruk,ORCC,brick,4,17,1,24,1,4,1,40,1
Q003818,631.0,Ashurbanipal,Neo-Assyrian,Nineveh,ORCC,cylinder,4,79,1,41,1,76,1,50,1
Q003819,631.0,Ashurbanipal,Neo-Assyrian,Dur-Kurigalzu,ORCC,brick,4,8,1,69,1,46,1,66,1
Q003820,631.0,Ashurbanipal,Neo-Assyrian,Me-Turran,ORCC,brick,4,69,1,33,1,43,1,66,1
Q003821,631.0,Ashurbanipal,Neo-Assyrian,Babylonia,ORCC,None,4,25,1,48,1,11,1,49,1
Q003822,631.0,Ashurbanipal,Neo-Assyrian,Kuyunjik (Nineveh),ORCC,None,4,28,1,22,1,66,1,44,1
Q003824,631.0,Ashurbanipal,Neo-Assyrian,Kuyunjik (Nineveh),ORCC,None,4,60,1,41,1,94,1,49,1
Q003825,631.0,Ashurbanipal,Neo-Assyrian,Kuyunjik (Nineveh),ORCC,None,4,67,1,41,1,62,1,89,1
Q003826,631.0,Ashurbanipal,Neo-Assyrian,Kuyunjik (Nineveh),ORCC,None,4,26,1,10,1,43,1,30,1
Q003828,631.0,Ashurbanipal,Neo-Assyrian,Kuyunjik (Nineveh),ORCC,None,4,16,1,50,1,36,1,28,1
Q003829,631.0,Ashurbanipal,Neo-Assyrian,Kuyunjik (Nineveh),ORCC,None,4,40,1,51,1,38,1,68,1
Q003841,631.0,Ashurbanipal,Neo-Assyrian,Ur,ORCC,cone,4,21,1,58,1,58,1,47,1
Q003845,631.0,Ashurbanipal,Neo-Assyrian,Ur,ORCC,brick,4,97,1,65,1,66,1,31,1
Q003854,631.0,Ashurbanipal,Neo-Assyrian,Ur,ORCC,disk,4,97,1,71,1,72,1,32,1
Q003856,627.0,Aššur-etel-ilāni,Neo-Assyrian,Nimrud (Kalhu),ORCC,brick,4,42,1,40,1,18,1,26,1
Q003859,627.0,Aššur-etel-ilāni,Neo-Assyrian,Babylonia,ORCC,brick,4,2,1,30,1,19,1,1,1
Q003861,627.0,Aššur-etel-ilāni,Neo-Assyrian,Babylonia,ORCC,"cylinder, tablet",4,14,1,78,1,4,1,24,1
Q003862,612.0,Sîn-šarru-iškun,Neo-Assyrian,Kuyunjik (Nineveh),ORCC,cylinder,4,41,1,37,1,34,1,35,1
Q003863,612.0,Sîn-šarru-iškun,Neo-Assyrian,Kuyunjik (Nineveh),ORCC,cylinder,4,7,1,17,1,92,1,9,1
Q003864,612.0,Sîn-šarru-iškun,Neo-Assyrian,Kuyunjik (Nineveh),ORCC,cylinder,4,13,1,21,1,53,1,77,1
Q003865,612.0,Sîn-šarru-iškun,Neo-Assyrian,Kuyunjik (Nineveh),ORCC,cylinder,4,44,1,27,1,41,1,61,1
Q003867,612.0,Sîn-šarru-iškun,Neo-Assyrian,Kuyunjik (Nineveh),ORCC,None,4,39,1,37,1,37,1,17,1
Q003868,612.0,Sîn-šarru-iškun,Neo-Assyrian,Qalat Sherqat (Assur),ORCC,prism,4,75,1,58,1,76,1,24,1
Q003869,612.0,Sîn-šarru-iškun,Neo-Assyrian,Qalat Sherqat (Assur),ORCC,prism,4,32,1,42,1,41,1,24,1
Q003871,612.0,Sîn-šarru-iškun,Neo-Assyrian,Qalat Sherqat (Assur),ORCC,cylinder,4,58,1,79,1,58,1,16,1
Q003872,612.0,Sîn-šarru-iškun,Neo-Assyrian,Qalat Sherqat (Assur),ORCC,cone,4,49,1,60,1,90,1,66,1
Q003873,612.0,Sîn-šarru-iškun,Neo-Assyrian,Qalat Sherqat (Assur),ORCC,block,4,44,1,41,1,29,1,54,1
Q003874,612.0,Sîn-šarru-iškun,Neo-Assyrian,Qalat Sherqat (Assur),ORCC,brick,4,72,1,45,1,66,1,73,1
Q003875,612.0,Sîn-šarru-iškun,Neo-Assyrian,Qalat Sherqat (Assur),ORCC,brick,4,54,1,3,1,42,1,57,1
Q003876,612.0,Sîn-šarru-iškun,Neo-Assyrian,Qalat Sherqat (Assur),ORCC,None,4,29,1,95,1,31,1,39,1
Q003877,612.0,Sîn-šarru-iškun,Neo-Assyrian,Qalat Sherqat (Assur),ORCC,None,4,58,1,65,1,13,1,53,1
Q003880,612.0,Sîn-šarru-iškun,Neo-Assyrian,Nimrud (Kalhu),ORCC,cylinder,4,46,1,55,1,25,1,29,1
Q003911,681.0,Sennacherib,Neo-Assyrian,Kuyunjik (Nineveh),ORCC,bead,4,49,1,29,1,11,1,3,1
Q003912,681.0,Sennacherib,Neo-Assyrian,Kuyunjik (Nineveh),ORCC,bead,4,62,1,68,1,1,1,15,1
Q003913,681.0,Sennacherib,Neo-Assyrian,Kuyunjik (Nineveh),ORCC,bead,4,52,1,29,1,5,1,30,1
Q003914,681.0,Sennacherib,Neo-Assyrian,Kuyunjik (Nineveh),ORCC,bead,4,23,1,99,1,76,1,70,1
Q003915,681.0,Sennacherib,Neo-Assyrian,Kuyunjik (Nineveh),ORCC,bead,4,75,1,65,1,5,1,7,1
Q003916,681.0,Sennacherib,Neo-Assyrian,Kuyunjik (Nineveh),ORCC,bead,4,35,1,53,1,6,1,11,1
Q003917,681.0,Sennacherib,Neo-Assyrian,Kuyunjik (Nineveh),ORCC,bead,4,29,1,45,1,0,1,3,1
Q003918,681.0,Sennacherib,Neo-Assyrian,Kuyunjik (Nineveh),ORCC,bead,4,8,1,70,1,4,1,7,1
Q003919,681.0,Sennacherib,Neo-Assyrian,Kuyunjik (Nineveh),ORCC,bead,4,2,1,80,1,22,1,19,1
Q003920,681.0,Sennacherib,Neo-Assyrian,Kuyunjik (Nineveh),ORCC,bead,4,47,1,48,1,47,1,32,1
Q003921,681.0,Sennacherib,Neo-Assyrian,Kuyunjik (Nineveh),ORCC,bead,4,45,1,68,1,14,1,10,1
Q003923,681.0,Sennacherib,Neo-Assyrian,Kuyunjik (Nineveh),ORCC,bead,4,29,1,65,1,27,1,3,1
Q003924,681.0,Sennacherib,Neo-Assyrian,Kuyunjik (Nineveh),ORCC,bead,4,8,1,52,1,63,1,26,1
Q003925,681.0,Sennacherib,Neo-Assyrian,Kuyunjik (Nineveh),ORCC,bead,4,70,1,69,1,21,1,11,1
Q003927,681.0,Sennacherib,Neo-Assyrian,Kuyunjik (Nineveh),ORCC,bead,4,70,1,69,1,21,1,11,1
Q003928,681.0,Sennacherib,Neo-Assyrian,Kuyunjik (Nineveh),ORCC,bead,4,24,1,79,1,16,1,19,1
Q003934,681.0,Sennacherib,Neo-Assyrian,Kuyunjik (Nineveh),ORCC,bead,4,80,1,71,1,24,1,12,1
Q003935,681.0,Sennacherib,Neo-Assyrian,Kuyunjik (Nineveh),ORCC,bead,4,3,1,39,1,18,1,22,1
Q003940,681.0,Sennacherib,Neo-Assyrian,Kuyunjik (Nineveh),ORCC,None,4,50,1,66,1,48,1,6,1
Q003941,681.0,Sennacherib,Neo-Assyrian,Kuyunjik (Nineveh),ORCC,None,4,1,1,4,1,58,1,5,1
Q003942,681.0,Sennacherib,Neo-Assyrian,Kuyunjik (Nineveh),ORCC,None,4,60,1,5,1,12,1,20,1
Q003943,681.0,Sennacherib,Neo-Assyrian,Kuyunjik (Nineveh),ORCC,None,4,15,1,16,1,25,1,59,1
Q003944,681.0,Sennacherib,Neo-Assyrian,Kuyunjik (Nineveh),ORCC,None,4,37,1,19,1,30,1,53,1
Q003945,681.0,Sennacherib,Neo-Assyrian,Kuyunjik (Nineveh),ORCC,None,4,14,1,19,1,47,1,78,1
Q003946,681.0,Sennacherib,Neo-Assyrian,Kuyunjik (Nineveh),ORCC,None,4,11,1,57,1,33,1,9,1
Q003947,681.0,Sennacherib,Neo-Assyrian,Kuyunjik (Nineveh),ORCC,None,4,41,1,71,1,46,1,43,1
Q003948,681.0,Sennacherib,Neo-Assyrian,Kuyunjik (Nineveh),ORCC,None,4,33,1,46,1,4,1,30,1
Q003949,681.0,Sennacherib,Neo-Assyrian,Kuyunjik (Nineveh),ORCC,None,4,15,1,27,1,23,1,31,1
Q003950,681.0,Sennacherib,Neo-Assyrian,Kuyunjik (Nineveh),ORCC,None,4,17,1,49,1,54,1,54,1
Q003951,681.0,Sennacherib,Neo-Assyrian,Kuyunjik (Nineveh),ORCC,None,4,22,1,61,1,59,1,1,1
Q003952,681.0,Sennacherib,Neo-Assyrian,Kuyunjik (Nineveh),ORCC,None,4,27,1,55,1,52,1,6,1
Q003953,681.0,Sennacherib,Neo-Assyrian,Kuyunjik (Nineveh),ORCC,None,4,50,1,18,1,91,1,12,1
Q003954,681.0,Sennacherib,Neo-Assyrian,Kuyunjik (Nineveh),ORCC,None,4,12,1,65,1,34,1,9,1
Q003955,681.0,Sennacherib,Neo-Assyrian,Kuyunjik (Nineveh),ORCC,None,4,28,1,34,1,28,1,69,1
Q003957,681.0,Sennacherib,Neo-Assyrian,Kuyunjik (Nineveh),ORCC,None,4,43,1,5,1,76,1,47,1
Q003958,681.0,Sennacherib,Neo-Assyrian,Kuyunjik (Nineveh),ORCC,None,4,15,1,69,1,47,1,67,1
Q003959,681.0,Sennacherib,Neo-Assyrian,Kuyunjik (Nineveh),ORCC,None,4,36,1,53,1,10,1,30,1
Q003960,681.0,Sennacherib,Neo-Assyrian,Kuyunjik (Nineveh),ORCC,None,4,17,1,13,1,7,1,9,1
Q003963,681.0,Sennacherib,Neo-Assyrian,Kuyunjik (Nineveh),ORCC,None,4,12,1,36,1,2,1,21,1
Q003964,681.0,Sennacherib,Neo-Assyrian,Kuyunjik (Nineveh),ORCC,None,4,44,1,41,1,41,1,86,1
Q003965,681.0,Sennacherib,Neo-Assyrian,Kuyunjik (Nineveh),ORCC,None,4,62,1,47,1,79,1,48,1
Q003966,681.0,Sennacherib,Neo-Assyrian,Kuyunjik (Nineveh),ORCC,None,4,34,1,10,1,4,1,73,1
Q003968,681.0,Sennacherib,Neo-Assyrian,Kuyunjik (Nineveh),ORCC,None,4,54,1,48,1,5,1,8,1
Q003969,681.0,Sennacherib,Neo-Assyrian,Qalat Sherqat (Assur),ORCC,prism,4,4,1,30,1,32,1,11,1
Q003970,681.0,Sennacherib,Neo-Assyrian,Qalat Sherqat (Assur),ORCC,prism,4,8,1,27,1,4,1,61,1
Q003972,681.0,Sennacherib,Neo-Assyrian,Qalat Sherqat (Assur),ORCC,stele,4,69,1,54,1,41,1,19,1
Q003973,681.0,Sennacherib,Neo-Assyrian,Qalat Sherqat (Assur),ORCC,None,4,30,1,6,1,19,1,15,1
Q003975,681.0,Sennacherib,Neo-Assyrian,Qalat Sherqat (Assur),ORCC,block,4,50,1,8,1,44,1,31,1
Q003976,681.0,Sennacherib,Neo-Assyrian,Qalat Sherqat (Assur),ORCC,block,4,55,1,15,1,49,1,3,1
Q003979,681.0,Sennacherib,Neo-Assyrian,Qalat Sherqat (Assur),ORCC,series of blocks,4,32,1,46,1,58,1,14,1
Q003980,681.0,Sennacherib,Neo-Assyrian,Qalat Sherqat (Assur),ORCC,series of blocks,4,4,1,91,1,55,1,14,1
Q003982,681.0,Sennacherib,Neo-Assyrian,Qalat Sherqat (Assur),ORCC,block,4,39,1,45,1,58,1,46,1
Q003983,681.0,Sennacherib,Neo-Assyrian,Qalat Sherqat (Assur),ORCC,block,4,4,1,72,1,44,1,29,1
Q003984,681.0,Sennacherib,Neo-Assyrian,Qalat Sherqat (Assur),ORCC,block,4,38,1,32,1,66,1,2,1
Q003985,681.0,Sennacherib,Neo-Assyrian,Qalat Sherqat (Assur),ORCC,block,4,29,1,67,1,70,1,9,1
Q003992,681.0,Sennacherib,Neo-Assyrian,Qalat Sherqat (Assur),ORCC,block,4,0,1,67,1,38,1,70,1
Q003995,681.0,Sennacherib,Neo-Assyrian,Qalat Sherqat (Assur),ORCC,door socket,4,9,1,60,1,49,1,35,1
Q003996,681.0,Sennacherib,Neo-Assyrian,Qalat Sherqat (Assur),ORCC,door socket,4,30,1,58,1,81,1,63,1
Q003998,681.0,Sennacherib,Neo-Assyrian,Qalat Sherqat (Assur),ORCC,plating,4,72,1,92,1,58,1,23,1
Q004000,681.0,Sennacherib,Neo-Assyrian,Qalat Sherqat (Assur),ORCC,brick,4,34,1,97,1,75,1,28,1
Q004001,681.0,Sennacherib,Neo-Assyrian,Qalat Sherqat (Assur),ORCC,brick,4,9,1,34,1,54,1,42,1
Q004002,681.0,Sennacherib,Neo-Assyrian,Qalat Sherqat (Assur),ORCC,brick,4,9,1,15,1,53,1,27,1
Q004003,681.0,Sennacherib,Neo-Assyrian,Qalat Sherqat (Assur),ORCC,brick,4,65,1,60,1,42,1,35,1
Q004004,681.0,Sennacherib,Neo-Assyrian,Qalat Sherqat (Assur),ORCC,brick,4,9,1,18,1,40,1,42,1
Q004005,681.0,Sennacherib,Neo-Assyrian,Qalat Sherqat (Assur),ORCC,brick,4,3,1,52,1,48,1,49,1
Q004006,681.0,Sennacherib,Neo-Assyrian,Qalat Sherqat (Assur),ORCC,brick,4,3,1,64,1,50,1,28,1
Q004007,681.0,Sennacherib,Neo-Assyrian,Qalat Sherqat (Assur),ORCC,brick,4,23,1,21,1,40,1,37,1
Q004008,681.0,Sennacherib,Neo-Assyrian,Qalat Sherqat (Assur),ORCC,brick,4,70,1,16,1,37,1,31,1
Q004009,681.0,Sennacherib,Neo-Assyrian,Qalat Sherqat (Assur),ORCC,brick,4,14,1,65,1,5,1,34,1
Q004010,681.0,Sennacherib,Neo-Assyrian,Qalat Sherqat (Assur),ORCC,brick,4,40,1,54,1,86,1,19,1
Q004015,681.0,Sennacherib,Neo-Assyrian,Nimrud (Kalhu),ORCC,bead,4,26,1,64,1,23,1,35,1
Q004016,681.0,Sennacherib,Neo-Assyrian,Nimrud (Kalhu),ORCC,lion weight,4,0,1,88,1,41,1,69,1
Q004017,681.0,Sennacherib,Neo-Assyrian,Nimrud (Kalhu),ORCC,tablet (with seal impressions),4,4,1,77,1,12,1,25,1
Q004018,681.0,Sennacherib,Neo-Assyrian,Tell Sherif Khan (Tarbisu),ORCC,cylinder,4,25,1,21,1,44,1,27,1
Q004019,681.0,Sennacherib,Neo-Assyrian,Tell Sherif Khan (Tarbisu),ORCC,cone,4,22,1,33,1,17,1,22,1
Q004021,681.0,Sennacherib,Neo-Assyrian,Tell Sherif Khan (Tarbisu),ORCC,brick,4,35,1,33,1,43,1,74,1
Q004027,681.0,Sennacherib,Neo-Assyrian,Judi Dagh,ORCC,rock face,4,7,1,27,1,30,1,60,1
Q004028,681.0,Sennacherib,Neo-Assyrian,Bavian,ORCC,rock face,4,2,1,0,1,8,1,39,1
Q004029,681.0,Sennacherib,Neo-Assyrian,Jerwan Aqueduct,ORCC,block,4,76,1,20,1,35,1,52,1
Q004030,681.0,Sennacherib,Neo-Assyrian,Jerwan Aqueduct,ORCC,block,4,45,1,56,1,33,1,57,1
Q004031,681.0,Sennacherib,Neo-Assyrian,Jerwan Aqueduct,ORCC,series of blocks,4,43,1,13,1,44,1,35,1
Q004032,681.0,Sennacherib,Neo-Assyrian,Jerwan Aqueduct,ORCC,series of blocks,4,8,1,61,1,17,1,34,1
Q004033,681.0,Sennacherib,Neo-Assyrian,Jerwan Aqueduct,ORCC,series of blocks,4,2,1,9,1,35,1,68,1
Q004034,681.0,Sennacherib,Neo-Assyrian,Wadi Bastura Tunnel,ORCC,series of blocks,4,4,1,11,1,14,1,34,1
Q004035,681.0,Sennacherib,Neo-Assyrian,Samarra (Sur-marrati),ORCC,None,4,26,1,29,1,20,1,22,1
Q004036,681.0,Sennacherib,Neo-Assyrian,Tikrit,ORCC,None,4,47,1,8,1,30,1,36,1
Q004037,681.0,Sennacherib,Neo-Assyrian,Babylon,ORCC,paving stone,4,28,1,95,1,52,1,36,1
Q004058,681.0,Sennacherib,Neo-Assyrian,Kuyunjik (Nineveh),ORCC,vessel,4,20,1,7,1,35,1,63,1
Q004059,681.0,Sennacherib,Neo-Assyrian,Kuyunjik (Nineveh),ORCC,vessel,4,0,1,67,1,38,1,70,1
Q004060,681.0,Sennacherib,Neo-Assyrian,Kuyunjik (Nineveh),ORCC,vessel,4,66,1,0,1,40,1,56,1
Q004061,681.0,Sennacherib,Neo-Assyrian,Kuyunjik (Nineveh),ORCC,vessel,4,0,1,67,1,38,1,70,1
Q004062,681.0,Sennacherib,Neo-Assyrian,Kuyunjik (Nineveh),ORCC,vessel,4,7,1,29,1,12,1,2,1
Q004063,681.0,Sennacherib,Neo-Assyrian,Kuyunjik (Nineveh),ORCC,vessel,4,20,1,7,1,35,1,63,1
Q004064,681.0,Sennacherib,Neo-Assyrian,Kuyunjik (Nineveh),ORCC,vessel,4,20,1,7,1,35,1,63,1
Q004065,681.0,Sennacherib,Neo-Assyrian,Kuyunjik (Nineveh),ORCC,vessel,4,52,1,45,1,40,1,67,1
Q004066,681.0,Sennacherib,Neo-Assyrian,Kuyunjik (Nineveh),ORCC,vessel,4,0,1,67,1,38,1,70,1
Q004067,681.0,Sennacherib,Neo-Assyrian,Kuyunjik (Nineveh),ORCC,bead,4,39,1,43,1,18,1,14,1
Q004071,681.0,Sennacherib,Neo-Assyrian,Kuyunjik (Nineveh),ORCC,None,4,57,1,21,1,15,1,52,1
Q004072,681.0,Sennacherib,Neo-Assyrian,Kuyunjik (Nineveh),ORCC,None,4,1,1,6,1,46,1,30,1
Q004073,681.0,Sennacherib,Neo-Assyrian,Kuyunjik (Nineveh),ORCC,None,4,85,1,7,1,21,1,19,1
Q004074,681.0,Sennacherib,Neo-Assyrian,Kuyunjik (Nineveh),ORCC,None,4,11,1,14,1,7,1,0,1
Q004075,681.0,Sennacherib,Neo-Assyrian,Kuyunjik (Nineveh),ORCC,None,4,20,1,26,1,71,1,56,1
Q004077,681.0,Sennacherib,Neo-Assyrian,Kuyunjik (Nineveh),ORCC,None,4,0,1,67,1,38,1,70,1
Q004078,681.0,Sennacherib,Neo-Assyrian,Kuyunjik (Nineveh),ORCC,None,4,12,1,43,1,1,1,14,1
Q004080,681.0,Sennacherib,Neo-Assyrian,Kuyunjik (Nineveh),ORCC,tablet or prism,4,79,1,57,1,50,1,64,1
Q004081,681.0,Sennacherib,Neo-Assyrian,Kuyunjik (Nineveh),ORCC,tablet or prism,4,85,1,36,1,54,1,26,1
Q004089,681.0,Sennacherib,Neo-Assyrian,Qalat Sherqat (Assur),ORCC,vessel,4,34,1,48,1,6,1,14,1
Q004177,727.0,Tiglath-pileser III,Neo-Assyrian,Assyria,ORCC,bead,4,92,1,56,1,90,1,50,1
Q004178,727.0,Tiglath-pileser III,Neo-Assyrian,Assyria,ORCC,brick,4,94,1,7,1,20,1,20,1
Q005360,605.0,Nabopolassar,Neo-Babylonian,Babylon,ORCC,cylinder,4,76,1,16,1,24,1,5,1
Q005361,605.0,Nabopolassar,Neo-Babylonian,Babylon,ORCC,cylinder,4,39,1,19,1,23,1,15,1
Q005362,605.0,Nabopolassar,Neo-Babylonian,Babylon,ORCC,cylinder,4,6,1,38,1,60,1,16,1
Q005363,605.0,Nabopolassar,Neo-Babylonian,Babylon,ORCC,cylinder,4,41,1,0,1,60,1,33,1
Q005364,605.0,Nabopolassar,Neo-Babylonian,Babylon,ORCC,cylinder,4,9,1,18,1,37,1,14,1
Q005365,605.0,Nabopolassar,Neo-Babylonian,Babylon,ORCC,cylinder,4,6,1,18,1,41,1,15,1
Q005366,605.0,Nabopolassar,Neo-Babylonian,Babylon,ORCC,cylinder,4,1,1,43,1,37,1,2,1
Q005367,605.0,Nabopolassar,Neo-Babylonian,Babylon,ORCC,brick,4,8,1,12,1,33,1,21,1
Q005368,605.0,Nabopolassar,Neo-Babylonian,Babylon,ORCC,brick,4,5,1,20,1,26,1,19,1
Q005369,605.0,Nabopolassar,Neo-Babylonian,Babylon,ORCC,brick,4,2,1,9,1,43,1,8,1
Q005370,605.0,Nabopolassar,Neo-Babylonian,Babylon,ORCC,brick,4,2,1,10,1,3,1,25,1
Q005371,605.0,Nabopolassar,Neo-Babylonian,Babylon,ORCC,brick,4,8,1,0,1,29,1,16,1
Q005372,605.0,Nabopolassar,Neo-Babylonian,Babylon,ORCC,cylinder,4,48,1,6,1,54,1,10,1
Q005373,605.0,Nabopolassar,Neo-Babylonian,Sippar,ORCC,"cylinder, brick",4,74,1,41,1,91,1,20,1
Q005374,605.0,Nabopolassar,Neo-Babylonian,Sippar,ORCC,cylinder,4,28,1,10,1,39,1,7,1
Q005383,560.0,Amel-Marduk,Neo-Babylonian,Susa,ORCC,vessel,4,90,1,92,1,50,1,0,1
Q005392,556.0,Neriglissar,Neo-Babylonian,Babylonia,ORCC,cylinder,4,86,1,21,1,49,1,26,1
Q005404,539.0,Nabonidus,Neo-Babylonian,Babylon,ORCC,brick,4,15,1,43,1,93,1,18,1
Q005405,539.0,Nabonidus,Neo-Babylonian,Babylon,ORCC,brick,4,65,1,51,1,52,1,63,1
Q005410,539.0,Nabonidus,Neo-Babylonian,Borsippa,ORCC,cylinder,4,81,1,46,1,71,1,8,1
Q005411,539.0,Nabonidus,Neo-Babylonian,Kish,ORCC,cylinder,4,65,1,20,1,25,1,45,1
Q005415,539.0,Nabonidus,Neo-Babylonian,Larsa,ORCC,brick,4,55,1,42,1,62,1,27,1
Q005425,539.0,Nabonidus,Neo-Babylonian,Sippar,ORCC,cylinder,4,80,1,9,1,33,1,77,1
Q005436,539.0,Nabonidus,Neo-Babylonian,Ur,ORCC,brick,4,62,1,15,1,89,1,29,1
Q005448,539.0,Nabonidus,Neo-Babylonian,Harran,ORCC,brick,4,26,1,28,1,15,1,54,1
Q005449,539.0,Nabonidus,Neo-Babylonian,Harran,ORCC,vessel,4,72,1,92,1,57,1,90,1
Q005453,539.0,Nabonidus,Neo-Babylonian,Tayma,ORCC,stele,4,62,1,54,1,32,1,76,1
Q005466,539.0,Nabonidus,Neo-Babylonian,Kish,ORCC,cylinder,4,55,1,90,1,86,1,3,1
Q005473,562.0,Nebuchadnezzar II,Neo-Babylonian,Babylon,ORCC,None,4,93,1,20,1,32,1,37,1
Q005474,562.0,Nebuchadnezzar II,Neo-Babylonian,Babylon,ORCC,block,4,76,1,63,1,5,1,69,1
Q005476,562.0,Nebuchadnezzar II,Neo-Babylonian,Babylon,ORCC,block,4,59,1,88,1,31,1,0,1
Q005485,562.0,Nebuchadnezzar II,Neo-Babylonian,Babylon,ORCC,cylinder,4,85,1,70,1,45,1,31,1
Q005490,562.0,Nebuchadnezzar II,Neo-Babylonian,Babylon,ORCC,cylinder,4,73,1,63,1,27,1,4,1
Q005497,562.0,Nebuchadnezzar II,Neo-Babylonian,Babylon,ORCC,cylinder,4,73,1,1,1,27,1,29,1
Q005502,562.0,Nebuchadnezzar II,Neo-Babylonian,Babylon,ORCC,cylinder,4,64,1,38,1,94,1,18,1
Q005504,562.0,Nebuchadnezzar II,Neo-Babylonian,Babylon,ORCC,cylinder,4,82,1,37,1,9,1,57,1
Q005505,562.0,Nebuchadnezzar II,Neo-Babylonian,Babylon,ORCC,cylinder,4,84,1,34,1,35,1,19,1
Q005506,562.0,Nebuchadnezzar II,Neo-Babylonian,Babylon,ORCC,cylinder,4,84,1,77,1,0,1,49,1
Q005531,562.0,Nebuchadnezzar II,Neo-Babylonian,Babylon,ORCC,brick,4,25,1,6,1,33,1,17,1
Q005532,562.0,Nebuchadnezzar II,Neo-Babylonian,Babylon,ORCC,brick,4,91,1,55,1,28,1,20,1
Q005535,562.0,Nebuchadnezzar II,Neo-Babylonian,Babylon,ORCC,brick,4,52,1,33,1,21,1,47,1
Q005538,562.0,Nebuchadnezzar II,Neo-Babylonian,Babylon,ORCC,brick,4,86,1,61,1,7,1,41,1
Q005552,562.0,Nebuchadnezzar II,Neo-Babylonian,Borsippa,ORCC,cylinder,4,59,1,6,1,86,1,92,1
Q005554,562.0,Nebuchadnezzar II,Neo-Babylonian,Borsippa,ORCC,cylinder,4,23,1,36,1,54,1,94,1
Q005555,562.0,Nebuchadnezzar II,Neo-Babylonian,Borsippa,ORCC,cylinder,4,97,1,12,1,25,1,61,1
Q005556,562.0,Nebuchadnezzar II,Neo-Babylonian,Borsippa,ORCC,cylinder,4,85,1,36,1,48,1,37,1
Q005558,562.0,Nebuchadnezzar II,Neo-Babylonian,Borsippa,ORCC,block,4,56,1,29,1,8,1,35,1
Q005559,562.0,Nebuchadnezzar II,Neo-Babylonian,Borsippa,ORCC,paving stone,4,56,1,10,1,28,1,75,1
Q005560,562.0,Nebuchadnezzar II,Neo-Babylonian,Borsippa,ORCC,block,4,85,1,76,1,52,1,23,1
Q005561,562.0,Nebuchadnezzar II,Neo-Babylonian,Borsippa,ORCC,door socket,4,74,1,72,1,11,1,31,1
Q005562,562.0,Nebuchadnezzar II,Neo-Babylonian,Borsippa,ORCC,brick,4,28,1,54,1,10,1,38,1
Q005563,562.0,Nebuchadnezzar II,Neo-Babylonian,Borsippa,ORCC,brick,4,71,1,59,1,20,1,47,1
Q005566,562.0,Nebuchadnezzar II,Neo-Babylonian,Borsippa,ORCC,eye stone,4,100,1,11,1,3,1,8,1
Q005567,562.0,Nebuchadnezzar II,Neo-Babylonian,Borsippa,ORCC,eyestone,4,64,1,41,1,91,1,1,1
Q005568,562.0,Nebuchadnezzar II,Neo-Babylonian,Cutha,ORCC,eyestone,4,61,1,27,1,10,1,17,1
Q005570,562.0,Nebuchadnezzar II,Neo-Babylonian,Isin,ORCC,brick,4,78,1,57,1,17,1,1,1
Q005571,562.0,Nebuchadnezzar II,Neo-Babylonian,Kish,ORCC,cylinder,4,79,1,72,1,1,1,1,1
Q005575,562.0,Nebuchadnezzar II,Neo-Babylonian,Larsa,ORCC,brick,4,79,1,31,1,5,1,54,1
Q005576,562.0,Nebuchadnezzar II,Neo-Babylonian,Marad,ORCC,cylinder,4,56,1,4,1,15,1,90,1
Q005579,562.0,Nebuchadnezzar II,Neo-Babylonian,Sippar,ORCC,cylinder,4,66,1,23,1,16,1,25,1
Q005580,562.0,Nebuchadnezzar II,Neo-Babylonian,Sippar,ORCC,cylinder,4,86,1,38,1,32,1,36,1
Q005582,562.0,Nebuchadnezzar II,Neo-Babylonian,Sippar,ORCC,cylinder,4,76,1,7,1,87,1,44,1
Q005584,562.0,Nebuchadnezzar II,Neo-Babylonian,Sippar,ORCC,brick,4,93,1,48,1,40,1,50,1
Q005592,562.0,Nebuchadnezzar II,Neo-Babylonian,Babylonia,ORCC,brick,4,36,1,3,1,60,1,74,1
Q006305,710.0,Marduk-apla-iddina II,Neo-Babylonian,Nimrud,ORCC,cylinder,4,43,1,31,1,19,1,36,1
Q006309,710.0,Marduk-apla-iddina II,Neo-Babylonian,Kish,ORCC,brick,4,89,1,55,1,47,1,92,1
Q006310,700.0,Bel-ibni,Neo-Babylonian,Babylonia,ORCC,None,4,71,1,23,1,38,1,24,1
Q006311,648.0,Šamaš-šuma-ukin,Neo-Babylonian,Sippar,ORCC,cylinder,4,38,1,47,1,55,1,6,1
Q006313,648.0,Šamaš-šuma-ukin,Neo-Babylonian,Borsippa,ORCC,stele,4,3,1,39,1,84,1,1,1
Q006314,648.0,Šamaš-šuma-ukin,Neo-Babylonian,Borsippa,ORCC,cylinder,4,5,1,47,1,7,1,17,1
Q006315,648.0,Šamaš-šuma-ukin,Neo-Babylonian,Babylonia,ORCC,None,4,43,1,24,1,10,1,35,1
Q006316,648.0,Šamaš-šuma-ukin,Neo-Babylonian,Babylonia,ORCC,cylinder,4,32,1,8,1,49,1,18,1
Q006317,648.0,Šamaš-šuma-ukin,Neo-Babylonian,Ur,ORCC,None,4,32,1,6,1,33,1,48,1
Q006323,705.0,Sargon II,Neo-Assyrian,Babylon,ORCC,brick,4,65,1,61,1,63,1,28,1
Q006325,705.0,Sargon II,Neo-Assyrian,Uruk,ORCC,cylinder,4,6,1,6,1,29,1,45,1
Q006326,705.0,Sargon II,Neo-Assyrian,Uruk,ORCC,brick,4,27,1,90,1,43,1,18,1
Q006329,727.0,Tiglath-pileser III,wall slab (with reliefs),Nimrud,ORCC,None,4,38,1,33,1,4,1,80,1
Q006330,727.0,Tiglath-pileser III,wall slab (with reliefs),Nimrud,ORCC,None,4,80,1,70,1,62,1,67,1
Q006331,727.0,Tiglath-pileser III,wall slab (with reliefs),Nimrud,ORCC,None,4,71,1,1,1,49,1,72,1
Q006333,727.0,Tiglath-pileser III,wall slab (with reliefs),Nimrud,ORCC,None,4,45,1,33,1,4,1,76,1
Q006482,705.0,Sargon II,Neo-Assyrian,Khorsabad (Dur-Šarrukin),ORCC,wall slab (with reliefs),4,18,1,70,1,39,1,25,1
Q006483,705.0,Sargon II,Neo-Assyrian,Khorsabad (Dur-Šarrukin),ORCC,wall slab (with reliefs),4,27,1,34,1,9,1,32,1
Q006484,705.0,Sargon II,Neo-Assyrian,Khorsabad (Dur-Šarrukin),ORCC,wall slab (with reliefs),4,51,1,7,1,29,1,30,1
Q006485,705.0,Sargon II,Neo-Assyrian,Khorsabad (Dur-Šarrukin),ORCC,wall slab (with reliefs),4,27,1,8,1,36,1,78,1
Q006487,705.0,Sargon II,Neo-Assyrian,Khorsabad (Dur-Šarrukin),ORCC,wall slab (with reliefs),4,49,1,33,1,6,1,11,1
Q006488,705.0,Sargon II,Neo-Assyrian,Khorsabad (Dur-Šarrukin),ORCC,wall slab (with reliefs),4,10,1,39,1,47,1,18,1
Q006489,705.0,Sargon II,Neo-Assyrian,Khorsabad (Dur-Šarrukin),ORCC,wall slab (with reliefs),4,28,1,52,1,80,1,13,1
Q006490,705.0,Sargon II,Neo-Assyrian,Khorsabad (Dur-Šarrukin),ORCC,human-headed bull colossus,4,17,1,73,1,26,1,21,1
Q006491,705.0,Sargon II,Neo-Assyrian,Khorsabad (Dur-Šarrukin),ORCC,slab,4,2,1,32,1,44,1,11,1
Q006492,705.0,Sargon II,Neo-Assyrian,Khorsabad (Dur-Šarrukin),ORCC,slab,4,13,1,17,1,10,1,6,1
Q006493,705.0,Sargon II,Neo-Assyrian,Khorsabad (Dur-Šarrukin),ORCC,slab,4,47,1,8,1,16,1,6,1
Q006494,705.0,Sargon II,Neo-Assyrian,Khorsabad (Dur-Šarrukin),ORCC,slab,4,49,1,59,1,15,1,11,1
Q006495,705.0,Sargon II,Neo-Assyrian,Khorsabad (Dur-Šarrukin),ORCC,slab,4,11,1,51,1,5,1,31,1
Q006496,705.0,Sargon II,Neo-Assyrian,Khorsabad (Dur-Šarrukin),ORCC,slab,4,95,1,53,1,17,1,59,1
Q006497,705.0,Sargon II,Neo-Assyrian,Khorsabad (Dur-Šarrukin),ORCC,slab,4,30,1,23,1,35,1,48,1
Q006498,705.0,Sargon II,Neo-Assyrian,Khorsabad (Dur-Šarrukin),ORCC,slab,4,17,1,75,1,5,1,98,1
Q006499,705.0,Sargon II,Neo-Assyrian,Khorsabad (Dur-Šarrukin),ORCC,slab,4,99,1,10,1,54,1,46,1
Q006500,705.0,Sargon II,Neo-Assyrian,Khorsabad (Dur-Šarrukin),ORCC,slab,4,23,1,37,1,4,1,9,1
Q006501,705.0,Sargon II,Neo-Assyrian,Khorsabad (Dur-Šarrukin),ORCC,slab,4,68,1,51,1,23,1,86,1
Q006503,705.0,Sargon II,Neo-Assyrian,Khorsabad (Dur-Šarrukin),ORCC,slab,4,88,1,31,1,64,1,14,1
Q006504,705.0,Sargon II,Neo-Assyrian,Khorsabad (Dur-Šarrukin),ORCC,wall slab (with reliefs),4,25,1,31,1,10,1,19,1
Q006505,705.0,Sargon II,Neo-Assyrian,Khorsabad (Dur-Šarrukin),ORCC,wall slab (with reliefs),4,11,1,98,1,29,1,65,1
Q006510,705.0,Sargon II,Neo-Assyrian,Khorsabad (Dur-Šarrukin),ORCC,wall slab (with reliefs),4,61,1,93,1,26,1,6,1
Q006513,705.0,Sargon II,Neo-Assyrian,Khorsabad (Dur-Šarrukin),ORCC,wall slab (with reliefs),4,9,1,10,1,15,1,73,1
Q006515,705.0,Sargon II,Neo-Assyrian,Khorsabad (Dur-Šarrukin),ORCC,wall slab (with reliefs),4,48,1,13,1,18,1,35,1
Q006516,705.0,Sargon II,Neo-Assyrian,Khorsabad (Dur-Šarrukin),ORCC,wall slab (with reliefs),4,6,1,39,1,68,1,55,1
Q006518,705.0,Sargon II,Neo-Assyrian,Khorsabad (Dur-Šarrukin),ORCC,wall slab (with reliefs),4,5,1,96,1,12,1,64,1
Q006521,705.0,Sargon II,Neo-Assyrian,Khorsabad (Dur-Šarrukin),ORCC,wall slab (with reliefs),4,23,1,16,1,18,1,49,1
Q006522,705.0,Sargon II,Neo-Assyrian,Khorsabad (Dur-Šarrukin),ORCC,wall slab (with reliefs); human-headed bull colossus,4,10,1,77,1,26,1,59,1
Q006523,705.0,Sargon II,Neo-Assyrian,Khorsabad (Dur-Šarrukin),ORCC,wall slab (with reliefs),4,1,1,17,1,47,1,45,1
Q006524,705.0,Sargon II,Neo-Assyrian,Khorsabad (Dur-Šarrukin),ORCC,prismatic cylinder,4,24,1,70,1,38,1,5,1
Q006525,705.0,Sargon II,Neo-Assyrian,Khorsabad (Dur-Šarrukin),ORCC,None,4,26,1,86,1,39,1,8,1
Q006526,705.0,Sargon II,Neo-Assyrian,Khorsabad (Dur-Šarrukin),ORCC,None,4,67,1,2,1,8,1,45,1
Q006527,705.0,Sargon II,Neo-Assyrian,Khorsabad (Dur-Šarrukin),ORCC,None,4,69,1,26,1,39,1,10,1
Q006529,705.0,Sargon II,Neo-Assyrian,Khorsabad (Dur-Šarrukin),ORCC,None,4,83,1,72,1,15,1,43,1
Q006530,705.0,Sargon II,Neo-Assyrian,Khorsabad (Dur-Šarrukin),ORCC,altar,4,36,1,7,1,17,1,66,1
Q006533,705.0,Sargon II,Neo-Assyrian,Khorsabad (Dur-Šarrukin),ORCC,brick,4,12,1,29,1,99,1,60,1
Q006537,705.0,Sargon II,Neo-Assyrian,Khorsabad (Dur-Šarrukin),ORCC,brick,4,72,1,60,1,38,1,25,1
Q006538,705.0,Sargon II,Neo-Assyrian,Khorsabad (Dur-Šarrukin),ORCC,glazed brick frieze,4,13,1,90,1,17,1,29,1
Q006544,705.0,Sargon II,Neo-Assyrian,Qalat Sherqat (Assur),ORCC,prism,4,32,1,5,1,32,1,3,1
Q006545,705.0,Sargon II,Neo-Assyrian,Qalat Sherqat (Assur),ORCC,cylinder,4,49,1,18,1,15,1,15,1
Q006548,705.0,Sargon II,Neo-Assyrian,Qalat Sherqat (Assur),ORCC,cone,4,85,1,29,1,43,1,60,1
Q006549,705.0,Sargon II,Neo-Assyrian,Qalat Sherqat (Assur),ORCC,brick,4,53,1,64,1,48,1,29,1
Q006550,705.0,Sargon II,Neo-Assyrian,Qalat Sherqat (Assur),ORCC,brick,4,13,1,31,1,3,1,12,1
Q006551,705.0,Sargon II,Neo-Assyrian,Qalat Sherqat (Assur),ORCC,brick,4,96,1,51,1,33,1,40,1
Q006553,705.0,Sargon II,Neo-Assyrian,Qalat Sherqat (Assur),ORCC,None,4,0,1,34,1,11,1,52,1
Q006554,705.0,Sargon II,Neo-Assyrian,Nimrud (Kalhu),ORCC,slab,4,7,1,35,1,24,1,45,1
Q006556,705.0,Sargon II,Neo-Assyrian,Nimrud (Kalhu),ORCC,prism,4,95,1,49,1,5,1,5,1
Q006557,705.0,Sargon II,Neo-Assyrian,Nimrud (Kalhu),ORCC,prismatic cylinder,4,19,1,41,1,25,1,24,1
Q006558,705.0,Sargon II,Neo-Assyrian,Nimrud (Kalhu),ORCC,vase; jar,4,1,1,68,1,37,1,26,1
Q006559,705.0,Sargon II,Neo-Assyrian,Nimrud (Kalhu),ORCC,lion weight,4,51,1,90,1,25,1,21,1
Q006562,705.0,Sargon II,Neo-Assyrian,Kuyunjik (Nineveh),ORCC,wall slab (with reliefs),4,51,1,5,1,11,1,18,1
Q006563,705.0,Sargon II,Neo-Assyrian,Kuyunjik (Nineveh),ORCC,prism,4,48,1,17,1,41,1,17,1
Q006564,705.0,Sargon II,Neo-Assyrian,Kuyunjik (Nineveh),ORCC,prism,4,59,1,26,1,33,1,38,1
Q006565,705.0,Sargon II,Neo-Assyrian,Kuyunjik (Nineveh),ORCC,cylinder,4,17,1,17,1,25,1,2,1
Q006566,705.0,Sargon II,Neo-Assyrian,Kuyunjik (Nineveh),ORCC,prismatic cylinder,4,61,1,83,1,5,1,13,1
Q006567,705.0,Sargon II,Neo-Assyrian,Kuyunjik (Nineveh),ORCC,cylinder,4,54,1,19,1,18,1,12,1
Q006568,705.0,Sargon II,Neo-Assyrian,Kuyunjik (Nineveh),ORCC,cylinder,4,51,1,12,1,27,1,20,1
Q006569,705.0,Sargon II,Neo-Assyrian,Kuyunjik (Nineveh),ORCC,prismatic cylinder,4,48,1,78,1,97,1,79,1
Q006570,705.0,Sargon II,Neo-Assyrian,Kuyunjik (Nineveh),ORCC,None,4,9,1,11,1,25,1,36,1
Q006572,705.0,Sargon II,Neo-Assyrian,Kuyunjik (Nineveh),ORCC,None,4,6,1,38,1,7,1,32,1
Q006581,705.0,Sargon II,Neo-Assyrian,Kuyunjik (Nineveh),ORCC,eyestone,4,67,1,41,1,8,1,22,1
Q006584,705.0,Sargon II,Neo-Assyrian,Larnaka,ORCC,stele,4,6,1,38,1,12,1,14,1
Q006585,705.0,Sargon II,Neo-Assyrian,Ashdod (Asdūdu),ORCC,stele,4,15,1,21,1,18,1,10,1
Q006586,705.0,Sargon II,Neo-Assyrian,uncertain,ORCC,stele,4,2,1,84,1,46,1,17,1
Q006587,705.0,Sargon II,Neo-Assyrian,Acharneh (Tunip),ORCC,stele,4,23,1,59,1,4,1,7,1
Q006588,705.0,Sargon II,Neo-Assyrian, Ahmar (Til Barsip),ORCC,stele,4,45,1,19,1,42,1,49,1
Q006589,705.0,Sargon II,Neo-Assyrian,Tell Tayinat (Unqi),ORCC,stele,4,18,1,10,1,12,1,46,1
Q006590,705.0,Sargon II,Neo-Assyrian,Europos (Carchemish),ORCC,cylinder,4,3,1,17,1,34,1,91,1
Q006594,705.0,Sargon II,Neo-Assyrian,Arslantepe (Melidu),ORCC,cylinder,4,20,1,12,1,56,1,49,1
Q006595,705.0,Sargon II,Neo-Assyrian,Arslantepe (Melidu),ORCC,cylinder,4,42,1,9,1,24,1,2,1
Q006596,705.0,Sargon II,Neo-Assyrian,Najafabad (Kišesim),ORCC,stele,4,61,1,19,1,13,1,6,1
Q006597,705.0,Sargon II,Neo-Assyrian,Tang-i Var,ORCC,rock cliff,4,18,1,42,1,11,1,2,1
Q006602,705.0,Sargon II,Neo-Assyrian,Persepolis (Pārśa),ORCC,eyestone,4,23,1,54,1,18,1,33,1
Q006603,705.0,Sargon II,Neo-Assyrian,Babylon (Bābili),ORCC,brick,4,65,1,63,1,60,1,31,1
Q006605,705.0,Sargon II,Neo-Assyrian,Warka (Uruk),ORCC,cylinder,4,11,1,3,1,21,1,54,1
Q006606,705.0,Sargon II,Neo-Assyrian,Warka (Uruk),ORCC,brick,4,27,1,82,1,45,1,5,1
Q006608,705.0,Sargon II,Neo-Assyrian,Warka (Uruk),ORCC,brick,4,93,1,32,1,34,1,50,1
Q006609,705.0,Sargon II,Neo-Assyrian,Tell Haddad (Me-Turan),ORCC,cylinder,4,27,1,66,1,38,1,36,1
Q006611,705.0,Sargon II,Neo-Assyrian,Qalʾeh-i Imam,ORCC,None,4,66,1,72,1,26,1,4,1
Q006633,705.0,Sargon II,Neo-Assyrian,Qalat Sherqat (Assur),ORCC,cone,4,9,1,70,1,35,1,23,1
Q006636,705.0,Sargon II,Neo-Assyrian,Nimrud (Kalhu),ORCC,prismatic cylinder,4,55,1,88,1,31,1,70,1
Q006638,705.0,Sargon II,Neo-Assyrian,Kuyunjik (Nineveh),ORCC,lion colossus,4,10,1,24,1,17,1,70,1
Q006640,705.0,Sargon II,Neo-Assyrian,Europos (Carchemish),ORCC,stele ?,4,22,1,20,1,37,1,10,1
Q006644,705.0,Sargon II,Neo-Assyrian,Khorsabad (Dur-Šarrukin),ORCC,slab,4,92,1,29,1,50,1,42,1
Q006647,705.0,Sargon II,Neo-Assyrian,Qalat Sherqat (Assur),ORCC,coffer,4,90,1,59,1,26,1,29,1
Q006651,705.0,Sargon II,Neo-Assyrian,Tell Baradan,ORCC,cylinder,4,37,1,49,1,2,1,90,1
Q007540,631.0,Ashurbanipal,Neo-Assyrian,Kuyunjik (Nineveh),ORCC,None,4,27,1,34,1,26,1,16,1
Q007541,631.0,Ashurbanipal,Neo-Assyrian,Kuyunjik (Nineveh),ORCC,None,4,44,1,4,1,38,1,78,1
Q007542,631.0,Ashurbanipal,Neo-Assyrian,Kuyunjik (Nineveh),ORCC,None,4,4,1,39,1,73,1,63,1
Q007543,631.0,Ashurbanipal,Neo-Assyrian,Kuyunjik (Nineveh),ORCC,None,4,72,1,8,1,53,1,90,1
Q007544,631.0,Ashurbanipal,Neo-Assyrian,Kuyunjik (Nineveh),ORCC,None,4,36,1,17,1,97,1,55,1
Q007545,631.0,Ashurbanipal,Neo-Assyrian,Kuyunjik (Nineveh),ORCC,None,4,31,1,38,1,12,1,91,1
Q007546,631.0,Ashurbanipal,Neo-Assyrian,Kuyunjik (Nineveh),ORCC,None,4,37,1,28,1,88,1,15,1
Q007550,631.0,Ashurbanipal,Neo-Assyrian,Kuyunjik (Nineveh),ORCC,None,4,73,1,2,1,79,1,62,1
Q007551,631.0,Ashurbanipal,Neo-Assyrian,Kuyunjik (Nineveh),ORCC,None,4,13,1,2,1,93,1,46,1
Q007552,631.0,Ashurbanipal,Neo-Assyrian,Kuyunjik (Nineveh),ORCC,None,4,75,1,79,1,21,1,48,1
Q007553,631.0,Ashurbanipal,Neo-Assyrian,Kuyunjik (Nineveh),ORCC,None,4,23,1,49,1,39,1,41,1
Q007554,631.0,Ashurbanipal,Neo-Assyrian,Kuyunjik (Nineveh),ORCC,None,4,13,1,27,1,93,1,50,1
Q007555,631.0,Ashurbanipal,Neo-Assyrian,Kuyunjik (Nineveh),ORCC,None,4,9,1,69,1,64,1,27,1
Q007561,631.0,Ashurbanipal,Neo-Assyrian,Kuyunjik (Nineveh),ORCC,None,4,29,1,27,1,61,1,39,1
Q007562,631.0,Ashurbanipal,Neo-Assyrian,Kuyunjik (Nineveh),ORCC,None,4,10,1,2,1,15,1,39,1
Q007563,631.0,Ashurbanipal,Neo-Assyrian,Kuyunjik (Nineveh),ORCC,None,4,48,1,36,1,74,1,47,1
Q007564,631.0,Ashurbanipal,Neo-Assyrian,Kuyunjik (Nineveh),ORCC,None,4,29,1,23,1,57,1,59,1
Q007566,631.0,Ashurbanipal,Neo-Assyrian,Kuyunjik (Nineveh),ORCC,None,4,57,1,9,1,38,1,80,1
Q007567,631.0,Ashurbanipal,Neo-Assyrian,Kuyunjik (Nineveh),ORCC,None,4,50,1,92,1,57,1,49,1
Q007568,631.0,Ashurbanipal,Neo-Assyrian,Kuyunjik (Nineveh),ORCC,None,4,32,1,87,1,49,1,30,1
Q007570,631.0,Ashurbanipal,Neo-Assyrian,Kuyunjik (Nineveh),ORCC,None,4,9,1,13,1,76,1,43,1
Q007571,631.0,Ashurbanipal,Neo-Assyrian,Kuyunjik (Nineveh),ORCC,None,4,58,1,10,1,24,1,30,1
Q007572,631.0,Ashurbanipal,Neo-Assyrian,Kuyunjik (Nineveh),ORCC,None,4,64,1,69,1,25,1,23,1
Q007573,631.0,Ashurbanipal,Neo-Assyrian,Kuyunjik (Nineveh),ORCC,None,4,2,1,14,1,22,1,18,1
Q007575,631.0,Ashurbanipal,Neo-Assyrian,Kuyunjik (Nineveh),ORCC,None,4,2,1,35,1,73,1,32,1
Q007576,631.0,Ashurbanipal,Neo-Assyrian,Kuyunjik (Nineveh),ORCC,None,4,27,1,43,1,21,1,29,1
Q007577,631.0,Ashurbanipal,Neo-Assyrian,Kuyunjik (Nineveh),ORCC,None,4,70,1,41,1,19,1,65,1
Q007578,631.0,Ashurbanipal,Neo-Assyrian,Kuyunjik (Nineveh),ORCC,None,4,23,1,5,1,15,1,68,1
Q007579,631.0,Ashurbanipal,Neo-Assyrian,Kuyunjik (Nineveh),ORCC,None,4,39,1,41,1,61,1,78,1
Q007580,631.0,Ashurbanipal,Neo-Assyrian,Kuyunjik (Nineveh),ORCC,None,4,17,1,55,1,41,1,24,1
Q007581,631.0,Ashurbanipal,Neo-Assyrian,Kuyunjik (Nineveh),ORCC,None,4,36,1,27,1,21,1,71,1
Q007582,631.0,Ashurbanipal,Neo-Assyrian,Kuyunjik (Nineveh),ORCC,None,4,22,1,47,1,70,1,65,1
Q007583,631.0,Ashurbanipal,Neo-Assyrian,Kuyunjik (Nineveh),ORCC,None,4,38,1,37,1,7,1,29,1
Q007584,631.0,Ashurbanipal,Neo-Assyrian,Kuyunjik (Nineveh),ORCC,None,4,4,1,63,1,37,1,86,1
Q007585,631.0,Ashurbanipal,Neo-Assyrian,Kuyunjik (Nineveh),ORCC,None,4,6,1,37,1,15,1,64,1
Q007586,631.0,Ashurbanipal,Neo-Assyrian,Kuyunjik (Nineveh),ORCC,None,4,5,1,21,1,16,1,51,1
Q007587,631.0,Ashurbanipal,Neo-Assyrian,Kuyunjik (Nineveh),ORCC,None,4,38,1,15,1,16,1,41,1
Q007591,631.0,Ashurbanipal,Neo-Assyrian,Kuyunjik (Nineveh),ORCC,None,4,34,1,83,1,60,1,22,1
Q007592,631.0,Ashurbanipal,Neo-Assyrian,Kuyunjik (Nineveh),ORCC,None,4,11,1,55,1,48,1,75,1
Q007595,631.0,Ashurbanipal,Neo-Assyrian,Kuyunjik (Nineveh),ORCC,None,4,18,1,69,1,70,1,87,1
Q007596,631.0,Ashurbanipal,Neo-Assyrian,Kuyunjik (Nineveh),ORCC,None,4,61,1,35,1,47,1,25,1
Q007598,631.0,Ashurbanipal,Neo-Assyrian,Kuyunjik (Nineveh),ORCC,None,4,25,1,54,1,62,1,16,1
Q007599,631.0,Ashurbanipal,Neo-Assyrian,Kuyunjik (Nineveh),ORCC,None,4,2,1,76,1,62,1,32,1
Q007601,631.0,Ashurbanipal,Neo-Assyrian,Kuyunjik (Nineveh),ORCC,None,4,50,1,61,1,89,1,69,1
Q007602,631.0,Ashurbanipal,Neo-Assyrian,Kuyunjik (Nineveh),ORCC,None,4,37,1,42,1,88,1,64,1
Q007603,631.0,Ashurbanipal,Neo-Assyrian,Kuyunjik (Nineveh),ORCC,None,4,13,1,19,1,6,1,27,1
Q007604,631.0,Ashurbanipal,Neo-Assyrian,Kuyunjik (Nineveh),ORCC,None,4,37,1,43,1,37,1,72,1
Q007605,631.0,Ashurbanipal,Neo-Assyrian,Kuyunjik (Nineveh),ORCC,None,4,70,1,11,1,6,1,81,1
Q007606,631.0,Ashurbanipal,Neo-Assyrian,Kuyunjik (Nineveh),ORCC,None,4,1,1,13,1,32,1,99,1
Q007608,631.0,Ashurbanipal,Neo-Assyrian,Kuyunjik (Nineveh),ORCC,None,4,22,1,58,1,85,1,76,1
Q007611,631.0,Ashurbanipal,Neo-Assyrian,Kuyunjik (Nineveh),ORCC,None,4,49,1,10,1,97,1,95,1
Q007612,631.0,Ashurbanipal,Neo-Assyrian,Kuyunjik (Nineveh),ORCC,None,4,32,1,15,1,11,1,98,1
Q007613,631.0,Ashurbanipal,Neo-Assyrian,Kuyunjik (Nineveh),ORCC,None,4,48,1,12,1,80,1,62,1
Q007614,631.0,Ashurbanipal,Neo-Assyrian,Kuyunjik (Nineveh),ORCC,None,4,80,1,61,1,80,1,52,1
Q007615,631.0,Ashurbanipal,Neo-Assyrian,Kuyunjik (Nineveh),ORCC,None,4,50,1,22,1,4,1,43,1
Q007616,631.0,Ashurbanipal,Neo-Assyrian,Kuyunjik (Nineveh),ORCC,None,4,15,1,1,1,11,1,21,1
Q007617,631.0,Ashurbanipal,Neo-Assyrian,Kuyunjik (Nineveh),ORCC,None,4,8,1,21,1,41,1,56,1
Q007620,631.0,Ashurbanipal,Neo-Assyrian,Kuyunjik (Nineveh),ORCC,None,4,21,1,28,1,93,1,88,1
Q007623,631.0,Ashurbanipal,Neo-Assyrian,Kuyunjik (Nineveh),ORCC,None,4,4,1,44,1,7,1,66,1
Q007625,631.0,Ashurbanipal,Neo-Assyrian,Kuyunjik (Nineveh),ORCC,None,4,43,1,40,1,18,1,35,1
Q007627,631.0,Ashurbanipal,Neo-Assyrian,Kuyunjik (Nineveh),ORCC,None,4,1,1,7,1,63,1,85,1
Q007629,631.0,Ashurbanipal,Neo-Assyrian,Kuyunjik (Nineveh),ORCC,None,4,49,1,58,1,20,1,10,1
Q007630,631.0,Ashurbanipal,Neo-Assyrian,Kuyunjik (Nineveh),ORCC,None,4,34,1,55,1,44,1,24,1
Q007631,631.0,Ashurbanipal,Neo-Assyrian,Kuyunjik (Nineveh),ORCC,None,4,29,1,31,1,2,1,72,1
Q007632,631.0,Ashurbanipal,Neo-Assyrian,Kuyunjik (Nineveh),ORCC,None,4,30,1,21,1,12,1,19,1
Q007633,631.0,Ashurbanipal,Neo-Assyrian,Kuyunjik (Nineveh),ORCC,None,4,39,1,9,1,9,1,22,1
Q007634,631.0,Ashurbanipal,Neo-Assyrian,Kuyunjik (Nineveh),ORCC,None,4,17,1,20,1,80,1,81,1
Q007635,631.0,Ashurbanipal,Neo-Assyrian,Kuyunjik (Nineveh),ORCC,None,4,43,1,67,1,29,1,11,1
Q007636,631.0,Ashurbanipal,Neo-Assyrian,Kuyunjik (Nineveh),ORCC,None,4,17,1,51,1,41,1,2,1
Q007637,631.0,Ashurbanipal,Neo-Assyrian,Kuyunjik (Nineveh),ORCC,None,4,17,1,95,1,12,1,77,1
Q007638,631.0,Ashurbanipal,Neo-Assyrian,Kuyunjik (Nineveh),ORCC,None,4,26,1,12,1,24,1,13,1
Q008319,631.0,Ashurbanipal,Neo-Assyrian,Kuyunjik (Nineveh),ORCC,None,4,15,1,30,1,82,1,89,1
Q008320,631.0,Ashurbanipal,Neo-Assyrian,Kuyunjik (Nineveh),ORCC,None,4,42,1,79,1,24,1,44,1
Q008321,631.0,Ashurbanipal,Neo-Assyrian,Kuyunjik (Nineveh),ORCC,None,4,29,1,28,1,30,1,13,1
Q008322,631.0,Ashurbanipal,Neo-Assyrian,Kuyunjik (Nineveh),ORCC,None,4,60,1,16,1,59,1,11,1
Q008324,631.0,Ashurbanipal,Neo-Assyrian,Kuyunjik (Nineveh),ORCC,None,4,82,1,1,1,37,1,2,1
Q008326,631.0,Ashurbanipal,Neo-Assyrian,Kuyunjik (Nineveh),ORCC,None,4,90,1,85,1,33,1,46,1
Q008329,631.0,Ashurbanipal,Neo-Assyrian,Babylon (Bābili),ORCC,cylinder,4,40,1,71,1,44,1,21,1
Q008330,631.0,Ashurbanipal,Neo-Assyrian,Babylon (Bābili),ORCC,cylinder,4,5,1,43,1,59,1,16,1
Q008332,631.0,Ashurbanipal,Neo-Assyrian,Babylon (Bābili),ORCC,cylinder,4,54,1,41,1,7,1,36,1
Q008333,631.0,Ashurbanipal,Neo-Assyrian,Babylon (Bābili),ORCC,cylinder,4,69,1,48,1,14,1,43,1
Q008334,631.0,Ashurbanipal,Neo-Assyrian,Babylon (Bābili),ORCC,stele,4,14,1,52,1,25,1,22,1
Q008335,631.0,Ashurbanipal,Neo-Assyrian,Babylon (Bābili),ORCC,brick,4,7,1,68,1,0,1,51,1
Q008336,631.0,Ashurbanipal,Neo-Assyrian,Babylon (Bābili),ORCC,brick,4,91,1,74,1,38,1,11,1
Q008338,631.0,Ashurbanipal,Neo-Assyrian,Babylon (Bābili),ORCC,brick,4,45,1,65,1,15,1,18,1
Q008339,631.0,Ashurbanipal,Neo-Assyrian,Babylon (Bābili),ORCC,brick,4,26,1,90,1,29,1,12,1
Q008341,631.0,Ashurbanipal,Neo-Assyrian,Babylonia,ORCC,cylinder,4,59,1,39,1,100,1,35,1
Q008343,631.0,Ashurbanipal,Neo-Assyrian,Birs Nimrud (Borsippa),ORCC,stele,4,12,1,51,1,20,1,28,1
Q008344,631.0,Ashurbanipal,Neo-Assyrian,Babylonia,ORCC,None,4,30,1,14,1,19,1,73,1
Q008346,631.0,Ashurbanipal,Neo-Assyrian,Tell Haddad (Me-Turan),ORCC,brick,4,81,1,94,1,29,1,59,1
Q008351,631.0,Ashurbanipal,Neo-Assyrian,Tell Abu Habbah (Sippar-Yahrurum),ORCC,cylinder,4,3,1,37,1,20,1,51,1
Q008352,631.0,Ashurbanipal,Neo-Assyrian,Warka (Uruk),ORCC,cylinder,4,49,1,58,1,81,1,5,1
Q008353,631.0,Ashurbanipal,Neo-Assyrian,Warka (Uruk),ORCC,None,4,66,1,40,1,74,1,4,1
