fragment_id,year_true,ruler,period,provenance,domain,sub_genre,pred_mlm,pred_thalesian_cunei400m,pred_qwen3_32b,pred_tfidf
Q003230,672.0,Esarhaddon,Neo-Assyrian,Kuyunjik (Nineveh),ORCC,prism,634.9703363521551,649.2664598534272,667.8877135229778,689.419981781063
Q003231,676.0,Esarhaddon,Neo-Assyrian,Kuyunjik (Nineveh),ORCC,prism,660.2159059626189,679.7900369043825,689.7695885243401,667.1325400383424
Q003232,669.0,Esarhaddon,Neo-Assyrian,Kuyunjik (Nineveh),ORCC,prism,648.7103696110772,614.5971671892684,596.3870021063913,675.7702642054066
Q003233,669.0,Esarhaddon,Neo-Assyrian,Kuyunjik (Nineveh),ORCC,prism,655.3840369791706,693.8528796527963,704.8918363382463,689.321578401167
Q003234,670.0,Esarhaddon,Neo-Assyrian,Kuyunjik (Nineveh),ORCC,prism,651.8220821530476,638.4287027643484,661.0098773992596,768.3947033658432
Q003235,670.0,Esarhaddon,Neo-Assyrian,Kuyunjik (Nineveh),ORCC,prism,599.3599048888135,565.6795187166462,579.5341175219845,670.0004880199443
Q003236,670.0,Esarhaddon,Neo-Assyrian,Kuyunjik (Nineveh),ORCC,prism,683.1225310273697,648.6699466047762,621.0570292065281,654.9046961588009
Q003237,670.0,Esarhaddon,Neo-Assyrian,Kuyunjik (Nineveh),ORCC,prism,668.4007149578658,699.2711705116047,733.5656427420514,709.6359145898928
Q003238,670.0,Esarhaddon,Neo-Assyrian,Kuyunjik (Nineveh),ORCC,prism,737.1334012811802,711.1946029837384,739.0589911851579,811.1539479468785
Q003239,677.0,Esarhaddon,Neo-Assyrian,Kuyunjik (Nineveh),ORCC,cylinder,647.6674938388853,657.4566944277019,686.5708282304058,727.7609111098168
Q003240,669.0,Esarhaddon,Neo-Assyrian,Kuyunjik (Nineveh),ORCC,cylinder,626.6757661763509,634.9664756446862,678.3046791501032,663.8946209920872
Q003241,669.0,Esarhaddon,Neo-Assyrian,Kuyunjik (Nineveh),ORCC,cylinder,641.0504037860793,667.3945551275467,707.1796334221957,684.4237556502978
Q003242,681.0,Esarhaddon,Neo-Assyrian,Kuyunjik (Nineveh),ORCC,cylinder,652.1813516136132,640.7899756992862,688.1630533026281,656.0462319381186
Q003243,681.0,Esarhaddon,Neo-Assyrian,Kuyunjik (Nineveh),ORCC,cylinder,625.3082613889998,660.141076103647,694.6780183413397,658.0460449673162
Q003244,670.0,Esarhaddon,Neo-Assyrian,Kuyunjik (Nineveh),ORCC,cylinder,708.1180892636219,677.7804951105696,677.6264039413883,693.0221013188443
Q003245,670.0,Esarhaddon,Neo-Assyrian,Kuyunjik (Nineveh),ORCC,cylinder,730.202428859525,706.2788470674018,709.3259852172969,677.2893732130964
Q003246,669.0,Esarhaddon,Neo-Assyrian,Kuyunjik (Nineveh),ORCC,cylinder,730.9686378355867,678.1320078750686,693.2913913058792,678.5054190618491
Q003247,669.0,Esarhaddon,Neo-Assyrian,Kuyunjik (Nineveh),ORCC,cylinder,668.3153974401333,633.4190851582732,681.8247620349129,716.6630322820859
Q003248,669.0,Esarhaddon,Neo-Assyrian,Kuyunjik (Nineveh),ORCC,uncertain,724.1480127402507,649.5968942100938,706.5607440462609,709.4300143738959
Q003249,670.0,Esarhaddon,Neo-Assyrian,Kuyunjik (Nineveh),ORCC,slab,716.993410006524,642.3311223786334,711.1523814926566,676.5739437991188
Q003250,669.0,Esarhaddon,Neo-Assyrian,Kuyunjik (Nineveh),ORCC,slab,698.8743203141461,651.0476731190729,705.5873093358556,673.6655925433477
Q003251,669.0,Esarhaddon,Neo-Assyrian,Kuyunjik (Nineveh),ORCC,slab,657.8598294485301,602.2842139930401,718.044150189497,667.1438194689667
Q003252,669.0,Esarhaddon,Neo-Assyrian,Kuyunjik (Nineveh),ORCC,brick,619.1675554213602,641.4674255508257,669.1732473888775,631.6633556963252
Q003253,669.0,Esarhaddon,Neo-Assyrian,Kuyunjik (Nineveh),ORCC,gaming board,677.1603175627669,615.0294090625813,694.4983456366531,691.9882349524651
Q003254,669.0,Esarhaddon,Neo-Assyrian,Kuyunjik (Nineveh),ORCC,vessel,717.3935407446382,673.4277200853976,739.2026894028216,687.6552969110767
Q003255,670.0,Esarhaddon,Neo-Assyrian,Kuyunjik (Nineveh),ORCC,vessel,636.7977946830566,671.0975829119006,726.0207045343537,666.6697127768477
Q003256,669.0,Esarhaddon,Neo-Assyrian,Kuyunjik (Nineveh),ORCC,vessel,683.0147351246648,660.3059424356483,703.3986733249212,657.448091027549
Q003257,669.0,Esarhaddon,Neo-Assyrian,Kuyunjik (Nineveh),ORCC,vessel,696.0451784643935,663.4076464916066,724.5743726561634,709.5601274613971
Q003258,669.0,Esarhaddon,Neo-Assyrian,Kuyunjik (Nineveh),ORCC,vessel,663.249415699616,604.758591379561,711.8299461571954,652.3403408760278
Q003259,669.0,Esarhaddon,Neo-Assyrian,Kuyunjik (Nineveh),ORCC,None,616.7688299213276,617.7522572526942,540.8817934930005,684.8023350171077
Q003260,669.0,Esarhaddon,Neo-Assyrian,Kuyunjik (Nineveh),ORCC,None,610.8205277646932,599.0787570934576,549.9638514484698,652.2554100129429
Q003261,669.0,Esarhaddon,Neo-Assyrian,Kuyunjik (Nineveh),ORCC,None,720.5993944379566,607.5872395062663,664.1947161179137,674.6277502001609
Q003262,672.0,Esarhaddon,Neo-Assyrian,Kuyunjik (Nineveh),ORCC,None,633.125607390319,651.1973920939348,663.2876691290649,710.3057507641535
Q003263,670.0,Esarhaddon,Neo-Assyrian,Kuyunjik (Nineveh),ORCC,None,638.0758665170962,679.2183304938515,676.3074352553351,682.9189593127611
Q003264,670.0,Esarhaddon,Neo-Assyrian,Kuyunjik (Nineveh),ORCC,None,713.3218443672541,732.4580525255838,728.3740429844178,694.8195863799958
Q003265,670.0,Esarhaddon,Neo-Assyrian,Kuyunjik (Nineveh),ORCC,None,639.6042657922129,633.9200681378204,618.6907941332531,678.794898880667
Q003266,670.0,Esarhaddon,Neo-Assyrian,Kuyunjik (Nineveh),ORCC,None,692.1940578011518,639.128406365328,650.6895739049157,681.4640258100831
Q003267,670.0,Esarhaddon,Neo-Assyrian,Kuyunjik (Nineveh),ORCC,None,682.2032987908,696.5983805566524,676.2469014819941,673.6676337306428
Q003268,670.0,Esarhaddon,Neo-Assyrian,Kuyunjik (Nineveh),ORCC,None,675.575014790933,736.2186902771289,699.6573353145217,754.2997783001035
Q003269,669.0,Esarhaddon,Neo-Assyrian,Kuyunjik (Nineveh),ORCC,None,617.9890172791639,635.2362240073379,648.3050755816068,565.556816440359
Q003270,669.0,Esarhaddon,Neo-Assyrian,Kuyunjik (Nineveh),ORCC,None,660.0720373571003,643.5257429680036,680.456698745992,700.2228529403434
Q003271,669.0,Esarhaddon,Neo-Assyrian,Kuyunjik (Nineveh),ORCC,None,763.2175659017081,739.3535980367628,703.3761047240995,694.0894650568512
Q003272,669.0,Esarhaddon,Neo-Assyrian,Kuyunjik (Nineveh),ORCC,None,654.5063324792125,628.7436818460569,625.9504904743072,642.682354379429
Q003273,669.0,Esarhaddon,Neo-Assyrian,Kuyunjik (Nineveh),ORCC,None,590.7303395023458,626.2662746436744,640.1943725324692,645.025583715754
Q003274,669.0,Esarhaddon,Neo-Assyrian,Kuyunjik (Nineveh),ORCC,None,628.1861602465543,638.9305090661724,690.2669476333933,657.3979742227674
Q003275,669.0,Esarhaddon,Neo-Assyrian,Kuyunjik (Nineveh),ORCC,None,749.1972729132896,739.9906948981297,728.4707631172328,758.3701292567202
Q003276,669.0,Esarhaddon,Neo-Assyrian,Kuyunjik (Nineveh),ORCC,None,667.0945291185006,666.4955266478048,711.1026407908237,736.3023182799132
Q003277,669.0,Esarhaddon,Neo-Assyrian,Kuyunjik (Nineveh),ORCC,None,605.3557125564495,624.0921422954791,692.9386239514105,679.7161909199384
Q003278,669.0,Esarhaddon,Neo-Assyrian,Kuyunjik (Nineveh),ORCC,None,638.1512914935296,649.8178738685452,657.2920491261549,709.1148771074397
Q003279,669.0,Esarhaddon,Neo-Assyrian,Kuyunjik (Nineveh),ORCC,None,716.0981764667954,755.9831877914132,668.4778436090008,727.0794521945363
Q003280,669.0,Esarhaddon,Neo-Assyrian,Kuyunjik (Nineveh),ORCC,None,638.741380313477,653.9106861462693,661.5275819858725,656.7727796666732
Q003281,669.0,Esarhaddon,Neo-Assyrian,Kuyunjik (Nineveh),ORCC,None,661.4436340099811,638.7304099731729,683.6311701037632,699.6447067023519
Q003282,669.0,Esarhaddon,Neo-Assyrian,Kuyunjik (Nineveh),ORCC,None,620.7746390996676,667.0861106128868,639.8252702583051,676.1519651671921
Q003283,669.0,Esarhaddon,Neo-Assyrian,Kuyunjik (Nineveh),ORCC,None,637.7407294490682,710.6367146841884,721.5307451278928,664.9828337848617
Q003284,669.0,Esarhaddon,Neo-Assyrian,Kuyunjik (Nineveh),ORCC,None,599.7015663334936,587.8990017791754,667.8252826286862,654.420942938494
Q003285,669.0,Esarhaddon,Neo-Assyrian,Kuyunjik (Nineveh),ORCC,None,670.9162834695046,653.5454138198805,663.9008447819756,657.6603588176868
Q003286,679.0,Esarhaddon,Neo-Assyrian,Qalat Sherqat (Assur),ORCC,"prism, tablet",646.4748430365738,671.8068471005597,686.9983889849661,676.623610989207
Q003287,680.0,Esarhaddon,Neo-Assyrian,Qalat Sherqat (Assur),ORCC,prism,694.3697435606346,674.690481226227,718.206609720882,692.1499331644501
Q003288,680.0,Esarhaddon,Neo-Assyrian,Qalat Sherqat (Assur),ORCC,cylinder,674.9469998965076,664.9544210923673,687.8672134228713,704.065445155322
Q003289,669.0,Esarhaddon,Neo-Assyrian,Kuyunjik (Nineveh),ORCC,None,690.4411960577849,689.2201939888918,708.6592011990358,667.0248844920865
Q003290,669.0,Esarhaddon,Neo-Assyrian,Qalat Sherqat (Assur),ORCC,brick,651.1121317477081,628.414462340181,673.7073771206225,679.0561016787482
Q003291,669.0,Esarhaddon,Neo-Assyrian,Qalat Sherqat (Assur),ORCC,block,665.9715151934662,632.1790846992949,700.125880686226,683.8464494704482
Q003292,669.0,Esarhaddon,Neo-Assyrian,Qalat Sherqat (Assur),ORCC,series of blocks,687.4743892768815,626.2943298321991,697.6990817424596,683.5206203749531
Q003293,669.0,Esarhaddon,Neo-Assyrian,Qalat Sherqat (Assur),ORCC,series of blocks,656.6317027843874,645.9962425155024,690.0116944760516,676.0977347107677
Q003294,669.0,Esarhaddon,Neo-Assyrian,Qalat Sherqat (Assur),ORCC,block,618.3638824008298,598.1621087758832,685.5993385002552,707.9746033908433
Q003295,669.0,Esarhaddon,Neo-Assyrian,Qalat Sherqat (Assur),ORCC,block,704.3590785355558,667.9089805517377,696.9419198530327,669.0681720689776
Q003297,669.0,Esarhaddon,Neo-Assyrian,Qalat Sherqat (Assur),ORCC,door socket,761.5786215276439,711.4326509653356,707.1158301973695,658.7701040402729
Q003298,669.0,Esarhaddon,Neo-Assyrian,Qalat Sherqat (Assur),ORCC,door socket,779.5481312739794,690.3827055881218,706.3487689603787,653.5904846320145
Q003299,669.0,Esarhaddon,Neo-Assyrian,Qalat Sherqat (Assur),ORCC,vessel,634.5954735526061,635.3471011026706,686.4631501877756,630.6213909936291
Q003300,669.0,Esarhaddon,Neo-Assyrian,Qalat Sherqat (Assur),ORCC,vessel,615.3828789679053,631.4324076929523,682.3966299312463,622.3725525971191
Q003302,669.0,Esarhaddon,Neo-Assyrian,Qalat Sherqat (Assur),ORCC,vessel,666.9872825269028,644.6759076865796,700.2865772099738,673.3922032899384
Q003303,669.0,Esarhaddon,Neo-Assyrian,Qalat Sherqat (Assur),ORCC,bead,643.8922761644163,678.3840618051486,730.6733557267513,738.5486327007684
Q003304,669.0,Esarhaddon,Neo-Assyrian,Qalat Sherqat (Assur),ORCC,amulet,652.28818897556,678.9161616621162,719.7542588829062,753.2586432344689
Q003305,669.0,Esarhaddon,Neo-Assyrian,Qalat Sherqat (Assur),ORCC,None,641.200848374775,651.9208855241458,691.4736484075034,670.3657382657356
Q003306,672.0,Esarhaddon,Neo-Assyrian,Nimrud (Kalhu),ORCC,cylinder,653.4490210701928,656.7680708113969,708.3287438656739,661.3368861990532
Q003307,676.0,Esarhaddon,Neo-Assyrian,Nimrud (Kalhu),ORCC,cylinder,656.6209581846394,662.9953908877517,707.5183958495724,692.1212311092239
Q003308,672.0,Esarhaddon,Neo-Assyrian,Nimrud (Kalhu),ORCC,cylinder,650.2223711553036,657.8098528346421,705.8040010200027,667.5981584783403
Q003309,669.0,Esarhaddon,Neo-Assyrian,Nimrud (Kalhu),ORCC,cylinder,704.8375066728789,682.3973627946164,690.8407443593767,702.7827197878482
Q003310,669.0,Esarhaddon,Neo-Assyrian,Nimrud (Kalhu),ORCC,series of blocks,675.737200434764,629.239450985315,698.4249046447568,674.2005623041438
Q003311,669.0,Esarhaddon,Neo-Assyrian,Nimrud (Kalhu),ORCC,series of blocks,685.1351354424236,631.1413276776125,712.4332560349648,830.0578686955664
Q003312,669.0,Esarhaddon,Neo-Assyrian,Nimrud (Kalhu),ORCC,bull colossus,755.8096339935346,688.3984555859714,749.9645760378303,668.4169583460072
Q003313,669.0,Esarhaddon,Neo-Assyrian,Nimrud (Kalhu),ORCC,bull colossus,703.2261863728204,644.1491379446296,751.4394100662801,673.8073255833306
Q003314,669.0,Esarhaddon,Neo-Assyrian,Nimrud (Kalhu),ORCC,human-headed lion colossus,676.5578519994307,636.4044393946413,758.8794824638561,675.2690059563647
Q003315,669.0,Esarhaddon,Neo-Assyrian,Negub Tunnel,ORCC,slab,768.2319999844364,683.1664630433313,738.9255908849136,701.3465841213707
Q003316,669.0,Esarhaddon,Neo-Assyrian,Nimrud (Kalhu),ORCC,slab,674.3019147626104,661.6746884623616,655.255912580596,712.7889110945426
Q003317,669.0,Esarhaddon,Neo-Assyrian,Nimrud (Kalhu),ORCC,brick,654.4165329161791,627.3876916850062,719.701360666971,662.1843265834051
Q003319,669.0,Esarhaddon,Neo-Assyrian,Nimrud (Kalhu),ORCC,seal (impression),716.740551810304,690.5604238142773,698.945102276378,727.1740055716762
Q003320,669.0,Esarhaddon,Neo-Assyrian,Nimrud (Kalhu),ORCC,vessel,666.9057897115979,605.3310312355726,699.1390922121876,676.2315197165534
Q003321,669.0,Esarhaddon,Neo-Assyrian,Nimrud (Kalhu),ORCC,lump,620.1403360584823,665.85804573908,671.6170755615051,658.9005762939487
Q003322,672.0,Esarhaddon,Neo-Assyrian,Qalat Sherqat (Assur),ORCC,cylinder,649.0187005351314,659.9619439703124,707.326619743187,676.7504882347863
Q003323,669.0,Esarhaddon,Neo-Assyrian,Tell Sherif Khan (Tarbisu),ORCC,slab,638.4757332661936,662.3753415802934,692.9290360833431,689.8163575844716
Q003324,669.0,Esarhaddon,Neo-Assyrian,Tell Sherif Khan (Tarbisu),ORCC,slab,707.7809737630203,691.3476640547635,718.0772934074957,669.1666553992028
Q003325,669.0,Esarhaddon,Neo-Assyrian,Tell Sherif Khan (Tarbisu),ORCC,brick,663.8933185056794,716.071908938834,711.1561955615873,658.1397130176559
Q003326,669.0,Esarhaddon,Neo-Assyrian,Tell Ahmar (Til Barsip),ORCC,stele,659.6557430220215,606.9653306719395,622.4373267535514,666.3963600508121
Q003327,669.0,Esarhaddon,Neo-Assyrian,Zinčirli (Samal),ORCC,stele,650.2412548302651,661.2995256768319,669.2858771138428,659.9420096552906
Q003328,669.0,Esarhaddon,Neo-Assyrian,Kuyunjik (Nineveh),ORCC,None,645.8795531975966,661.701066652565,650.918212722845,719.2594635664849
Q003329,669.0,Esarhaddon,Neo-Assyrian,Kuyunjik (Nineveh),ORCC,None,668.3651372036455,635.7794492705285,668.6176248680837,675.4366764720329
Q003330,669.0,Esarhaddon,Neo-Assyrian,Kuyunjik (Nineveh),ORCC,None,621.5492389253907,630.1042655999436,594.1113047268803,643.988118375405
Q003332,669.0,Esarhaddon,Neo-Assyrian,Nahr el-Kelb,ORCC,rock face,671.0025633434477,662.0741019401381,669.2873134282402,682.5214214108375
Q003333,673.0,Esarhaddon,Neo-Assyrian,Babylon,ORCC,prism,643.0123815945972,619.8708502341816,650.5342249119309,656.3757783658461
Q003334,672.0,Esarhaddon,Neo-Assyrian,Babylon,ORCC,prism,658.7585116428721,615.210212687776,691.252301332492,651.2957474785418
Q003335,670.0,Esarhaddon,Neo-Assyrian,Babylon,ORCC,"prism, tablet",620.9998599212711,614.1528511631593,606.2951310407201,657.742515883222
Q003336,672.0,Esarhaddon,Neo-Assyrian,Babylon,ORCC,prism,627.1116604843083,613.4003653104692,660.3217661920407,642.6588324014172
Q003337,678.0,Esarhaddon,Neo-Assyrian,Nineveh,ORCC,prism,577.2788271686944,558.5989556129068,467.9461084340851,632.4321959195804
Q003338,678.0,Esarhaddon,Neo-Assyrian,Nineveh,ORCC,prism,581.0265118183504,548.1645985753364,547.6636518615504,630.7784978190595
Q003339,672.0,Esarhaddon,Neo-Assyrian,Babylon,ORCC,prism,640.2350140652799,659.8939027520364,665.7738859902086,667.5879753022997
Q003340,674.0,Esarhaddon,Neo-Assyrian,Babylon,ORCC,prism,640.3272287058985,559.0647209819102,602.4964602324218,715.8744823990828
Q003341,669.0,Esarhaddon,Neo-Assyrian,Sippar,ORCC,prism,691.3176799432308,702.9825452242151,699.0168453755977,698.7859539964247
Q003342,669.0,Esarhaddon,Neo-Assyrian,Babylon,ORCC,cylinder,722.4248756253862,650.6570367891783,659.1632962223007,670.1752624283394
Q003343,672.0,Esarhaddon,Neo-Assyrian,Babylon,ORCC,cubiod monument,637.128551588225,611.0812572864611,630.0034907002438,668.0711375275
Q003345,677.0,Esarhaddon,Neo-Assyrian,Nineveh,ORCC,None,601.493675609,599.3484457205656,622.6326134615941,643.1937534603007
Q003346,677.0,Esarhaddon,Neo-Assyrian,Nineveh,ORCC,None,583.3028594743607,552.9995678072077,533.0071561268278,623.2172168060573
Q003347,669.0,Esarhaddon,Neo-Assyrian,Babylon,ORCC,seal,581.8536636023701,648.4689181047522,564.5705716049847,605.911947639683
Q003348,669.0,Esarhaddon,Neo-Assyrian,Babylon,ORCC,brick,658.4603559552982,632.9866157553047,563.0881525614805,636.107576384539
Q003349,669.0,Esarhaddon,Neo-Assyrian,Babylon,ORCC,brick,611.7465389246676,625.4456140547617,562.5222520319167,595.3540192748655
Q003350,669.0,Esarhaddon,Neo-Assyrian,Babylon,ORCC,brick,628.032725765661,614.4187502546032,559.3111857559616,596.4034444965496
Q003351,669.0,Esarhaddon,Neo-Assyrian,Babylon,ORCC,brick,639.1128221561617,636.1476278421799,552.3680455495137,593.4824030692733
Q003352,669.0,Esarhaddon,Neo-Assyrian,Babylon,ORCC,brick,605.4423704812651,611.2740258629738,550.6555417276421,613.4384665151265
Q003353,669.0,Esarhaddon,Neo-Assyrian,Babylon,ORCC,brick,627.2536818280738,585.5449709951982,551.0566771091042,611.3163742758485
Q003354,669.0,Esarhaddon,Neo-Assyrian,Babylon,ORCC,brick,582.0194082284595,609.4692067658497,540.8246975872863,591.9787808501549
Q003355,669.0,Esarhaddon,Neo-Assyrian,Babylon,ORCC,brick,523.155503619565,555.3728873885807,548.7956145946492,733.1754983334597
Q003356,669.0,Esarhaddon,Neo-Assyrian,Borsippa,ORCC,cylinder,634.6970401560351,567.2964800776656,605.3146733826798,687.122043139542
Q003357,669.0,Esarhaddon,Neo-Assyrian,Nippur,ORCC,cylinder,685.1650989372642,574.2197512996913,599.6104855871868,631.8795371417636
Q003358,669.0,Esarhaddon,Neo-Assyrian,Nippur,ORCC,cylinder,616.0747951758555,603.567518863762,648.7403016948301,637.6913455544358
Q003359,669.0,Esarhaddon,Neo-Assyrian,Nippur,ORCC,cylinder,641.2341841811157,609.4638315754906,628.2373351552349,623.8128590342869
Q003360,669.0,Esarhaddon,Neo-Assyrian,Nippur,ORCC,brick,658.7275070087553,609.3847692519028,598.8266053924203,740.3691492348466
Q003361,669.0,Esarhaddon,Neo-Assyrian,Nippur,ORCC,brick,650.6247956951652,612.5831030257003,590.9819940581563,697.6773999938629
Q003362,669.0,Esarhaddon,Neo-Assyrian,Uruk,ORCC,cylinder,605.497227090615,569.0102798481701,626.8589206125931,633.6853355454421
Q003363,669.0,Esarhaddon,Neo-Assyrian,Uruk,ORCC,cylinder,640.1712250004296,589.3415133120448,593.2254861488766,660.5559435767842
Q003364,669.0,Esarhaddon,Neo-Assyrian,Uruk,ORCC,cylinder,618.9802398372485,542.836113311998,508.14733850803077,665.4789590765274
Q003365,669.0,Esarhaddon,Neo-Assyrian,Uruk,ORCC,cylinder,595.7507228673576,618.6760213512332,700.0133311824977,676.4882410092615
Q003366,669.0,Esarhaddon,Neo-Assyrian,Uruk,ORCC,brick,668.3411986941355,651.2824126158722,639.3919337197283,694.5402417574941
Q003367,669.0,Esarhaddon,Neo-Assyrian,Uruk,ORCC,brick,595.4736364890317,609.1825012540945,573.3279183651147,672.0081987271789
Q003368,669.0,Esarhaddon,Neo-Assyrian,Uruk,ORCC,brick,629.7488889023286,596.6199243240576,597.7942686924023,689.3416475857831
Q003369,669.0,Esarhaddon,Neo-Assyrian,Cave Kalm-karra,ORCC,vessel,656.6437306451073,670.8570871717526,661.6068770913516,643.5461197754487
Q003370,669.0,Esarhaddon,Neo-Assyrian,Kuyunjik (Nineveh),ORCC,lion weight,726.5135983849583,680.6125220607378,746.1517724726863,663.12892251432
Q003371,669.0,Esarhaddon,Neo-Assyrian,Assyria,ORCC,bead,659.5446245145675,680.302875156968,684.729591765209,647.662637252444
Q003372,669.0,Esarhaddon,Neo-Assyrian,Persepolis (Pārśa),ORCC,bead,655.9348815223732,723.0970684918286,688.4704450383747,660.5603579135347
Q003373,669.0,Esarhaddon,Neo-Assyrian,Sippar,ORCC,prism,635.8067695471376,656.9265147577975,609.8203431536878,655.2920089576817
Q003374,669.0,Esarhaddon,Neo-Assyrian,Sippar,ORCC,prism,655.8605029590502,638.6007551054072,681.4665778580838,661.0645343933941
Q003375,669.0,Esarhaddon,Neo-Assyrian,Babylon,ORCC,prism,684.659470725614,605.5349680470772,646.8688263257096,669.4128139804817
Q003376,669.0,Esarhaddon,Neo-Assyrian,Nineveh,ORCC,prism,674.1541044737343,603.3911772241453,665.5516955628095,660.7783303994914
Q003377,669.0,Esarhaddon,Neo-Assyrian,Kuyunjik (Nineveh),ORCC,cylinder,679.1267615574833,624.2807528815913,663.0733976960224,712.4213485061882
Q003378,669.0,Esarhaddon,Neo-Assyrian,Qalat Sherqat (Assur),ORCC,cylinder,670.4515391252324,642.3712058832565,620.2198940834185,673.0017036312374
Q003379,669.0,Esarhaddon,Neo-Assyrian,Ben Shemen,ORCC,stele,658.9438703684182,783.2191504387342,692.8287821862426,675.4473668795262
Q003380,669.0,Esarhaddon,Neo-Assyrian,el-Ghab,ORCC,stele,611.3528624274026,630.2030397235485,651.8400345570527,688.0994728007983
Q003381,669.0,Esarhaddon,Neo-Assyrian,Syria,ORCC,brick,644.4864948167477,753.0449480391559,686.2100178364484,738.5401719297821
Q003382,669.0,Esarhaddon,Neo-Assyrian,Uruk,ORCC,None,614.8867010210826,649.0727338022675,625.1025163885579,651.048070537069
Q003383,669.0,Esarhaddon,Neo-Assyrian,Kuyunjik (Nineveh),ORCC,None,645.2616289286502,613.6771794586411,659.4314270859253,688.9559585394753
Q003384,669.0,Esarhaddon,Neo-Assyrian,Kuyunjik (Nineveh),ORCC,None,729.0241937894468,704.3981439000269,665.4939098115213,707.9961921435877
Q003385,669.0,Esarhaddon,Neo-Assyrian,Kuyunjik (Nineveh),ORCC,None,673.793244370817,673.4694560967536,717.802820374925,687.3679463769007
Q003386,669.0,Esarhaddon,Neo-Assyrian,Kuyunjik (Nineveh),ORCC,None,667.7989268775385,599.6783358904211,671.989088879441,655.9863526846799
Q003387,669.0,Esarhaddon,Neo-Assyrian,Kuyunjik (Nineveh),ORCC,None,639.8527243335492,635.9027715588077,631.9976200833054,669.3604155315272
Q003388,669.0,Esarhaddon,Neo-Assyrian,Kuyunjik (Nineveh),ORCC,None,617.039876905452,649.2790627428194,639.9185928196475,693.2866962329888
Q003389,669.0,Esarhaddon,Neo-Assyrian,Kuyunjik (Nineveh),ORCC,None,585.6857637746343,672.295522888853,662.4190069945288,654.5578128369519
Q003390,669.0,Esarhaddon,Neo-Assyrian,Kuyunjik (Nineveh),ORCC,None,640.3329213301156,635.1324416519591,679.788698853739,664.0370228018983
Q003391,669.0,Esarhaddon,Neo-Assyrian,Kuyunjik (Nineveh),ORCC,None,655.5772198823701,686.9112575884371,697.9422217931086,705.9785865490144
Q003392,669.0,Esarhaddon,Neo-Assyrian,Kuyunjik (Nineveh),ORCC,None,732.6511908262819,718.0523194589812,699.447976411483,681.9735025168894
Q003394,669.0,Esarhaddon,Neo-Assyrian,Kuyunjik (Nineveh),ORCC,vessel,652.1971063981255,837.1522673886618,701.1580493423248,677.4673837851925
Q003395,669.0,Esarhaddon,Neo-Assyrian,Kuyunjik (Nineveh),ORCC,vessel,682.1486904020933,626.8286442885448,687.9479046327914,674.6280439893872
Q003396,669.0,Esarhaddon,Neo-Assyrian,Kuyunjik (Nineveh),ORCC,vessel,703.5157035002429,692.5278393351664,711.4023428966341,643.9844100445816
Q003397,669.0,Esarhaddon,Neo-Assyrian,Kuyunjik (Nineveh),ORCC,vessel,736.7034431938496,729.3244450029251,712.0940374129195,651.5655699865835
Q003398,669.0,Esarhaddon,Neo-Assyrian,Kuyunjik (Nineveh),ORCC,vessel,668.997393287758,709.2898883710392,689.2054582139104,667.5010018078176
Q003399,669.0,Esarhaddon,Neo-Assyrian,Kuyunjik (Nineveh),ORCC,vessel,663.7342592949427,880.8671468694222,695.8313638433782,681.5946294843797
Q003400,669.0,Esarhaddon,Neo-Assyrian,Kuyunjik (Nineveh),ORCC,vessel,694.2606385996611,696.7928434141842,680.2054051146507,672.9912953800496
Q003401,669.0,Esarhaddon,Neo-Assyrian,Kuyunjik (Nineveh),ORCC,vessel,678.2359710870257,644.4947338154386,692.9145987571661,662.7495790356543
Q003403,669.0,Esarhaddon,Neo-Assyrian,Assyria,ORCC,bead,662.5527300708928,783.0210885690718,738.8615417248675,682.3068480073064
Q003404,669.0,Esarhaddon,Neo-Assyrian,Qalat Sherqat (Assur),ORCC,block,642.9895911684429,715.6823188343362,716.9284983941105,694.280952600226
Q003405,669.0,Esarhaddon,Neo-Assyrian,Kuyunjik (Nineveh),ORCC,prism,658.5984702970906,694.2629667997417,678.4269283498561,657.077883800825
Q003406,669.0,Esarhaddon,Neo-Assyrian,Kuyunjik (Nineveh),ORCC,cylinder,633.9843564859802,688.6602230318887,668.8150631766039,664.1589109276042
Q003407,669.0,Esarhaddon,Neo-Assyrian,Kuyunjik (Nineveh),ORCC,None,683.2794828988062,686.4388780713678,625.6408604903285,646.4168136382239
Q003408,669.0,Esarhaddon,Neo-Assyrian,Kuyunjik (Nineveh),ORCC,None,705.6768205690552,694.0951959211467,683.58602659595,653.8527591647248
Q003409,669.0,Esarhaddon,Neo-Assyrian,Assyria,ORCC,bead,635.8405630181646,671.9477747470617,652.4684941513364,687.4500986675907
Q003410,669.0,Esarhaddon,Neo-Assyrian,Assyria,ORCC,bead,655.711937821117,659.382589933446,647.6392409552542,681.089968380774
Q003411,669.0,Esarhaddon,Neo-Assyrian,Assyria,ORCC,bead,619.0837198309729,704.0300747255085,675.5678226066868,707.788239988992
Q003412,669.0,Esarhaddon,Neo-Assyrian,Assyria,ORCC,plating,716.3125487538682,652.4659603095554,651.1831543997747,755.548882187629
Q003414,727.0,Tiglath-pileser III,Neo-Assyrian,Nimrud (Kalhu),ORCC,wall slab (with reliefs),687.3762247095093,736.9709039007784,769.2362050109806,669.120132497188
Q003415,727.0,Tiglath-pileser III,Neo-Assyrian,Nimrud (Kalhu),ORCC,wall slab (with reliefs),709.497072591225,733.1715258259914,677.7542874594673,655.868727091304
Q003416,727.0,Tiglath-pileser III,Neo-Assyrian,Nimrud (Kalhu),ORCC,wall slab (with reliefs),778.9255023296103,797.6984769042231,648.0995324378764,677.684869115973
Q003417,727.0,Tiglath-pileser III,Neo-Assyrian,Nimrud (Kalhu),ORCC,wall slab (with reliefs),685.0618006984025,738.4387168619072,650.2986257501332,630.4376076597144
Q003418,727.0,Tiglath-pileser III,Neo-Assyrian,Nimrud (Kalhu),ORCC,wall slab (with reliefs),645.2739865122116,656.6373913575258,664.3992762996354,614.8889833005485
Q003419,727.0,Tiglath-pileser III,Neo-Assyrian,Nimrud (Kalhu),ORCC,wall slab (with reliefs),648.9954994353683,640.5351195150118,632.1344789213207,698.015760486519
Q003420,727.0,Tiglath-pileser III,Neo-Assyrian,Nimrud (Kalhu),ORCC,wall slab (with reliefs),672.6568188076945,678.1380678052207,793.4352437666989,674.1728869058945
Q003421,727.0,Tiglath-pileser III,Neo-Assyrian,Nimrud (Kalhu),ORCC,wall slab (with reliefs),669.4086758564695,674.1126063206078,715.9755913709986,640.2303167947889
Q003422,727.0,Tiglath-pileser III,Neo-Assyrian,Nimrud (Kalhu),ORCC,wall slab (with reliefs),660.3228880796786,725.6864903965845,677.9303035821483,657.9491799630409
Q003423,727.0,Tiglath-pileser III,Neo-Assyrian,Nimrud (Kalhu),ORCC,wall slab (with reliefs),582.1780799515648,640.1215478198521,777.9975602381428,734.923726330555
Q003424,727.0,Tiglath-pileser III,Neo-Assyrian,Nimrud (Kalhu),ORCC,wall slab (with reliefs),665.6279645169275,671.8824210632605,663.2884756452256,643.3543417475847
Q003425,727.0,Tiglath-pileser III,Neo-Assyrian,Nimrud (Kalhu),ORCC,wall slab (with reliefs),611.1718865056256,626.9256033448023,645.1939056409913,638.553728300454
Q003426,727.0,Tiglath-pileser III,Neo-Assyrian,Nimrud (Kalhu),ORCC,wall slab (with reliefs),654.6379337607642,626.5933594277478,763.5151617070202,649.6114980904639
Q003427,727.0,Tiglath-pileser III,Neo-Assyrian,Nimrud (Kalhu),ORCC,wall slab (with reliefs),657.7576686435465,652.2373102953629,721.3198163006471,609.6798441361473
Q003428,727.0,Tiglath-pileser III,Neo-Assyrian,Nimrud (Kalhu),ORCC,wall slab (with reliefs),656.0597562760573,669.253297255443,813.2690115648485,718.7822123535568
Q003429,727.0,Tiglath-pileser III,Neo-Assyrian,Nimrud (Kalhu),ORCC,wall slab (with reliefs),690.5976024148974,659.4941161167521,722.4531542785419,662.4027413611235
Q003430,727.0,Tiglath-pileser III,Neo-Assyrian,Nimrud (Kalhu),ORCC,wall slab (with reliefs),657.0010960755329,631.0032073742136,773.9991059323694,683.0797711916105
Q003431,727.0,Tiglath-pileser III,Neo-Assyrian,Nimrud (Kalhu),ORCC,wall slab (with reliefs),661.8018713509626,660.3371059914856,747.6833802113508,653.2874129772541
Q003432,727.0,Tiglath-pileser III,Neo-Assyrian,Nimrud (Kalhu),ORCC,wall slab (with reliefs),638.8452570597419,671.4060661683624,663.9975941470183,644.0289564464439
Q003433,727.0,Tiglath-pileser III,Neo-Assyrian,Nimrud (Kalhu),ORCC,wall slab (with reliefs),673.6514058937223,755.1293529434652,763.4646836893414,613.8771346363473
Q003434,727.0,Tiglath-pileser III,Neo-Assyrian,Nimrud (Kalhu),ORCC,wall slab (with reliefs),629.9177141485529,646.0894540048716,682.9992090159338,668.6449110994863
Q003435,727.0,Tiglath-pileser III,Neo-Assyrian,Nimrud (Kalhu),ORCC,wall slab (with reliefs),670.3111545840511,676.1543258592864,615.1510720212542,702.555329990205
Q003436,727.0,Tiglath-pileser III,Neo-Assyrian,Nimrud (Kalhu),ORCC,wall slab (with reliefs),729.9812308981633,735.7533229570863,661.4122357348549,618.1983870677034
Q003437,727.0,Tiglath-pileser III,Neo-Assyrian,Nimrud (Kalhu),ORCC,wall slab (with reliefs),649.9533868824668,668.0793426838187,651.5827558711566,627.4470614362405
Q003438,727.0,Tiglath-pileser III,Neo-Assyrian,Nimrud (Kalhu),ORCC,wall slab (with reliefs),622.9313123664233,634.086839430842,609.699756861125,668.49259654572
Q003439,727.0,Tiglath-pileser III,Neo-Assyrian,Nimrud (Kalhu),ORCC,wall slab (with reliefs),660.4168024353279,649.4807928102622,714.2506765850235,624.0161929277489
Q003440,727.0,Tiglath-pileser III,Neo-Assyrian,Nimrud (Kalhu),ORCC,wall slab (with reliefs),652.2053498624664,669.7380251261163,714.5780495049339,673.4995034973076
Q003441,727.0,Tiglath-pileser III,Neo-Assyrian,Nimrud (Kalhu),ORCC,wall slab (with reliefs),658.9872582145988,705.2666988332554,722.0844783371681,701.8067704205608
Q003443,727.0,Tiglath-pileser III,Neo-Assyrian,Nimrud (Kalhu),ORCC,wall slab (with reliefs),604.7414925837018,640.5213191501712,801.6955338129352,620.0375018060656
Q003444,727.0,Tiglath-pileser III,Neo-Assyrian,Nimrud (Kalhu),ORCC,wall slab (with reliefs),666.7922090824586,661.5305738698336,755.1474654390364,640.6522262161051
Q003445,727.0,Tiglath-pileser III,Neo-Assyrian,Nimrud (Kalhu),ORCC,wall slab (with reliefs),657.8487877176321,664.2735618311315,780.860854807716,693.7491018811833
Q003448,727.0,Tiglath-pileser III,Neo-Assyrian,Luristan,ORCC,stele,602.0636590179579,645.6297982917454,732.4424834161005,643.1529206802796
Q003449,727.0,Tiglath-pileser III,Neo-Assyrian,Nimrud (Kalhu),ORCC,anthropomorphic statue,676.5404111694984,730.1754162725069,724.857488392195,677.1676050090045
Q003450,727.0,Tiglath-pileser III,Neo-Assyrian,Mila Mergi,ORCC,rock face,629.2790520321626,648.6968331800033,710.0944948874308,644.480257203017
Q003451,727.0,Tiglath-pileser III,Neo-Assyrian,Qalat Sherqat (Assur),ORCC,uncertain,732.5544749981714,724.1856390379453,705.373987386952,712.1148042366813
Q003452,727.0,Tiglath-pileser III,Neo-Assyrian,Nimrud (Kalhu),ORCC,slab,673.2559636929077,720.6553140592523,633.9756044358201,712.2263536690291
Q003453,727.0,Tiglath-pileser III,Neo-Assyrian,Nimrud (Kalhu),ORCC,slab,675.9594814593411,703.6140006518192,625.4040676911251,666.1530331020767
Q003454,727.0,Tiglath-pileser III,Neo-Assyrian,Nimrud (Kalhu),ORCC,slab,664.3085085867759,702.5581896810016,739.2720553123522,712.6419153100093
Q003455,727.0,Tiglath-pileser III,Neo-Assyrian,Nimrud (Kalhu),ORCC,slab,665.584829245354,640.4252519398154,694.8485929989263,671.8552701743758
Q003456,727.0,Tiglath-pileser III,Neo-Assyrian,Nimrud (Kalhu),ORCC,slab,633.2254259892612,675.8776589791299,915.920214478206,694.5880585893759
Q003457,727.0,Tiglath-pileser III,Neo-Assyrian,Nimrud (Kalhu),ORCC,slab,687.8565720427684,690.371070754673,719.7600112567557,664.912907575504
Q003458,727.0,Tiglath-pileser III,Neo-Assyrian,Nimrud (Kalhu),ORCC,slab,662.3982082051429,595.5016587765766,618.3080135382212,630.6826121473201
Q003459,727.0,Tiglath-pileser III,Neo-Assyrian,Nimrud (Kalhu),ORCC,None,616.8198593653949,664.5225688300518,704.8072703970388,638.5853772154038
Q003460,727.0,Tiglath-pileser III,Neo-Assyrian,Nimrud (Kalhu),ORCC,None,678.3923849460925,711.961970067931,605.7893125621515,665.8709532490805
Q003461,727.0,Tiglath-pileser III,Neo-Assyrian,Nimrud (Kalhu),ORCC,None,671.6896151189378,673.9828645841014,736.921072992888,677.1054623117835
Q003462,727.0,Tiglath-pileser III,Neo-Assyrian,Nimrud (Kalhu),ORCC,None,644.9845032265405,746.8029710438208,745.3703165521782,674.6148888462382
Q003463,727.0,Tiglath-pileser III,Neo-Assyrian,Nimrud (Kalhu),ORCC,None,666.843934196664,664.8662530631822,746.3326639048979,628.6468895870976
Q003464,727.0,Tiglath-pileser III,Neo-Assyrian,Nimrud (Kalhu),ORCC,None,671.0648126886053,720.198253804265,614.6783731072112,645.7336127051686
Q003465,727.0,Tiglath-pileser III,Neo-Assyrian,Nimrud (Kalhu),ORCC,None,689.0336764457821,725.3496395498166,619.2018170370628,684.1249355115881
Q003466,727.0,Tiglath-pileser III,Neo-Assyrian,Arslan Tash (Ḫadatu),ORCC,bull colossus,636.2608270231058,706.5998731050627,686.4056198584822,644.2940838986948
Q003467,727.0,Tiglath-pileser III,Neo-Assyrian,Qalat Sherqat (Assur),ORCC,block,648.4752261924236,697.1641000747334,699.3355813968072,653.2762842619433
Q003468,727.0,Tiglath-pileser III,Neo-Assyrian,Nimrud (Kalhu),ORCC,wall slab (with reliefs),672.3662844518487,532.447677843588,657.6948132637577,679.4049797188424
Q003469,727.0,Tiglath-pileser III,Neo-Assyrian,Nimrud (Kalhu),ORCC,wall slab (with reliefs),747.0403690320753,467.65493512989775,667.9690067491869,476.84455426533134
Q003470,727.0,Tiglath-pileser III,Neo-Assyrian,Nimrud (Kalhu),ORCC,wall slab (with reliefs),701.1564404752418,620.6926289500022,664.1219394716496,597.4538208560202
Q003471,727.0,Tiglath-pileser III,Neo-Assyrian,Qalat Sherqat (Assur),ORCC,brick,662.7510795523353,621.6680355246237,646.982694656833,690.190445224226
Q003472,727.0,Tiglath-pileser III,Neo-Assyrian,Qalat Sherqat (Assur),ORCC,brick,732.0672978471322,748.7127343977556,687.5555490693589,728.6248828831785
Q003473,727.0,Tiglath-pileser III,Neo-Assyrian,Qalat Sherqat (Assur),ORCC,brick,649.5336733685722,661.9748391966328,663.352738585565,717.8684102979865
Q003474,727.0,Tiglath-pileser III,Neo-Assyrian,Nimrud (Kalhu),ORCC,duck weight,634.0241459840762,694.91949226134,644.8068588253233,685.3991642795751
Q003475,681.0,Sennacherib,Neo-Assyrian,Kuyunjik (Nineveh),ORCC,cylinder,698.5302389427211,663.2898652054182,631.3411144492325,735.1045405578294
Q003476,681.0,Sennacherib,Neo-Assyrian,Kuyunjik (Nineveh),ORCC,cylinder,709.2190692669964,653.1530543325871,633.7656641042156,670.0126543595073
Q003477,681.0,Sennacherib,Neo-Assyrian,Kuyunjik (Nineveh),ORCC,cylinder,708.3469004643483,650.4610388938883,631.8717965364025,654.503389480133
Q003478,681.0,Sennacherib,Neo-Assyrian,Kuyunjik (Nineveh),ORCC,cylinder,698.464960543491,688.7695442759581,647.9906038275848,686.5415776734335
Q003479,681.0,Sennacherib,Neo-Assyrian,Kuyunjik (Nineveh),ORCC,cylinder,729.8467106717233,641.4785520828719,647.0657091333176,675.0011753458587
Q003481,681.0,Sennacherib,Neo-Assyrian,Kuyunjik (Nineveh),ORCC,cylinder,653.1957487884847,641.3225987180159,666.1528877281651,667.2824456839976
Q003482,681.0,Sennacherib,Neo-Assyrian,Kuyunjik (Nineveh),ORCC,cylinder,698.464960543491,688.7695442759581,647.9906038275848,708.1703596603243
Q003483,681.0,Sennacherib,Neo-Assyrian,Kuyunjik (Nineveh),ORCC,cylinder,704.3925169764443,666.7133899039418,641.6295154061555,716.4015432671403
Q003484,681.0,Sennacherib,Neo-Assyrian,Kuyunjik (Nineveh),ORCC,cylinder,664.585895290344,649.8600398196207,592.5461982832882,685.9563965830961
Q003485,681.0,Sennacherib,Neo-Assyrian,Kuyunjik (Nineveh),ORCC,cylinder,704.3912066819616,640.3046329392589,654.7656751410356,664.7427729557379
Q003486,681.0,Sennacherib,Neo-Assyrian,Kuyunjik (Nineveh),ORCC,cylinder,767.0251780321464,632.8212673812677,638.0650479307602,676.1826398191911
Q003487,681.0,Sennacherib,Neo-Assyrian,Kuyunjik (Nineveh),ORCC,cylinder,764.6040500832052,641.1532974149574,682.2468697876136,674.9560819138097
Q003489,681.0,Sennacherib,Neo-Assyrian,Kuyunjik (Nineveh),ORCC,prism,694.2453594871706,658.8036806932693,626.43991376624,701.8138154911452
Q003490,681.0,Sennacherib,Neo-Assyrian,Kuyunjik (Nineveh),ORCC,prism,707.5804428871611,688.5870753419622,655.9192649273909,702.9865570838064
Q003491,681.0,Sennacherib,Neo-Assyrian,Kuyunjik (Nineveh),ORCC,prism,705.8691598731161,692.222895837658,655.3660415546502,718.5864183372569
Q003492,681.0,Sennacherib,Neo-Assyrian,Kuyunjik (Nineveh),ORCC,prism,719.7375281721677,661.3354701145635,669.8169885500463,679.2947024657789
Q003493,681.0,Sennacherib,Neo-Assyrian,Kuyunjik (Nineveh),ORCC,prism,659.6349648888339,667.9249073723912,601.5690518731899,673.8715400759288
Q003494,681.0,Sennacherib,Neo-Assyrian,Kuyunjik (Nineveh),ORCC,prism,658.3375199571238,688.680294707128,713.3998587570712,702.7742987619356
Q003495,681.0,Sennacherib,Neo-Assyrian,Kuyunjik (Nineveh),ORCC,prism,737.2216544645833,683.0868598961405,651.0688516171388,725.2364532238248
Q003496,681.0,Sennacherib,Neo-Assyrian,Kuyunjik (Nineveh),ORCC,prism,703.1373178141162,687.3556577463644,657.5567413042905,736.6597137543632
Q003497,681.0,Sennacherib,Neo-Assyrian,Kuyunjik (Nineveh),ORCC,prism,707.0457572403767,687.0851889582615,648.9234158328544,738.2992072864289
Q003498,681.0,Sennacherib,Neo-Assyrian,Kuyunjik (Nineveh),ORCC,prism,716.5116514614524,683.2092758704985,658.5043669221411,713.6772035453323
Q003499,681.0,Sennacherib,Neo-Assyrian,Kuyunjik (Nineveh),ORCC,prism,687.2765268819298,675.0831173346688,630.0783127773675,697.3234272093149
Q003500,681.0,Sennacherib,Neo-Assyrian,Kuyunjik (Nineveh),ORCC,prism,641.8482419534396,703.4845620140153,699.1845461132289,715.7198247656127
Q003501,681.0,Sennacherib,Neo-Assyrian,Kuyunjik (Nineveh),ORCC,prism,764.9134358445104,668.3909465512406,648.5496590009076,677.8507307947076
Q003502,681.0,Sennacherib,Neo-Assyrian,Kuyunjik (Nineveh),ORCC,prism,740.5477435615367,726.8483541935988,683.7242535329708,653.4698000365112
Q003503,681.0,Sennacherib,Neo-Assyrian,Kuyunjik (Nineveh),ORCC,prism,725.7641993888033,680.4085799957561,631.6810935543342,754.1612642488426
Q003504,681.0,Sennacherib,Neo-Assyrian,Kuyunjik (Nineveh),ORCC,prism,623.0999879314741,677.6391431218906,647.4012833720172,711.333226556597
Q003505,681.0,Sennacherib,Neo-Assyrian,Kuyunjik (Nineveh),ORCC,prism,721.185320926823,627.4271684180133,665.867593245535,684.2755068688813
Q003506,681.0,Sennacherib,Neo-Assyrian,Kuyunjik (Nineveh),ORCC,prism,710.9567621813576,592.0407873455198,671.1033450006046,697.5872311948971
Q003508,681.0,Sennacherib,Neo-Assyrian,Kuyunjik (Nineveh),ORCC,None,726.6272126819335,665.1845879342495,653.8221148379656,718.2337959476409
Q003509,681.0,Sennacherib,Neo-Assyrian,Kuyunjik (Nineveh),ORCC,None,672.2312705486731,703.3814855061576,655.5966727870742,709.6276978533468
Q003510,681.0,Sennacherib,Neo-Assyrian,Kuyunjik (Nineveh),ORCC,None,644.925744349046,623.4931904266979,711.5529181011053,724.2330954446597
Q003511,681.0,Sennacherib,Neo-Assyrian,Kuyunjik (Nineveh),ORCC,None,721.7607425831226,709.4893616694173,655.2527815416515,696.8376066359363
Q003512,681.0,Sennacherib,Neo-Assyrian,Kuyunjik (Nineveh),ORCC,stele,694.8918350831062,730.4799016329393,678.673117867169,566.3414088467754
Q003513,681.0,Sennacherib,Neo-Assyrian,Kuyunjik (Nineveh),ORCC,human-headed bull colossus,671.4436805477334,691.1534079693103,608.442861908216,667.7057675119364
Q003514,681.0,Sennacherib,Neo-Assyrian,Kuyunjik (Nineveh),ORCC,human-headed lion colossus,646.6529649918887,612.3863912274386,688.4538674424107,700.5768054859395
Q003515,681.0,Sennacherib,Neo-Assyrian,Kuyunjik (Nineveh),ORCC,human-headed bull colossus,651.4959644713507,657.0005607274725,672.2706816041012,713.911258112361
Q003516,681.0,Sennacherib,Neo-Assyrian,Kuyunjik (Nineveh),ORCC,human-headed bull colossus,705.8177434772537,766.9558857210579,722.879754711352,675.6149894614719
Q003517,681.0,Sennacherib,Neo-Assyrian,Kuyunjik (Nineveh),ORCC,human-headed bull colossus,676.2792826741229,642.3343966364374,650.0728973511067,673.7833027094554
Q003518,681.0,Sennacherib,Neo-Assyrian,Kuyunjik (Nineveh),ORCC,human-headed bull colossus,717.7878428256485,740.2110899426432,660.6718297760152,664.5477217104044
Q003519,681.0,Sennacherib,Neo-Assyrian,Kuyunjik (Nineveh),ORCC,human-headed bull colossus,669.9202266984449,627.663115844556,643.4550690948912,716.8259182464911
Q003520,681.0,Sennacherib,Neo-Assyrian,Kuyunjik (Nineveh),ORCC,human-headed bull colossus,718.1533428559663,713.7970404561135,677.5042728158114,695.0199180068084
Q003521,681.0,Sennacherib,Neo-Assyrian,Kuyunjik (Nineveh),ORCC,human-headed bull colossus,651.7206839247823,584.8551665171989,711.9317913747573,683.8779275912353
Q003523,681.0,Sennacherib,Neo-Assyrian,Kuyunjik (Nineveh),ORCC,human-headed bull colossus,614.1342813610098,643.5465838501552,640.3863594614153,650.9034594183305
Q003524,681.0,Sennacherib,Neo-Assyrian,Kuyunjik (Nineveh),ORCC,human-headed bull colossus,660.8783109645078,650.5967604393588,651.7924023436074,462.5690507136441
Q003525,681.0,Sennacherib,Neo-Assyrian,Kuyunjik (Nineveh),ORCC,human-headed lion colossus,642.9039279882306,663.8501411689996,624.2818143240006,657.7879299489401
Q003526,681.0,Sennacherib,Neo-Assyrian,Kuyunjik (Nineveh),ORCC,human-headed bull colossus,699.1688425452442,659.0631885099848,643.0778432238543,685.816319162486
Q003527,681.0,Sennacherib,Neo-Assyrian,Kuyunjik (Nineveh),ORCC,wall slab (with reliefs),710.0957987662024,737.2068506295768,658.4372040658362,603.2599301379036
Q003528,681.0,Sennacherib,Neo-Assyrian,Kuyunjik (Nineveh),ORCC,wall slab (with reliefs),731.5107639778909,748.5608703899031,661.9959306611355,672.8355162644498
Q003529,681.0,Sennacherib,Neo-Assyrian,Kuyunjik (Nineveh),ORCC,wall slab (with reliefs),532.5850027244406,683.6112841449617,700.8566778612628,652.1054789670643
Q003530,681.0,Sennacherib,Neo-Assyrian,Kuyunjik (Nineveh),ORCC,wall slab (with reliefs),505.32748038095815,630.8062083750385,672.6816614288803,713.4514617097273
Q003531,681.0,Sennacherib,Neo-Assyrian,Kuyunjik (Nineveh),ORCC,wall slab (with reliefs),652.2842448010445,750.7345100668348,713.5667716163227,659.1233054696505
Q003532,681.0,Sennacherib,Neo-Assyrian,Kuyunjik (Nineveh),ORCC,wall slab (with reliefs),695.4363310345758,649.4267986428466,698.0570013695975,741.55096835111
Q003533,681.0,Sennacherib,Neo-Assyrian,Kuyunjik (Nineveh),ORCC,wall slab (with reliefs),698.4642068959888,598.9996429992871,704.9895108355906,712.2163962715899
Q003534,681.0,Sennacherib,Neo-Assyrian,Kuyunjik (Nineveh),ORCC,wall slab (with reliefs),661.3776967083613,692.6311061358953,703.8584612785864,705.8284547581388
Q003535,681.0,Sennacherib,Neo-Assyrian,Kuyunjik (Nineveh),ORCC,wall slab (with reliefs),694.0348923189326,745.5275886958519,641.8906666008727,670.4748385709959
Q003536,681.0,Sennacherib,Neo-Assyrian,Kuyunjik (Nineveh),ORCC,wall slab (with reliefs),723.9048571374817,791.2585906706511,671.0360376288307,617.2799374171528
Q003537,681.0,Sennacherib,Neo-Assyrian,Kuyunjik (Nineveh),ORCC,wall slab (with reliefs),724.845147092715,764.5796072150309,655.36604593258,609.4001519298715
Q003538,681.0,Sennacherib,Neo-Assyrian,Kuyunjik (Nineveh),ORCC,wall slab (with reliefs),686.9051124633341,719.8837758478271,642.0201926909839,626.2076909830716
Q003539,681.0,Sennacherib,Neo-Assyrian,Kuyunjik (Nineveh),ORCC,wall slab (with reliefs),509.7345051659428,574.2935778547845,702.1917850188242,641.6914779565193
Q003540,681.0,Sennacherib,Neo-Assyrian,Kuyunjik (Nineveh),ORCC,wall slab (with reliefs),643.8554216785159,727.1913423534861,628.7688064134637,684.0014399807691
Q003541,681.0,Sennacherib,Neo-Assyrian,Kuyunjik (Nineveh),ORCC,wall slab (with reliefs),833.0726754718054,761.6766476449334,687.8529946604823,658.517757162014
Q003542,681.0,Sennacherib,Neo-Assyrian,Kuyunjik (Nineveh),ORCC,wall slab (with reliefs),823.2271695496236,652.4000916329895,689.7607703726717,641.9051943082785
Q003547,681.0,Sennacherib,Neo-Assyrian,Kuyunjik (Nineveh),ORCC,wall slab (with reliefs),653.175174024415,647.8922580522022,625.9634057560139,614.9322472172208
Q003548,681.0,Sennacherib,Neo-Assyrian,Kuyunjik (Nineveh),ORCC,wall slab (with reliefs),712.5153696414391,692.768813534746,649.0121024247169,658.0070834814819
Q003549,681.0,Sennacherib,Neo-Assyrian,Kuyunjik (Nineveh),ORCC,wall slab (with reliefs),676.2652890642339,713.993417610322,621.3396645615006,652.0936326814586
Q003550,681.0,Sennacherib,Neo-Assyrian,Kuyunjik (Nineveh),ORCC,wall slab (with reliefs),719.4859032790578,731.5805047932208,661.0396542848976,600.794620864698
Q003552,681.0,Sennacherib,Neo-Assyrian,Kuyunjik (Nineveh),ORCC,threshold slab,676.2057470011705,749.0538939491472,628.2888136948853,626.0688169195988
Q003553,681.0,Sennacherib,Neo-Assyrian,Kuyunjik (Nineveh),ORCC,threshold slab,688.6859960278617,751.7991759075139,629.0417703167066,635.1687435550781
Q003554,681.0,Sennacherib,Neo-Assyrian,Kuyunjik (Nineveh),ORCC,human-headed lion colossus,718.9593218330504,733.3709293042032,676.7503615390387,657.5663813942914
Q003556,681.0,Sennacherib,Neo-Assyrian,Kuyunjik (Nineveh),ORCC,slab,726.8195615634245,818.88583533975,650.7580087098966,644.3610639710961
Q003557,681.0,Sennacherib,Neo-Assyrian,Kuyunjik (Nineveh),ORCC,slab,678.2651709123531,807.8226845764234,653.5475627852559,651.3491586637911
Q003558,681.0,Sennacherib,Neo-Assyrian,Kuyunjik (Nineveh),ORCC,slab,742.0041095710814,713.1892105791616,652.3086303741466,655.2305862349881
Q003559,681.0,Sennacherib,Neo-Assyrian,Kuyunjik (Nineveh),ORCC,slab,724.6699695459992,703.1706728872691,639.228153374357,625.6479824943585
Q003560,681.0,Sennacherib,Neo-Assyrian,Kuyunjik (Nineveh),ORCC,door socket,728.3301003084256,726.6134153506486,654.0594674462203,640.6255733298834
Q003561,681.0,Sennacherib,Neo-Assyrian,Kuyunjik (Nineveh),ORCC,door socket,686.0193512525063,645.9815594388734,631.4138335228904,621.2723982132197
Q003562,681.0,Sennacherib,Neo-Assyrian,Kuyunjik (Nineveh),ORCC,brick,757.3028481180471,661.0247870570803,646.1684873326145,628.545122387905
Q003563,681.0,Sennacherib,Neo-Assyrian,Kuyunjik (Nineveh),ORCC,brick,691.1459446633797,642.2266774936162,643.5155372011873,626.4732258753974
Q003564,681.0,Sennacherib,Neo-Assyrian,Kuyunjik (Nineveh),ORCC,brick,663.269302410584,731.7099466749233,680.0726015845031,628.7635530908333
Q003565,681.0,Sennacherib,Neo-Assyrian,Kuyunjik (Nineveh),ORCC,brick,670.1755508866044,780.4711224795129,618.1994928332387,640.4940293092935
Q003566,681.0,Sennacherib,Neo-Assyrian,Kuyunjik (Nineveh),ORCC,brick,641.413182995945,720.288863956233,620.4090792822205,632.7622036928246
Q003567,681.0,Sennacherib,Neo-Assyrian,Kuyunjik (Nineveh),ORCC,brick,532.0073900755258,579.4456630547661,616.3315459506246,625.4190037543691
Q003568,681.0,Sennacherib,Neo-Assyrian,Kuyunjik (Nineveh),ORCC,brick,652.0909403919902,789.4739875273148,656.9198822278715,646.504901956315
Q003569,681.0,Sennacherib,Neo-Assyrian,Kuyunjik (Nineveh),ORCC,brick,752.5945315017651,747.0995355318397,684.3109955658148,664.4729869022515
Q003570,681.0,Sennacherib,Neo-Assyrian,Kuyunjik (Nineveh),ORCC,brick,787.0554706173122,771.5084878685408,667.3258352840668,680.5128570484372
Q003571,681.0,Sennacherib,Neo-Assyrian,Kuyunjik (Nineveh),ORCC,brick,722.768942669897,738.8516193494669,654.8417338783396,674.7527785314522
Q003572,681.0,Sennacherib,Neo-Assyrian,Kuyunjik (Nineveh),ORCC,brick,730.2560777637325,733.5016564252027,628.7120459621125,711.4810526249524
Q003573,681.0,Sennacherib,Neo-Assyrian,Kuyunjik (Nineveh),ORCC,brick,770.8559056662264,662.3734835179399,610.5658893751735,565.1487127200788
Q003574,681.0,Sennacherib,Neo-Assyrian,Kuyunjik (Nineveh),ORCC,brick,754.6929119213675,685.4634198452425,621.7083894337954,554.6491541930465
Q003576,681.0,Sennacherib,Neo-Assyrian,Kuyunjik (Nineveh),ORCC,bead,748.5736075887403,679.1006589731372,649.312140031653,609.81539200461
Q003577,681.0,Sennacherib,Neo-Assyrian,Kuyunjik (Nineveh),ORCC,bead,717.6117705219253,610.1179258059778,678.7690115117484,666.7217690614758
Q003578,681.0,Sennacherib,Neo-Assyrian,Kuyunjik (Nineveh),ORCC,bead,695.4549884310876,647.2117604243201,627.6653401601693,585.6046840938773
Q003579,681.0,Sennacherib,Neo-Assyrian,Kuyunjik (Nineveh),ORCC,bead,747.4167677471034,677.0544033145902,690.1145577506701,663.7047097691245
Q003608,727.0,Tiglath-pileser III,Neo-Assyrian,Nimrud (Kalhu),ORCC,duck weight,631.4276030824168,625.8285224059899,634.7386347994388,662.6871199080133
Q003609,727.0,Tiglath-pileser III,Neo-Assyrian,Nimrud (Kalhu),ORCC,lion weight,678.2948278345842,652.3746065602143,633.6356745809712,663.7134847675858
Q003610,727.0,Tiglath-pileser III,Neo-Assyrian,Qalat Sherqat (Assur),ORCC,vessel,541.9071321394367,651.015798674484,644.0680112126886,709.4986163352032
Q003611,727.0,Tiglath-pileser III,Neo-Assyrian,Qalat Sherqat (Assur),ORCC,enameled tile,592.4948147162553,671.3659314986409,632.9509191257387,680.1089927570682
Q003612,727.0,Tiglath-pileser III,Neo-Assyrian,Qalat Sherqat (Assur),ORCC,enameled tile,604.4149116001613,654.9396618686479,639.9480720929573,684.3704693914278
Q003613,727.0,Tiglath-pileser III,Neo-Assyrian,Qalat Sherqat (Assur),ORCC,bead,684.9981491621521,694.8311334389585,629.1669898360783,688.9662639562447
Q003617,727.0,Tiglath-pileser III,Neo-Assyrian,Arslan Tash (Ḫadatu),ORCC,lion colossus,545.6845732547657,604.2007014859845,741.3946283951825,578.080198043004
Q003618,727.0,Tiglath-pileser III,Neo-Assyrian,Tell Tayinat (Unqi),ORCC,disk,566.3845365164352,674.1222237742231,708.6420389565685,693.1443223519556
Q003619,727.0,Tiglath-pileser III,Neo-Assyrian,Nimrud (Kalhu),ORCC,None,603.5318373023131,675.1203221753076,718.4698854807252,599.5007699742993
Q003620,727.0,Tiglath-pileser III,Neo-Assyrian,Nimrud (Kalhu),ORCC,vessel,676.1203903286594,687.5286659610629,625.1744095616234,726.9771891915469
Q003621,727.0,Tiglath-pileser III,Neo-Assyrian,Nimrud (Kalhu),ORCC,vessel,659.0254050453066,692.6033186305986,628.4897200452723,682.8967481932855
Q003622,722.0,Shalmaneser V,Neo-Assyrian,Nimrud (Kalhu),ORCC,lion weight,671.1288254338897,572.0811089404858,630.5302527031542,514.1236385646332
Q003623,722.0,Shalmaneser V,Neo-Assyrian,Nimrud (Kalhu),ORCC,lion weight,622.1555028512167,591.2252754816586,625.5479045629729,509.60201187454936
Q003624,722.0,Shalmaneser V,Neo-Assyrian,Nimrud (Kalhu),ORCC,lion weight,662.0125627988751,577.9559545700852,625.840576405532,532.5542381394391
Q003625,722.0,Shalmaneser V,Neo-Assyrian,Nimrud (Kalhu),ORCC,lion weight,662.0125627988751,577.9559545700852,625.840576405532,532.5542381394391
Q003626,722.0,Shalmaneser V,Neo-Assyrian,Nimrud (Kalhu),ORCC,lion weight,639.1049367885861,608.4866282622957,622.8616766031037,531.4777261846649
Q003627,722.0,Shalmaneser V,Neo-Assyrian,Nimrud (Kalhu),ORCC,lion weight,662.0125627988751,577.9559545700852,625.840576405532,532.5542381394391
Q003628,722.0,Shalmaneser V,Neo-Assyrian,Nimrud (Kalhu),ORCC,lion weight,579.862238722427,524.8243987868702,583.0878594240484,517.792193439145
Q003629,722.0,Shalmaneser V,Neo-Assyrian,Nimrud (Kalhu),ORCC,lion weight,686.030592605947,611.6149123210823,626.6366307331449,552.9899675388762
Q003630,722.0,Shalmaneser V,Neo-Assyrian,Nimrud (Kalhu),ORCC,lion weight,686.030592605947,611.6149123210823,626.6366307331449,552.9899675388762
Q003634,722.0,Shalmaneser V,Neo-Assyrian,Assyria,ORCC,oval,639.1049367885861,608.4866282622957,622.8616766031037,531.4777261846649
Q003635,722.0,Shalmaneser V,Neo-Assyrian,Nimrud (Kalhu),ORCC,vessel,629.4800466533799,687.2285386562771,626.535237299735,582.760100332755
Q003636,722.0,Shalmaneser V,Neo-Assyrian,Nimrud (Kalhu),ORCC,vessel,565.8593614925562,699.8891193405634,643.7648004378948,604.0275826045149
Q003700,631.0,Ashurbanipal,Neo-Assyrian,Kuyunjik (Nineveh),ORCC,prism,629.7080104521335,672.9459907155956,724.2849462721817,661.9792823263186
Q003701,631.0,Ashurbanipal,Neo-Assyrian,Kuyunjik (Nineveh),ORCC,prism,661.3899816205251,663.0218771027738,669.6118591644628,694.4285760868996
Q003702,631.0,Ashurbanipal,Neo-Assyrian,Kuyunjik (Nineveh),ORCC,prism,675.641322776909,722.3656835441905,615.9807633228285,686.4301826489398
Q003703,631.0,Ashurbanipal,Neo-Assyrian,Kuyunjik (Nineveh),ORCC,prism,672.1181834496446,723.6353452579199,616.6511707903193,686.455841961182
Q003704,631.0,Ashurbanipal,Neo-Assyrian,Kuyunjik (Nineveh),ORCC,prism,651.4331794245442,732.9536498598059,636.3402165892852,665.0298780051203
Q003705,631.0,Ashurbanipal,Neo-Assyrian,Kuyunjik (Nineveh),ORCC,prism,625.4781011331876,687.3397469770757,708.2673933659013,678.2234614118993
Q003706,631.0,Ashurbanipal,Neo-Assyrian,Nimrud (Kalhu),ORCC,prism,658.9654282880081,657.8754791751425,611.1454103153802,680.8973902974624
Q003707,631.0,Ashurbanipal,Neo-Assyrian,Kuyunjik (Nineveh),ORCC,prism,664.106376716237,678.8435953713247,692.939540407519,692.0171922013033
Q003708,631.0,Ashurbanipal,Neo-Assyrian,Kuyunjik (Nineveh),ORCC,"prism, vertical cylinder",640.2157601664187,690.1049774809335,614.1135931813523,668.0587026556091
Q003709,631.0,Ashurbanipal,Neo-Assyrian,Kuyunjik (Nineveh),ORCC,prism,624.5601314999205,722.4861086042507,606.5448719930276,684.3534734634648
Q003710,631.0,Ashurbanipal,Neo-Assyrian,Kuyunjik (Nineveh),ORCC,prism,639.8500615198163,682.6751374254819,627.9823955926502,684.5317291341582
Q003711,631.0,Ashurbanipal,Neo-Assyrian,Babylon (Bābili),ORCC,prism,590.9109065056996,615.4450554071575,592.4373451519607,669.7838812791331
Q003712,631.0,Ashurbanipal,Neo-Assyrian,Kuyunjik (Nineveh),ORCC,prism,650.9822551974953,692.5132834285687,697.4986110193648,672.4345230942297
Q003713,631.0,Ashurbanipal,Neo-Assyrian,Kuyunjik (Nineveh),ORCC,prism,651.6526023634392,720.6882130061779,803.2642352461294,675.420094723606
Q003714,631.0,Ashurbanipal,Neo-Assyrian,Kuyunjik (Nineveh),ORCC,prism,654.2350373847088,654.3537012739968,679.539230622665,736.9350363727067
Q003715,631.0,Ashurbanipal,Neo-Assyrian,Kuyunjik (Nineveh),ORCC,prism,700.4027688014098,657.070181884659,676.895627636081,698.7627007885526
Q003716,631.0,Ashurbanipal,Neo-Assyrian,Kuyunjik (Nineveh),ORCC,prism,662.5982970808864,716.5777429456471,657.3069354854774,685.080525477604
Q003717,631.0,Ashurbanipal,Neo-Assyrian,Kuyunjik (Nineveh),ORCC,prism,612.2012142106144,709.7025432636856,677.2309412811375,693.9223989028916
Q003718,631.0,Ashurbanipal,Neo-Assyrian,Kuyunjik (Nineveh),ORCC,prism,676.1159917191956,625.9958896978105,646.6483081338811,608.7566988892683
Q003719,631.0,Ashurbanipal,Neo-Assyrian,Kuyunjik (Nineveh),ORCC,prism,661.2404433949873,684.9425885624878,707.0087634521464,683.6356850686318
Q003720,631.0,Ashurbanipal,Neo-Assyrian,Kuyunjik (Nineveh),ORCC,cylinder,623.4311299428405,698.6712832566018,696.1070498348963,751.0980106041236
Q003721,631.0,Ashurbanipal,Neo-Assyrian,Kuyunjik (Nineveh),ORCC,slab,569.0390130327469,616.5507318426883,646.7726113344806,581.4550065864883
Q003722,631.0,Ashurbanipal,Neo-Assyrian,Kuyunjik (Nineveh),ORCC,slab,690.5017460609807,675.418720418951,718.9930884365418,709.3050867061463
Q003723,631.0,Ashurbanipal,Neo-Assyrian,Kuyunjik (Nineveh),ORCC,slab (sculptured),702.1694413036374,812.6467497971882,762.6501586059223,739.701329831372
Q003724,631.0,Ashurbanipal,Neo-Assyrian,Kuyunjik (Nineveh),ORCC,slab (sculptured),567.5448758890201,743.9641875705788,694.4944654030676,654.515379368239
Q003725,631.0,Ashurbanipal,Neo-Assyrian,Kuyunjik (Nineveh),ORCC,slab (sculptured),590.5347418662277,740.5309749690259,641.8341122107443,680.6048457745369
Q003726,631.0,Ashurbanipal,Neo-Assyrian,Kuyunjik (Nineveh),ORCC,slab (sculptured),629.3197707819309,715.1918345979503,631.5523894812885,654.4453934448329
Q003727,631.0,Ashurbanipal,Neo-Assyrian,Kuyunjik (Nineveh),ORCC,slab (sculptured),588.9577357996689,649.7381446191365,610.3186390796217,651.7062415566262
Q003728,631.0,Ashurbanipal,Neo-Assyrian,Kuyunjik (Nineveh),ORCC,slab (sculptured),684.8193209991045,694.7164504260518,669.8369581940309,639.5112275361362
Q003730,631.0,Ashurbanipal,Neo-Assyrian,Kuyunjik (Nineveh),ORCC,slab (sculptured),756.2073822392995,777.2238345417102,752.4537580218624,697.3404000787795
Q003731,631.0,Ashurbanipal,Neo-Assyrian,Kuyunjik (Nineveh),ORCC,slab (sculptured),724.6581584345411,661.8044922869224,675.163248692269,639.6319046348124
Q003732,631.0,Ashurbanipal,Neo-Assyrian,Kuyunjik (Nineveh),ORCC,slab (sculptured),655.5718395882212,704.7214777940702,731.7518470063587,659.8706020914177
Q003733,631.0,Ashurbanipal,Neo-Assyrian,Kuyunjik (Nineveh),ORCC,slab (sculptured),763.3344693004693,604.397443771394,713.6523444285868,565.8265869144155
Q003734,631.0,Ashurbanipal,Neo-Assyrian,Kuyunjik (Nineveh),ORCC,slab (sculptured),666.9061942288974,756.2675780210019,686.802438906977,673.8689984710861
Q003735,631.0,Ashurbanipal,Neo-Assyrian,Kuyunjik (Nineveh),ORCC,slab (sculptured),582.6400770944656,669.8678725686024,691.8281878744828,673.7546086005676
Q003736,631.0,Ashurbanipal,Neo-Assyrian,Kuyunjik (Nineveh),ORCC,slab (sculptured),809.6010542215755,529.777356978198,698.2479922790961,700.2996349855487
Q003737,631.0,Ashurbanipal,Neo-Assyrian,Kuyunjik (Nineveh),ORCC,slab (sculptured),559.8866303610376,706.9163450606494,687.3389564535239,660.7903849576232
Q003738,631.0,Ashurbanipal,Neo-Assyrian,Kuyunjik (Nineveh),ORCC,slab (sculptured),718.4890339340492,626.3127554185443,731.1860859163215,692.1370270477177
Q003739,631.0,Ashurbanipal,Neo-Assyrian,Kuyunjik (Nineveh),ORCC,slab (sculptured),747.0967244058967,667.1008375238207,745.1660212016363,696.3860240743081
Q003740,631.0,Ashurbanipal,Neo-Assyrian,Kuyunjik (Nineveh),ORCC,slab (sculptured),720.0820504085926,694.7991531853344,730.2424155281929,679.2851353530702
Q003741,631.0,Ashurbanipal,Neo-Assyrian,Kuyunjik (Nineveh),ORCC,slab (sculptured),763.5037830949398,647.8391520436509,712.8537318194371,709.0020414653372
Q003742,631.0,Ashurbanipal,Neo-Assyrian,Kuyunjik (Nineveh),ORCC,slab (sculptured),670.2300625292404,772.2730372369945,799.6806070325134,705.2039587254421
Q003743,631.0,Ashurbanipal,Neo-Assyrian,Kuyunjik (Nineveh),ORCC,slab (sculptured),723.1985020113272,727.6067632880687,717.1137852586821,694.958993024686
Q003744,631.0,Ashurbanipal,Neo-Assyrian,Kuyunjik (Nineveh),ORCC,slab (sculptured),742.1566297025244,791.8499289542261,692.4760755439212,676.0880070779938
Q003745,631.0,Ashurbanipal,Neo-Assyrian,Kuyunjik (Nineveh),ORCC,slab (sculptured),590.0819610700595,789.5176683705592,727.9567958655223,679.1415956201802
Q003746,631.0,Ashurbanipal,Neo-Assyrian,Kuyunjik (Nineveh),ORCC,slab (sculptured),619.8815779037403,799.0372720176779,770.6958978182506,681.9145809790575
Q003748,631.0,Ashurbanipal,Neo-Assyrian,Kuyunjik (Nineveh),ORCC,slab (sculptured),730.6431167664018,754.2680584837462,704.7888215908015,718.8257090528548
Q003749,631.0,Ashurbanipal,Neo-Assyrian,Kuyunjik (Nineveh),ORCC,slab (sculptured),745.7470533024598,741.1742802681981,757.1372668399397,749.7885477350915
Q003750,631.0,Ashurbanipal,Neo-Assyrian,Kuyunjik (Nineveh),ORCC,slab (sculptured),603.8670399527563,759.1821580173777,755.3280457164271,668.4234555318372
Q003751,631.0,Ashurbanipal,Neo-Assyrian,Kuyunjik (Nineveh),ORCC,slab (sculptured),685.680895027343,716.3077904487008,693.9989325829627,724.3675562522039
Q003753,631.0,Ashurbanipal,Neo-Assyrian,Kuyunjik (Nineveh),ORCC,slab (sculptured),666.818959231102,705.5058112048578,685.4151420292975,618.7224496726053
Q003754,631.0,Ashurbanipal,Neo-Assyrian,Kuyunjik (Nineveh),ORCC,slab (sculptured),575.3047751319821,726.8155606136808,758.9771853866474,671.486475653407
Q003755,631.0,Ashurbanipal,Neo-Assyrian,Kuyunjik (Nineveh),ORCC,slab (sculptured),615.0392980297763,761.2653993218548,754.304649340455,696.0025944616868
Q003756,631.0,Ashurbanipal,Neo-Assyrian,Kuyunjik (Nineveh),ORCC,slab (sculptured),621.8891671333673,761.2229211678164,720.4505447422819,722.8093547597164
Q003757,631.0,Ashurbanipal,Neo-Assyrian,Kuyunjik (Nineveh),ORCC,slab (sculptured),721.3165940445997,787.4740277460488,730.6730936731138,711.7580381401394
Q003758,631.0,Ashurbanipal,Neo-Assyrian,Kuyunjik (Nineveh),ORCC,paving stone,522.4918417172883,623.7354768039864,634.4468071453531,635.6189155972216
Q003759,631.0,Ashurbanipal,Neo-Assyrian,Kuyunjik (Nineveh),ORCC,paving stone,610.0995374719334,674.8986399981155,668.5720700821191,629.1699526270497
Q003760,631.0,Ashurbanipal,Neo-Assyrian,Qalat Sherqat (Assur),ORCC,None,639.8207425105898,642.3134400931108,570.9997037433376,652.9787639600679
Q003761,631.0,Ashurbanipal,Neo-Assyrian,Kuyunjik (Nineveh),ORCC,None,595.7977829619663,625.9020021218375,619.4897641987928,640.7971329080543
Q003762,631.0,Ashurbanipal,Neo-Assyrian,Kuyunjik (Nineveh),ORCC,anthropomorphic statue,630.298682438458,692.2678740641531,718.5468080740286,586.1965824022996
Q003763,631.0,Ashurbanipal,Neo-Assyrian,Kuyunjik (Nineveh),ORCC,"human-headed bull colossus, slab",651.1156445388114,633.7219971624022,665.3459047162411,635.1390309819075
Q003764,631.0,Ashurbanipal,Neo-Assyrian,Kuyunjik (Nineveh),ORCC,seal (impression),624.2607975636477,707.864122941983,691.9703644090672,655.0624317103876
Q003765,631.0,Ashurbanipal,Neo-Assyrian,Kuyunjik (Nineveh),ORCC,seal (impression),647.260503652327,721.2117526968138,705.8391517561191,640.5057377628461
Q003766,631.0,Ashurbanipal,Neo-Assyrian,Kuyunjik (Nineveh),ORCC,seal (impression),624.2607975636477,707.864122941983,692.0026963223536,655.0624317103876
Q003767,631.0,Ashurbanipal,Neo-Assyrian,Kuyunjik (Nineveh),ORCC,vessel,652.88983570886,746.0823061450683,709.3943840275966,668.5247886964231
Q003768,631.0,Ashurbanipal,Neo-Assyrian,Kuyunjik (Nineveh),ORCC,vessel,649.6597050074778,690.1481596449577,656.2693187891541,652.9564377870119
Q003769,631.0,Ashurbanipal,Neo-Assyrian,Kuyunjik (Nineveh),ORCC,vessel,641.3235948641207,665.7541947544538,642.1487111970696,661.707559980379
Q003770,631.0,Ashurbanipal,Neo-Assyrian,Kuyunjik (Nineveh),ORCC,glazed brick,782.035564746654,608.1241672819094,721.4717463557133,719.2877126944318
Q003771,631.0,Ashurbanipal,Neo-Assyrian,Kuyunjik (Nineveh),ORCC,None,664.7080105237682,637.141903224557,686.2500586522009,663.8136956615417
Q003772,631.0,Ashurbanipal,Neo-Assyrian,Kuyunjik (Nineveh),ORCC,None,645.1258791780796,661.0211765026082,739.2055657643417,700.00754238667
Q003773,631.0,Ashurbanipal,Neo-Assyrian,Kuyunjik (Nineveh),ORCC,None,672.9961184235352,718.6165458030327,745.9110319750521,658.3422545616756
Q003774,631.0,Ashurbanipal,Neo-Assyrian,Kuyunjik (Nineveh),ORCC,None,598.5220593574932,644.6529512041626,685.6635805331912,668.5017563650032
Q003775,631.0,Ashurbanipal,Neo-Assyrian,Kuyunjik (Nineveh),ORCC,None,682.4863479908394,740.9738408388919,730.4953461169423,647.3083532479286
Q003776,631.0,Ashurbanipal,Neo-Assyrian,Kuyunjik (Nineveh),ORCC,None,647.6294896078047,652.5191921654432,660.8616697800911,682.5594551645144
Q003777,631.0,Ashurbanipal,Neo-Assyrian,Kuyunjik (Nineveh),ORCC,None,720.7432224474674,683.7237983433093,715.0463820600951,709.1788699502218
Q003778,631.0,Ashurbanipal,Neo-Assyrian,Kuyunjik (Nineveh),ORCC,None,683.4373885465178,598.5163379675117,695.9251299746634,716.7365154595379
Q003779,631.0,Ashurbanipal,Neo-Assyrian,Kuyunjik (Nineveh),ORCC,None,709.1914305782889,646.9047067694472,671.9194588782769,698.5126825607291
Q003780,631.0,Ashurbanipal,Neo-Assyrian,Kuyunjik (Nineveh),ORCC,None,730.0730558989992,695.9400475833253,660.1885698127452,719.540704655148
Q003781,631.0,Ashurbanipal,Neo-Assyrian,Kuyunjik (Nineveh),ORCC,None,698.8104885294064,689.8312235597581,708.8742648940794,750.2672553963992
Q003782,631.0,Ashurbanipal,Neo-Assyrian,Kuyunjik (Nineveh),ORCC,None,712.0368221767953,654.635133445092,731.3450140892071,659.1046249387208
Q003783,631.0,Ashurbanipal,Neo-Assyrian,Kuyunjik (Nineveh),ORCC,None,594.7154894962147,634.9134334643674,707.0429698567373,723.3323673370129
Q003784,631.0,Ashurbanipal,Neo-Assyrian,Kuyunjik (Nineveh),ORCC,None,687.996814393791,707.3818566494054,712.17158455911,689.5766334284963
Q003785,631.0,Ashurbanipal,Neo-Assyrian,Kuyunjik (Nineveh),ORCC,None,634.9563391098532,651.0200558877118,706.9230265006341,707.275488690912
Q003786,631.0,Ashurbanipal,Neo-Assyrian,Kuyunjik (Nineveh),ORCC,None,675.2131315080476,692.4959904949521,705.7398884708642,678.7189746874074
Q003787,631.0,Ashurbanipal,Neo-Assyrian,Kuyunjik (Nineveh),ORCC,None,595.3239294689918,614.6479537915552,657.9244238449182,659.6131209916671
Q003788,631.0,Ashurbanipal,Neo-Assyrian,Kuyunjik (Nineveh),ORCC,None,600.0371951934351,634.8796623572075,683.4048192662251,683.4070804617769
Q003789,631.0,Ashurbanipal,Neo-Assyrian,Kuyunjik (Nineveh),ORCC,None,674.1364707610206,671.2092853617632,748.7611128261624,688.239562538714
Q003790,631.0,Ashurbanipal,Neo-Assyrian,Kuyunjik (Nineveh),ORCC,None,672.3449695990209,640.62100114025,645.134326711142,707.8599840204449
Q003791,631.0,Ashurbanipal,Neo-Assyrian,Kuyunjik (Nineveh),ORCC,None,709.2240068931444,697.0112233385013,703.172199685473,701.4147466284091
Q003792,631.0,Ashurbanipal,Neo-Assyrian,Kuyunjik (Nineveh),ORCC,None,674.0641316086624,689.7144371110003,604.3489804576841,679.3071355792165
Q003793,631.0,Ashurbanipal,Neo-Assyrian,Kuyunjik (Nineveh),ORCC,None,673.2716016182153,699.6195729754405,653.917598843343,742.812066300238
Q003794,631.0,Ashurbanipal,Neo-Assyrian,Kuyunjik (Nineveh),ORCC,None,644.0612497840069,688.7322001962872,744.1303633433293,689.6077551223865
Q003795,631.0,Ashurbanipal,Neo-Assyrian,Kuyunjik (Nineveh),ORCC,None,628.3448482137126,678.3381873410922,625.3766559001593,676.8898642088275
Q003796,631.0,Ashurbanipal,Neo-Assyrian,Kuyunjik (Nineveh),ORCC,None,535.8290398159805,621.0210298909013,692.6836807614849,643.2323966033886
Q003797,631.0,Ashurbanipal,Neo-Assyrian,Kuyunjik (Nineveh),ORCC,None,604.5624035688326,579.9659543934937,694.7121317084866,648.8405196660256
Q003798,631.0,Ashurbanipal,Neo-Assyrian,Kuyunjik (Nineveh),ORCC,None,659.0819947471116,631.9937155483417,694.3039925643308,617.7962088835817
Q003799,631.0,Ashurbanipal,Neo-Assyrian,Babylon,ORCC,cylinder,692.8458202162287,726.7450297767599,714.9283147365254,668.9843222479489
Q003800,631.0,Ashurbanipal,Neo-Assyrian,Babylon,ORCC,stele,762.9188987442171,733.6171106573385,778.8544678540432,716.8153293331344
Q003801,631.0,Ashurbanipal,Neo-Assyrian,Babylon,ORCC,cylinder,735.6137092672774,763.7417941479658,789.9048521526202,692.7696764393097
Q003802,631.0,Ashurbanipal,Neo-Assyrian,Babylon,ORCC,cylinder,694.2590520648995,748.0162090447875,695.3614776036842,679.1558720308656
Q003803,631.0,Ashurbanipal,Neo-Assyrian,Babylon,ORCC,cylinder,678.99466207088,745.9356240645836,683.0665929055247,612.4623780733466
Q003804,631.0,Ashurbanipal,Neo-Assyrian,Babylon,ORCC,stele,677.6913891327033,674.7567567346467,712.392722105322,608.7467447800452
Q003805,631.0,Ashurbanipal,Neo-Assyrian,Babylon,ORCC,brick,620.5611035517973,650.4203538844978,575.8089289980024,675.1493030281774
Q003806,631.0,Ashurbanipal,Neo-Assyrian,Babylon,ORCC,brick,686.3309321761927,676.2385024728081,664.1998288111315,675.3893967111142
Q003807,631.0,Ashurbanipal,Neo-Assyrian,Babylon,ORCC,brick,682.4914284461862,673.2726912797992,627.7846298157692,649.9923100559539
Q003808,631.0,Ashurbanipal,Neo-Assyrian,Babylon,ORCC,brick,678.9302353030065,690.1817445349116,673.9765963151438,634.8940197357462
Q003809,631.0,Ashurbanipal,Neo-Assyrian,Babylon,ORCC,brick,737.7106150344572,685.2255026990218,707.5070456079213,705.6992969357417
Q003810,631.0,Ashurbanipal,Neo-Assyrian,Sippar,ORCC,cylinder,668.9894546938741,701.5802084779434,743.7820935632234,612.5824861402324
Q003811,631.0,Ashurbanipal,Neo-Assyrian,Borsippa,ORCC,stele,663.897972729124,707.3943048670359,674.043242813108,630.155532237184
Q003812,631.0,Ashurbanipal,Neo-Assyrian,Borsippa,ORCC,cylinder,682.5361476936059,740.8472227876907,706.5503080463138,584.9003999871189
Q003813,631.0,Ashurbanipal,Neo-Assyrian,Nippur,ORCC,cylinder,731.4032453574506,680.2699274813056,743.2415238599788,639.2173904273212
Q003814,631.0,Ashurbanipal,Neo-Assyrian,Nippur,ORCC,brick,691.4548372157203,691.1370233492432,675.1199009614899,694.470563905491
Q003815,631.0,Ashurbanipal,Neo-Assyrian,Nippur,ORCC,brick,638.4186480457823,624.0378581474453,632.8435797355439,657.7866205751453
Q003816,631.0,Ashurbanipal,Neo-Assyrian,Nippur,ORCC,brick,674.5851898558896,662.1920371438919,672.165989836995,671.7303932006212
Q003817,631.0,Ashurbanipal,Neo-Assyrian,Uruk,ORCC,brick,648.1486428876003,654.9747071998096,626.7443122891632,670.7444531514241
Q003818,631.0,Ashurbanipal,Neo-Assyrian,Nineveh,ORCC,cylinder,710.1492905608766,672.0484721263626,707.4101716251353,681.1828101896584
Q003819,631.0,Ashurbanipal,Neo-Assyrian,Dur-Kurigalzu,ORCC,brick,622.6741654143656,699.802425126751,676.9749628879448,697.0043133376636
Q003820,631.0,Ashurbanipal,Neo-Assyrian,Me-Turran,ORCC,brick,699.569931866375,664.3226301852035,673.708441156655,696.9990427188552
Q003821,631.0,Ashurbanipal,Neo-Assyrian,Babylonia,ORCC,None,656.4516772048584,679.3591310018729,641.7100632815461,679.6957218049866
Q003822,631.0,Ashurbanipal,Neo-Assyrian,Kuyunjik (Nineveh),ORCC,None,659.4228025974796,609.1054606810123,696.9065078010267,674.6593471009501
Q003823,631.0,Ashurbanipal,Neo-Assyrian,Kuyunjik (Nineveh),ORCC,None,688.8439804485895,767.5159974554458,727.6394176439261,706.022307574814
Q003824,631.0,Ashurbanipal,Neo-Assyrian,Kuyunjik (Nineveh),ORCC,None,691.2465928746949,672.0026386577957,725.4995551829963,679.9762661543788
Q003825,631.0,Ashurbanipal,Neo-Assyrian,Kuyunjik (Nineveh),ORCC,None,698.3755601042983,672.1497733702457,693.1266443453471,719.535529186399
Q003826,631.0,Ashurbanipal,Neo-Assyrian,Kuyunjik (Nineveh),ORCC,None,605.1024457382453,641.4995525187921,673.8848625981254,661.4939246849754
Q003827,631.0,Ashurbanipal,Neo-Assyrian,Kuyunjik (Nineveh),ORCC,None,721.630108176546,618.4708735936317,752.3437142772766,715.0116043715867
Q003828,631.0,Ashurbanipal,Neo-Assyrian,Kuyunjik (Nineveh),ORCC,None,646.7508643113148,581.3592752727043,666.553135172489,659.2717773521194
Q003829,631.0,Ashurbanipal,Neo-Assyrian,Kuyunjik (Nineveh),ORCC,None,670.676765459173,681.9749618318341,668.5349842773531,699.3309784241713
Q003840,631.0,Ashurbanipal,Neo-Assyrian,Ur,ORCC,door socket,713.9786310012764,750.702325361088,775.0613671766225,630.2336134134039
Q003841,631.0,Ashurbanipal,Neo-Assyrian,Ur,ORCC,cone,652.1276148452838,688.8592995708168,688.7983569977551,678.3805446093813
Q003845,631.0,Ashurbanipal,Neo-Assyrian,Ur,ORCC,brick,728.0693983044874,695.5006333886066,697.0554871448979,662.4313753060914
Q003846,631.0,Ashurbanipal,Neo-Assyrian,Ur,ORCC,brick,549.8556810672434,590.147721224221,514.6136213811276,636.2868017814329
Q003854,631.0,Ashurbanipal,Neo-Assyrian,Ur,ORCC,disk,728.065523962845,701.7097217617658,703.3593941291264,663.2436034812381
Q003855,631.0,Ashurbanipal,Neo-Assyrian,Ur,ORCC,uncertain,560.3301937232966,582.6778045674441,502.4359174939085,628.2761518800118
Q003856,627.0,Aššur-etel-ilāni,Neo-Assyrian,Nimrud (Kalhu),ORCC,brick,669.3828437913493,666.5570555280731,645.0602846732413,652.7641585496734
Q003857,627.0,Aššur-etel-ilāni,Neo-Assyrian,Babylonia,ORCC,None,744.8829594461329,712.7790943221815,807.4391706157369,621.7903407153697
Q003858,627.0,Aššur-etel-ilāni,Neo-Assyrian,Babylonia,ORCC,None,601.6358803750168,629.2541072967147,809.5416771368266,601.6974479050607
Q003859,627.0,Aššur-etel-ilāni,Neo-Assyrian,Babylonia,ORCC,brick,628.7320839966605,596.6142065308204,645.540327279535,627.9683317304911
Q003861,627.0,Aššur-etel-ilāni,Neo-Assyrian,Babylonia,ORCC,"cylinder, tablet",612.6557992168994,704.7865300188151,622.6223230377584,602.5735171704781
Q003862,612.0,Sîn-šarru-iškun,Neo-Assyrian,Kuyunjik (Nineveh),ORCC,cylinder,653.3074822126474,648.5045343064564,578.2606571037725,647.0936119502968
Q003863,612.0,Sîn-šarru-iškun,Neo-Assyrian,Kuyunjik (Nineveh),ORCC,cylinder,604.5736344185539,628.5202458127018,704.1486792591531,603.4818454899508
Q003864,612.0,Sîn-šarru-iškun,Neo-Assyrian,Kuyunjik (Nineveh),ORCC,cylinder,624.5367802856599,633.0197415845672,665.2696894883436,535.0821278011838
Q003865,612.0,Sîn-šarru-iškun,Neo-Assyrian,Kuyunjik (Nineveh),ORCC,cylinder,655.6714271881675,584.6229528501037,652.8250242794292,673.0701699557624
Q003866,612.0,Sîn-šarru-iškun,Neo-Assyrian,Kuyunjik (Nineveh),ORCC,cylinder,712.0144041173376,647.6968098765384,647.716916363246,691.9590167586808
Q003867,612.0,Sîn-šarru-iškun,Neo-Assyrian,Kuyunjik (Nineveh),ORCC,None,650.5715703625476,649.0561501030872,575.2919587227807,629.3483525663904
Q003868,612.0,Sîn-šarru-iškun,Neo-Assyrian,Qalat Sherqat (Assur),ORCC,prism,686.6646158993913,669.8496494090215,688.186510375043,635.5417148023821
Q003869,612.0,Sîn-šarru-iškun,Neo-Assyrian,Qalat Sherqat (Assur),ORCC,prism,579.5557429209954,654.4100258997814,652.5335794247711,636.2396751548874
Q003870,612.0,Sîn-šarru-iškun,Neo-Assyrian,Qalat Sherqat (Assur),ORCC,prism,671.2027346262508,710.0948610206962,735.6915965603314,659.696447323296
Q003871,612.0,Sîn-šarru-iškun,Neo-Assyrian,Qalat Sherqat (Assur),ORCC,cylinder,670.2034709245916,691.1640485339008,669.9158169593271,627.6402755916124
Q003872,612.0,Sîn-šarru-iškun,Neo-Assyrian,Qalat Sherqat (Assur),ORCC,cone,661.4948529632679,672.2045151898953,701.6230731464246,677.5201088613749
Q003873,612.0,Sîn-šarru-iškun,Neo-Assyrian,Qalat Sherqat (Assur),ORCC,block,656.032609342973,653.3938055755402,641.45114856887,665.751003992297
Q003874,612.0,Sîn-šarru-iškun,Neo-Assyrian,Qalat Sherqat (Assur),ORCC,brick,683.5011805142714,657.1263686726452,678.1601918072231,685.4664091930985
Q003875,612.0,Sîn-šarru-iškun,Neo-Assyrian,Qalat Sherqat (Assur),ORCC,brick,665.617840447019,614.8117448700405,654.4187364634429,669.2167859331101
Q003876,612.0,Sîn-šarru-iškun,Neo-Assyrian,Qalat Sherqat (Assur),ORCC,None,640.9649976468129,706.9800651158804,581.3093073861985,650.9335958208039
Q003877,612.0,Sîn-šarru-iškun,Neo-Assyrian,Qalat Sherqat (Assur),ORCC,None,669.6557883028051,677.4044590547119,624.996640406142,664.5996999714442
Q003878,612.0,Sîn-šarru-iškun,Neo-Assyrian,Qalat Sherqat (Assur),ORCC,None,647.1130618664125,638.5690446877309,718.0561869276405,478.5996976044202
Q003879,612.0,Sîn-šarru-iškun,Neo-Assyrian,Qalat Sherqat (Assur),ORCC,None,623.8437640236829,688.1158290140144,711.7949398825881,476.14155256156425
Q003880,612.0,Sîn-šarru-iškun,Neo-Assyrian,Nimrud (Kalhu),ORCC,cylinder,657.8298746778839,666.5572250782648,587.4936148075051,641.1303966066495
Q003911,681.0,Sennacherib,Neo-Assyrian,Kuyunjik (Nineveh),ORCC,bead,730.3705352079318,652.06404804648,691.9639185266004,683.6674580489631
Q003912,681.0,Sennacherib,Neo-Assyrian,Kuyunjik (Nineveh),ORCC,bead,742.9058020703422,612.9578120464419,680.4302520994618,696.158244170932
Q003913,681.0,Sennacherib,Neo-Assyrian,Kuyunjik (Nineveh),ORCC,bead,733.428894265002,651.557884892517,676.1307136668656,650.8810666859716
Q003914,681.0,Sennacherib,Neo-Assyrian,Kuyunjik (Nineveh),ORCC,bead,658.0003563654807,581.8132254912241,605.1349172568706,610.8500231313606
Q003915,681.0,Sennacherib,Neo-Assyrian,Kuyunjik (Nineveh),ORCC,bead,756.3516559836178,616.2705286296565,675.6153418326836,673.6052579723608
Q003916,681.0,Sennacherib,Neo-Assyrian,Kuyunjik (Nineveh),ORCC,bead,715.99184674594,628.2594709570548,675.1691919326838,670.4337253791502
Q003917,681.0,Sennacherib,Neo-Assyrian,Kuyunjik (Nineveh),ORCC,bead,652.4863079268624,636.458170727805,681.04061786496,677.7819624227412
Q003918,681.0,Sennacherib,Neo-Assyrian,Kuyunjik (Nineveh),ORCC,bead,689.13214468804,611.062568410595,677.4263117730728,688.4521673979633
Q003919,681.0,Sennacherib,Neo-Assyrian,Kuyunjik (Nineveh),ORCC,bead,679.1699696991485,601.157872758759,659.4322372131804,661.8193333918804
Q003920,681.0,Sennacherib,Neo-Assyrian,Kuyunjik (Nineveh),ORCC,bead,727.6822605506422,633.0545522608161,633.6608570466346,648.7255166158676
Q003921,681.0,Sennacherib,Neo-Assyrian,Kuyunjik (Nineveh),ORCC,bead,726.4610782855395,612.5633723411885,666.7678714506737,691.1059941798599
Q003922,681.0,Sennacherib,Neo-Assyrian,Kuyunjik (Nineveh),ORCC,bead,679.7812938025417,566.1141653938065,609.5478378369772,672.2259686509924
Q003923,681.0,Sennacherib,Neo-Assyrian,Kuyunjik (Nineveh),ORCC,bead,709.9148830289764,616.3116640792396,653.600223319226,678.3716029919456
Q003924,681.0,Sennacherib,Neo-Assyrian,Kuyunjik (Nineveh),ORCC,bead,689.37218407115,628.9552577894392,617.8837954855593,655.2135277782824
Q003925,681.0,Sennacherib,Neo-Assyrian,Kuyunjik (Nineveh),ORCC,bead,750.6246171796498,611.64158060681,659.701532279592,691.8640488260708
Q003926,681.0,Sennacherib,Neo-Assyrian,Kuyunjik (Nineveh),ORCC,bead,719.8047929060482,578.5179050177096,645.2058077094368,673.7100098116936
Q003927,681.0,Sennacherib,Neo-Assyrian,Kuyunjik (Nineveh),ORCC,bead,750.6246171796498,611.64158060681,659.701532279592,691.8640488260708
Q003928,681.0,Sennacherib,Neo-Assyrian,Kuyunjik (Nineveh),ORCC,bead,705.451746763709,602.2936214359171,664.7008092638297,699.9418453576541
Q003929,681.0,Sennacherib,Neo-Assyrian,Kuyunjik (Nineveh),ORCC,bead,844.4338309738673,631.8688933423084,657.7763817587698,682.5012983686379
Q003930,681.0,Sennacherib,Neo-Assyrian,Kuyunjik (Nineveh),ORCC,bead,682.7190684197221,529.4960865706695,641.1951329975344,613.8267664996437
Q003931,681.0,Sennacherib,Neo-Assyrian,Kuyunjik (Nineveh),ORCC,bead,705.4713356614051,507.5120094910522,656.1852398936146,674.7307541121411
Q003932,681.0,Sennacherib,Neo-Assyrian,Kuyunjik (Nineveh),ORCC,bead,790.2687261418425,598.593019818824,691.6177092274648,712.4586234660001
Q003933,681.0,Sennacherib,Neo-Assyrian,Kuyunjik (Nineveh),ORCC,bead,574.3607447714974,576.5932492539721,673.733287264247,705.509637940205
Q003934,681.0,Sennacherib,Neo-Assyrian,Kuyunjik (Nineveh),ORCC,bead,601.4570097601554,610.3136305295583,657.1875597727667,669.1012586633414
Q003935,681.0,Sennacherib,Neo-Assyrian,Kuyunjik (Nineveh),ORCC,bead,677.87069034059,719.8531094259145,699.1462222162749,702.6258487424069
Q003936,681.0,Sennacherib,Neo-Assyrian,Kuyunjik (Nineveh),ORCC,bead,763.8679990643697,744.0753119121117,710.108920970733,802.9949284779647
Q003937,681.0,Sennacherib,Neo-Assyrian,Kuyunjik (Nineveh),ORCC,horse trough,611.7952073762825,574.8662798416879,607.7306419381493,728.1383292090457
Q003938,681.0,Sennacherib,Neo-Assyrian,Kuyunjik (Nineveh),ORCC,vessel,658.449937500848,600.4070998000611,556.1378318017763,676.3122151518803
Q003939,681.0,Sennacherib,Neo-Assyrian,Kuyunjik (Nineveh),ORCC,vessel,676.1036242759234,593.1690072447982,568.3310272470223,679.5013196806784
Q003940,681.0,Sennacherib,Neo-Assyrian,Kuyunjik (Nineveh),ORCC,None,731.3715361003004,747.2409813603373,633.4867221351528,675.3742315651842
Q003941,681.0,Sennacherib,Neo-Assyrian,Kuyunjik (Nineveh),ORCC,None,680.1664220354194,684.6357064969164,623.4396887611944,675.8854267570933
Q003942,681.0,Sennacherib,Neo-Assyrian,Kuyunjik (Nineveh),ORCC,None,741.1428233633782,675.6441306088392,669.4186696954752,660.5250029843415
Q003943,681.0,Sennacherib,Neo-Assyrian,Kuyunjik (Nineveh),ORCC,None,696.4672023654647,696.747953462462,656.0445915336607,739.675164918963
Q003944,681.0,Sennacherib,Neo-Assyrian,Kuyunjik (Nineveh),ORCC,None,643.7540611588274,661.5859177218929,650.6103240074192,628.3072176050925
Q003945,681.0,Sennacherib,Neo-Assyrian,Kuyunjik (Nineveh),ORCC,None,666.5972295939381,699.6329790095427,727.5174950818039,759.1548514820095
Q003946,681.0,Sennacherib,Neo-Assyrian,Kuyunjik (Nineveh),ORCC,None,669.848819664194,624.0493952981521,647.633541662089,672.3030783162824
Q003947,681.0,Sennacherib,Neo-Assyrian,Kuyunjik (Nineveh),ORCC,None,721.6621444167092,610.1299686370637,635.2066861863672,723.9735191381217
Q003948,681.0,Sennacherib,Neo-Assyrian,Kuyunjik (Nineveh),ORCC,None,714.1467906593574,635.2194384116424,685.3735715454792,711.0025537776914
Q003949,681.0,Sennacherib,Neo-Assyrian,Kuyunjik (Nineveh),ORCC,None,695.6474524461534,708.4224364241634,703.671751899498,650.2002885523045
Q003950,681.0,Sennacherib,Neo-Assyrian,Kuyunjik (Nineveh),ORCC,None,698.3164729979858,729.7795610134535,735.4304835587711,735.1610080883354
Q003951,681.0,Sennacherib,Neo-Assyrian,Kuyunjik (Nineveh),ORCC,None,658.8320987570489,620.2655657494352,621.9276541993993,680.2915024542551
Q003952,681.0,Sennacherib,Neo-Assyrian,Kuyunjik (Nineveh),ORCC,None,653.8229109553953,626.4910897947119,629.4366794781903,674.9915581520742
Q003953,681.0,Sennacherib,Neo-Assyrian,Kuyunjik (Nineveh),ORCC,None,631.2470927622816,663.0630247027456,589.6373604599141,693.3522974527817
Q003954,681.0,Sennacherib,Neo-Assyrian,Kuyunjik (Nineveh),ORCC,None,692.997516411449,746.3374520815069,714.6633937605347,689.6616193044107
Q003955,681.0,Sennacherib,Neo-Assyrian,Kuyunjik (Nineveh),ORCC,None,652.7770845334824,647.1809872519632,653.2608340720948,611.8169608033376
Q003956,681.0,Sennacherib,Neo-Assyrian,Kuyunjik (Nineveh),ORCC,None,617.5969835819232,670.0863006104864,569.5007987296952,623.2167101354652
Q003957,681.0,Sennacherib,Neo-Assyrian,Kuyunjik (Nineveh),ORCC,None,724.2253426442883,676.1233069362318,605.0015739152389,727.7124940552337
Q003958,681.0,Sennacherib,Neo-Assyrian,Kuyunjik (Nineveh),ORCC,None,665.6577105139202,612.3439256558498,634.1221538633189,747.7599765961565
Q003959,681.0,Sennacherib,Neo-Assyrian,Kuyunjik (Nineveh),ORCC,None,717.3854550584517,627.864933755369,670.8522248338454,650.711004425472
Q003960,681.0,Sennacherib,Neo-Assyrian,Kuyunjik (Nineveh),ORCC,None,664.4115975502345,693.9720760508876,687.737311764859,671.8796628906631
Q003961,681.0,Sennacherib,Neo-Assyrian,Kuyunjik (Nineveh),ORCC,None,681.4852641893409,703.9553628570897,766.736645582488,796.291465737516
Q003962,681.0,Sennacherib,Neo-Assyrian,Kuyunjik (Nineveh),ORCC,None,706.533125157132,571.8101035516918,631.590445043395,680.2472418554229
Q003963,681.0,Sennacherib,Neo-Assyrian,Kuyunjik (Nineveh),ORCC,None,668.8172725981287,644.6147004557815,682.7434893744928,701.8856276655246
Q003964,681.0,Sennacherib,Neo-Assyrian,Kuyunjik (Nineveh),ORCC,None,636.6459637468488,639.6117273963506,639.7647645651947,595.396155048101
Q003965,681.0,Sennacherib,Neo-Assyrian,Kuyunjik (Nineveh),ORCC,None,619.0218063658114,634.2019812488425,602.1520106693655,729.4391460481695
Q003966,681.0,Sennacherib,Neo-Assyrian,Kuyunjik (Nineveh),ORCC,None,647.1153516250255,690.7178365257417,676.6746553403443,607.6951296637671
Q003967,681.0,Sennacherib,Neo-Assyrian,Kuyunjik (Nineveh),ORCC,None,626.9378258680063,659.3071650822924,674.3936061767466,542.0702041536098
Q003968,681.0,Sennacherib,Neo-Assyrian,Kuyunjik (Nineveh),ORCC,None,734.557673396678,632.5175348561853,685.9550853888512,672.8458945119258
Q003969,681.0,Sennacherib,Neo-Assyrian,Qalat Sherqat (Assur),ORCC,prism,685.3512216064192,711.452301165417,713.0974660970033,669.538303489541
Q003970,681.0,Sennacherib,Neo-Assyrian,Qalat Sherqat (Assur),ORCC,prism,673.4675457226889,654.4489737237109,677.1923766995837,741.722731835165
Q003971,681.0,Sennacherib,Neo-Assyrian,Qalat Sherqat (Assur),ORCC,prismatic cylinder,637.5162082100749,629.5647523474656,643.2606301761355,572.8209500787735
Q003972,681.0,Sennacherib,Neo-Assyrian,Qalat Sherqat (Assur),ORCC,stele,612.3864308218515,626.7638315739306,639.8457381680776,662.2029725454701
Q003973,681.0,Sennacherib,Neo-Assyrian,Qalat Sherqat (Assur),ORCC,None,651.3059453149449,687.2865566184882,700.2207069391235,666.084451047403
Q003974,681.0,Sennacherib,Neo-Assyrian,Qalat Sherqat (Assur),ORCC,block,700.368640772196,588.4338856679416,640.7980003272835,545.2847029030266
Q003975,681.0,Sennacherib,Neo-Assyrian,Qalat Sherqat (Assur),ORCC,block,731.304061263122,689.4525493505115,637.4083901162307,650.1326805143384
Q003976,681.0,Sennacherib,Neo-Assyrian,Qalat Sherqat (Assur),ORCC,block,736.2228703094993,696.3968711581039,632.434224639395,683.8925737071218
Q003977,681.0,Sennacherib,Neo-Assyrian,Qalat Sherqat (Assur),ORCC,block,645.535708405331,580.4338065779195,629.276336010264,574.4062571104084
Q003978,681.0,Sennacherib,Neo-Assyrian,Qalat Sherqat (Assur),ORCC,block,677.4206788945771,568.8876987184757,610.3165499946053,692.057903144108
Q003979,681.0,Sennacherib,Neo-Assyrian,Qalat Sherqat (Assur),ORCC,series of blocks,713.1852067054355,634.743955700589,623.2298437301281,666.6169152758661
Q003980,681.0,Sennacherib,Neo-Assyrian,Qalat Sherqat (Assur),ORCC,series of blocks,676.7890705855986,589.5783262494365,625.6939943721001,695.1253450428698
Q003981,681.0,Sennacherib,Neo-Assyrian,Qalat Sherqat (Assur),ORCC,series of blocks,675.373904702952,394.71655975958146,672.9790872331517,679.1813821537625
Q003982,681.0,Sennacherib,Neo-Assyrian,Qalat Sherqat (Assur),ORCC,block,719.5240560025018,636.364125119922,623.3930789789378,727.0303453966234
Q003983,681.0,Sennacherib,Neo-Assyrian,Qalat Sherqat (Assur),ORCC,block,676.6682472332661,608.71300782418,636.730664631923,651.6231577466048
Q003984,681.0,Sennacherib,Neo-Assyrian,Qalat Sherqat (Assur),ORCC,block,718.5290616709408,648.9948839091624,614.7736932551454,683.012351701974
Q003985,681.0,Sennacherib,Neo-Assyrian,Qalat Sherqat (Assur),ORCC,block,710.0834475992522,614.0437717814781,610.6343104633274,671.6886373209004
Q003986,681.0,Sennacherib,Neo-Assyrian,Qalat Sherqat (Assur),ORCC,block,668.158351763726,577.4309680634077,592.9366953983553,682.0743545493742
Q003987,681.0,Sennacherib,Neo-Assyrian,Qalat Sherqat (Assur),ORCC,block,680.5619981778399,547.0834171771797,593.4541601387402,690.2207763074075
Q003989,681.0,Sennacherib,Neo-Assyrian,Qalat Sherqat (Assur),ORCC,block,708.9668408371813,558.7767996896862,600.9623038179799,707.101705254456
Q003990,681.0,Sennacherib,Neo-Assyrian,Qalat Sherqat (Assur),ORCC,block,783.6490200564893,597.4763344366254,629.22994708725,687.6347696565826
Q003991,681.0,Sennacherib,Neo-Assyrian,Qalat Sherqat (Assur),ORCC,block,614.8872615063336,576.2288800603952,614.5115580084952,610.5572712168741
Q003992,681.0,Sennacherib,Neo-Assyrian,Qalat Sherqat (Assur),ORCC,block,680.9039304756274,613.6060578076507,643.0467664361878,611.4189916294707
Q003993,681.0,Sennacherib,Neo-Assyrian,Qalat Sherqat (Assur),ORCC,block,787.2573288478161,697.8149348370188,647.8783754076491,625.778673829369
Q003995,681.0,Sennacherib,Neo-Assyrian,Qalat Sherqat (Assur),ORCC,door socket,671.7401357105997,620.5269333526295,631.8794167582621,645.681780527316
Q003996,681.0,Sennacherib,Neo-Assyrian,Qalat Sherqat (Assur),ORCC,door socket,650.9388922926184,622.8355899760675,600.3804994618813,617.7102555427842
Q003998,681.0,Sennacherib,Neo-Assyrian,Qalat Sherqat (Assur),ORCC,plating,609.3658303888551,589.2530136182576,623.498891584236,704.11765912826
Q003999,681.0,Sennacherib,Neo-Assyrian,Qalat Sherqat (Assur),ORCC,plating,666.3277422576926,690.7534409516908,759.1851272587438,372.26472872278674
Q004000,681.0,Sennacherib,Neo-Assyrian,Qalat Sherqat (Assur),ORCC,brick,715.20543137527,583.7796623706664,606.348537935984,709.2921823467017
Q004001,681.0,Sennacherib,Neo-Assyrian,Qalat Sherqat (Assur),ORCC,brick,672.498041818536,715.0540704534892,626.7032010944879,722.9742066437182
Q004002,681.0,Sennacherib,Neo-Assyrian,Qalat Sherqat (Assur),ORCC,brick,690.0711134239203,695.5467788275275,627.9341321146876,708.4283420384205
Q004003,681.0,Sennacherib,Neo-Assyrian,Qalat Sherqat (Assur),ORCC,brick,745.5389634559458,621.0567266972968,639.1785852157722,646.254098814389
Q004004,681.0,Sennacherib,Neo-Assyrian,Qalat Sherqat (Assur),ORCC,brick,672.1348264163876,663.25366026945,641.0078715534978,639.1461837997485
Q004005,681.0,Sennacherib,Neo-Assyrian,Qalat Sherqat (Assur),ORCC,brick,677.7343430662047,733.1500262589556,633.2052777961475,729.9392726297086
Q004006,681.0,Sennacherib,Neo-Assyrian,Qalat Sherqat (Assur),ORCC,brick,684.3877488309768,744.9449310698855,630.8433636204952,708.779108853649
Q004007,681.0,Sennacherib,Neo-Assyrian,Qalat Sherqat (Assur),ORCC,brick,703.9645224909792,701.6807505375618,640.6722481632866,644.3402734076792
Q004008,681.0,Sennacherib,Neo-Assyrian,Qalat Sherqat (Assur),ORCC,brick,611.4105834408399,697.220354172734,718.1527594231458,650.3796462801557
Q004009,681.0,Sennacherib,Neo-Assyrian,Qalat Sherqat (Assur),ORCC,brick,667.3026974086005,745.8172393778146,686.1385495059507,647.4528053754061
Q004010,681.0,Sennacherib,Neo-Assyrian,Qalat Sherqat (Assur),ORCC,brick,720.5335199629557,627.3576146438513,594.9835228955156,662.4750961132775
Q004014,681.0,Sennacherib,Neo-Assyrian,Qalat Sherqat (Assur),ORCC,None,593.1787152803867,640.0496950520342,537.4575038077941,508.40301473798047
Q004015,681.0,Sennacherib,Neo-Assyrian,Nimrud (Kalhu),ORCC,bead,707.2978574943203,617.0905298588342,657.8146637201598,715.5661483412327
Q004016,681.0,Sennacherib,Neo-Assyrian,Nimrud (Kalhu),ORCC,lion weight,681.2595528159776,593.1160520206785,640.3902243036124,612.1157948887068
Q004017,681.0,Sennacherib,Neo-Assyrian,Nimrud (Kalhu),ORCC,tablet (with seal impressions),677.35368265065,604.2974075064402,669.4371831027828,656.2926417026126
Q004018,681.0,Sennacherib,Neo-Assyrian,Tell Sherif Khan (Tarbisu),ORCC,cylinder,705.5691331135706,660.3018817399159,637.4928843233239,707.5560839006896
Q004019,681.0,Sennacherib,Neo-Assyrian,Tell Sherif Khan (Tarbisu),ORCC,cone,658.6514428141754,714.2330789718101,663.9273574100513,659.3945387478843
Q004020,681.0,Sennacherib,Neo-Assyrian,Tell Sherif Khan (Tarbisu),ORCC,slab,643.2179472028457,708.6165630075735,620.2963341028234,543.1494465592201
Q004021,681.0,Sennacherib,Neo-Assyrian,Tell Sherif Khan (Tarbisu),ORCC,brick,645.6160749822117,713.9657594164818,637.6530963455924,606.7882111009822
Q004023,681.0,Sennacherib,Neo-Assyrian,Qasr Shamamuk (Kilizu),ORCC,slab,712.7563305034716,814.7071786370072,689.4245404467479,636.7937131263224
Q004024,681.0,Sennacherib,Neo-Assyrian,Qasr Shamamuk (Kilizu),ORCC,brick,788.5572004071519,782.7537664992838,640.5296865034659,771.6109329204247
Q004027,681.0,Sennacherib,Neo-Assyrian,Judi Dagh,ORCC,rock face,687.8636635861706,708.4357719693858,710.6687111790736,741.2570373671384
Q004028,681.0,Sennacherib,Neo-Assyrian,Bavian,ORCC,rock face,679.2670982005508,680.84771724885,689.249100221089,720.3795951589267
Q004029,681.0,Sennacherib,Neo-Assyrian,Jerwan Aqueduct,ORCC,block,757.3028481180471,661.0247870570803,646.3338638191964,628.545122387905
Q004030,681.0,Sennacherib,Neo-Assyrian,Jerwan Aqueduct,ORCC,block,726.4518554199203,625.2515493076024,647.895962383313,624.1469312633603
Q004031,681.0,Sennacherib,Neo-Assyrian,Jerwan Aqueduct,ORCC,series of blocks,724.3321739401833,693.704790823485,637.0866264908116,715.5199494404695
Q004032,681.0,Sennacherib,Neo-Assyrian,Jerwan Aqueduct,ORCC,series of blocks,673.223679550684,742.2934069578884,664.0646481433006,715.42583367084
Q004033,681.0,Sennacherib,Neo-Assyrian,Jerwan Aqueduct,ORCC,series of blocks,682.9193322478894,689.5749316193217,646.453863281338,749.4294165477883
Q004034,681.0,Sennacherib,Neo-Assyrian,Wadi Bastura Tunnel,ORCC,series of blocks,677.1261603570214,670.1198754999757,666.6786713514706,646.9058302012882
Q004035,681.0,Sennacherib,Neo-Assyrian,Samarra (Sur-marrati),ORCC,None,707.466543879308,651.6992595666964,701.3431434942636,702.6912226982432
Q004036,681.0,Sennacherib,Neo-Assyrian,Tikrit,ORCC,None,727.6782064999605,673.1089422088177,650.6577903427781,717.3064788110389
Q004037,681.0,Sennacherib,Neo-Assyrian,Babylon,ORCC,paving stone,709.1936916821559,586.2092705654121,629.3928159032639,644.9245330198312
Q004038,681.0,Sennacherib,Neo-Assyrian,Sippar,ORCC,lion-head finial,710.7309075601173,609.1624880383599,565.7171473345462,625.6207041710488
Q004058,681.0,Sennacherib,Neo-Assyrian,Kuyunjik (Nineveh),ORCC,vessel,701.2900706005842,674.449339236077,646.0334974192059,617.5350664002143
Q004059,681.0,Sennacherib,Neo-Assyrian,Kuyunjik (Nineveh),ORCC,vessel,680.9039304756274,613.6060578076507,643.0467664361878,611.4189916294707
Q004060,681.0,Sennacherib,Neo-Assyrian,Kuyunjik (Nineveh),ORCC,vessel,746.6231933682592,680.6303077918791,641.1717252110958,624.574153950674
Q004061,681.0,Sennacherib,Neo-Assyrian,Kuyunjik (Nineveh),ORCC,vessel,680.9039304756274,613.6060578076507,643.0467664361878,611.4189916294707
Q004062,681.0,Sennacherib,Neo-Assyrian,Kuyunjik (Nineveh),ORCC,vessel,674.49049764,710.3996441573072,669.3695360255507,678.6610504748118
Q004063,681.0,Sennacherib,Neo-Assyrian,Kuyunjik (Nineveh),ORCC,vessel,701.2900706005842,674.449339236077,645.9449899637572,617.5350664002143
Q004064,681.0,Sennacherib,Neo-Assyrian,Kuyunjik (Nineveh),ORCC,vessel,701.2900706005842,674.449339236077,645.9449899637572,617.5350664002143
Q004065,681.0,Sennacherib,Neo-Assyrian,Kuyunjik (Nineveh),ORCC,vessel,733.11355871332,636.3995428823215,641.3034463922646,613.7532682504739
Q004066,681.0,Sennacherib,Neo-Assyrian,Kuyunjik (Nineveh),ORCC,vessel,680.9039304756274,613.6060578076507,643.0467664361878,611.4189916294707
Q004067,681.0,Sennacherib,Neo-Assyrian,Kuyunjik (Nineveh),ORCC,bead,642.0016570964492,723.8933827040391,699.0688365994322,667.4212803206971
Q004070,681.0,Sennacherib,Neo-Assyrian,Kuyunjik (Nineveh),ORCC,bead,583.8646955146573,480.2451960437293,686.6317480689612,604.9238603383886
Q004071,681.0,Sennacherib,Neo-Assyrian,Kuyunjik (Nineveh),ORCC,None,623.6697100820697,701.5556901037995,665.5315320982022,733.1018715487845
Q004072,681.0,Sennacherib,Neo-Assyrian,Kuyunjik (Nineveh),ORCC,None,679.9338895857111,675.3052181770545,635.1350018275306,711.033857829824
Q004073,681.0,Sennacherib,Neo-Assyrian,Kuyunjik (Nineveh),ORCC,None,766.1143077668643,674.1500494121508,659.7787798486427,700.4364885068603
Q004074,681.0,Sennacherib,Neo-Assyrian,Kuyunjik (Nineveh),ORCC,None,669.9085816229248,667.0828450354066,687.8255900851531,680.867280122859
Q004075,681.0,Sennacherib,Neo-Assyrian,Kuyunjik (Nineveh),ORCC,None,661.3166401327003,706.7845666916114,610.4824677844329,624.5296443508464
Q004077,681.0,Sennacherib,Neo-Assyrian,Kuyunjik (Nineveh),ORCC,None,680.9039304756274,613.6060578076507,643.0624923817377,611.4189916294707
Q004078,681.0,Sennacherib,Neo-Assyrian,Kuyunjik (Nineveh),ORCC,None,669.021124649621,637.8125988393249,679.7597656614435,667.2679335880405
Q004079,681.0,Sennacherib,Neo-Assyrian,Kuyunjik (Nineveh),ORCC,None,612.2453716097439,529.0837934380675,658.1504474038962,632.6839058432745
Q004080,681.0,Sennacherib,Neo-Assyrian,Kuyunjik (Nineveh),ORCC,tablet or prism,601.6557199307814,623.7561450695646,630.8823604614752,745.3397043219406
Q004081,681.0,Sennacherib,Neo-Assyrian,Kuyunjik (Nineveh),ORCC,tablet or prism,766.3441627583778,717.1776193232437,627.3113351280188,707.4670995953616
Q004082,681.0,Sennacherib,Neo-Assyrian,Kuyunjik (Nineveh),ORCC,tablet or prism,741.9164595624602,806.5662447396185,699.173253324366,732.8972147858435
Q004088,681.0,Sennacherib,Neo-Assyrian,Qalat Sherqat (Assur),ORCC,stele,809.0958906803488,707.306063160383,680.1001534203446,696.139391438054
Q004089,681.0,Sennacherib,Neo-Assyrian,Qalat Sherqat (Assur),ORCC,vessel,715.304403495699,728.5967668880576,686.9366512785713,667.4778419844578
Q004177,727.0,Tiglath-pileser III,Neo-Assyrian,Assyria,ORCC,bead,634.5956841778149,671.1506304485335,637.0602749028275,676.8962668022222
Q004178,727.0,Tiglath-pileser III,Neo-Assyrian,Assyria,ORCC,brick,632.6612853377472,720.0065806842351,706.8733053365194,706.6075486184109
Q004179,261.0,Antiochus I,Hellenistic,Borsippa,ORCC,cylinder,573.74962196546,589.0298476179843,548.1226522531662,569.1264109687737
Q005360,605.0,Nabopolassar,Neo-Babylonian,Babylon,ORCC,cylinder,528.6129794319254,588.6738748453892,580.5931463879255,600.0855849348093
Q005361,605.0,Nabopolassar,Neo-Babylonian,Babylon,ORCC,cylinder,565.8123426008891,623.8993862355142,582.1366234175052,589.7481703870034
Q005362,605.0,Nabopolassar,Neo-Babylonian,Babylon,ORCC,cylinder,611.4302106036148,567.2052049313272,544.94718719531,588.7033892446273
Q005363,605.0,Nabopolassar,Neo-Babylonian,Babylon,ORCC,cylinder,564.141579903608,604.8565296881077,544.7189388047093,572.4791229072321
Q005364,605.0,Nabopolassar,Neo-Babylonian,Babylon,ORCC,cylinder,596.3098428717185,586.9236026477862,567.506128091266,591.4141746215785
Q005365,605.0,Nabopolassar,Neo-Babylonian,Babylon,ORCC,cylinder,599.0289930094241,586.9917537065533,564.2001309481532,590.2930202225763
Q005366,605.0,Nabopolassar,Neo-Babylonian,Babylon,ORCC,cylinder,605.5880574023912,561.9179344336633,567.7994946377388,602.6599832592879
Q005367,605.0,Nabopolassar,Neo-Babylonian,Babylon,ORCC,brick,612.81449454379,593.4984687970091,572.3447053952018,584.3254416166327
Q005368,605.0,Nabopolassar,Neo-Babylonian,Babylon,ORCC,brick,609.5001755644225,585.4537949202548,579.1395087835369,624.2419208675525
Q005369,605.0,Nabopolassar,Neo-Babylonian,Babylon,ORCC,brick,602.6066388046021,596.4713604462822,561.9811899989412,612.7508189898967
Q005370,605.0,Nabopolassar,Neo-Babylonian,Babylon,ORCC,brick,603.2732066350926,615.3408777541339,602.2305647217224,579.6264485217716
Q005371,605.0,Nabopolassar,Neo-Babylonian,Babylon,ORCC,brick,597.0478537906118,605.2963634609755,575.5104833516912,589.283860152271
Q005372,605.0,Nabopolassar,Neo-Babylonian,Babylon,ORCC,cylinder,557.0360590851437,598.5140935946082,550.7601197062792,594.5842010350083
Q005373,605.0,Nabopolassar,Neo-Babylonian,Sippar,ORCC,"cylinder, brick",530.610913471721,564.4010182064402,513.7654429484919,625.1967263726402
Q005374,605.0,Nabopolassar,Neo-Babylonian,Sippar,ORCC,cylinder,577.4008148023798,595.0639233667681,565.7306879497005,611.7834801369806
Q005380,560.0,Amel-Marduk,Neo-Babylonian,Babylon,ORCC,brick,604.4541609070512,558.2796011010854,573.6809942172749,720.8152734998941
Q005381,560.0,Amel-Marduk,Neo-Babylonian,Babylon,ORCC,paving stone,506.10728924719336,499.3900430550015,534.225213914319,703.7403001319664
Q005382,560.0,Amel-Marduk,Neo-Babylonian,Babylon,ORCC,vessel,564.7423302467257,445.94882087055925,613.980366027952,523.7035463335856
Q005383,560.0,Amel-Marduk,Neo-Babylonian,Susa,ORCC,vessel,649.5145994709121,468.068747894366,609.790681675084,560.3678791961979
Q005384,560.0,Amel-Marduk,Neo-Babylonian,Susa,ORCC,vessel,504.7001567407855,418.9053479540082,488.56349777546905,518.7924311174356
Q005385,560.0,Amel-Marduk,Neo-Babylonian,Susa,ORCC,vessel,484.07624541468465,387.79708077577095,428.1896431241157,515.9793604846897
Q005386,556.0,Neriglissar,Neo-Babylonian,Babylon,ORCC,cylinder,676.8576760890386,568.2227455264109,525.9569517896389,523.6301386182386
Q005387,556.0,Neriglissar,Neo-Babylonian,Babylon,ORCC,cylinder,695.1597233480185,628.0828635625455,612.7337125179307,560.3954777720945
Q005388,556.0,Neriglissar,Neo-Babylonian,Babylon,ORCC,cylinder,667.0943667940902,573.0424184904215,546.546144670278,593.711335234909
Q005389,556.0,Neriglissar,Neo-Babylonian,Babylon,ORCC,brick,648.0082341337254,439.6688105767703,539.8557014976166,572.0343860440722
Q005391,556.0,Neriglissar,Neo-Babylonian,Sippar,ORCC,cylinder,684.3161371777878,580.6271783871443,529.1596818045057,587.5999182467195
Q005392,556.0,Neriglissar,Neo-Babylonian,Babylonia,ORCC,cylinder,641.7242324793006,577.1877762550483,604.549705577698,582.05382903557
Q005393,556.0,Neriglissar,Neo-Babylonian,Susa,ORCC,vessel,676.7705117665377,615.9775133367398,619.0871495631616,630.416216579328
Q005398,539.0,Nabonidus,Neo-Babylonian,Babylon,ORCC,cylinder,679.0719538481985,605.6327089003801,668.7927518395624,633.8738405180046
Q005399,539.0,Nabonidus,Neo-Babylonian,Babylon,ORCC,cylinder,662.4708052056285,621.5684650632802,643.0414335938995,587.1012657044422
Q005400,539.0,Nabonidus,Neo-Babylonian,Babylon,ORCC,stele,656.0926317517975,682.7630945992859,670.107262474987,600.4675176535317
Q005401,539.0,Nabonidus,Neo-Babylonian,Babylon,ORCC,stele,616.8268777033553,658.6293209642047,620.0256120381549,611.0728023967664
Q005402,539.0,Nabonidus,Neo-Babylonian,Babylon,ORCC,None,667.4981395342568,564.8638584697733,638.5512119298644,616.2738084753544
Q005404,539.0,Nabonidus,Neo-Babylonian,Babylon,ORCC,brick,553.7185610768805,582.0290689226704,632.0041153727254,557.0197131971734
Q005405,539.0,Nabonidus,Neo-Babylonian,Babylon,ORCC,brick,473.8850848789447,590.072589562291,590.977935644489,602.4869182377179
Q005407,539.0,Nabonidus,Neo-Babylonian,Babylon,ORCC,cylinder,677.4263189235763,588.5345683478303,654.8391066029905,624.6589922805873
Q005408,539.0,Nabonidus,Neo-Babylonian,Babylon,ORCC,cylinder,649.4520223098851,598.1676831974703,685.5676428769935,684.7478808101607
Q005409,539.0,Nabonidus,Neo-Babylonian,Babylon,ORCC,cylinder,695.5678206415358,521.4563292996177,654.2841629991566,607.6311915838634
Q005410,539.0,Nabonidus,Neo-Babylonian,Borsippa,ORCC,cylinder,620.4679289358198,585.2719401093237,610.4488516204108,547.1441493144418
Q005411,539.0,Nabonidus,Neo-Babylonian,Kish,ORCC,cylinder,603.9102259501374,519.1270061728466,563.6517654712536,583.7330380129644
Q005412,539.0,Nabonidus,Neo-Babylonian,Kissik,ORCC,cylinder,620.80079359009,594.2006585402887,636.720708943545,644.8668259890884
Q005413,539.0,Nabonidus,Neo-Babylonian,Larsa,ORCC,cylinder,641.1346571779213,563.0518872108534,628.1412105766165,565.5871401479392
Q005414,539.0,Nabonidus,Neo-Babylonian,Larsa,ORCC,stele,631.3724766735736,646.8120506794431,638.981976012407,657.6752263066962
Q005415,539.0,Nabonidus,Neo-Babylonian,Larsa,ORCC,brick,484.1539095840417,496.9269523442431,601.3110043846765,565.8439295876113
Q005416,539.0,Nabonidus,Neo-Babylonian,Marad,ORCC,cylinder,643.2989600647643,648.0178087964355,658.717910059234,582.6111869530635
Q005417,539.0,Nabonidus,Neo-Babylonian,Seleucia,ORCC,brick,484.9668015535237,643.0506572572166,667.5735619356929,573.1140464570029
Q005418,539.0,Nabonidus,Neo-Babylonian,Sippar,ORCC,cylinder,688.6442628223314,573.9020857933501,693.125805062307,627.9286065827405
Q005419,539.0,Nabonidus,Neo-Babylonian,Sippar,ORCC,cylinder,680.9829685620851,635.2138029777465,607.3160057848197,551.0553271242886
Q005420,539.0,Nabonidus,Neo-Babylonian,Sippar,ORCC,cylinder,653.8542546424751,579.4034986937717,680.4164833597204,556.8317601474015
Q005421,539.0,Nabonidus,Neo-Babylonian,Sippar,ORCC,cylinder,671.0660944713983,621.7539785905676,678.8071686548386,623.2916257421836
Q005422,539.0,Nabonidus,Neo-Babylonian,Sippar,ORCC,cylinder,666.1775924773056,648.7594154390862,646.0405578984828,493.5773908182608
Q005423,539.0,Nabonidus,Neo-Babylonian,Sippar,ORCC,cylinder,645.5447806911718,571.5481852515161,642.6603735925822,611.7561820908476
Q005424,539.0,Nabonidus,Neo-Babylonian,Ur,ORCC,cylinder,648.4504408807379,580.5800629395638,634.2495370880976,612.9850785032903
Q005425,539.0,Nabonidus,Neo-Babylonian,Sippar,ORCC,cylinder,618.6711935057294,530.3882389831831,571.7962105641706,616.2776476208921
Q005426,539.0,Nabonidus,Neo-Babylonian,Sippar,ORCC,cylinder,668.2189980275004,610.8153894396239,614.5431050438599,618.5274503649744
Q005427,539.0,Nabonidus,Neo-Babylonian,Sippar,ORCC,None,649.0292039885628,553.0963096397506,637.245188881736,607.8404105191152
Q005428,539.0,Nabonidus,Neo-Babylonian,Sippar,ORCC,brick,499.9609804919371,364.90751338576825,631.1715023045812,509.1270754457492
Q005429,539.0,Nabonidus,Neo-Babylonian,Ur,ORCC,cylinder,665.3386207674919,617.3121849247739,603.7082442018816,587.6741668639694
Q005430,539.0,Nabonidus,Neo-Babylonian,Ur,ORCC,cylinder,669.9521506640593,587.6301111751559,603.7748133133149,567.1955061941484
Q005431,539.0,Nabonidus,Neo-Babylonian,Ur,ORCC,cylinder,607.1781014055886,611.994925198969,745.651224825273,615.259354039278
Q005432,539.0,Nabonidus,Neo-Babylonian,Ur,ORCC,cylinder,633.256277993774,626.9107785862004,650.9026639253638,653.1404745281126
Q005433,539.0,Nabonidus,Neo-Babylonian,Ur,ORCC,door socket,651.7859051281142,613.526064404235,649.0379314709853,639.0989273694738
Q005434,539.0,Nabonidus,Neo-Babylonian,Ur,ORCC,brick,765.6648887538737,686.8894765522697,666.2615336182123,732.4025654655885
Q005435,539.0,Nabonidus,Neo-Babylonian,Ur,ORCC,brick,736.64481912201,709.8366541642961,675.3610535697101,498.6722624407205
Q005436,539.0,Nabonidus,Neo-Babylonian,Ur,ORCC,brick,600.9480831706614,523.659423418428,627.9028164519257,568.3769917023621
Q005438,539.0,Nabonidus,Neo-Babylonian,Ur,ORCC,cylinder,617.4415306223596,632.5115441581767,639.7491529598597,657.3079790501583
Q005439,539.0,Nabonidus,Neo-Babylonian,Babylonia,ORCC,cylinder,676.6576939552796,550.8983486164175,689.203296462546,606.246404569943
Q005440,539.0,Nabonidus,Neo-Babylonian,Babylonia,ORCC,stele,591.7955645603676,641.1100733259034,647.370888300598,509.1886358187651
Q005441,539.0,Nabonidus,Neo-Babylonian,Babylonia,ORCC,None,673.8851919646481,622.7264559309556,674.7506907434549,659.2247171312415
Q005442,539.0,Nabonidus,Neo-Babylonian,Babylonia,ORCC,None,570.7340599129985,654.7960195361555,628.8466216435927,654.3228525864226
Q005443,539.0,Nabonidus,Neo-Babylonian,Harran,ORCC,cylinder,641.4392862848285,616.6293182292303,679.7053409353947,633.4175467926063
Q005444,539.0,Nabonidus,Neo-Babylonian,Harran,ORCC,stele,597.0587059271102,671.9304383043861,702.2309794647322,618.4167544856015
Q005445,539.0,Nabonidus,Neo-Babylonian,Harran,ORCC,uncertain,427.31708399359553,522.9286051030253,602.964650225258,599.5874275194232
Q005446,539.0,Nabonidus,Neo-Babylonian,Harran,ORCC,uncertain,545.976073771854,533.5553099231962,664.5708356117597,657.4808700571103
Q005447,539.0,Nabonidus,Neo-Babylonian,Harran,ORCC,uncertain,701.0353751925325,764.0630903500712,691.164166625313,598.5031221133984
Q005448,539.0,Nabonidus,Neo-Babylonian,Harran,ORCC,brick,564.6369398467743,566.9247528334168,554.34159303844,593.2576950085434
Q005449,539.0,Nabonidus,Neo-Babylonian,Harran,ORCC,vessel,610.591844230665,631.2073892034368,596.4712461337509,629.495314057889
Q005450,539.0,Nabonidus,Neo-Babylonian,Harran,ORCC,bead,484.88829920278874,594.9670156008237,642.6457140320696,595.9812373308883
Q005451,539.0,Nabonidus,Neo-Babylonian,Padakku,ORCC,slab,643.044687997794,678.5663296542298,684.9740294119604,692.589749932006
Q005452,539.0,Nabonidus,Neo-Babylonian,Selaʾ,ORCC,rock face,472.3833654050141,532.1491220894253,663.404694528729,592.257008132101
Q005453,539.0,Nabonidus,Neo-Babylonian,Tayma,ORCC,stele,600.9941946217987,593.1667991173383,506.78736531361494,615.2855932897378
Q005454,539.0,Nabonidus,Neo-Babylonian,Tayma,ORCC,statue base,426.0924409525834,468.2180065027218,551.3718276894367,587.6001491470514
Q005455,539.0,Nabonidus,Neo-Babylonian,Tayma,ORCC,stele,599.6528290586666,622.0491056342598,704.653931936744,631.0934867811914
Q005456,539.0,Nabonidus,Neo-Babylonian,Tayma,ORCC,stele,445.31636891157814,676.9263396039406,667.5971648262631,548.0436099683711
Q005457,539.0,Nabonidus,Neo-Babylonian,Tayma,ORCC,stele,637.0241698623216,535.554459545973,709.2702614210666,618.3362846500839
Q005458,539.0,Nabonidus,Neo-Babylonian,Tayma,ORCC,stele,721.1804344633772,465.9890719468362,678.6773713706516,678.5051878866786
Q005463,539.0,Nabonidus,Neo-Babylonian,Babylonia,ORCC,cylinder,637.1757184330556,645.8882728544892,674.7048613420791,591.4159998345817
Q005464,539.0,Nabonidus,Neo-Babylonian,Borsippa,ORCC,cylinder,597.2025455537313,594.8467172556623,672.8539757614652,646.5449337268527
Q005465,539.0,Nabonidus,Neo-Babylonian,Babylonia,ORCC,stele,686.8336672597877,706.4971897464968,704.769091634193,641.3312757060824
Q005466,539.0,Nabonidus,Neo-Babylonian,Kish,ORCC,cylinder,483.7507238353545,628.7172378485274,625.4369816140913,542.2898210763954
Q005467,539.0,Nabonidus,Neo-Babylonian,Tell al-Lahm,ORCC,brick,710.8346827760049,720.3928378285088,703.7695349960073,692.5080278481523
Q005468,539.0,Nabonidus,Neo-Babylonian,Marad,ORCC,cylinder,639.8979238907808,523.7651737560013,628.6144606358105,653.3707077638886
Q005469,539.0,Nabonidus,Neo-Babylonian,Sippar,ORCC,cylinder,573.9339886448281,672.7915702493684,634.482457585183,618.4812877288097
Q005470,539.0,Nabonidus,Neo-Babylonian,Sippar,ORCC,cylinder,635.4756102258989,618.9679198341394,680.6836228704321,648.0054251265433
Q005471,539.0,Nabonidus,Neo-Babylonian,Harran,ORCC,stele,628.6438334112236,649.1607862148458,657.1185594625612,606.8965830580057
Q005472,562.0,Nebuchadnezzar II,Neo-Babylonian,Babylon,ORCC,stele,693.2540396116592,586.7712543555461,542.8378687449147,613.2576046847158
Q005473,562.0,Nebuchadnezzar II,Neo-Babylonian,Babylon,ORCC,None,654.5671485332033,541.8757698749492,593.6236531027108,598.8491163559981
Q005474,562.0,Nebuchadnezzar II,Neo-Babylonian,Babylon,ORCC,block,637.6454185069321,625.3527992299303,557.1086772532325,631.2865830203827
Q005475,562.0,Nebuchadnezzar II,Neo-Babylonian,Babylon,ORCC,block,650.725313486424,665.0735391225609,619.7028049509935,598.9804086870972
Q005476,562.0,Nebuchadnezzar II,Neo-Babylonian,Babylon,ORCC,block,503.4917674425735,649.9814769090599,593.0318360711422,561.7663942017448
Q005477,562.0,Nebuchadnezzar II,Neo-Babylonian,Babylon,ORCC,block,616.5416539760804,714.2246547865184,637.232942850123,673.4905971837026
Q005478,562.0,Nebuchadnezzar II,Neo-Babylonian,Babylon,ORCC,paving stone,570.3258361638518,675.7478106887357,608.3953728040107,645.2310840186204
Q005479,562.0,Nebuchadnezzar II,Neo-Babylonian,Babylon,ORCC,paving stone,530.6480900358922,660.1866374510001,590.3665263477907,854.3361105572086
Q005481,562.0,Nebuchadnezzar II,Neo-Babylonian,Babylon,ORCC,paving stone,452.84091532740047,525.795109966397,520.8390826171137,653.6098002220824
Q005482,562.0,Nebuchadnezzar II,Neo-Babylonian,Babylon,ORCC,prism,681.2552320050464,582.2251004236508,611.1976730344819,516.7114185489445
Q005483,562.0,Nebuchadnezzar II,Neo-Babylonian,Babylon,ORCC,cylinder,703.9062207239573,555.2691506952231,591.6384426619998,599.6867858698216
Q005484,562.0,Nebuchadnezzar II,Neo-Babylonian,Babylon,ORCC,cylinder,670.6081310515463,665.5466898420564,635.3816041529534,616.6383224332861
Q005485,562.0,Nebuchadnezzar II,Neo-Babylonian,Babylon,ORCC,cylinder,646.5055222513398,632.3104148022184,607.0829511311206,592.6600205033833
Q005486,562.0,Nebuchadnezzar II,Neo-Babylonian,Babylon,ORCC,cylinder,700.2251471444752,601.725703378899,644.9186383733298,640.7347012330217
Q005487,562.0,Nebuchadnezzar II,Neo-Babylonian,Babylon,ORCC,cylinder,658.4071119785225,681.2799022028248,610.5499462917326,598.1363787843903
Q005488,562.0,Nebuchadnezzar II,Neo-Babylonian,Babylon,ORCC,cylinder,595.9511111115003,660.5687670939562,608.3051504385659,690.3410658663793
Q005489,562.0,Nebuchadnezzar II,Neo-Babylonian,Babylon,ORCC,cylinder,673.2902157412003,585.3068010761575,546.1622861830245,553.5100565714366
Q005490,562.0,Nebuchadnezzar II,Neo-Babylonian,Babylon,ORCC,cylinder,634.8640222019008,625.1586288587245,535.3350638037161,557.882684922741
Q005492,562.0,Nebuchadnezzar II,Neo-Babylonian,Babylon,ORCC,cylinder,703.3298064780954,573.1777218199769,599.7539473458216,620.672269544942
Q005493,562.0,Nebuchadnezzar II,Neo-Babylonian,Babylon,ORCC,cylinder,738.9010385243416,678.3625667925942,698.835625498275,656.4569082625272
Q005494,562.0,Nebuchadnezzar II,Neo-Babylonian,Babylon,ORCC,cylinder,664.8454190571333,553.8912160587595,574.8241622118364,590.7557450584995
Q005495,562.0,Nebuchadnezzar II,Neo-Babylonian,Babylon,ORCC,cylinder,673.9252895101635,622.8703458126164,655.6319093082958,589.0557887611731
Q005497,562.0,Nebuchadnezzar II,Neo-Babylonian,Babylon,ORCC,cylinder,635.232974689899,562.7835831083087,534.8477432066467,590.6130346411853
Q005498,562.0,Nebuchadnezzar II,Neo-Babylonian,Babylon,ORCC,cylinder,694.2456339676585,567.4392889165767,587.5283059802039,568.7915391462833
Q005499,562.0,Nebuchadnezzar II,Neo-Babylonian,Babylon,ORCC,cylinder,722.0648888548664,676.2116503245823,692.631195627918,617.0129309837421
Q005500,562.0,Nebuchadnezzar II,Neo-Babylonian,Babylon,ORCC,cylinder,666.2886429853883,613.5718207223891,562.3773360447511,606.7088148117998
Q005501,562.0,Nebuchadnezzar II,Neo-Babylonian,Babylon,ORCC,cylinder,668.4498838204175,577.2750604110745,563.4584379445196,556.2658554176584
Q005502,562.0,Nebuchadnezzar II,Neo-Babylonian,Babylon,ORCC,cylinder,626.1833395855083,599.8753359247457,656.1121835651053,543.8648251845733
Q005503,562.0,Nebuchadnezzar II,Neo-Babylonian,Babylon,ORCC,cylinder,705.7070236721096,637.5886360677264,615.3011640311804,560.3767995715152
Q005504,562.0,Nebuchadnezzar II,Neo-Babylonian,Babylon,ORCC,cylinder,644.0372839085258,598.8141301289136,552.9676186055943,618.67377664137
Q005505,562.0,Nebuchadnezzar II,Neo-Babylonian,Babylon,ORCC,cylinder,645.8449045296069,596.3961609153936,527.3818731148416,581.051831981428
Q005506,562.0,Nebuchadnezzar II,Neo-Babylonian,Babylon,ORCC,cylinder,645.579156690002,638.8640181490248,561.784384775492,610.5773664806396
Q005507,562.0,Nebuchadnezzar II,Neo-Babylonian,Babylon,ORCC,cylinder,663.7895245670235,632.2591451873717,662.1905922804574,564.5911308972267
Q005508,562.0,Nebuchadnezzar II,Neo-Babylonian,Babylon,ORCC,cylinder,658.3032408896852,683.6751789352604,628.5167557853644,539.2180376853586
Q005521,562.0,Nebuchadnezzar II,Neo-Babylonian,Babylon,ORCC,cylinder,683.6177971837845,559.8598368637395,617.7415990661633,614.9987514979226
Q005522,562.0,Nebuchadnezzar II,Neo-Babylonian,Babylon,ORCC,cylinder,581.6010058318462,584.3887291205856,579.6409723251484,720.1518931042469
Q005523,562.0,Nebuchadnezzar II,Neo-Babylonian,Babylon,ORCC,cylinder,662.5616838841273,554.4834206766163,618.7450515831405,753.0736158688851
Q005524,562.0,Nebuchadnezzar II,Neo-Babylonian,Babylon,ORCC,cylinder,593.6280175622934,626.2420380839067,592.7604003826641,740.517596537105
Q005525,562.0,Nebuchadnezzar II,Neo-Babylonian,Babylon,ORCC,cylinder,730.2125058564168,624.473239765736,604.3944238103675,844.2665350456679
Q005526,562.0,Nebuchadnezzar II,Neo-Babylonian,Babylon,ORCC,cylinder,532.0118012739653,614.8139186862849,599.6231313872013,792.5311030059273
Q005528,562.0,Nebuchadnezzar II,Neo-Babylonian,Babylon,ORCC,glazed brick panel,724.8173790871546,633.181222775531,604.8032513094001,811.5125819523007
Q005531,562.0,Nebuchadnezzar II,Neo-Babylonian,Babylon,ORCC,brick,587.1568539016307,555.7744802724826,528.9560130116683,578.628887984593
Q005532,562.0,Nebuchadnezzar II,Neo-Babylonian,Babylon,ORCC,brick,652.9236043488319,617.4821970061607,533.6230073082819,582.1142415041917
Q005533,562.0,Nebuchadnezzar II,Neo-Babylonian,Babylon,ORCC,brick,660.8788112676367,618.387822569861,633.866948591439,671.0066299402216
Q005534,562.0,Nebuchadnezzar II,Neo-Babylonian,Babylon,ORCC,brick,668.9547105670737,601.5599977665478,523.9085752046508,595.4873663257563
Q005535,562.0,Nebuchadnezzar II,Neo-Babylonian,Babylon,ORCC,brick,614.0424507420678,594.6123114807872,541.1943920285662,608.7501923911603
Q005536,562.0,Nebuchadnezzar II,Neo-Babylonian,Babylon,ORCC,brick,703.2735032570208,530.947390160097,612.1472181018339,637.4181232184211
Q005537,562.0,Nebuchadnezzar II,Neo-Babylonian,Babylon,ORCC,brick,667.0135314772829,568.0935951241091,580.2560734692147,598.6402893100277
Q005538,562.0,Nebuchadnezzar II,Neo-Babylonian,Babylon,ORCC,brick,648.3587336293822,623.1372084051246,554.6138977269651,603.4830613604435
Q005540,562.0,Nebuchadnezzar II,Neo-Babylonian,Babylon,ORCC,brick,395.6471420604577,516.525736297142,478.0736893802606,519.9241772356809
Q005541,562.0,Nebuchadnezzar II,Neo-Babylonian,Babylon,ORCC,brick,565.9151860958909,744.591403371876,641.6634098112277,727.9935590603535
Q005542,562.0,Nebuchadnezzar II,Neo-Babylonian,Babylon,ORCC,brick,683.8342563727118,558.1803941676224,566.3931198775684,559.2109858087722
Q005545,562.0,Nebuchadnezzar II,Neo-Babylonian,Babylon,ORCC,eyestone,691.8693586073206,587.9780539466365,586.9235528962643,593.5711441386082
Q005550,562.0,Nebuchadnezzar II,Neo-Babylonian,Borsippa,ORCC,cylinder,684.3090258855808,587.9770362866254,608.6317340162948,594.758446265747
Q005551,562.0,Nebuchadnezzar II,Neo-Babylonian,Borsippa,ORCC,cylinder,680.0129378977954,595.389379711474,602.1833293146485,571.5692385572895
Q005552,562.0,Nebuchadnezzar II,Neo-Babylonian,Borsippa,ORCC,cylinder,502.54223811578834,568.4009095537289,475.5247847925327,654.3614836380242
Q005554,562.0,Nebuchadnezzar II,Neo-Babylonian,Borsippa,ORCC,cylinder,538.8093194993162,598.0096168219221,507.5753946787383,655.7359123858756
Q005555,562.0,Nebuchadnezzar II,Neo-Babylonian,Borsippa,ORCC,cylinder,659.3604251565387,549.8181728383548,587.1908086655944,623.1819378645935
Q005556,562.0,Nebuchadnezzar II,Neo-Babylonian,Borsippa,ORCC,cylinder,646.9139189320586,598.3496112137888,609.8388771913599,598.9297848727966
Q005557,562.0,Nebuchadnezzar II,Neo-Babylonian,Borsippa,ORCC,cylinder,708.7385705584104,643.1393156390094,582.7521409538266,667.9537805139768
Q005558,562.0,Nebuchadnezzar II,Neo-Babylonian,Borsippa,ORCC,block,617.8500929540054,591.3304159436897,569.8837979182537,597.1464885993838
Q005559,562.0,Nebuchadnezzar II,Neo-Babylonian,Borsippa,ORCC,paving stone,617.9482667681079,552.442618255245,534.4520334498336,487.48053252745046
Q005560,562.0,Nebuchadnezzar II,Neo-Babylonian,Borsippa,ORCC,block,647.3963489836052,638.052434086453,614.3056290524364,539.1797786905144
Q005561,562.0,Nebuchadnezzar II,Neo-Babylonian,Borsippa,ORCC,door socket,636.4229226261539,634.0264373502938,573.3975708302539,592.6138530221887
Q005562,562.0,Nebuchadnezzar II,Neo-Babylonian,Borsippa,ORCC,brick,533.5920540027075,507.9609314317593,552.2415739284243,599.5171708539305
Q005563,562.0,Nebuchadnezzar II,Neo-Babylonian,Borsippa,ORCC,brick,633.1090167640796,620.7312344671003,581.9918865025937,609.3027975080844
Q005566,562.0,Nebuchadnezzar II,Neo-Babylonian,Borsippa,ORCC,eye stone,661.7732123714386,573.1286139112747,559.2829655103524,553.5888151820292
Q005567,562.0,Nebuchadnezzar II,Neo-Babylonian,Borsippa,ORCC,eyestone,626.1183368880447,602.7752013462004,653.245111464093,563.1153934302596
Q005568,562.0,Nebuchadnezzar II,Neo-Babylonian,Cutha,ORCC,eyestone,622.9726906158908,588.6780152893559,552.4433074355095,544.5392013357246
Q005570,562.0,Nebuchadnezzar II,Neo-Babylonian,Isin,ORCC,brick,640.3238061824263,619.378042909275,579.4717892369929,563.206738170601
Q005571,562.0,Nebuchadnezzar II,Neo-Babylonian,Kish,ORCC,cylinder,640.8681204839498,634.270041294663,563.3085796711262,563.2957064018393
Q005575,562.0,Nebuchadnezzar II,Neo-Babylonian,Larsa,ORCC,brick,641.4830229483739,592.8175353626007,557.4125939296556,616.284339299942
Q005576,562.0,Nebuchadnezzar II,Neo-Babylonian,Marad,ORCC,cylinder,618.2622146217016,565.9942046206093,547.1979685110292,651.8531899825476
Q005577,562.0,Nebuchadnezzar II,Neo-Babylonian,Marad,ORCC,cylinder,586.9461095697352,545.2189782168431,525.9718283147147,678.9562669464503
Q005579,562.0,Nebuchadnezzar II,Neo-Babylonian,Sippar,ORCC,cylinder,627.9852021929145,585.3043696720264,546.1456347036054,587.2472057393428
Q005580,562.0,Nebuchadnezzar II,Neo-Babylonian,Sippar,ORCC,cylinder,648.0248567578041,600.1666213703409,593.536135326354,597.5737546933303
Q005582,562.0,Nebuchadnezzar II,Neo-Babylonian,Sippar,ORCC,cylinder,638.3468850023436,568.9486099570684,648.9731254889344,517.5712145548648
Q005584,562.0,Nebuchadnezzar II,Neo-Babylonian,Sippar,ORCC,brick,469.4450334385948,609.9278947483849,602.3999522220815,612.1295253175308
Q005585,562.0,Nebuchadnezzar II,Neo-Babylonian,Sippar,ORCC,brick,440.8781755434339,524.917557278108,601.9708998750391,611.937256959415
Q005586,562.0,Nebuchadnezzar II,Neo-Babylonian,Sippar,ORCC,brick,521.5924959852257,648.88688067425,610.1272231537555,736.6312881731836
Q005587,562.0,Nebuchadnezzar II,Neo-Babylonian,Ur,ORCC,brick,434.1088851711569,548.9734984125824,516.8425831953459,654.1038093711309
Q005588,562.0,Nebuchadnezzar II,Neo-Babylonian,Ur,ORCC,brick,416.5938958119,527.9325123362498,575.9010411149701,622.0689444832468
Q005589,562.0,Nebuchadnezzar II,Neo-Babylonian,Uruk,ORCC,cylinder,662.8043217400119,562.6998335373848,442.4138873961992,680.6353194610112
Q005591,562.0,Nebuchadnezzar II,Neo-Babylonian,Babylonia,ORCC,cylinder,534.7964556990112,781.4366651941572,653.2213179318517,745.2437056704191
Q005592,562.0,Nebuchadnezzar II,Neo-Babylonian,Babylonia,ORCC,brick,597.6028524228277,564.554555354714,502.0864132234223,635.9633520686306
Q005594,562.0,Nebuchadnezzar II,Neo-Babylonian,Babylonia,ORCC,eyestone,662.0509695687123,647.326135817122,531.2637301431708,757.6433023232871
Q005597,562.0,Nebuchadnezzar II,Neo-Babylonian,Brissa,ORCC,rock face,532.800692080737,691.8071650626507,627.2301098412124,799.8625882769134
Q006204,612.0,Sîn-šarru-iškun,Neo-Assyrian,Nimrud (Kalhu),ORCC,bulla,650.5068894817489,692.5996525036172,635.4244965786881,-89.10269521064663
Q006239,1132.0,Itti-Marduk-balaṭu,Middle Babylonian,Babylonia,ORCC,uncertain,592.8529973870155,593.5842955291029,640.3923332442329,767.823061803064
Q006240,1126.0,Ninurta-nadin-šumi,Middle Babylonian,Luristan,ORCC,dagger,862.5596555682507,985.5019235785943,736.068820034707,1140.0598674457801
Q006241,1104.0,Nebuchadnezzar I,Middle Babylonian,Babylon,ORCC,None,586.2017691601483,595.9856605229769,623.3462664342117,611.8117904004793
Q006243,1104.0,Nebuchadnezzar I,Middle Babylonian,Luristan,ORCC,dagger,730.0802867750816,750.5838347832486,712.2034695778929,777.4699328849033
Q006244,1104.0,Nebuchadnezzar I,Middle Babylonian,Luristan,ORCC,hatchet,619.7318760642513,585.8951516092313,598.8612907323659,642.2346365397352
Q006245,1104.0,Nebuchadnezzar I,Neo-Assyrian,Nineveh,ORCC,None,590.5725155951021,588.8195045826812,576.8477968151003,634.549702923273
Q006246,1104.0,Nebuchadnezzar I,Neo-Assyrian,Nineveh,ORCC,None,612.524073151345,648.3544845497362,636.1311601232902,659.6020294446469
Q006247,1104.0,Nebuchadnezzar I,Neo-Babylonian,Babylon,ORCC,None,611.5666591655047,580.3149430808371,575.6687702069645,600.3507213960495
Q006248,1104.0,Nebuchadnezzar I,Neo-Assyrian,Babylon,ORCC,None,592.6240716222086,604.7762203644351,643.1647137782468,709.9575651358285
Q006249,1104.0,Nebuchadnezzar I,Neo-Assyrian,Nineveh,ORCC,None,588.4746581361719,590.3011676034602,600.276366731287,639.274462087139
Q006250,1104.0,Nebuchadnezzar I,Middle Babylonian,Babylonia,ORCC,cylinder,624.0762105657025,629.9967066861124,617.0619198521688,640.7757697921685
Q006251,1104.0,Nebuchadnezzar I,Middle Babylonian,Sippar,ORCC,kudurru (boundary stone),627.2149524891892,638.9813644127532,621.3151363548233,698.0119677782264
Q006253,1100.0,Enlil-nadin-apli,Middle Babylonian,Luristan,ORCC,dagger,769.5773862361021,836.1439035110556,717.1271570810087,857.5623006209339
Q006256,1082.0,Marduk-nadin-ahhe,Middle Babylonian,Luristan,ORCC,dagger,776.5488517916683,782.7576914821576,688.861375061379,998.5745861209975
Q006257,1082.0,Marduk-nadin-ahhe,Middle Babylonian,Luristan,ORCC,dagger,803.7931715511404,842.3898816791805,711.8987109449849,917.1778422642108
Q006258,1082.0,Marduk-nadin-ahhe,Middle Babylonian,Luristan,ORCC,dagger,536.5740854136311,522.7198386501532,658.8680783777667,535.9675642334812
Q006259,1069.0,Marduk-šapik-zeri,Middle Babylonian,Babylonia,ORCC,cylinder,741.8470628298317,703.7624598938605,639.2254981247514,759.1939773560464
Q006260,1069.0,Marduk-šapik-zeri,Neo-Babylonian,Babylonia,ORCC,None,583.3547091925269,558.6887972881098,654.7807378971777,517.6266062470532
Q006261,1069.0,Marduk-šapik-zeri,Middle Babylonian,Luristan,ORCC,dagger,610.8050079397776,803.061422628964,681.5164262487293,668.4524573720201
Q006263,1047.0,Adad-apla-iddina,Middle Babylonian,Babylon,ORCC,brick,721.667770608145,702.8856191025914,698.2489341745185,893.8922487597879
Q006264,1047.0,Adad-apla-iddina,Middle Babylonian,Babylon,ORCC,cylinder,622.1585816424863,661.3944650097989,694.1412604696425,670.4242569159775
Q006267,1047.0,Adad-apla-iddina,Neo-Assyrian,Nineveh,ORCC,None,649.3832172401917,614.8661586584785,678.9637181023503,677.5040895194769
Q006268,1047.0,Adad-apla-iddina,Middle Babylonian,Dur-Šarrukin,ORCC,cone,614.9039623096741,666.2926254031775,662.3992457420945,721.5018127639371
Q006270,1047.0,Adad-apla-iddina,Neo-Babylonian,Uruk,ORCC,None,782.5474687040517,858.0130988368983,726.1116460546021,715.1886470204076
Q006273,1047.0,Adad-apla-iddina,Middle Babylonian,Ur,ORCC,brick,603.5665446260924,595.8196457975855,629.5860899786691,684.351904510146
Q006274,1047.0,Adad-apla-iddina,Middle Babylonian,Luristan,ORCC,dagger,669.375282363061,862.0662610962074,727.8149071679773,949.9755432392694
Q006276,1026.0,Nabû-šumu-libur,Middle Babylonian,Nimrud,ORCC,duck weight,722.5557451504545,678.2041377515154,665.9699959324894,489.57335284814394
Q006279,1008.0,Simbar-Šipak,Neo-Babylonian,Babylonia,ORCC,None,688.5831171201473,689.7565825458174,637.2399688109751,691.605204732038
Q006280,1008.0,Simbar-Šipak,Middle Babylonian,Luristan,ORCC,arrow head,520.4776005210483,815.3264284574452,642.632521899615,506.6805646166007
Q006281,1005.0,Kaššû-nadin-ahhe,Middle Babylonian,Luristan,ORCC,arrow head,807.6736859026162,1055.6911191995769,724.600581536559,727.422035269182
Q006282,988.0,Eulmaš-šakin-šumi,Middle Babylonian,Luristan,ORCC,arrow head,698.8579928866802,917.4258598731896,729.7719333860196,578.8263212565341
Q006283,988.0,Eulmaš-šakin-šumi,Middle Babylonian,Luristan,ORCC,dagger,698.8579928866802,917.4258598731896,729.7719333860196,578.8263212565341
Q006284,985.0,Ninurta-kudurri-usur I,Middle Babylonian,Luristan,ORCC,arrow head,591.6603858300494,839.7025615581391,650.6718439619888,681.7792470080659
Q006285,10.0,Bazi Dynasty Unidentified Ruler,Middle Babylonian,Uruk,ORCC,None,671.5633477750039,669.6871835525219,641.5694119293753,696.973305827287
Q006286,10.0,Bazi Dynasty Unidentified Ruler,Middle Babylonian,Luristan,ORCC,arrow head,531.9808652940509,665.6742095430121,659.8451134267095,687.9180113265693
Q006287,10.0,Bazi Dynasty Unidentified Ruler,Middle Babylonian,Luristan,ORCC,arrow head,570.8454460661098,818.7238700209532,719.0499857261672,693.0581350124902
Q006288,979.0,Mar-biti-apla-uṣur,Middle Babylonian,Luristan,ORCC,arrow head,688.0404679672212,809.8964178264459,679.1772953842441,859.7754718065516
Q006289,943.0,Nabû-mukin-apli,Neo-Babylonian,Luristan,ORCC,arrow head,651.786404558965,734.249447756437,656.3656597934541,334.29561947023757
Q006290,943.0,Nabû-mukin-apli,Neo-Babylonian,Luristan,ORCC,situla,515.35250355004,680.4334924266873,639.1932759571513,649.5245413653521
Q006291,943.0,Nabû-mukin-apli,Neo-Babylonian,Luristan,ORCC,situla,733.832680718772,643.9920782486479,644.7481492037418,527.8823940328616
Q006292,943.0,Nabû-mukin-apli,Neo-Babylonian,Luristan,ORCC,arrow head,727.495317125659,744.9154594508989,650.560175723554,721.7804274305333
Q006293,943.0,Nabû-mukin-apli,Neo-Babylonian,Luristan,ORCC,arrow head,720.4425184616011,666.4144092450705,629.7478469345951,737.2825089297309
Q006294,943.0,Nabû-mukin-apli,Neo-Babylonian,Luristan,ORCC,dagger,690.2643672461692,619.1819758597659,632.4279819633241,566.6774266791685
Q006295,9.0,Marduk-zakir-šumi I,Neo-Babylonian,Babylon,ORCC,seal,551.378819452214,660.9155486855828,683.2833166824328,620.024810394192
Q006296,9.0,Marduk-zakir-šumi I,Neo-Babylonian,Babylonia,ORCC,None,647.2843675451987,694.9849664395036,708.130428213782,517.136509353923
Q006297,9.0,Marduk-zakir-šumi I,Neo-Babylonian,Zalu-Ab,ORCC,vessel,618.9288047180536,665.5776270971613,643.6013957181001,620.7799553196761
Q006298,9.0,Nabû-šumu-lišir,Neo-Babylonian,Babylonia,ORCC,weight,661.1477164060583,575.0129392096472,627.5666299028463,644.9025100653481
Q006299,9.0,Marduk-šakin-šumi,Neo-Babylonian,Babylonia,ORCC,seal,444.5832239651291,616.4844569653469,628.3588416766876,579.5767388881327
Q006300,8.0,Eriba-Marduk,Neo-Babylonian,Nimrud,ORCC,duck weight,632.3469578991535,521.4131227603431,622.6045997924407,635.2390529729174
Q006301,8.0,Eriba-Marduk,Neo-Babylonian,Uruk,ORCC,duck weight,632.3469578991535,521.4131227603431,622.6767476935165,635.2390529729174
Q006302,748.0,Nabû-šuma-iškun,Neo-Babylonian,Uruk,ORCC,None,538.9499553903784,597.810141671255,546.6994590654851,567.6297177362399
Q006303,748.0,Nabû-šuma-iškun,Neo-Babylonian,Borsippa,ORCC,cylinder,689.6875387672496,620.6765699620707,676.2937236717665,602.8693120281002
Q006304,734.0,Nabû-naṣir,Neo-Babylonian,Uruk,ORCC,cylinder,627.8756291951028,633.4316196359441,597.2938017310073,675.1717307098963
Q006305,710.0,Marduk-apla-iddina II,Neo-Babylonian,Nimrud,ORCC,cylinder,667.3826904423323,678.9597019287007,690.9004767818311,674.488683704846
Q006308,710.0,Marduk-apla-iddina II,Neo-Babylonian,Babylonia,ORCC,seal,505.5232106481345,277.0742566003688,616.7548467083127,570.0223874322318
Q006309,710.0,Marduk-apla-iddina II,Neo-Babylonian,Kish,ORCC,brick,620.8549438240948,655.2053772234603,663.0150361191932,617.7532839955882
Q006310,700.0,Bel-ibni,Neo-Babylonian,Babylonia,ORCC,None,628.8271281286742,677.4470671204106,662.0725987305782,675.5977032139502
Q006311,648.0,Šamaš-šuma-ukin,Neo-Babylonian,Sippar,ORCC,cylinder,609.8121859438684,601.2548907793591,592.9877003039974,653.5281275879158
Q006313,648.0,Šamaš-šuma-ukin,Neo-Babylonian,Borsippa,ORCC,stele,645.2031232515316,608.9805875204627,564.4469349411919,646.7001714849843
Q006314,648.0,Šamaš-šuma-ukin,Neo-Babylonian,Borsippa,ORCC,cylinder,653.1054485114794,600.9440784232637,655.1560160212598,630.5385353216355
Q006315,648.0,Šamaš-šuma-ukin,Neo-Babylonian,Babylonia,ORCC,None,605.4405374247488,624.4732739763555,658.4351555793704,683.3821533571507
Q006316,648.0,Šamaš-šuma-ukin,Neo-Babylonian,Babylonia,ORCC,cylinder,679.569577677622,655.7208047657103,697.3886168494494,666.067946159248
Q006317,648.0,Šamaš-šuma-ukin,Neo-Babylonian,Ur,ORCC,None,616.4926276624174,653.658499809087,615.4093715748329,599.5625989609614
Q006318,7.0,Unidentified Neo-Babylonian Ruler,Neo-Babylonian,Babylonia,ORCC,mace head,577.4876677509415,619.7971799763773,535.413351765114,663.7531258415146
Q006319,7.0,Unidentified Neo-Babylonian Ruler,Neo-Babylonian,Luristan,ORCC,situla,667.0773118395233,751.0065288304568,690.7819582758134,796.9760186738606
Q006320,7.0,Unidentified Neo-Babylonian Ruler,Neo-Babylonian,Luristan,ORCC,situla,665.3689436261031,712.9883028187331,678.8249652770379,757.453215838137
Q006322,7.0,Unidentified Neo-Babylonian Ruler,Neo-Babylonian,Luristan,ORCC,mace head,784.4636616696507,824.6292341301427,712.7327123256556,734.8790944638326
Q006323,705.0,Sargon II,Neo-Assyrian,Babylon,ORCC,brick,640.4155217980531,643.8188310087521,642.2016705649942,676.7604548643567
Q006325,705.0,Sargon II,Neo-Assyrian,Uruk,ORCC,cylinder,711.3998783831412,698.966978270882,675.7672022903371,660.1593845973898
Q006326,705.0,Sargon II,Neo-Assyrian,Uruk,ORCC,brick,732.4146304083674,794.9077200868635,662.0906740562804,687.1488374240513
Q006329,727.0,Tiglath-pileser III,wall slab (with reliefs),Nimrud,ORCC,None,688.6143219365985,759.8400352497825,722.9755947006704,647.1639459282294
Q006330,727.0,Tiglath-pileser III,wall slab (with reliefs),Nimrud,ORCC,None,647.0182653704924,656.6373913575258,664.9566491895399,660.0945646564815
Q006331,727.0,Tiglath-pileser III,wall slab (with reliefs),Nimrud,ORCC,None,656.2819288073405,725.6864903965845,677.6717309245251,654.9449969801125
Q006333,727.0,Tiglath-pileser III,wall slab (with reliefs),Nimrud,ORCC,None,682.4477658690208,759.8400352497825,723.2279095027257,650.8211231912638
Q006482,705.0,Sargon II,Neo-Assyrian,Khorsabad (Dur-Šarrukin),ORCC,wall slab (with reliefs),722.8513200118441,775.3603473790629,665.834442897435,679.6430917399174
Q006483,705.0,Sargon II,Neo-Assyrian,Khorsabad (Dur-Šarrukin),ORCC,wall slab (with reliefs),678.227337374811,670.6754550031563,713.619680725947,673.3065726472889
Q006484,705.0,Sargon II,Neo-Assyrian,Khorsabad (Dur-Šarrukin),ORCC,wall slab (with reliefs),654.0334331797716,711.9849412889498,676.2322556739578,675.0307114626676
Q006485,705.0,Sargon II,Neo-Assyrian,Khorsabad (Dur-Šarrukin),ORCC,wall slab (with reliefs),677.9325243444542,712.5785294363401,740.7105308914633,626.7067012660325
Q006486,705.0,Sargon II,Neo-Assyrian,Khorsabad (Dur-Šarrukin),ORCC,wall slab (with reliefs),646.2787500650928,668.617679772164,658.0551494683504,582.6846787612233
Q006487,705.0,Sargon II,Neo-Assyrian,Khorsabad (Dur-Šarrukin),ORCC,wall slab (with reliefs),656.1872995524021,737.7819891345358,699.2097401363158,716.3720712945936
Q006488,705.0,Sargon II,Neo-Assyrian,Khorsabad (Dur-Šarrukin),ORCC,wall slab (with reliefs),694.990931092159,744.4231756281531,657.9765184835152,687.1159480452974
Q006489,705.0,Sargon II,Neo-Assyrian,Khorsabad (Dur-Šarrukin),ORCC,wall slab (with reliefs),733.4155508157704,757.253438246712,625.4712701260135,718.3289100423184
Q006490,705.0,Sargon II,Neo-Assyrian,Khorsabad (Dur-Šarrukin),ORCC,human-headed bull colossus,721.5833677076891,777.9811392215126,678.7869936296344,726.0788227387416
Q006491,705.0,Sargon II,Neo-Assyrian,Khorsabad (Dur-Šarrukin),ORCC,slab,707.1385814890187,737.4380356529424,661.3136448622267,694.0308247547282
Q006492,705.0,Sargon II,Neo-Assyrian,Khorsabad (Dur-Šarrukin),ORCC,slab,691.730373185708,722.2333125160253,715.4190788284579,699.1196246773901
Q006493,705.0,Sargon II,Neo-Assyrian,Khorsabad (Dur-Šarrukin),ORCC,slab,657.5116042765109,713.2176475391581,688.5693674691327,698.8410091943884
Q006494,705.0,Sargon II,Neo-Assyrian,Khorsabad (Dur-Šarrukin),ORCC,slab,754.1346730371445,764.0697917807328,720.136841991039,716.3241676772981
Q006495,705.0,Sargon II,Neo-Assyrian,Khorsabad (Dur-Šarrukin),ORCC,slab,694.1737298824212,755.8065468556019,710.0390932494802,736.4752656378568
Q006496,705.0,Sargon II,Neo-Assyrian,Khorsabad (Dur-Šarrukin),ORCC,slab,609.7761035551936,652.4919804796958,687.8742346564346,645.8146224842392
Q006497,705.0,Sargon II,Neo-Assyrian,Khorsabad (Dur-Šarrukin),ORCC,slab,674.86671736571,728.4229662671095,670.1136814166277,752.8477121663316
Q006498,705.0,Sargon II,Neo-Assyrian,Khorsabad (Dur-Šarrukin),ORCC,slab,688.4136021759916,630.0445303466266,709.7022725953815,607.0446135023703
Q006499,705.0,Sargon II,Neo-Assyrian,Khorsabad (Dur-Šarrukin),ORCC,slab,606.1951081525001,695.0835173738877,651.3642647296298,658.6648412036296
Q006500,705.0,Sargon II,Neo-Assyrian,Khorsabad (Dur-Šarrukin),ORCC,slab,682.0657382463186,741.997576279734,701.336360218409,695.8041311064761
Q006501,705.0,Sargon II,Neo-Assyrian,Khorsabad (Dur-Šarrukin),ORCC,slab,636.9053615842051,653.6080215323549,682.117164480583,619.4767998355331
Q006503,705.0,Sargon II,Neo-Assyrian,Khorsabad (Dur-Šarrukin),ORCC,slab,617.4008340808604,674.3417253361955,640.6019269583815,691.1017307917881
Q006504,705.0,Sargon II,Neo-Assyrian,Khorsabad (Dur-Šarrukin),ORCC,wall slab (with reliefs),680.4406700479907,736.0250568911462,695.4017565980664,685.5932285680959
Q006505,705.0,Sargon II,Neo-Assyrian,Khorsabad (Dur-Šarrukin),ORCC,wall slab (with reliefs),694.2396686485224,802.5400032799706,676.2193427103633,639.7372466287435
Q006506,705.0,Sargon II,Neo-Assyrian,Khorsabad (Dur-Šarrukin),ORCC,wall slab (with reliefs),614.6222791765388,923.4828969809593,693.8305066104272,759.5623961130817
Q006507,705.0,Sargon II,Neo-Assyrian,Khorsabad (Dur-Šarrukin),ORCC,wall slab (with reliefs),691.5412199923718,1011.4917688230888,694.5996282867825,732.2070340740673
Q006508,705.0,Sargon II,Neo-Assyrian,Khorsabad (Dur-Šarrukin),ORCC,wall slab (with reliefs),746.4067473203498,888.7575555456527,674.5814671345199,683.5304350142737
Q006509,705.0,Sargon II,Neo-Assyrian,Khorsabad (Dur-Šarrukin),ORCC,wall slab (with reliefs),814.7479502630231,912.2997944425379,678.1557874511049,649.5202922825925
Q006510,705.0,Sargon II,Neo-Assyrian,Khorsabad (Dur-Šarrukin),ORCC,wall slab (with reliefs),643.6668529015024,797.6550799302116,678.567471797108,699.2464241042593
Q006511,705.0,Sargon II,Neo-Assyrian,Khorsabad (Dur-Šarrukin),ORCC,wall slab (with reliefs),753.0464230715422,853.1424843279947,683.4299844054717,688.463851716336
Q006512,705.0,Sargon II,Neo-Assyrian,Khorsabad (Dur-Šarrukin),ORCC,wall slab (with reliefs),791.4883969408185,746.1952918999045,686.4523299925723,417.50230601453575
Q006513,705.0,Sargon II,Neo-Assyrian,Khorsabad (Dur-Šarrukin),ORCC,wall slab (with reliefs),695.7619082720411,715.1383025733081,689.597287516855,632.3586326328538
Q006515,705.0,Sargon II,Neo-Assyrian,Khorsabad (Dur-Šarrukin),ORCC,wall slab (with reliefs),656.7552604425413,692.4064986881051,686.9228652080948,670.4891980949975
Q006516,705.0,Sargon II,Neo-Assyrian,Khorsabad (Dur-Šarrukin),ORCC,wall slab (with reliefs),698.6506200335065,744.2761092709189,636.5628752062605,650.0899964090158
Q006517,705.0,Sargon II,Neo-Assyrian,Khorsabad (Dur-Šarrukin),ORCC,wall slab (with reliefs),854.8869505106384,572.3541416791767,688.3113266258076,710.0717921671018
Q006518,705.0,Sargon II,Neo-Assyrian,Khorsabad (Dur-Šarrukin),ORCC,wall slab (with reliefs),699.7714012219703,800.7435337065007,716.8463301580612,640.8416019609726
Q006519,705.0,Sargon II,Neo-Assyrian,Khorsabad (Dur-Šarrukin),ORCC,wall slab (with reliefs),499.52696199020147,644.4893601166029,697.20343386221,693.9311620296639
Q006520,705.0,Sargon II,Neo-Assyrian,Khorsabad (Dur-Šarrukin),ORCC,wall slab (with reliefs),669.2758991298967,859.196218788165,704.3200782958035,689.8300148118966
Q006521,705.0,Sargon II,Neo-Assyrian,Khorsabad (Dur-Šarrukin),ORCC,wall slab (with reliefs),728.3923819665378,688.9934747661101,687.2950572181061,656.4684813136411
Q006522,705.0,Sargon II,Neo-Assyrian,Khorsabad (Dur-Šarrukin),ORCC,wall slab (with reliefs); human-headed bull colossus,694.5306261777645,781.8392363227968,678.7081918058853,764.1408225446572
Q006523,705.0,Sargon II,Neo-Assyrian,Khorsabad (Dur-Šarrukin),ORCC,wall slab (with reliefs),704.3795941544057,721.7830835417707,657.6716070452608,660.3214543012774
Q006524,705.0,Sargon II,Neo-Assyrian,Khorsabad (Dur-Šarrukin),ORCC,prismatic cylinder,728.6555540390015,775.3603473790629,667.1568521751279,699.7853972350392
Q006525,705.0,Sargon II,Neo-Assyrian,Khorsabad (Dur-Šarrukin),ORCC,None,679.4826356702482,791.1608707428156,666.3511568464091,697.4798479461837
Q006526,705.0,Sargon II,Neo-Assyrian,Khorsabad (Dur-Šarrukin),ORCC,None,637.5592926454331,706.6255742092812,697.461860826516,659.9320719279835
Q006527,705.0,Sargon II,Neo-Assyrian,Khorsabad (Dur-Šarrukin),ORCC,None,636.0921651372523,679.0486560065408,665.8680457778861,695.3395953095991
Q006528,705.0,Sargon II,Neo-Assyrian,Khorsabad (Dur-Šarrukin),ORCC,None,569.7901403642134,666.9565047735132,670.9989985903328,676.3484232786401
Q006529,705.0,Sargon II,Neo-Assyrian,Khorsabad (Dur-Šarrukin),ORCC,None,622.2730968432518,633.1495368407341,720.4443360499886,662.1103010958559
Q006530,705.0,Sargon II,Neo-Assyrian,Khorsabad (Dur-Šarrukin),ORCC,altar,741.1450796800785,712.1239878961783,687.9849960790112,771.2526317857933
Q006531,705.0,Sargon II,Neo-Assyrian,Khorsabad (Dur-Šarrukin),ORCC,brick,645.8729023853147,594.5974292494285,655.7743262174787,624.0599005452333
Q006532,705.0,Sargon II,Neo-Assyrian,Khorsabad (Dur-Šarrukin),ORCC,brick,664.1147159907496,592.0792471803495,687.4741649016114,714.1603274303858
Q006533,705.0,Sargon II,Neo-Assyrian,Khorsabad (Dur-Šarrukin),ORCC,brick,692.8873837268447,676.4713368623785,606.2394925826964,645.4236595144474
Q006535,705.0,Sargon II,Neo-Assyrian,Khorsabad (Dur-Šarrukin),ORCC,brick,606.3505202217376,520.6593374617216,629.0811152713509,658.9481465723591
Q006536,705.0,Sargon II,Neo-Assyrian,Khorsabad (Dur-Šarrukin),ORCC,brick,648.4864597515253,619.0582477192044,614.1017757289392,584.2520490242478
Q006537,705.0,Sargon II,Neo-Assyrian,Khorsabad (Dur-Šarrukin),ORCC,brick,632.6647843490906,645.2560374913619,666.8935888533547,679.7597935260136
Q006538,705.0,Sargon II,Neo-Assyrian,Khorsabad (Dur-Šarrukin),ORCC,glazed brick frieze,691.696224691969,614.5205585538217,688.3117965966361,676.2137222638105
Q006540,705.0,Sargon II,Neo-Assyrian,Khorsabad (Dur-Šarrukin),ORCC,bowl,824.1526564604908,757.3711159367468,622.990881184675,674.6736309600607
Q006541,705.0,Sargon II,Neo-Assyrian,Khorsabad (Dur-Šarrukin),ORCC,bowl,851.2441949859505,851.7881917226925,704.2035008917783,729.666201147985
Q006542,705.0,Sargon II,Neo-Assyrian,Khorsabad (Dur-Šarrukin),ORCC,eyestone,732.7596940400266,552.669489136032,680.2390191874027,678.3913022151377
Q006544,705.0,Sargon II,Neo-Assyrian,Qalat Sherqat (Assur),ORCC,prism,672.9399550591811,699.9492255019512,673.0056606181275,708.0077372205451
Q006545,705.0,Sargon II,Neo-Assyrian,Qalat Sherqat (Assur),ORCC,cylinder,655.8976594116557,722.654155884985,689.6496848787241,689.9296881603224
Q006546,705.0,Sargon II,Neo-Assyrian,Qalat Sherqat (Assur),ORCC,None,674.5132272646234,699.7840462961218,836.9366361416041,691.6116660874759
Q006547,705.0,Sargon II,Neo-Assyrian,Qalat Sherqat (Assur),ORCC,glazed wall plaque,673.702256007735,588.2723824436353,655.2111789198199,722.2943855764751
Q006548,705.0,Sargon II,Neo-Assyrian,Qalat Sherqat (Assur),ORCC,cone,620.0508509977004,675.7610884900649,662.0984461188152,645.0318921799787
Q006549,705.0,Sargon II,Neo-Assyrian,Qalat Sherqat (Assur),ORCC,brick,651.6667881085484,640.529675144894,657.2856469346816,676.4252858264858
Q006550,705.0,Sargon II,Neo-Assyrian,Qalat Sherqat (Assur),ORCC,brick,717.6100211694476,674.0132605787715,702.2002825743764,716.9165465899272
Q006551,705.0,Sargon II,Neo-Assyrian,Qalat Sherqat (Assur),ORCC,brick,801.2613176841705,654.469667584952,671.5927050513694,665.1354084537887
Q006552,705.0,Sargon II,Neo-Assyrian,Qalat Sherqat (Assur),ORCC,grazed brick frieze,743.1362037344154,842.8525263043945,695.763638906401,706.9906693447526
Q006553,705.0,Sargon II,Neo-Assyrian,Qalat Sherqat (Assur),ORCC,None,704.6338547025254,670.7690761025833,694.1870154351079,652.6374873919053
Q006554,705.0,Sargon II,Neo-Assyrian,Nimrud (Kalhu),ORCC,slab,698.3975841889403,740.2872644220952,680.8688646832677,659.8840544940671
Q006555,705.0,Sargon II,Neo-Assyrian,Nimrud (Kalhu),ORCC,prism,700.0584728238698,710.7863209447089,585.6652991165157,658.3128839237054
Q006556,705.0,Sargon II,Neo-Assyrian,Nimrud (Kalhu),ORCC,prism,609.8041853253173,655.7039965486839,699.9052735392188,709.6921191961771
Q006557,705.0,Sargon II,Neo-Assyrian,Nimrud (Kalhu),ORCC,prismatic cylinder,724.4669014421678,746.1276090167846,679.5510366343755,728.8617296999407
Q006558,705.0,Sargon II,Neo-Assyrian,Nimrud (Kalhu),ORCC,vase; jar,703.7088984168969,636.8598424531605,667.5761384241022,678.6915370214253
Q006559,705.0,Sargon II,Neo-Assyrian,Nimrud (Kalhu),ORCC,lion weight,653.808249619156,615.1016034417423,679.5057560521583,683.9021323658819
Q006560,705.0,Sargon II,Neo-Assyrian,Nimrud (Kalhu),ORCC,lion weight,657.5394299214449,497.54954896413227,668.088284500847,473.31964753300673
Q006561,705.0,Sargon II,Neo-Assyrian,Nimrud (Kalhu),ORCC,writing board,580.7134970231115,699.5992099651185,629.975386155252,663.3951826395064
Q006562,705.0,Sargon II,Neo-Assyrian,Kuyunjik (Nineveh),ORCC,wall slab (with reliefs),654.3883328605267,709.5182928746874,693.8802260279077,686.7058060056929
Q006563,705.0,Sargon II,Neo-Assyrian,Kuyunjik (Nineveh),ORCC,prism,656.6040085581897,722.2752017002707,664.4056215572202,687.7661960677804
Q006564,705.0,Sargon II,Neo-Assyrian,Kuyunjik (Nineveh),ORCC,prism,646.3136602447724,678.53980929012,671.606890726534,666.5898633639769
Q006565,705.0,Sargon II,Neo-Assyrian,Kuyunjik (Nineveh),ORCC,cylinder,688.0724236265514,688.0538863253473,729.5246080425718,707.0309124452799
Q006566,705.0,Sargon II,Neo-Assyrian,Kuyunjik (Nineveh),ORCC,prismatic cylinder,644.346193133586,621.9107231897323,700.0301912803676,692.446435734955
Q006567,705.0,Sargon II,Neo-Assyrian,Kuyunjik (Nineveh),ORCC,cylinder,650.6620152158441,685.8796152641628,686.9066813328482,692.7961501393766
Q006568,705.0,Sargon II,Neo-Assyrian,Kuyunjik (Nineveh),ORCC,cylinder,654.0782201803627,716.817578158035,678.3742902387147,684.8125610384084
Q006569,705.0,Sargon II,Neo-Assyrian,Kuyunjik (Nineveh),ORCC,prismatic cylinder,752.7593064708389,783.3627353167749,802.0054435505699,784.3329572316651
Q006570,705.0,Sargon II,Neo-Assyrian,Kuyunjik (Nineveh),ORCC,None,696.2329356736755,716.0000839875729,730.4896503250887,669.1413403712121
Q006571,705.0,Sargon II,Neo-Assyrian,Kuyunjik (Nineveh),ORCC,None,617.9970582941697,502.9023785458137,648.5789488965682,661.3777365169736
Q006572,705.0,Sargon II,Neo-Assyrian,Kuyunjik (Nineveh),ORCC,None,710.715473682646,742.5119447630703,711.7578554255641,673.196246031416
Q006573,705.0,Sargon II,Neo-Assyrian,Kuyunjik (Nineveh),ORCC,cone,675.3792905437699,682.5440042670025,628.7080130847744,540.6490825894884
Q006574,705.0,Sargon II,Neo-Assyrian,Kuyunjik (Nineveh),ORCC,slab,672.0754815503103,360.65521070451416,654.208431551969,664.8656171467227
Q006575,705.0,Sargon II,Neo-Assyrian,Kuyunjik (Nineveh),ORCC,slab,575.9385145044464,165.2674997382863,673.8334772226477,672.5643513434654
Q006576,705.0,Sargon II,Neo-Assyrian,Kuyunjik (Nineveh),ORCC,brick; slab,586.0306207930892,686.9700538433049,594.1872239021549,468.14405743065754
Q006577,705.0,Sargon II,Neo-Assyrian,Kuyunjik (Nineveh),ORCC,brick,608.430255834834,612.6721603029101,575.7728116933862,608.2200671278699
Q006578,705.0,Sargon II,Neo-Assyrian,Kuyunjik (Nineveh),ORCC,brick,639.6989568211178,494.9506880155919,646.4069598400516,665.9951368405685
Q006579,705.0,Sargon II,Neo-Assyrian,Kuyunjik (Nineveh),ORCC,brick,775.9145705296473,396.4633815318798,658.9958483509416,678.5781102769146
Q006580,705.0,Sargon II,Neo-Assyrian,Kuyunjik (Nineveh),ORCC,plating (for doorjamb),574.7710862468657,487.09447298869554,644.9658619821905,644.6950516361886
Q006581,705.0,Sargon II,Neo-Assyrian,Kuyunjik (Nineveh),ORCC,eyestone,638.468288644292,746.4092304680488,696.8839081138049,682.6771312144116
Q006582,705.0,Sargon II,Neo-Assyrian,Kuyunjik (Nineveh),ORCC,tablet ?,631.8801718512951,809.0456980485828,722.836292786976,679.7340726438117
Q006583,705.0,Sargon II,Neo-Assyrian,uncertain,ORCC,None,645.1324487549081,657.9390989717378,568.7275115940785,617.4799232342228
Q006584,705.0,Sargon II,Neo-Assyrian,Larnaka,ORCC,stele,711.2900969511488,667.1678119026961,716.805318739811,719.017918571688
Q006585,705.0,Sargon II,Neo-Assyrian,Ashdod (Asdūdu),ORCC,stele,689.8957391906324,683.6626300186813,722.7605359323603,695.3491994265614
Q006586,705.0,Sargon II,Neo-Assyrian,uncertain,ORCC,stele,706.9779391900825,789.3085081852834,751.0695489174259,721.6265466729174
Q006587,705.0,Sargon II,Neo-Assyrian,Acharneh (Tunip),ORCC,stele,681.8290837570481,645.8549546139143,708.9615011405299,698.3528393104328
Q006588,705.0,Sargon II,Neo-Assyrian, Ahmar (Til Barsip),ORCC,stele,659.6649744688283,724.3711821981358,663.0007151977106,753.5215264454274
Q006589,705.0,Sargon II,Neo-Assyrian,Tell Tayinat (Unqi),ORCC,stele,686.7937493867955,694.9851395324168,692.9463394581753,751.3267142673434
Q006590,705.0,Sargon II,Neo-Assyrian,Europos (Carchemish),ORCC,cylinder,702.0975264338018,722.1753380715448,738.7778963943473,614.038183893109
Q006591,705.0,Sargon II,Neo-Assyrian,Europos (Carchemish),ORCC,brick,671.1108945326645,570.8790449782915,677.7500761131787,677.7932879976878
Q006592,705.0,Sargon II,Neo-Assyrian,Arslantepe (Melidu),ORCC,cylinder,687.7741428717713,715.1234345089462,598.6154962617508,689.4404230426898
Q006593,705.0,Sargon II,Neo-Assyrian,Arslantepe (Melidu),ORCC,cylinder,728.6723126451836,783.7369704463908,715.6900343610604,568.9070075303719
Q006594,705.0,Sargon II,Neo-Assyrian,Arslantepe (Melidu),ORCC,cylinder,684.5077521150325,717.1126843823903,649.3125718071552,655.8977752533045
Q006595,705.0,Sargon II,Neo-Assyrian,Arslantepe (Melidu),ORCC,cylinder,662.6482543942515,696.223005148431,681.4618160644542,702.798299705492
Q006596,705.0,Sargon II,Neo-Assyrian,Najafabad (Kišesim),ORCC,stele,643.9908617092099,686.0250370041433,692.3976059802555,699.1647423834233
Q006597,705.0,Sargon II,Neo-Assyrian,Tang-i Var,ORCC,rock cliff,686.9852067342432,663.1544242263805,693.9135997939657,703.3309749511615
Q006598,705.0,Sargon II,Neo-Assyrian,Persepolis (Pārśa),ORCC,bead,746.4731038739897,507.36827819518936,668.687653516709,654.8249275928891
Q006599,705.0,Sargon II,Neo-Assyrian,Persepolis (Pārśa),ORCC,eyestone,603.6784286650733,497.393566412153,654.7377081378077,677.6764886524682
Q006600,705.0,Sargon II,Neo-Assyrian,Persepolis (Pārśa),ORCC,eyestone,603.6784286650733,497.393566412153,654.7377081378077,677.6764886524682
Q006601,705.0,Sargon II,Neo-Assyrian,Persepolis (Pārśa),ORCC,eyestone,608.0903588618017,337.6025783125222,668.7050242512162,676.9586917481088
Q006602,705.0,Sargon II,Neo-Assyrian,Persepolis (Pārśa),ORCC,eyestone,728.4204739350023,651.2717501997433,687.1322924916806,672.2814488585507
Q006603,705.0,Sargon II,Neo-Assyrian,Babylon (Bābili),ORCC,brick,640.4155217980531,642.4300702318053,645.0842228540132,674.3578326416118
Q006604,705.0,Sargon II,Neo-Assyrian,Babylon (Bābili),ORCC,brick,806.9892159877311,817.5229500656371,694.6104996783029,761.7539850570626
Q006605,705.0,Sargon II,Neo-Assyrian,Warka (Uruk),ORCC,cylinder,715.8533041074721,707.7362868022633,683.8568787665652,650.8864992697188
Q006606,705.0,Sargon II,Neo-Assyrian,Warka (Uruk),ORCC,brick,732.4146304083674,787.0612429076007,659.8124385515009,699.8714752353867
Q006608,705.0,Sargon II,Neo-Assyrian,Warka (Uruk),ORCC,brick,797.9523296451641,737.1941856365733,671.2925794344716,655.0259771672299
Q006609,705.0,Sargon II,Neo-Assyrian,Tell Haddad (Me-Turan),ORCC,cylinder,732.1158730338177,771.3472215278648,666.8720528080802,740.798637591633
Q006610,705.0,Sargon II,Neo-Assyrian,uncertain,ORCC,bead,679.2717472055227,506.8117883329106,674.26740913934,655.5965377237585
Q006611,705.0,Sargon II,Neo-Assyrian,Qalʾeh-i Imam,ORCC,None,770.7181631636324,776.7149511337359,730.7242354375735,708.5219619079079
Q006633,705.0,Sargon II,Neo-Assyrian,Qalat Sherqat (Assur),ORCC,cone,695.6032008087232,775.208838924847,739.8665615777658,682.07225713252
Q006634,705.0,Sargon II,Neo-Assyrian,Qalat Sherqat (Assur),ORCC,cone,805.9922872491219,710.9303949229549,691.5957342677443,697.8195221613978
Q006636,705.0,Sargon II,Neo-Assyrian,Nimrud (Kalhu),ORCC,prismatic cylinder,649.7997122114593,617.3332777046625,674.437837226016,634.9950839164542
Q006637,705.0,Sargon II,Neo-Assyrian,Kuyunjik (Nineveh),ORCC,block,565.5687983521534,398.45826535130857,683.993417756686,614.4479060580055
Q006638,705.0,Sargon II,Neo-Assyrian,Kuyunjik (Nineveh),ORCC,lion colossus,694.8592764575602,729.3737244627409,687.8566780148913,635.4026275368968
Q006639,705.0,Sargon II,Neo-Assyrian,Samaria (Sāmerīna),ORCC,stele ?,483.9030188519606,551.1313953088794,660.4848980017165,674.9140075658441
Q006640,705.0,Sargon II,Neo-Assyrian,Europos (Carchemish),ORCC,stele ?,682.5264242695973,685.4747682820838,667.6177859052441,715.1595330289558
Q006643,705.0,Sargon II,Neo-Assyrian,Nimrud (Kalhu),ORCC,bowl; jar; mirror,727.7466391439295,546.0668347143965,679.4728646674724,706.6685858334894
Q006644,705.0,Sargon II,Neo-Assyrian,Khorsabad (Dur-Šarrukin),ORCC,slab,612.6631431859469,676.3246196120634,654.5396060509711,663.0954085204488
Q006645,705.0,Sargon II,Neo-Assyrian,Khorsabad (Dur-Šarrukin),ORCC,macehead,517.3962899398718,530.1586200367285,661.5730216247832,640.4669640398088
Q006647,705.0,Sargon II,Neo-Assyrian,Qalat Sherqat (Assur),ORCC,coffer,615.2852142403873,645.9384552503191,678.5555765153629,675.8277652627123
Q006648,705.0,Sargon II,Neo-Assyrian,Nimrud (Kalhu),ORCC,cylinder seal (sealing),557.0743637073172,632.5023911110976,706.6619794502295,595.1326503230741
Q006649,705.0,Sargon II,Neo-Assyrian,uncertain,ORCC,cylinder seal,569.5181154169027,532.011295953635,635.8171596843838,562.1901320165127
Q006650,705.0,Sargon II,Neo-Assyrian,Tell Haddad (Me-Turan),ORCC,axehead,619.9674950468121,685.4200591129253,663.7313643587061,566.5276503302533
Q006651,705.0,Sargon II,Neo-Assyrian,Tell Baradan,ORCC,cylinder,667.673659756715,655.712343081902,707.0460075244923,614.5376758819099
Q006652,705.0,Sargon II,Neo-Assyrian,Tell Ahmar (Til Barsip),ORCC,stele,642.5512565449412,679.1107753206036,631.6649269291523,596.7057694915799
Q006653,530.0,Cyrus II,Achaemenid,Babylon,ORCC,"cylinder, tablet",603.604022117601,638.7040720123719,573.1415532594237,583.028993888195
Q006654,530.0,Cyrus II,Achaemenid,Ur,ORCC,brick,668.1444453102731,648.0586170960469,688.6261301809951,678.0972790437237
Q006655,530.0,Cyrus II,Achaemenid,Uruk,ORCC,brick,573.9960792586403,499.40650037554576,652.1987370232661,598.8855801183802
Q006656,1008.0,Simbar-Šipak,Middle Babylonian,Luristan,ORCC,dagger,665.7204293829056,964.6864906453316,673.0179246657107,695.9658169609374
Q007539,631.0,Ashurbanipal,Neo-Assyrian,Kuyunjik (Nineveh),ORCC,None,651.0445103311696,840.5544649468128,692.8992228372875,628.3961100544116
Q007540,631.0,Ashurbanipal,Neo-Assyrian,Kuyunjik (Nineveh),ORCC,None,657.9623156345998,664.9725519090289,657.1388951332251,646.9359360334555
Q007541,631.0,Ashurbanipal,Neo-Assyrian,Kuyunjik (Nineveh),ORCC,None,675.072751154961,635.4311482241706,669.2644087844159,708.778749850188
Q007542,631.0,Ashurbanipal,Neo-Assyrian,Kuyunjik (Nineveh),ORCC,None,634.5872129379416,670.3707959465097,704.0377582829755,694.4762236579872
Q007543,631.0,Ashurbanipal,Neo-Assyrian,Kuyunjik (Nineveh),ORCC,None,702.5406488236472,623.3572899273619,684.1727938313945,721.2809566573075
Q007544,631.0,Ashurbanipal,Neo-Assyrian,Kuyunjik (Nineveh),ORCC,None,667.2134593804504,614.1388250723662,727.5334877384765,686.2376838848556
Q007545,631.0,Ashurbanipal,Neo-Assyrian,Kuyunjik (Nineveh),ORCC,None,662.0514125064149,669.0801520910087,643.0261766182977,722.406406223143
Q007546,631.0,Ashurbanipal,Neo-Assyrian,Kuyunjik (Nineveh),ORCC,None,668.3004626063399,659.4446013996563,718.8165448823913,645.8845167242407
Q007547,631.0,Ashurbanipal,Neo-Assyrian,Kuyunjik (Nineveh),ORCC,None,680.1006012902305,644.3655684030649,729.8534293239752,742.1684365087103
Q007548,631.0,Ashurbanipal,Neo-Assyrian,Kuyunjik (Nineveh),ORCC,None,644.5290755792902,772.3546772493563,732.2469251747657,678.6913418107932
Q007549,631.0,Ashurbanipal,Neo-Assyrian,Kuyunjik (Nineveh),ORCC,None,730.9229297683811,740.4196227538112,629.8081277210179,733.2987435767274
Q007550,631.0,Ashurbanipal,Neo-Assyrian,Kuyunjik (Nineveh),ORCC,None,703.7677445233094,632.7042854042236,709.9637283452223,692.5744736656945
Q007551,631.0,Ashurbanipal,Neo-Assyrian,Kuyunjik (Nineveh),ORCC,None,643.7746589187831,633.0676373977053,724.3443964530017,676.5576517877413
Q007552,631.0,Ashurbanipal,Neo-Assyrian,Kuyunjik (Nineveh),ORCC,None,706.1903727878555,710.248641974806,651.990668549261,678.6851821270916
Q007553,631.0,Ashurbanipal,Neo-Assyrian,Kuyunjik (Nineveh),ORCC,None,654.2945948836334,679.8337487503861,670.3922833921615,671.5931860090008
Q007554,631.0,Ashurbanipal,Neo-Assyrian,Kuyunjik (Nineveh),ORCC,None,643.9142558555643,657.9133994854277,724.2980451399144,680.679380162748
Q007555,631.0,Ashurbanipal,Neo-Assyrian,Kuyunjik (Nineveh),ORCC,None,640.4602965550986,700.0061265654147,694.7027097503552,658.3110739753091
Q007556,631.0,Ashurbanipal,Neo-Assyrian,Kuyunjik (Nineveh),ORCC,None,784.0691232454959,704.4969243055662,752.1771062571603,709.9625500460527
Q007557,631.0,Ashurbanipal,Neo-Assyrian,Kuyunjik (Nineveh),ORCC,None,752.2699812783794,792.9879782621808,732.2064749877113,751.6670068549829
Q007558,631.0,Ashurbanipal,Neo-Assyrian,Kuyunjik (Nineveh),ORCC,None,722.9347365924781,770.9632680482994,717.4223164972417,804.992572971902
Q007559,631.0,Ashurbanipal,Neo-Assyrian,Kuyunjik (Nineveh),ORCC,None,789.1066973154143,744.1777408832853,740.349992694045,768.8391171244718
Q007560,631.0,Ashurbanipal,Neo-Assyrian,Kuyunjik (Nineveh),ORCC,None,677.6598154303697,609.0214155776035,719.6724475512265,732.404608850309
Q007561,631.0,Ashurbanipal,Neo-Assyrian,Kuyunjik (Nineveh),ORCC,None,660.4926638693546,658.442758083244,692.3113743970994,669.803246037354
Q007562,631.0,Ashurbanipal,Neo-Assyrian,Kuyunjik (Nineveh),ORCC,None,641.1620658268994,633.2577910839366,645.6977071160816,669.7779549023927
Q007563,631.0,Ashurbanipal,Neo-Assyrian,Kuyunjik (Nineveh),ORCC,None,678.807946042934,666.6436625634007,704.6910420529289,677.8337429841716
Q007564,631.0,Ashurbanipal,Neo-Assyrian,Kuyunjik (Nineveh),ORCC,None,660.0520097560366,653.8938633498907,688.2771799029591,690.1449263371459
Q007565,631.0,Ashurbanipal,Neo-Assyrian,Kuyunjik (Nineveh),ORCC,None,706.6221687406918,739.5871659654033,675.4500814519442,761.2638901584751
Q007566,631.0,Ashurbanipal,Neo-Assyrian,Kuyunjik (Nineveh),ORCC,None,573.9754683442202,621.735013979299,668.7415661411379,710.8466565708436
Q007567,631.0,Ashurbanipal,Neo-Assyrian,Kuyunjik (Nineveh),ORCC,None,681.3056550573658,722.5009839262087,687.5142251331515,581.9956009213497
Q007568,631.0,Ashurbanipal,Neo-Assyrian,Kuyunjik (Nineveh),ORCC,None,663.2876077103116,718.3524300238208,680.006075769628,601.2823143002178
Q007569,631.0,Ashurbanipal,Neo-Assyrian,Kuyunjik (Nineveh),ORCC,None,647.3627224517899,690.4842914173205,791.2990205161755,646.792042453305
Q007570,631.0,Ashurbanipal,Neo-Assyrian,Kuyunjik (Nineveh),ORCC,None,621.7939555916857,643.8098358684922,707.3444627042899,673.5033364333366
Q007571,631.0,Ashurbanipal,Neo-Assyrian,Kuyunjik (Nineveh),ORCC,None,573.073072651655,641.4725971272828,655.0420881756768,601.3030050928928
Q007572,631.0,Ashurbanipal,Neo-Assyrian,Kuyunjik (Nineveh),ORCC,None,567.0237030095286,700.0224354028517,656.2161717633811,653.9552798879298
Q007573,631.0,Ashurbanipal,Neo-Assyrian,Kuyunjik (Nineveh),ORCC,None,633.2626737090641,645.3888592864608,653.3065765755798,649.4720290807538
Q007574,631.0,Ashurbanipal,Neo-Assyrian,Kuyunjik (Nineveh),ORCC,None,694.7044439924687,687.7119770594262,756.0834389759976,731.0538800861832
Q007575,631.0,Ashurbanipal,Neo-Assyrian,Kuyunjik (Nineveh),ORCC,None,629.4499402906023,666.2226183873563,703.5166642350061,662.5949849307436
Q007576,631.0,Ashurbanipal,Neo-Assyrian,Kuyunjik (Nineveh),ORCC,None,603.795860926297,673.590389155938,609.5873739930619,660.4931030534303
Q007577,631.0,Ashurbanipal,Neo-Assyrian,Kuyunjik (Nineveh),ORCC,None,561.1503260773424,672.0918598034987,611.5872846885838,695.9430554625349
Q007578,631.0,Ashurbanipal,Neo-Assyrian,Kuyunjik (Nineveh),ORCC,None,654.1974337087643,635.6448086519431,645.572543123927,699.1419443406357
Q007579,631.0,Ashurbanipal,Neo-Assyrian,Kuyunjik (Nineveh),ORCC,None,592.1342273054759,672.106803904834,691.8984019899884,708.5910969746034
Q007580,631.0,Ashurbanipal,Neo-Assyrian,Kuyunjik (Nineveh),ORCC,None,614.3321499713409,686.4078155817444,671.7386352591241,654.6089637121185
Q007581,631.0,Ashurbanipal,Neo-Assyrian,Kuyunjik (Nineveh),ORCC,None,666.932113338017,657.7162909563611,652.0188669189687,702.3780532636332
Q007582,631.0,Ashurbanipal,Neo-Assyrian,Kuyunjik (Nineveh),ORCC,None,652.8261313573281,677.5863467221284,701.0521515834632,696.1447927587992
Q007583,631.0,Ashurbanipal,Neo-Assyrian,Kuyunjik (Nineveh),ORCC,None,592.7222574801004,668.1233350632817,623.5732018469167,660.113272368538
Q007584,631.0,Ashurbanipal,Neo-Assyrian,Kuyunjik (Nineveh),ORCC,None,626.5831936189556,694.3488180529002,667.8889842189814,717.1478582455526
Q007585,631.0,Ashurbanipal,Neo-Assyrian,Kuyunjik (Nineveh),ORCC,None,625.1843186093562,668.4119358030199,646.1847177625453,694.6074104877159
Q007586,631.0,Ashurbanipal,Neo-Assyrian,Kuyunjik (Nineveh),ORCC,None,636.4750845782834,610.0959675511754,646.911397087546,682.4518405455067
Q007587,631.0,Ashurbanipal,Neo-Assyrian,Kuyunjik (Nineveh),ORCC,None,668.7054307362835,645.5316067668775,614.9789691507194,671.7043958466413
Q007588,631.0,Ashurbanipal,Neo-Assyrian,Kuyunjik (Nineveh),ORCC,None,638.6230988902278,686.3392995430365,738.9341003100535,653.4487534960019
Q007589,631.0,Ashurbanipal,Neo-Assyrian,Qalat Sherqat (Assur),ORCC,None,606.0140096212522,677.5022776256069,732.1260041096103,673.7498899416848
Q007590,631.0,Ashurbanipal,Neo-Assyrian,Qalat Sherqat (Assur),ORCC,None,645.7431446000952,728.8545662033686,830.8000566771157,771.0252296450809
Q007591,631.0,Ashurbanipal,Neo-Assyrian,Kuyunjik (Nineveh),ORCC,None,665.3119714428241,714.0251027540487,691.3325570023503,653.2482259734988
Q007592,631.0,Ashurbanipal,Neo-Assyrian,Kuyunjik (Nineveh),ORCC,None,641.9274898163355,685.63787975311,678.9555786088562,705.7890782952448
Q007593,631.0,Ashurbanipal,Neo-Assyrian,Kuyunjik (Nineveh),ORCC,None,615.514602095107,667.3972063344812,754.5742977613824,686.6461374610868
Q007594,631.0,Ashurbanipal,Neo-Assyrian,Kuyunjik (Nineveh),ORCC,None,699.1790908154813,695.5889034343455,740.3625568380767,725.8502122923124
Q007595,631.0,Ashurbanipal,Neo-Assyrian,Kuyunjik (Nineveh),ORCC,None,649.2749570279525,699.9347543830269,700.939791852298,717.5260918723117
Q007596,631.0,Ashurbanipal,Neo-Assyrian,Kuyunjik (Nineveh),ORCC,None,692.2356344095612,665.9919800165535,677.5921301630234,655.9081651295198
Q007597,631.0,Ashurbanipal,Neo-Assyrian,Kuyunjik (Nineveh),ORCC,None,640.3246897550648,665.5284479256768,748.4785154767285,681.7807351983131
Q007598,631.0,Ashurbanipal,Neo-Assyrian,Kuyunjik (Nineveh),ORCC,None,655.9443241832313,577.2408931908778,569.1287456129617,615.2796049838716
Q007599,631.0,Ashurbanipal,Neo-Assyrian,Kuyunjik (Nineveh),ORCC,None,633.2913634523829,706.8895027580593,693.29007785737,662.6409584313948
Q007600,631.0,Ashurbanipal,Neo-Assyrian,Kuyunjik (Nineveh),ORCC,None,478.4194136714315,782.664327050742,683.6614718711485,549.4253062335705
Q007601,631.0,Ashurbanipal,Neo-Assyrian,Kuyunjik (Nineveh),ORCC,None,581.0833912698204,692.1721288548321,719.8591335132761,699.8652260196087
Q007602,631.0,Ashurbanipal,Neo-Assyrian,Kuyunjik (Nineveh),ORCC,None,667.9380826067995,672.5945948732724,719.3178528301205,695.4180840761381
Q007603,631.0,Ashurbanipal,Neo-Assyrian,Kuyunjik (Nineveh),ORCC,None,643.8803683758161,649.8329794472796,636.6706811796673,658.3434136701658
Q007604,631.0,Ashurbanipal,Neo-Assyrian,Kuyunjik (Nineveh),ORCC,None,667.8498913228605,674.056634847832,668.4555257456118,703.4621740568662
Q007605,631.0,Ashurbanipal,Neo-Assyrian,Kuyunjik (Nineveh),ORCC,None,701.2076071159562,641.5232452194186,624.8048819696912,711.643180027825
Q007606,631.0,Ashurbanipal,Neo-Assyrian,Kuyunjik (Nineveh),ORCC,None,629.9421063793533,643.578579353586,663.4749776796588,730.3882213560003
Q007607,631.0,Ashurbanipal,Neo-Assyrian,Kuyunjik (Nineveh),ORCC,None,614.1110860081375,627.2796868807445,661.52146497441,738.8475171705309
Q007608,631.0,Ashurbanipal,Neo-Assyrian,Kuyunjik (Nineveh),ORCC,None,653.1079557146743,688.6567119714937,716.4706408134501,707.4678910984829
Q007609,631.0,Ashurbanipal,Neo-Assyrian,Kuyunjik (Nineveh),ORCC,None,686.3559024375186,613.437147504165,732.7569875158944,732.5826721027149
Q007610,631.0,Ashurbanipal,Neo-Assyrian,Kuyunjik (Nineveh),ORCC,None,701.9283094624852,751.1634903901604,772.3456697153189,724.5110086308621
Q007611,631.0,Ashurbanipal,Neo-Assyrian,Kuyunjik (Nineveh),ORCC,None,680.4361564903603,641.1992182093604,727.8852857190639,725.5074868594035
Q007612,631.0,Ashurbanipal,Neo-Assyrian,Kuyunjik (Nineveh),ORCC,None,663.0438867627482,646.234619964479,642.3707526865735,729.4386208344655
Q007613,631.0,Ashurbanipal,Neo-Assyrian,Kuyunjik (Nineveh),ORCC,None,679.2778031924087,618.7055452719602,711.4221606749661,693.4740274462528
Q007614,631.0,Ashurbanipal,Neo-Assyrian,Kuyunjik (Nineveh),ORCC,None,710.6995356120756,691.6703957595203,710.5804076994389,682.8346200503988
Q007615,631.0,Ashurbanipal,Neo-Assyrian,Kuyunjik (Nineveh),ORCC,None,680.7588753155911,653.392660422211,634.7968783655505,673.6131549590796
Q007616,631.0,Ashurbanipal,Neo-Assyrian,Kuyunjik (Nineveh),ORCC,None,646.3756040714986,629.8381406027621,619.6353421917224,651.8666471137512
Q007617,631.0,Ashurbanipal,Neo-Assyrian,Kuyunjik (Nineveh),ORCC,None,639.3546319718912,651.722524068798,590.0632014602278,687.12366663977
Q007618,631.0,Ashurbanipal,Neo-Assyrian,Kuyunjik (Nineveh),ORCC,None,704.9121096278564,679.7069947141532,749.8927369936687,686.1339935852667
Q007619,631.0,Ashurbanipal,Neo-Assyrian,Kuyunjik (Nineveh),ORCC,None,709.6684980140366,684.5235795305508,748.4874268057391,694.4183202373049
Q007620,631.0,Ashurbanipal,Neo-Assyrian,Kuyunjik (Nineveh),ORCC,None,651.9215980419801,659.1438905040538,723.6008351521797,718.9211715789268
Q007621,631.0,Ashurbanipal,Neo-Assyrian,Kuyunjik (Nineveh),ORCC,None,688.0517534600281,704.0175174889715,759.3006211209857,809.2680634677362
Q007622,631.0,Ashurbanipal,Neo-Assyrian,Kuyunjik (Nineveh),ORCC,None,706.7039519007644,682.1903622418278,747.9219540457084,692.3180577440974
Q007623,631.0,Ashurbanipal,Neo-Assyrian,Kuyunjik (Nineveh),ORCC,None,635.3855216576833,586.6567479571398,637.6588739305656,696.8837538945473
Q007624,631.0,Ashurbanipal,Neo-Assyrian,Kuyunjik (Nineveh),ORCC,None,654.2112030490649,627.2262464029927,734.5020386536627,715.7214663619359
Q007625,631.0,Ashurbanipal,Neo-Assyrian,Kuyunjik (Nineveh),ORCC,None,673.7341907650132,670.9733644700488,648.5226942810584,666.0121912480172
Q007626,631.0,Ashurbanipal,Neo-Assyrian,Kuyunjik (Nineveh),ORCC,None,714.445078011315,795.0069475793395,716.3056763322664,685.5164350274088
Q007627,631.0,Ashurbanipal,Neo-Assyrian,Kuyunjik (Nineveh),ORCC,None,631.6432780144937,624.0468379821048,693.7629726652397,715.8221618770051
Q007628,631.0,Ashurbanipal,Neo-Assyrian,Kuyunjik (Nineveh),ORCC,None,651.8205584972645,675.0460373923509,502.673664766186,698.8076890117968
Q007629,631.0,Ashurbanipal,Neo-Assyrian,Kuyunjik (Nineveh),ORCC,None,679.7477777894487,689.0164352496425,610.5359282004654,621.1416051140442
Q007630,631.0,Ashurbanipal,Neo-Assyrian,Kuyunjik (Nineveh),ORCC,None,665.0532373714263,685.516935246057,675.0039365932291,607.2194491848423
Q007631,631.0,Ashurbanipal,Neo-Assyrian,Kuyunjik (Nineveh),ORCC,None,660.4760474163745,661.6059747558251,633.3628432411979,703.3740734188185
Q007632,631.0,Ashurbanipal,Neo-Assyrian,Kuyunjik (Nineveh),ORCC,None,661.2517107628149,652.1031243913036,642.643398086052,649.548088081991
Q007633,631.0,Ashurbanipal,Neo-Assyrian,Kuyunjik (Nineveh),ORCC,None,670.2063209538188,639.6277919743796,639.7011105979217,652.5890305100698
Q007634,631.0,Ashurbanipal,Neo-Assyrian,Kuyunjik (Nineveh),ORCC,None,647.555313845575,650.5868010513083,711.1167551317776,711.855211286196
Q007635,631.0,Ashurbanipal,Neo-Assyrian,Kuyunjik (Nineveh),ORCC,None,673.7927908572797,697.9237888715335,659.7965722353869,642.058060277107
Q007636,631.0,Ashurbanipal,Neo-Assyrian,Kuyunjik (Nineveh),ORCC,None,647.8726737412074,682.0429533590723,590.1920273626758,633.0857828347062
Q007637,631.0,Ashurbanipal,Neo-Assyrian,Kuyunjik (Nineveh),ORCC,None,614.252856577154,726.4678922966109,619.0296499868165,708.4639417460552
Q007638,631.0,Ashurbanipal,Neo-Assyrian,Kuyunjik (Nineveh),ORCC,None,605.22977622975,643.4315920181883,654.5928573394198,618.4194051071821
Q007770,705.0,Sargon II,Neo-Assyrian,Turlu Höyük,ORCC,stele,476.46921995743924,538.8782882315767,655.5798661820081,683.9963128959058
Q008319,631.0,Ashurbanipal,Neo-Assyrian,Kuyunjik (Nineveh),ORCC,None,615.878075295384,660.7364771993042,549.2071130871682,720.1603363654397
Q008320,631.0,Ashurbanipal,Neo-Assyrian,Kuyunjik (Nineveh),ORCC,None,672.8827100450208,709.7454124427483,606.9146387207549,586.580209997775
Q008321,631.0,Ashurbanipal,Neo-Assyrian,Kuyunjik (Nineveh),ORCC,None,659.5413546743615,658.9465790739438,661.3660146321927,643.7661330710391
Q008322,631.0,Ashurbanipal,Neo-Assyrian,Kuyunjik (Nineveh),ORCC,None,690.8695544053206,647.4110101360552,689.9547337678442,620.0430943567219
Q008323,631.0,Ashurbanipal,Neo-Assyrian,Kuyunjik (Nineveh),ORCC,None,715.676332539434,698.2364008966699,723.7775769133974,319.9078053036111
Q008324,631.0,Ashurbanipal,Neo-Assyrian,Kuyunjik (Nineveh),ORCC,None,713.4717848938965,630.2376950066961,667.8117055210834,628.5986283301079
Q008325,631.0,Ashurbanipal,Neo-Assyrian,Kuyunjik (Nineveh),ORCC,None,805.8052936936042,852.2719395280594,727.9820446308541,752.7567132134825
Q008326,631.0,Ashurbanipal,Neo-Assyrian,Kuyunjik (Nineveh),ORCC,None,720.7194942272571,715.8863671538475,664.2663307339984,676.7239516227255
Q008327,631.0,Ashurbanipal,Neo-Assyrian,Kuyunjik (Nineveh),ORCC,None,719.2492760580001,671.54135293496,741.5072373932603,685.0620493403289
Q008328,631.0,Ashurbanipal,Neo-Assyrian,Kuyunjik (Nineveh),ORCC,None,759.0735438643599,844.4399458466517,760.0550063700848,745.1425641702707
Q008329,631.0,Ashurbanipal,Neo-Assyrian,Babylon (Bābili),ORCC,cylinder,670.5040490956467,701.6545325522593,674.5865514021551,651.9572136313826
Q008330,631.0,Ashurbanipal,Neo-Assyrian,Babylon (Bābili),ORCC,cylinder,635.9053922141061,674.1553390093295,571.9583728592792,614.8490783485574
Q008331,631.0,Ashurbanipal,Neo-Assyrian,Babylon (Bābili),ORCC,cylinder,735.617602318925,656.9805057091256,647.0763936301415,693.2638030064887
Q008332,631.0,Ashurbanipal,Neo-Assyrian,Babylon (Bābili),ORCC,cylinder,685.0224431709468,671.9327037547471,623.9284156698219,667.4886360912876
Q008333,631.0,Ashurbanipal,Neo-Assyrian,Babylon (Bābili),ORCC,cylinder,700.3781145138398,678.6728771929307,617.2322257374178,673.5038241570933
Q008334,631.0,Ashurbanipal,Neo-Assyrian,Babylon (Bābili),ORCC,stele,617.174666120442,683.0865596033956,656.0687093615878,609.4002844891756
Q008335,631.0,Ashurbanipal,Neo-Assyrian,Babylon (Bābili),ORCC,brick,638.4994882475116,698.8258480364009,630.7798170748916,579.5825902277816
Q008336,631.0,Ashurbanipal,Neo-Assyrian,Babylon (Bābili),ORCC,brick,722.2715847020647,704.6034295336772,669.1082994448929,619.5028623263158
Q008338,631.0,Ashurbanipal,Neo-Assyrian,Babylon (Bābili),ORCC,brick,676.3739076929842,695.5274054075187,645.5437989873636,612.8543914510643
Q008339,631.0,Ashurbanipal,Neo-Assyrian,Babylon (Bābili),ORCC,brick,657.4330936541763,720.7112294810513,659.5750398511368,618.9790793468903
Q008340,631.0,Ashurbanipal,Neo-Assyrian,Babylon (Bābili),ORCC,brick,575.514620675561,803.6649142154604,722.4982057022793,597.5912420576511
Q008341,631.0,Ashurbanipal,Neo-Assyrian,Babylonia,ORCC,cylinder,690.0731579636981,591.925990682533,730.8379384596248,666.3792267856495
Q008343,631.0,Ashurbanipal,Neo-Assyrian,Birs Nimrud (Borsippa),ORCC,stele,618.9944175497482,681.5139001422275,651.286054414177,603.421917190244
Q008344,631.0,Ashurbanipal,Neo-Assyrian,Babylonia,ORCC,None,601.1695970190609,644.9728396948686,611.9277364877889,558.3831607724385
Q008345,631.0,Ashurbanipal,Neo-Assyrian,Aqar Quf (Dur-Kurigalzu),ORCC,brick,725.4169218419318,806.9256464006219,720.9180926549732,663.6280365827887
Q008346,631.0,Ashurbanipal,Neo-Assyrian,Tell Haddad (Me-Turan),ORCC,brick,711.9771899751091,724.5612734295545,660.1842298061941,690.307419449772
Q008350,631.0,Ashurbanipal,Neo-Assyrian,Nuffar (Nippur),ORCC,brick,666.8201861658331,885.946653560472,701.9949409527475,704.487790411171
Q008351,631.0,Ashurbanipal,Neo-Assyrian,Tell Abu Habbah (Sippar-Yahrurum),ORCC,cylinder,627.5560079581086,668.4801877741884,610.5859086274015,579.656400379855
Q008352,631.0,Ashurbanipal,Neo-Assyrian,Warka (Uruk),ORCC,cylinder,680.4917957801771,689.4877279141002,711.8991044938322,625.7558728768528
Q008353,631.0,Ashurbanipal,Neo-Assyrian,Warka (Uruk),ORCC,None,696.6180750456487,670.9280769312538,704.9135404769271,635.2496634037374
Q008354,631.0,Ashurbanipal,Neo-Assyrian,Tell Aqar (Der),ORCC,cylinder,621.9755624636283,631.7182833622164,734.7608883184176,694.52049488513
Q008355,631.0,Ashurbanipal,Neo-Assyrian,Persepolis (Pārśa),ORCC,eyestone,612.427000950061,808.7356684479932,713.3153244125989,648.9275823432023
Q008356,631.0,Ashurbanipal,Neo-Assyrian,Persepolis (Pārśa),ORCC,bead,612.427000950061,808.7356684479932,713.3650109497038,648.9275823432023
Q008357,631.0,Ashurbanipal,Neo-Assyrian,Persepolis (Pārśa),ORCC,bead,709.4932037354715,884.0987720564509,703.3703343048821,643.8448354662701
Q008358,631.0,Ashurbanipal,Neo-Assyrian,Persepolis (Pārśa),ORCC,bowl (with sculpture),680.6006403171913,741.748219778983,709.3013418737619,659.3510410300418
Q008368,612.0,Sîn-šarru-iškun,Neo-Assyrian,Kuyunjik (Nineveh),ORCC,vessel,682.0498395320094,741.6864184844592,616.4088332633015,678.3025992537106
Q009238,539.0,Nabonidus,Neo-Babylonian,Sippar,ORCC,None,578.9406662725318,600.5366075266097,671.2628326832414,667.3953923095614
