fragment_id,year_true,ruler,period,provenance,domain,sub_genre,pred_thalesian_cunei400m,pred_qwen3_32b,pred_tfidf
Q003230,672.0,Esarhaddon,Neo-Assyrian,Kuyunjik (Nineveh),ORCC,prism,687.6008554200016,694.1495355456257,668.3178108542579
Q003231,676.0,Esarhaddon,Neo-Assyrian,Kuyunjik (Nineveh),ORCC,prism,671.5797145715973,670.3211711131326,675.0151122720386
Q003232,669.0,Esarhaddon,Neo-Assyrian,Kuyunjik (Nineveh),ORCC,prism,650.3859328473587,618.945050629697,643.386810777228
Q003233,669.0,Esarhaddon,Neo-Assyrian,Kuyunjik (Nineveh),ORCC,prism,713.6036698430864,715.0808038923911,686.8333255946872
Q003234,670.0,Esarhaddon,Neo-Assyrian,Kuyunjik (Nineveh),ORCC,prism,631.2973873044929,663.7397685986233,663.6585765851733
Q003235,670.0,Esarhaddon,Neo-Assyrian,Kuyunjik (Nineveh),ORCC,prism,679.8850971831582,675.4773576979875,629.6140492342014
Q003236,670.0,Esarhaddon,Neo-Assyrian,Kuyunjik (Nineveh),ORCC,prism,698.5891755764984,648.9266847729345,618.5647886197863
Q003237,670.0,Esarhaddon,Neo-Assyrian,Kuyunjik (Nineveh),ORCC,prism,656.4733806501736,659.5667306408236,690.441961785767
Q003238,670.0,Esarhaddon,Neo-Assyrian,Kuyunjik (Nineveh),ORCC,prism,716.2334355887261,656.1831598856994,643.7019307399835
Q003239,677.0,Esarhaddon,Neo-Assyrian,Kuyunjik (Nineveh),ORCC,cylinder,620.6538730454498,640.0890175339389,571.1085861345737
Q003240,669.0,Esarhaddon,Neo-Assyrian,Kuyunjik (Nineveh),ORCC,cylinder,682.4986786586973,663.9918494303324,630.642423682117
Q003241,669.0,Esarhaddon,Neo-Assyrian,Kuyunjik (Nineveh),ORCC,cylinder,637.8669983557221,645.8734995436251,658.6588680921839
Q003242,681.0,Esarhaddon,Neo-Assyrian,Kuyunjik (Nineveh),ORCC,cylinder,667.2455693116011,617.7706522424726,679.7284167812552
Q003243,681.0,Esarhaddon,Neo-Assyrian,Kuyunjik (Nineveh),ORCC,cylinder,616.3652784150736,664.7684014653953,661.8311168652423
Q003244,670.0,Esarhaddon,Neo-Assyrian,Kuyunjik (Nineveh),ORCC,cylinder,677.6500984455065,684.1508529785872,637.7798310391191
Q003245,670.0,Esarhaddon,Neo-Assyrian,Kuyunjik (Nineveh),ORCC,cylinder,681.8897840770874,718.3576756219362,673.9934269117502
Q003246,669.0,Esarhaddon,Neo-Assyrian,Kuyunjik (Nineveh),ORCC,cylinder,678.6678462207287,675.8631595537388,687.7569277530857
Q003247,669.0,Esarhaddon,Neo-Assyrian,Kuyunjik (Nineveh),ORCC,cylinder,607.5817080153932,678.2054938118073,671.222103291856
Q003248,669.0,Esarhaddon,Neo-Assyrian,Kuyunjik (Nineveh),ORCC,uncertain,666.7445154732422,705.2035861669291,713.5178499122288
Q003249,670.0,Esarhaddon,Neo-Assyrian,Kuyunjik (Nineveh),ORCC,slab,665.7004957378499,676.612316506589,544.4417307526784
Q003250,669.0,Esarhaddon,Neo-Assyrian,Kuyunjik (Nineveh),ORCC,slab,682.8576846117609,665.5275826527226,642.8809785569428
Q003251,669.0,Esarhaddon,Neo-Assyrian,Kuyunjik (Nineveh),ORCC,slab,716.9687217440807,670.8422133016879,678.3751789872396
Q003252,669.0,Esarhaddon,Neo-Assyrian,Kuyunjik (Nineveh),ORCC,brick,659.20903623915,638.1900799602809,639.1098327637632
Q003253,669.0,Esarhaddon,Neo-Assyrian,Kuyunjik (Nineveh),ORCC,gaming board,627.0747097034675,670.0445546781191,649.968329588575
Q003254,669.0,Esarhaddon,Neo-Assyrian,Kuyunjik (Nineveh),ORCC,vessel,677.9214670537227,686.9702862113618,675.6189812579479
Q003255,670.0,Esarhaddon,Neo-Assyrian,Kuyunjik (Nineveh),ORCC,vessel,666.4889235349349,686.3472050413216,656.8087430224655
Q003256,669.0,Esarhaddon,Neo-Assyrian,Kuyunjik (Nineveh),ORCC,vessel,633.5568795117324,669.8580926348567,638.2739513697946
Q003257,669.0,Esarhaddon,Neo-Assyrian,Kuyunjik (Nineveh),ORCC,vessel,676.134434843437,698.7552150379549,668.3606344500593
Q003258,669.0,Esarhaddon,Neo-Assyrian,Kuyunjik (Nineveh),ORCC,vessel,687.3552068202764,681.142164310577,633.3392892900356
Q003259,669.0,Esarhaddon,Neo-Assyrian,Kuyunjik (Nineveh),ORCC,None,656.2209174206694,586.4640660837318,620.3988133659582
Q003260,669.0,Esarhaddon,Neo-Assyrian,Kuyunjik (Nineveh),ORCC,None,653.2332803411299,624.42437872425,637.7790951215624
Q003261,669.0,Esarhaddon,Neo-Assyrian,Kuyunjik (Nineveh),ORCC,None,669.1758577469794,697.652868645426,658.0390823303688
Q003262,672.0,Esarhaddon,Neo-Assyrian,Kuyunjik (Nineveh),ORCC,None,672.7658083419086,658.0878062469193,685.3106091182102
Q003263,670.0,Esarhaddon,Neo-Assyrian,Kuyunjik (Nineveh),ORCC,None,639.956846673512,639.1603855362812,629.4037912671691
Q003264,670.0,Esarhaddon,Neo-Assyrian,Kuyunjik (Nineveh),ORCC,None,742.4391009774769,743.454698877364,721.6191349396056
Q003265,670.0,Esarhaddon,Neo-Assyrian,Kuyunjik (Nineveh),ORCC,None,635.8780365338066,630.7557371929001,549.6546000730834
Q003266,670.0,Esarhaddon,Neo-Assyrian,Kuyunjik (Nineveh),ORCC,None,605.3169458779633,561.2552951119965,666.8373487050106
Q003267,670.0,Esarhaddon,Neo-Assyrian,Kuyunjik (Nineveh),ORCC,None,676.7361177069291,649.6702959884686,615.8484321387778
Q003268,670.0,Esarhaddon,Neo-Assyrian,Kuyunjik (Nineveh),ORCC,None,727.8533619625088,689.842592824243,671.1997016748919
Q003269,669.0,Esarhaddon,Neo-Assyrian,Kuyunjik (Nineveh),ORCC,None,661.249651303573,664.6162575167072,406.04750505227497
Q003270,669.0,Esarhaddon,Neo-Assyrian,Kuyunjik (Nineveh),ORCC,None,681.3382995739454,655.8262002175145,641.05173101132
Q003271,669.0,Esarhaddon,Neo-Assyrian,Kuyunjik (Nineveh),ORCC,None,680.8214861073856,686.6139778548184,649.9811783113233
Q003272,669.0,Esarhaddon,Neo-Assyrian,Kuyunjik (Nineveh),ORCC,None,684.4963857924029,654.37849232998,613.935452371078
Q003273,669.0,Esarhaddon,Neo-Assyrian,Kuyunjik (Nineveh),ORCC,None,601.1062052530485,663.2543664030759,598.8929264585892
Q003274,669.0,Esarhaddon,Neo-Assyrian,Kuyunjik (Nineveh),ORCC,None,647.1103571793019,704.0891739924233,646.9157353852627
Q003275,669.0,Esarhaddon,Neo-Assyrian,Kuyunjik (Nineveh),ORCC,None,717.913717819848,705.7785114639527,697.8160734469634
Q003276,669.0,Esarhaddon,Neo-Assyrian,Kuyunjik (Nineveh),ORCC,None,592.7907569443908,659.8685526879902,681.8254042093129
Q003277,669.0,Esarhaddon,Neo-Assyrian,Kuyunjik (Nineveh),ORCC,None,663.9235328996958,670.228188599761,645.5954970298875
Q003278,669.0,Esarhaddon,Neo-Assyrian,Kuyunjik (Nineveh),ORCC,None,617.9976593692342,687.0288144229203,651.303919588647
Q003279,669.0,Esarhaddon,Neo-Assyrian,Kuyunjik (Nineveh),ORCC,None,723.2214532874152,700.2546800308087,726.9468660518264
Q003280,669.0,Esarhaddon,Neo-Assyrian,Kuyunjik (Nineveh),ORCC,None,684.1339881319168,597.6104794360883,573.9654048853674
Q003281,669.0,Esarhaddon,Neo-Assyrian,Kuyunjik (Nineveh),ORCC,None,671.7662941501599,630.0268519175314,680.6169086425269
Q003282,669.0,Esarhaddon,Neo-Assyrian,Kuyunjik (Nineveh),ORCC,None,625.7972559617473,616.8567740698635,624.0476166825184
Q003283,669.0,Esarhaddon,Neo-Assyrian,Kuyunjik (Nineveh),ORCC,None,727.2411342962777,694.878635151335,661.4465144406843
Q003284,669.0,Esarhaddon,Neo-Assyrian,Kuyunjik (Nineveh),ORCC,None,600.7697495335251,616.0917444770378,630.1228387562463
Q003285,669.0,Esarhaddon,Neo-Assyrian,Kuyunjik (Nineveh),ORCC,None,715.1368669680277,669.195390074525,644.2882027470149
Q003286,679.0,Esarhaddon,Neo-Assyrian,Qalat Sherqat (Assur),ORCC,"prism, tablet",734.9017672081118,766.6421747425991,691.6162089329343
Q003287,680.0,Esarhaddon,Neo-Assyrian,Qalat Sherqat (Assur),ORCC,prism,697.0860541212721,684.9416986105219,633.3647868189486
Q003288,680.0,Esarhaddon,Neo-Assyrian,Qalat Sherqat (Assur),ORCC,cylinder,695.9152745015897,654.7552636372977,658.6787918162818
Q003289,669.0,Esarhaddon,Neo-Assyrian,Kuyunjik (Nineveh),ORCC,None,691.7826569813146,693.9705748723878,571.2874272287288
Q003290,669.0,Esarhaddon,Neo-Assyrian,Qalat Sherqat (Assur),ORCC,brick,706.5254495892511,691.048727674869,670.1478188616576
Q003291,669.0,Esarhaddon,Neo-Assyrian,Qalat Sherqat (Assur),ORCC,block,695.9812291167742,680.450016694943,675.1122720033956
Q003292,669.0,Esarhaddon,Neo-Assyrian,Qalat Sherqat (Assur),ORCC,series of blocks,705.2628997486943,681.9568936958244,672.424484907934
Q003293,669.0,Esarhaddon,Neo-Assyrian,Qalat Sherqat (Assur),ORCC,series of blocks,656.7656669446488,635.2463250538115,672.2774839599061
Q003294,669.0,Esarhaddon,Neo-Assyrian,Qalat Sherqat (Assur),ORCC,block,651.4269313811146,678.6185579123944,679.8946982471249
Q003295,669.0,Esarhaddon,Neo-Assyrian,Qalat Sherqat (Assur),ORCC,block,671.8511683972707,682.5147603763405,676.4909867522362
Q003297,669.0,Esarhaddon,Neo-Assyrian,Qalat Sherqat (Assur),ORCC,door socket,662.1030169027009,701.7712719489551,574.9788601747202
Q003298,669.0,Esarhaddon,Neo-Assyrian,Qalat Sherqat (Assur),ORCC,door socket,641.0031709783843,696.7906669858589,573.6187076103053
Q003299,669.0,Esarhaddon,Neo-Assyrian,Qalat Sherqat (Assur),ORCC,vessel,676.2153524223476,666.2519140577717,634.5737286330912
Q003300,669.0,Esarhaddon,Neo-Assyrian,Qalat Sherqat (Assur),ORCC,vessel,715.3562511041579,665.4346574560509,578.4581341670905
Q003302,669.0,Esarhaddon,Neo-Assyrian,Qalat Sherqat (Assur),ORCC,vessel,695.0265013836091,696.1441776320976,679.8245025660539
Q003303,669.0,Esarhaddon,Neo-Assyrian,Qalat Sherqat (Assur),ORCC,bead,647.8327300449347,618.943932375312,659.5007574815455
Q003304,669.0,Esarhaddon,Neo-Assyrian,Qalat Sherqat (Assur),ORCC,amulet,647.8327300449347,619.3010328630378,659.5007574815455
Q003305,669.0,Esarhaddon,Neo-Assyrian,Qalat Sherqat (Assur),ORCC,None,660.5784205444075,612.974819894832,652.8797067492053
Q003306,672.0,Esarhaddon,Neo-Assyrian,Nimrud (Kalhu),ORCC,cylinder,642.0337440336863,703.1239769960483,649.5500394852295
Q003307,676.0,Esarhaddon,Neo-Assyrian,Nimrud (Kalhu),ORCC,cylinder,653.3361231702538,697.5443418905334,655.4788101098202
Q003308,672.0,Esarhaddon,Neo-Assyrian,Nimrud (Kalhu),ORCC,cylinder,642.0337440336863,703.1239769960483,649.5500394852295
Q003309,669.0,Esarhaddon,Neo-Assyrian,Nimrud (Kalhu),ORCC,cylinder,598.7023273219539,653.2878368649052,639.3573193464581
Q003310,669.0,Esarhaddon,Neo-Assyrian,Nimrud (Kalhu),ORCC,series of blocks,656.5578644927881,660.8233886227495,645.0651007102208
Q003311,669.0,Esarhaddon,Neo-Assyrian,Nimrud (Kalhu),ORCC,series of blocks,716.8071798328394,665.9286731343357,657.7078269585041
Q003312,669.0,Esarhaddon,Neo-Assyrian,Nimrud (Kalhu),ORCC,bull colossus,688.9803707798674,710.2115066309593,457.2328782103348
Q003313,669.0,Esarhaddon,Neo-Assyrian,Nimrud (Kalhu),ORCC,bull colossus,677.7750901272,660.3781389522941,669.2546817215673
Q003314,669.0,Esarhaddon,Neo-Assyrian,Nimrud (Kalhu),ORCC,human-headed lion colossus,677.7750901272,660.3781389522941,669.2546817215673
Q003315,669.0,Esarhaddon,Neo-Assyrian,Negub Tunnel,ORCC,slab,704.7772792519382,654.3227366697702,602.8722938883888
Q003316,669.0,Esarhaddon,Neo-Assyrian,Nimrud (Kalhu),ORCC,slab,714.0194942267002,625.3146954427617,633.9324374271093
Q003317,669.0,Esarhaddon,Neo-Assyrian,Nimrud (Kalhu),ORCC,brick,716.9687217440807,670.8442576712398,678.3751789872396
Q003319,669.0,Esarhaddon,Neo-Assyrian,Nimrud (Kalhu),ORCC,seal (impression),685.7065443474995,662.4724574667601,665.7026472405934
Q003320,669.0,Esarhaddon,Neo-Assyrian,Nimrud (Kalhu),ORCC,vessel,693.2630466932823,685.9002670494502,656.1373172760995
Q003321,669.0,Esarhaddon,Neo-Assyrian,Nimrud (Kalhu),ORCC,lump,657.2552749471006,686.0028393963618,661.5893827146555
Q003322,672.0,Esarhaddon,Neo-Assyrian,Qalat Sherqat (Assur),ORCC,cylinder,643.9156773664067,712.1225302171847,658.5388592935255
Q003323,669.0,Esarhaddon,Neo-Assyrian,Tell Sherif Khan (Tarbisu),ORCC,slab,630.8479872778961,657.4035428398907,677.5926896566839
Q003324,669.0,Esarhaddon,Neo-Assyrian,Tell Sherif Khan (Tarbisu),ORCC,slab,638.1422278167427,686.8546718036557,566.8298178702858
Q003325,669.0,Esarhaddon,Neo-Assyrian,Tell Sherif Khan (Tarbisu),ORCC,brick,651.9616173913913,680.2738495028127,681.7395052139902
Q003326,669.0,Esarhaddon,Neo-Assyrian,Tell Ahmar (Til Barsip),ORCC,stele,661.1155695587344,700.9737730657276,699.6885227933085
Q003327,669.0,Esarhaddon,Neo-Assyrian,Zinčirli (Samal),ORCC,stele,686.8261430870394,654.5493256010309,633.4910590216524
Q003328,669.0,Esarhaddon,Neo-Assyrian,Kuyunjik (Nineveh),ORCC,None,700.6808528982945,685.3503253315688,668.2024203206126
Q003329,669.0,Esarhaddon,Neo-Assyrian,Kuyunjik (Nineveh),ORCC,None,700.7979736438714,654.9454769480202,654.5029634556879
Q003330,669.0,Esarhaddon,Neo-Assyrian,Kuyunjik (Nineveh),ORCC,None,683.5974898918805,669.5570481298734,660.973128516301
Q003332,669.0,Esarhaddon,Neo-Assyrian,Nahr el-Kelb,ORCC,rock face,712.5678954351143,685.6599602817604,673.9870452017691
Q003333,673.0,Esarhaddon,Neo-Assyrian,Babylon,ORCC,prism,689.2267726047307,674.5263662742962,714.6805551556535
Q003334,672.0,Esarhaddon,Neo-Assyrian,Babylon,ORCC,prism,713.2754679316774,703.5612659260452,716.5177126483637
Q003335,670.0,Esarhaddon,Neo-Assyrian,Babylon,ORCC,"prism, tablet",652.4079506654967,694.6600575928903,701.7734635306351
Q003336,672.0,Esarhaddon,Neo-Assyrian,Babylon,ORCC,prism,670.3805348792904,701.3295599154508,671.2056536526775
Q003337,678.0,Esarhaddon,Neo-Assyrian,Nineveh,ORCC,prism,655.2846073745253,634.0285515131113,669.3181241271
Q003338,678.0,Esarhaddon,Neo-Assyrian,Nineveh,ORCC,prism,606.0455943523691,594.3182881746453,730.6122891243472
Q003339,672.0,Esarhaddon,Neo-Assyrian,Babylon,ORCC,prism,695.1720643490831,706.2173868527418,692.4595684374012
Q003340,674.0,Esarhaddon,Neo-Assyrian,Babylon,ORCC,prism,662.1653683706651,620.448432369043,701.5914301211537
Q003341,669.0,Esarhaddon,Neo-Assyrian,Sippar,ORCC,prism,687.1048034986059,621.6271682505557,663.0230047915794
Q003342,669.0,Esarhaddon,Neo-Assyrian,Babylon,ORCC,cylinder,688.2642926640415,647.6261727992822,716.1463682030671
Q003343,672.0,Esarhaddon,Neo-Assyrian,Babylon,ORCC,cubiod monument,652.4079506654967,694.6600575928903,701.7734635306351
Q003345,677.0,Esarhaddon,Neo-Assyrian,Nineveh,ORCC,None,653.3810837649194,564.5500971609024,656.8626719520693
Q003346,677.0,Esarhaddon,Neo-Assyrian,Nineveh,ORCC,None,605.1253396223485,586.6971302726315,587.9716853613771
Q003347,669.0,Esarhaddon,Neo-Assyrian,Babylon,ORCC,seal,664.6116296902758,578.9720713348688,738.5375797565962
Q003348,669.0,Esarhaddon,Neo-Assyrian,Babylon,ORCC,brick,599.1604823520552,573.0999918201253,651.7773494233244
Q003349,669.0,Esarhaddon,Neo-Assyrian,Babylon,ORCC,brick,609.8347647446648,567.3482493545855,661.2729695822372
Q003350,669.0,Esarhaddon,Neo-Assyrian,Babylon,ORCC,brick,609.475751158916,583.5294061128754,621.5510879368455
Q003351,669.0,Esarhaddon,Neo-Assyrian,Babylon,ORCC,brick,609.8347647446648,567.3482493545855,661.2729695822372
Q003352,669.0,Esarhaddon,Neo-Assyrian,Babylon,ORCC,brick,678.5884058648776,599.7564634912687,630.1474455432692
Q003353,669.0,Esarhaddon,Neo-Assyrian,Babylon,ORCC,brick,609.475751158916,583.5294061128754,621.5510879368455
Q003354,669.0,Esarhaddon,Neo-Assyrian,Babylon,ORCC,brick,619.0380240436149,602.1518826426961,656.704759764966
Q003355,669.0,Esarhaddon,Neo-Assyrian,Babylon,ORCC,brick,589.4213552060745,584.9087539865257,768.1618168019721
Q003356,669.0,Esarhaddon,Neo-Assyrian,Borsippa,ORCC,cylinder,588.861279877706,557.6270512989082,638.3985899641926
Q003357,669.0,Esarhaddon,Neo-Assyrian,Nippur,ORCC,cylinder,628.9910209327253,547.4711150845487,585.302813274348
Q003358,669.0,Esarhaddon,Neo-Assyrian,Nippur,ORCC,cylinder,625.3650312910347,643.7836172570526,656.2608763184597
Q003359,669.0,Esarhaddon,Neo-Assyrian,Nippur,ORCC,cylinder,642.4213240418374,640.7377703575501,696.3798299942056
Q003360,669.0,Esarhaddon,Neo-Assyrian,Nippur,ORCC,brick,673.3161457837143,606.4987713055122,676.2402420271444
Q003361,669.0,Esarhaddon,Neo-Assyrian,Nippur,ORCC,brick,608.325205311251,596.2180643013876,672.8962246190662
Q003362,669.0,Esarhaddon,Neo-Assyrian,Uruk,ORCC,cylinder,636.4917114557596,602.2021767354624,640.9861016169649
Q003363,669.0,Esarhaddon,Neo-Assyrian,Uruk,ORCC,cylinder,579.9072804447331,572.3471378398146,613.447266220386
Q003364,669.0,Esarhaddon,Neo-Assyrian,Uruk,ORCC,cylinder,619.0669193734956,538.1155740254209,677.6443705992497
Q003365,669.0,Esarhaddon,Neo-Assyrian,Uruk,ORCC,cylinder,612.5329127889903,597.559051015546,683.8897953374984
Q003366,669.0,Esarhaddon,Neo-Assyrian,Uruk,ORCC,brick,572.4922921449888,594.2476425722027,631.3783199519302
Q003367,669.0,Esarhaddon,Neo-Assyrian,Uruk,ORCC,brick,619.8262109814056,601.3615052379077,671.549053076108
Q003368,669.0,Esarhaddon,Neo-Assyrian,Uruk,ORCC,brick,552.6402795498459,582.8504947424609,653.4993234784484
Q003369,669.0,Esarhaddon,Neo-Assyrian,Cave Kalm-karra,ORCC,vessel,735.9737786917632,661.7496661772132,650.0808405696814
Q003370,669.0,Esarhaddon,Neo-Assyrian,Kuyunjik (Nineveh),ORCC,lion weight,660.5428799808392,698.2097300112068,597.3752726443479
Q003371,669.0,Esarhaddon,Neo-Assyrian,Assyria,ORCC,bead,567.1343656789593,660.9707809990898,632.8989102621687
Q003372,669.0,Esarhaddon,Neo-Assyrian,Persepolis (Pārśa),ORCC,bead,694.6285513124693,659.6442792347907,623.1596873488578
Q003373,669.0,Esarhaddon,Neo-Assyrian,Sippar,ORCC,prism,608.1259930484313,531.9972777570849,665.169157905528
Q003374,669.0,Esarhaddon,Neo-Assyrian,Sippar,ORCC,prism,680.0384835777338,527.2575265140141,664.988868455856
Q003375,669.0,Esarhaddon,Neo-Assyrian,Babylon,ORCC,prism,620.723092658231,522.2345343960867,629.0844272447404
Q003376,669.0,Esarhaddon,Neo-Assyrian,Nineveh,ORCC,prism,582.268882755673,645.9620291364199,642.3895783560349
Q003377,669.0,Esarhaddon,Neo-Assyrian,Kuyunjik (Nineveh),ORCC,cylinder,633.1460562164109,627.3489024863492,721.1325037115557
Q003378,669.0,Esarhaddon,Neo-Assyrian,Qalat Sherqat (Assur),ORCC,cylinder,649.4640277989423,647.6600878413432,639.2621959875955
Q003379,669.0,Esarhaddon,Neo-Assyrian,Ben Shemen,ORCC,stele,602.9436782716782,675.3382028015902,602.5328427227291
Q003380,669.0,Esarhaddon,Neo-Assyrian,el-Ghab,ORCC,stele,576.1030873726734,614.9309124662939,595.3844279438226
Q003381,669.0,Esarhaddon,Neo-Assyrian,Syria,ORCC,brick,655.5446727758582,679.9970312483638,704.6589662644807
Q003382,669.0,Esarhaddon,Neo-Assyrian,Uruk,ORCC,None,684.8958502947831,592.9858909519965,688.3808603364097
Q003383,669.0,Esarhaddon,Neo-Assyrian,Kuyunjik (Nineveh),ORCC,None,695.079218968068,671.2636128694195,670.8341429342291
Q003384,669.0,Esarhaddon,Neo-Assyrian,Kuyunjik (Nineveh),ORCC,None,692.3682225826004,680.333496259168,673.8814252213317
Q003385,669.0,Esarhaddon,Neo-Assyrian,Kuyunjik (Nineveh),ORCC,None,621.4489387802921,646.5714899303296,621.1342429833304
Q003386,669.0,Esarhaddon,Neo-Assyrian,Kuyunjik (Nineveh),ORCC,None,636.2806972057493,664.7834734221295,636.2088447050489
Q003387,669.0,Esarhaddon,Neo-Assyrian,Kuyunjik (Nineveh),ORCC,None,718.3108071085977,621.3398664025975,691.4867671735545
Q003388,669.0,Esarhaddon,Neo-Assyrian,Kuyunjik (Nineveh),ORCC,None,681.0563274874172,644.2345108674801,656.6912854752816
Q003389,669.0,Esarhaddon,Neo-Assyrian,Kuyunjik (Nineveh),ORCC,None,681.9159400053685,702.480760313156,649.8761166142519
Q003390,669.0,Esarhaddon,Neo-Assyrian,Kuyunjik (Nineveh),ORCC,None,640.1276045727261,691.3002154910068,640.1683901858423
Q003391,669.0,Esarhaddon,Neo-Assyrian,Kuyunjik (Nineveh),ORCC,None,655.9603049668361,706.646934953675,654.0736569440336
Q003392,669.0,Esarhaddon,Neo-Assyrian,Kuyunjik (Nineveh),ORCC,None,801.9264635825484,715.7246608577647,681.4340895055522
Q003394,669.0,Esarhaddon,Neo-Assyrian,Kuyunjik (Nineveh),ORCC,vessel,634.5970679826128,683.2825728492554,675.5084812748498
Q003395,669.0,Esarhaddon,Neo-Assyrian,Kuyunjik (Nineveh),ORCC,vessel,695.0265013836091,696.1142497911898,679.8245025660539
Q003396,669.0,Esarhaddon,Neo-Assyrian,Kuyunjik (Nineveh),ORCC,vessel,693.7251967251188,680.6592890033254,638.5981769715995
Q003397,669.0,Esarhaddon,Neo-Assyrian,Kuyunjik (Nineveh),ORCC,vessel,693.7251967251188,680.6592890033254,638.5981769715995
Q003398,669.0,Esarhaddon,Neo-Assyrian,Kuyunjik (Nineveh),ORCC,vessel,708.3137212083202,690.1905808708494,668.7998239975187
Q003399,669.0,Esarhaddon,Neo-Assyrian,Kuyunjik (Nineveh),ORCC,vessel,711.2410784084631,698.1026930014646,688.4542078513527
Q003400,669.0,Esarhaddon,Neo-Assyrian,Kuyunjik (Nineveh),ORCC,vessel,755.0444956150928,671.0906325578757,664.4655494226854
Q003401,669.0,Esarhaddon,Neo-Assyrian,Kuyunjik (Nineveh),ORCC,vessel,716.9687217440807,670.8477475361505,678.3751789872396
Q003403,669.0,Esarhaddon,Neo-Assyrian,Assyria,ORCC,bead,800.6409367036537,719.9454218654654,693.5889876108635
Q003404,669.0,Esarhaddon,Neo-Assyrian,Qalat Sherqat (Assur),ORCC,block,717.8147413370691,716.9539742625716,669.5230236017057
Q003405,669.0,Esarhaddon,Neo-Assyrian,Kuyunjik (Nineveh),ORCC,prism,698.6560483059233,701.1494405220582,678.4684444371555
Q003406,669.0,Esarhaddon,Neo-Assyrian,Kuyunjik (Nineveh),ORCC,cylinder,700.7714562620479,712.9437262752563,701.5271997980798
Q003407,669.0,Esarhaddon,Neo-Assyrian,Kuyunjik (Nineveh),ORCC,None,687.5609723061527,648.2147697386071,674.5557283000726
Q003408,669.0,Esarhaddon,Neo-Assyrian,Kuyunjik (Nineveh),ORCC,None,674.8951326879082,676.3590268073267,669.4587196331021
Q003409,669.0,Esarhaddon,Neo-Assyrian,Assyria,ORCC,bead,618.9022530908826,642.9818815338301,654.8438161569563
Q003410,669.0,Esarhaddon,Neo-Assyrian,Assyria,ORCC,bead,608.5908096418179,638.2756834135281,670.7431009627562
Q003411,669.0,Esarhaddon,Neo-Assyrian,Assyria,ORCC,bead,663.1926801758831,668.0912205261917,662.7730788822214
Q003412,669.0,Esarhaddon,Neo-Assyrian,Assyria,ORCC,plating,720.2006005794809,649.9373318947316,705.0820848963083
Q003414,727.0,Tiglath-pileser III,Neo-Assyrian,Nimrud (Kalhu),ORCC,wall slab (with reliefs),707.5267277357736,663.8241222281256,676.0281551702766
Q003415,727.0,Tiglath-pileser III,Neo-Assyrian,Nimrud (Kalhu),ORCC,wall slab (with reliefs),644.9871754959657,637.1553684215016,622.5667814271123
Q003416,727.0,Tiglath-pileser III,Neo-Assyrian,Nimrud (Kalhu),ORCC,wall slab (with reliefs),730.7228139912019,660.438029861552,631.6010599059532
Q003417,727.0,Tiglath-pileser III,Neo-Assyrian,Nimrud (Kalhu),ORCC,wall slab (with reliefs),632.7179537546042,705.6590047359721,570.4961971099335
Q003418,727.0,Tiglath-pileser III,Neo-Assyrian,Nimrud (Kalhu),ORCC,wall slab (with reliefs),691.9925279793716,583.9402712736052,693.0629664141293
Q003419,727.0,Tiglath-pileser III,Neo-Assyrian,Nimrud (Kalhu),ORCC,wall slab (with reliefs),617.1657118159251,663.8831298767493,676.4848772928674
Q003420,727.0,Tiglath-pileser III,Neo-Assyrian,Nimrud (Kalhu),ORCC,wall slab (with reliefs),716.8705577229289,643.2235156490889,657.042350799237
Q003421,727.0,Tiglath-pileser III,Neo-Assyrian,Nimrud (Kalhu),ORCC,wall slab (with reliefs),697.7067585495913,668.2623846296163,644.2601617392181
Q003422,727.0,Tiglath-pileser III,Neo-Assyrian,Nimrud (Kalhu),ORCC,wall slab (with reliefs),610.6110657929066,716.8243318903025,637.2363311102556
Q003423,727.0,Tiglath-pileser III,Neo-Assyrian,Nimrud (Kalhu),ORCC,wall slab (with reliefs),684.1104090922844,720.1384603206956,734.211125198798
Q003424,727.0,Tiglath-pileser III,Neo-Assyrian,Nimrud (Kalhu),ORCC,wall slab (with reliefs),615.4301149242556,636.4092726161259,604.5178453484349
Q003425,727.0,Tiglath-pileser III,Neo-Assyrian,Nimrud (Kalhu),ORCC,wall slab (with reliefs),703.381758758213,636.9679653974086,645.1387697247113
Q003426,727.0,Tiglath-pileser III,Neo-Assyrian,Nimrud (Kalhu),ORCC,wall slab (with reliefs),719.1100108111439,663.6322260558445,641.5859468267403
Q003427,727.0,Tiglath-pileser III,Neo-Assyrian,Nimrud (Kalhu),ORCC,wall slab (with reliefs),660.1805479234613,671.2574730497472,645.3968297281527
Q003428,727.0,Tiglath-pileser III,Neo-Assyrian,Nimrud (Kalhu),ORCC,wall slab (with reliefs),641.6722455513452,681.3735268308501,665.7139321941631
Q003429,727.0,Tiglath-pileser III,Neo-Assyrian,Nimrud (Kalhu),ORCC,wall slab (with reliefs),636.3035455608914,695.3695638436875,707.1393631420879
Q003430,727.0,Tiglath-pileser III,Neo-Assyrian,Nimrud (Kalhu),ORCC,wall slab (with reliefs),613.2758196319105,689.1659187041704,662.4753531293356
Q003431,727.0,Tiglath-pileser III,Neo-Assyrian,Nimrud (Kalhu),ORCC,wall slab (with reliefs),665.7582344468275,603.0082083675097,682.4136140310794
Q003432,727.0,Tiglath-pileser III,Neo-Assyrian,Nimrud (Kalhu),ORCC,wall slab (with reliefs),665.2519735695884,619.9284999508992,660.9477610049291
Q003433,727.0,Tiglath-pileser III,Neo-Assyrian,Nimrud (Kalhu),ORCC,wall slab (with reliefs),702.9262465732941,678.9673138423194,636.0697393096227
Q003434,727.0,Tiglath-pileser III,Neo-Assyrian,Nimrud (Kalhu),ORCC,wall slab (with reliefs),662.0844915005125,627.6482128683773,686.0590766703114
Q003435,727.0,Tiglath-pileser III,Neo-Assyrian,Nimrud (Kalhu),ORCC,wall slab (with reliefs),700.1822677785681,620.9036743519052,666.6141531186352
Q003436,727.0,Tiglath-pileser III,Neo-Assyrian,Nimrud (Kalhu),ORCC,wall slab (with reliefs),693.0229535024382,640.2936222130048,685.1023084698272
Q003437,727.0,Tiglath-pileser III,Neo-Assyrian,Nimrud (Kalhu),ORCC,wall slab (with reliefs),691.2731029840763,664.5610249352349,674.7232951576333
Q003438,727.0,Tiglath-pileser III,Neo-Assyrian,Nimrud (Kalhu),ORCC,wall slab (with reliefs),656.9282405040698,657.9885711833571,620.1837218145927
Q003439,727.0,Tiglath-pileser III,Neo-Assyrian,Nimrud (Kalhu),ORCC,wall slab (with reliefs),707.8150592907315,682.0235516321412,693.4357068501812
Q003440,727.0,Tiglath-pileser III,Neo-Assyrian,Nimrud (Kalhu),ORCC,wall slab (with reliefs),688.9441046466072,644.8009427190319,712.1327593674508
Q003441,727.0,Tiglath-pileser III,Neo-Assyrian,Nimrud (Kalhu),ORCC,wall slab (with reliefs),748.9573408279796,733.8244202589926,678.9785460106976
Q003443,727.0,Tiglath-pileser III,Neo-Assyrian,Nimrud (Kalhu),ORCC,wall slab (with reliefs),706.8353966457165,752.7427998049448,660.081329726098
Q003444,727.0,Tiglath-pileser III,Neo-Assyrian,Nimrud (Kalhu),ORCC,wall slab (with reliefs),621.7485665005263,666.3371158060515,655.4589201430376
Q003445,727.0,Tiglath-pileser III,Neo-Assyrian,Nimrud (Kalhu),ORCC,wall slab (with reliefs),626.2718494426474,681.80308548641,607.675306681019
Q003448,727.0,Tiglath-pileser III,Neo-Assyrian,Luristan,ORCC,stele,797.7781786578407,729.4325190156388,699.968944885124
Q003449,727.0,Tiglath-pileser III,Neo-Assyrian,Nimrud (Kalhu),ORCC,anthropomorphic statue,636.7605514881897,729.3080974206266,641.3766046978737
Q003450,727.0,Tiglath-pileser III,Neo-Assyrian,Mila Mergi,ORCC,rock face,765.9461504641572,680.0055166085939,700.9079941457712
Q003451,727.0,Tiglath-pileser III,Neo-Assyrian,Qalat Sherqat (Assur),ORCC,uncertain,699.271706656208,661.9324785430605,695.462557322843
Q003452,727.0,Tiglath-pileser III,Neo-Assyrian,Nimrud (Kalhu),ORCC,slab,664.6673638819195,662.8233748777201,689.1535917676523
Q003453,727.0,Tiglath-pileser III,Neo-Assyrian,Nimrud (Kalhu),ORCC,slab,686.6987982674914,668.3727962366703,673.2589511767757
Q003454,727.0,Tiglath-pileser III,Neo-Assyrian,Nimrud (Kalhu),ORCC,slab,642.8370593039432,662.6824937154366,594.6707234761693
Q003455,727.0,Tiglath-pileser III,Neo-Assyrian,Nimrud (Kalhu),ORCC,slab,707.5068497541426,622.2722006327298,634.0145835563951
Q003456,727.0,Tiglath-pileser III,Neo-Assyrian,Nimrud (Kalhu),ORCC,slab,698.0004619164793,714.149015488992,685.8339804343315
Q003457,727.0,Tiglath-pileser III,Neo-Assyrian,Nimrud (Kalhu),ORCC,slab,639.3699282661245,626.9512611306062,671.7174379916519
Q003458,727.0,Tiglath-pileser III,Neo-Assyrian,Nimrud (Kalhu),ORCC,slab,612.0054208981629,671.8736118685316,672.3496048764009
Q003459,727.0,Tiglath-pileser III,Neo-Assyrian,Nimrud (Kalhu),ORCC,None,720.5368319578395,593.1073596482119,697.004551033215
Q003460,727.0,Tiglath-pileser III,Neo-Assyrian,Nimrud (Kalhu),ORCC,None,695.3604506100279,688.9223393151603,704.8893380014781
Q003461,727.0,Tiglath-pileser III,Neo-Assyrian,Nimrud (Kalhu),ORCC,None,666.9542293343866,651.1149984304823,639.8770637520873
Q003462,727.0,Tiglath-pileser III,Neo-Assyrian,Nimrud (Kalhu),ORCC,None,724.3672653043213,627.3559983319152,695.0987007000404
Q003463,727.0,Tiglath-pileser III,Neo-Assyrian,Nimrud (Kalhu),ORCC,None,668.4680920976873,637.1438655221156,649.947843998992
Q003464,727.0,Tiglath-pileser III,Neo-Assyrian,Nimrud (Kalhu),ORCC,None,695.3604506100279,688.8363043727122,704.8893380014781
Q003465,727.0,Tiglath-pileser III,Neo-Assyrian,Nimrud (Kalhu),ORCC,None,695.3604506100279,688.9837687219394,704.8893380014781
Q003466,727.0,Tiglath-pileser III,Neo-Assyrian,Arslan Tash (Ḫadatu),ORCC,bull colossus,684.6780495626717,581.9732339108327,594.0776164284304
Q003467,727.0,Tiglath-pileser III,Neo-Assyrian,Qalat Sherqat (Assur),ORCC,block,594.8675234951706,620.8019594909819,670.6885860723004
Q003468,727.0,Tiglath-pileser III,Neo-Assyrian,Nimrud (Kalhu),ORCC,wall slab (with reliefs),696.0460050877484,649.2557485805195,649.0997391887049
Q003469,727.0,Tiglath-pileser III,Neo-Assyrian,Nimrud (Kalhu),ORCC,wall slab (with reliefs),535.3796718409794,674.0259758498612,608.0410218308949
Q003470,727.0,Tiglath-pileser III,Neo-Assyrian,Nimrud (Kalhu),ORCC,wall slab (with reliefs),690.262070780094,643.3725840148936,648.9165436565165
Q003471,727.0,Tiglath-pileser III,Neo-Assyrian,Qalat Sherqat (Assur),ORCC,brick,712.3859605302678,650.6931227296628,680.4980068764605
Q003472,727.0,Tiglath-pileser III,Neo-Assyrian,Qalat Sherqat (Assur),ORCC,brick,713.1161921889206,660.6867160945201,667.9080071721867
Q003473,727.0,Tiglath-pileser III,Neo-Assyrian,Qalat Sherqat (Assur),ORCC,brick,687.6216542969717,655.5576162805344,709.5523350585352
Q003474,727.0,Tiglath-pileser III,Neo-Assyrian,Nimrud (Kalhu),ORCC,duck weight,679.3831338885161,642.7371135595727,691.4704716617651
Q003475,681.0,Sennacherib,Neo-Assyrian,Kuyunjik (Nineveh),ORCC,cylinder,578.5272453953673,556.2642001816555,708.8949033737558
Q003476,681.0,Sennacherib,Neo-Assyrian,Kuyunjik (Nineveh),ORCC,cylinder,576.8318496124466,557.9171134679027,705.0170808302026
Q003477,681.0,Sennacherib,Neo-Assyrian,Kuyunjik (Nineveh),ORCC,cylinder,576.8318496124466,557.9171134679027,705.0170808302026
Q003478,681.0,Sennacherib,Neo-Assyrian,Kuyunjik (Nineveh),ORCC,cylinder,574.6411837025151,633.3585804899884,645.24803056538
Q003479,681.0,Sennacherib,Neo-Assyrian,Kuyunjik (Nineveh),ORCC,cylinder,540.7930724795673,610.3377463728748,629.7807241319965
Q003481,681.0,Sennacherib,Neo-Assyrian,Kuyunjik (Nineveh),ORCC,cylinder,632.2351605374517,611.6065549921092,671.0862918926217
Q003482,681.0,Sennacherib,Neo-Assyrian,Kuyunjik (Nineveh),ORCC,cylinder,574.6411837025151,633.3585804899884,645.24803056538
Q003483,681.0,Sennacherib,Neo-Assyrian,Kuyunjik (Nineveh),ORCC,cylinder,576.8318496124466,557.9171134679027,705.0170808302026
Q003484,681.0,Sennacherib,Neo-Assyrian,Kuyunjik (Nineveh),ORCC,cylinder,710.0645157751576,710.3145415924845,696.2727435207381
Q003485,681.0,Sennacherib,Neo-Assyrian,Kuyunjik (Nineveh),ORCC,cylinder,725.8212294336969,661.3148837552338,690.1322100444163
Q003486,681.0,Sennacherib,Neo-Assyrian,Kuyunjik (Nineveh),ORCC,cylinder,753.900014659064,660.2435139783979,710.7937241338374
Q003487,681.0,Sennacherib,Neo-Assyrian,Kuyunjik (Nineveh),ORCC,cylinder,718.0189831463126,655.627049355178,687.4911932084816
Q003489,681.0,Sennacherib,Neo-Assyrian,Kuyunjik (Nineveh),ORCC,prism,563.2119127087371,613.1156471393501,643.7320360206878
Q003490,681.0,Sennacherib,Neo-Assyrian,Kuyunjik (Nineveh),ORCC,prism,547.7884558153929,604.5068300280072,636.4197802855688
Q003491,681.0,Sennacherib,Neo-Assyrian,Kuyunjik (Nineveh),ORCC,prism,539.9301470868966,618.2930771739043,634.7999771898199
Q003492,681.0,Sennacherib,Neo-Assyrian,Kuyunjik (Nineveh),ORCC,prism,604.3181849379602,554.3150551187739,725.3596730347156
Q003493,681.0,Sennacherib,Neo-Assyrian,Kuyunjik (Nineveh),ORCC,prism,639.8582928677424,580.6588893873527,658.7694129107944
Q003494,681.0,Sennacherib,Neo-Assyrian,Kuyunjik (Nineveh),ORCC,prism,645.4233343915334,718.7428129197103,650.2856891919282
Q003495,681.0,Sennacherib,Neo-Assyrian,Kuyunjik (Nineveh),ORCC,prism,655.1776466198343,680.3629408743756,642.6822808758876
Q003496,681.0,Sennacherib,Neo-Assyrian,Kuyunjik (Nineveh),ORCC,prism,547.7884558153929,604.4062773805811,636.4197802855688
Q003497,681.0,Sennacherib,Neo-Assyrian,Kuyunjik (Nineveh),ORCC,prism,539.6113389322043,614.0953731536753,635.9766146364174
Q003498,681.0,Sennacherib,Neo-Assyrian,Kuyunjik (Nineveh),ORCC,prism,539.6113389322043,614.0953731536753,635.9766146364174
Q003499,681.0,Sennacherib,Neo-Assyrian,Kuyunjik (Nineveh),ORCC,prism,710.6701845127953,651.5707284664718,613.0354107058654
Q003500,681.0,Sennacherib,Neo-Assyrian,Kuyunjik (Nineveh),ORCC,prism,685.2649068050323,628.2438145080707,643.7580992046042
Q003501,681.0,Sennacherib,Neo-Assyrian,Kuyunjik (Nineveh),ORCC,prism,572.6550604475724,614.0187616690157,644.749791226216
Q003502,681.0,Sennacherib,Neo-Assyrian,Kuyunjik (Nineveh),ORCC,prism,671.5092710657436,636.0663407750687,652.8809772700579
Q003503,681.0,Sennacherib,Neo-Assyrian,Kuyunjik (Nineveh),ORCC,prism,617.0165457785433,611.2743592126722,610.041779396025
Q003504,681.0,Sennacherib,Neo-Assyrian,Kuyunjik (Nineveh),ORCC,prism,720.8336592164633,632.4099791289194,662.4587272841139
Q003505,681.0,Sennacherib,Neo-Assyrian,Kuyunjik (Nineveh),ORCC,prism,635.373746013931,563.8188643801229,720.7728583345769
Q003506,681.0,Sennacherib,Neo-Assyrian,Kuyunjik (Nineveh),ORCC,prism,585.7314196123966,695.7017635146025,657.4002172963513
Q003508,681.0,Sennacherib,Neo-Assyrian,Kuyunjik (Nineveh),ORCC,None,576.6519298996518,612.6580615855571,634.9433475035203
Q003509,681.0,Sennacherib,Neo-Assyrian,Kuyunjik (Nineveh),ORCC,None,633.5377475244045,686.2348103834187,737.3868603431197
Q003510,681.0,Sennacherib,Neo-Assyrian,Kuyunjik (Nineveh),ORCC,None,723.7213326997957,709.1373474025659,764.2967714251838
Q003511,681.0,Sennacherib,Neo-Assyrian,Kuyunjik (Nineveh),ORCC,None,587.476504449934,640.4728142063848,687.8902423472622
Q003512,681.0,Sennacherib,Neo-Assyrian,Kuyunjik (Nineveh),ORCC,stele,601.6235280122908,623.4450229117895,680.1309103838615
Q003513,681.0,Sennacherib,Neo-Assyrian,Kuyunjik (Nineveh),ORCC,human-headed bull colossus,659.0404221065781,665.8451401782391,679.9437373921444
Q003514,681.0,Sennacherib,Neo-Assyrian,Kuyunjik (Nineveh),ORCC,human-headed lion colossus,661.3951301486334,664.1490526092906,652.2983886922069
Q003515,681.0,Sennacherib,Neo-Assyrian,Kuyunjik (Nineveh),ORCC,human-headed bull colossus,708.2569011103548,641.2333988032899,710.0056958085701
Q003516,681.0,Sennacherib,Neo-Assyrian,Kuyunjik (Nineveh),ORCC,human-headed bull colossus,631.8879789504131,636.1444848979288,530.4772644646092
Q003517,681.0,Sennacherib,Neo-Assyrian,Kuyunjik (Nineveh),ORCC,human-headed bull colossus,626.2816784879242,658.4254423823486,647.6115269456707
Q003518,681.0,Sennacherib,Neo-Assyrian,Kuyunjik (Nineveh),ORCC,human-headed bull colossus,659.0404221065781,665.4676515018507,679.9437373921444
Q003519,681.0,Sennacherib,Neo-Assyrian,Kuyunjik (Nineveh),ORCC,human-headed bull colossus,677.0153115699103,704.0861985448175,660.2710394868047
Q003520,681.0,Sennacherib,Neo-Assyrian,Kuyunjik (Nineveh),ORCC,human-headed bull colossus,622.782123660594,587.3827601661196,620.0325751204269
Q003521,681.0,Sennacherib,Neo-Assyrian,Kuyunjik (Nineveh),ORCC,human-headed bull colossus,761.9829470135454,773.9619439024223,748.5908322118605
Q003523,681.0,Sennacherib,Neo-Assyrian,Kuyunjik (Nineveh),ORCC,human-headed bull colossus,626.2816784879242,658.4254423823486,647.6115269456707
Q003524,681.0,Sennacherib,Neo-Assyrian,Kuyunjik (Nineveh),ORCC,human-headed bull colossus,626.2816784879242,658.4254423823486,647.6115269456707
Q003525,681.0,Sennacherib,Neo-Assyrian,Kuyunjik (Nineveh),ORCC,human-headed lion colossus,698.9386289131796,645.4082714292333,623.856091967199
Q003526,681.0,Sennacherib,Neo-Assyrian,Kuyunjik (Nineveh),ORCC,human-headed bull colossus,676.9836627206147,588.1995627696105,793.2700390285013
Q003527,681.0,Sennacherib,Neo-Assyrian,Kuyunjik (Nineveh),ORCC,wall slab (with reliefs),666.0941131597758,596.5642564158607,685.8483067024719
Q003528,681.0,Sennacherib,Neo-Assyrian,Kuyunjik (Nineveh),ORCC,wall slab (with reliefs),563.006765609929,654.849736270889,699.7864381153239
Q003529,681.0,Sennacherib,Neo-Assyrian,Kuyunjik (Nineveh),ORCC,wall slab (with reliefs),565.2335134183008,679.0330232123939,610.0882854108709
Q003530,681.0,Sennacherib,Neo-Assyrian,Kuyunjik (Nineveh),ORCC,wall slab (with reliefs),547.4168685754463,650.3319386711858,632.1673892969534
Q003531,681.0,Sennacherib,Neo-Assyrian,Kuyunjik (Nineveh),ORCC,wall slab (with reliefs),650.3522229530354,692.5452738563083,670.7544148176684
Q003532,681.0,Sennacherib,Neo-Assyrian,Kuyunjik (Nineveh),ORCC,wall slab (with reliefs),635.5049325710999,679.5477996324707,671.188620321831
Q003533,681.0,Sennacherib,Neo-Assyrian,Kuyunjik (Nineveh),ORCC,wall slab (with reliefs),636.5161863939592,660.3885782945367,685.0790854482548
Q003534,681.0,Sennacherib,Neo-Assyrian,Kuyunjik (Nineveh),ORCC,wall slab (with reliefs),658.1836411414477,659.3914701910804,666.4093131503269
Q003535,681.0,Sennacherib,Neo-Assyrian,Kuyunjik (Nineveh),ORCC,wall slab (with reliefs),628.5018344100829,655.1509595100887,639.9033275171095
Q003536,681.0,Sennacherib,Neo-Assyrian,Kuyunjik (Nineveh),ORCC,wall slab (with reliefs),652.1220832814549,644.327401237292,663.5139520925939
Q003537,681.0,Sennacherib,Neo-Assyrian,Kuyunjik (Nineveh),ORCC,wall slab (with reliefs),636.9235645166348,661.4983651531306,678.4132623032946
Q003538,681.0,Sennacherib,Neo-Assyrian,Kuyunjik (Nineveh),ORCC,wall slab (with reliefs),626.1991036403917,666.9941815789236,673.8052580648812
Q003539,681.0,Sennacherib,Neo-Assyrian,Kuyunjik (Nineveh),ORCC,wall slab (with reliefs),634.6628364501767,714.3335442634093,666.8025179138823
Q003540,681.0,Sennacherib,Neo-Assyrian,Kuyunjik (Nineveh),ORCC,wall slab (with reliefs),625.5749360526313,632.4671580400128,698.4386366391097
Q003541,681.0,Sennacherib,Neo-Assyrian,Kuyunjik (Nineveh),ORCC,wall slab (with reliefs),661.0968098676594,666.6144578631055,663.1376568630621
Q003542,681.0,Sennacherib,Neo-Assyrian,Kuyunjik (Nineveh),ORCC,wall slab (with reliefs),751.9106600015298,659.3851004966051,682.5460571365262
Q003547,681.0,Sennacherib,Neo-Assyrian,Kuyunjik (Nineveh),ORCC,wall slab (with reliefs),546.6912856200336,626.4366824793972,593.4205218400299
Q003548,681.0,Sennacherib,Neo-Assyrian,Kuyunjik (Nineveh),ORCC,wall slab (with reliefs),623.0154137997965,645.999063276896,642.4583157612759
Q003549,681.0,Sennacherib,Neo-Assyrian,Kuyunjik (Nineveh),ORCC,wall slab (with reliefs),638.7443395224062,538.8279930830076,644.0931914656666
Q003550,681.0,Sennacherib,Neo-Assyrian,Kuyunjik (Nineveh),ORCC,wall slab (with reliefs),644.875386491519,636.803378411711,637.1533274432046
Q003552,681.0,Sennacherib,Neo-Assyrian,Kuyunjik (Nineveh),ORCC,threshold slab,625.7027985925279,653.0594116225925,664.1923899429403
Q003553,681.0,Sennacherib,Neo-Assyrian,Kuyunjik (Nineveh),ORCC,threshold slab,650.9571201875206,656.1057081306192,672.9538081363102
Q003554,681.0,Sennacherib,Neo-Assyrian,Kuyunjik (Nineveh),ORCC,human-headed lion colossus,707.8781692856734,716.1347111687649,711.2986738360139
Q003556,681.0,Sennacherib,Neo-Assyrian,Kuyunjik (Nineveh),ORCC,slab,724.2076830571311,622.2335634702091,585.3805844794706
Q003557,681.0,Sennacherib,Neo-Assyrian,Kuyunjik (Nineveh),ORCC,slab,724.2076830571311,622.2335634702091,585.3805844794706
Q003558,681.0,Sennacherib,Neo-Assyrian,Kuyunjik (Nineveh),ORCC,slab,605.8299951989519,650.5441852414615,626.2960048245645
Q003559,681.0,Sennacherib,Neo-Assyrian,Kuyunjik (Nineveh),ORCC,slab,680.961425341047,645.5156314622964,669.2072111244997
Q003560,681.0,Sennacherib,Neo-Assyrian,Kuyunjik (Nineveh),ORCC,door socket,688.5877103371791,575.6387578280398,681.0953243449005
Q003561,681.0,Sennacherib,Neo-Assyrian,Kuyunjik (Nineveh),ORCC,door socket,593.4145909473011,664.4355060825474,666.1572442465192
Q003562,681.0,Sennacherib,Neo-Assyrian,Kuyunjik (Nineveh),ORCC,brick,601.7123995194771,663.6869537615491,654.3348346206309
Q003563,681.0,Sennacherib,Neo-Assyrian,Kuyunjik (Nineveh),ORCC,brick,637.97945818452,660.9805108055855,681.4126550075744
Q003564,681.0,Sennacherib,Neo-Assyrian,Kuyunjik (Nineveh),ORCC,brick,534.080310983893,645.2337900917375,565.1235317089546
Q003565,681.0,Sennacherib,Neo-Assyrian,Kuyunjik (Nineveh),ORCC,brick,734.2802933469306,639.8951530687992,676.4702390937962
Q003566,681.0,Sennacherib,Neo-Assyrian,Kuyunjik (Nineveh),ORCC,brick,697.8528141510268,675.3812952059715,711.9312609991482
Q003567,681.0,Sennacherib,Neo-Assyrian,Kuyunjik (Nineveh),ORCC,brick,684.4755424489962,675.4863147510961,703.7299718035521
Q003568,681.0,Sennacherib,Neo-Assyrian,Kuyunjik (Nineveh),ORCC,brick,717.296628151857,616.0988319169501,597.916056663326
Q003569,681.0,Sennacherib,Neo-Assyrian,Kuyunjik (Nineveh),ORCC,brick,733.0793057462927,615.2730122892382,594.9774065057302
Q003570,681.0,Sennacherib,Neo-Assyrian,Kuyunjik (Nineveh),ORCC,brick,788.7012840384577,669.3914371700037,735.9214559497384
Q003571,681.0,Sennacherib,Neo-Assyrian,Kuyunjik (Nineveh),ORCC,brick,749.9080035805047,669.657565098279,697.8160243956959
Q003572,681.0,Sennacherib,Neo-Assyrian,Kuyunjik (Nineveh),ORCC,brick,715.0705194412672,645.6986632295512,705.6131770943198
Q003573,681.0,Sennacherib,Neo-Assyrian,Kuyunjik (Nineveh),ORCC,brick,755.6575330328909,658.3422803617996,671.3177994696334
Q003574,681.0,Sennacherib,Neo-Assyrian,Kuyunjik (Nineveh),ORCC,brick,760.8063960483016,667.9831987484627,673.3810999904125
Q003576,681.0,Sennacherib,Neo-Assyrian,Kuyunjik (Nineveh),ORCC,bead,690.2174188950537,650.0747957750667,595.6365072361223
Q003577,681.0,Sennacherib,Neo-Assyrian,Kuyunjik (Nineveh),ORCC,bead,716.3290143179634,689.2565052795522,638.0856214770712
Q003578,681.0,Sennacherib,Neo-Assyrian,Kuyunjik (Nineveh),ORCC,bead,708.558090386855,673.4625944703131,586.6683835044764
Q003579,681.0,Sennacherib,Neo-Assyrian,Kuyunjik (Nineveh),ORCC,bead,636.7833998582252,680.531252313277,642.5684969892307
Q003608,727.0,Tiglath-pileser III,Neo-Assyrian,Nimrud (Kalhu),ORCC,duck weight,686.5472634119576,652.8300533690771,696.3198290574901
Q003609,727.0,Tiglath-pileser III,Neo-Assyrian,Nimrud (Kalhu),ORCC,lion weight,709.9613720891265,640.1050947282358,674.2147550000102
Q003610,727.0,Tiglath-pileser III,Neo-Assyrian,Qalat Sherqat (Assur),ORCC,vessel,698.6885815356428,637.6411824069511,684.2161966778237
Q003611,727.0,Tiglath-pileser III,Neo-Assyrian,Qalat Sherqat (Assur),ORCC,enameled tile,698.6885815356428,637.6411824069511,684.2161966778237
Q003612,727.0,Tiglath-pileser III,Neo-Assyrian,Qalat Sherqat (Assur),ORCC,enameled tile,679.3831338885161,642.7371135595727,691.4704716617651
Q003613,727.0,Tiglath-pileser III,Neo-Assyrian,Qalat Sherqat (Assur),ORCC,bead,723.7001587927252,648.9112175370792,671.4585532843594
Q003617,727.0,Tiglath-pileser III,Neo-Assyrian,Arslan Tash (Ḫadatu),ORCC,lion colossus,648.1513980939527,675.0121789943225,620.0201281024617
Q003618,727.0,Tiglath-pileser III,Neo-Assyrian,Tell Tayinat (Unqi),ORCC,disk,713.0286222145103,627.8848084230942,714.1750852107893
Q003619,727.0,Tiglath-pileser III,Neo-Assyrian,Nimrud (Kalhu),ORCC,None,620.3783268001448,708.2065341606739,595.9628691567964
Q003620,727.0,Tiglath-pileser III,Neo-Assyrian,Nimrud (Kalhu),ORCC,vessel,668.086890296115,643.4589075398188,654.5019824242579
Q003621,727.0,Tiglath-pileser III,Neo-Assyrian,Nimrud (Kalhu),ORCC,vessel,646.1731658574317,645.8587314149383,666.3620443509056
Q003622,722.0,Shalmaneser V,Neo-Assyrian,Nimrud (Kalhu),ORCC,lion weight,747.6025857459986,652.7162699262301,642.2250321122931
Q003623,722.0,Shalmaneser V,Neo-Assyrian,Nimrud (Kalhu),ORCC,lion weight,717.0976830130269,655.5899403236021,653.6294950854676
Q003624,722.0,Shalmaneser V,Neo-Assyrian,Nimrud (Kalhu),ORCC,lion weight,747.6025857459986,652.6636001234259,642.2250321122931
Q003625,722.0,Shalmaneser V,Neo-Assyrian,Nimrud (Kalhu),ORCC,lion weight,747.6025857459986,652.7104095881074,642.2250321122931
Q003626,722.0,Shalmaneser V,Neo-Assyrian,Nimrud (Kalhu),ORCC,lion weight,747.6025857459986,652.7104095881074,642.2250321122931
Q003627,722.0,Shalmaneser V,Neo-Assyrian,Nimrud (Kalhu),ORCC,lion weight,747.6025857459986,652.7104095881074,642.2250321122931
Q003628,722.0,Shalmaneser V,Neo-Assyrian,Nimrud (Kalhu),ORCC,lion weight,691.7064282392258,656.6897736058818,639.0129227451865
Q003629,722.0,Shalmaneser V,Neo-Assyrian,Nimrud (Kalhu),ORCC,lion weight,747.6025857459986,652.7104095881074,642.2250321122931
Q003630,722.0,Shalmaneser V,Neo-Assyrian,Nimrud (Kalhu),ORCC,lion weight,747.6025857459986,652.7104095881074,642.2250321122931
Q003634,722.0,Shalmaneser V,Neo-Assyrian,Assyria,ORCC,oval,747.6025857459986,652.6636001234259,642.2250321122931
Q003635,722.0,Shalmaneser V,Neo-Assyrian,Nimrud (Kalhu),ORCC,vessel,637.578722620105,671.4050144655134,663.8172733949359
Q003636,722.0,Shalmaneser V,Neo-Assyrian,Nimrud (Kalhu),ORCC,vessel,621.18147529989,671.7873405278369,653.7003657240989
Q003700,631.0,Ashurbanipal,Neo-Assyrian,Kuyunjik (Nineveh),ORCC,prism,657.9089733844597,616.3226859401975,630.4611189055818
Q003701,631.0,Ashurbanipal,Neo-Assyrian,Kuyunjik (Nineveh),ORCC,prism,686.3129963584171,660.7601766176714,700.5245687290794
Q003702,631.0,Ashurbanipal,Neo-Assyrian,Kuyunjik (Nineveh),ORCC,prism,589.3648200756927,636.0852727857324,590.2869779404687
Q003703,631.0,Ashurbanipal,Neo-Assyrian,Kuyunjik (Nineveh),ORCC,prism,589.3648200756927,636.0803129335252,590.2869779404687
Q003704,631.0,Ashurbanipal,Neo-Assyrian,Kuyunjik (Nineveh),ORCC,prism,599.9263004130403,662.1780424025911,562.2800429523178
Q003705,631.0,Ashurbanipal,Neo-Assyrian,Kuyunjik (Nineveh),ORCC,prism,684.20630477841,675.2933557174554,657.298165762039
Q003706,631.0,Ashurbanipal,Neo-Assyrian,Nimrud (Kalhu),ORCC,prism,591.0525946674925,627.7259229196874,608.0283233391467
Q003707,631.0,Ashurbanipal,Neo-Assyrian,Kuyunjik (Nineveh),ORCC,prism,598.5917277954356,640.0936743271988,641.0508440953922
Q003708,631.0,Ashurbanipal,Neo-Assyrian,Kuyunjik (Nineveh),ORCC,"prism, vertical cylinder",690.3415499220391,634.8577416335438,686.3476989079679
Q003709,631.0,Ashurbanipal,Neo-Assyrian,Kuyunjik (Nineveh),ORCC,prism,599.9263004130403,662.1780424025911,562.2800429523178
Q003710,631.0,Ashurbanipal,Neo-Assyrian,Kuyunjik (Nineveh),ORCC,prism,656.557277096931,628.9505125935898,674.6417475942442
Q003711,631.0,Ashurbanipal,Neo-Assyrian,Babylon (Bābili),ORCC,prism,654.5015162876756,674.9725384192172,644.1139061696624
Q003712,631.0,Ashurbanipal,Neo-Assyrian,Kuyunjik (Nineveh),ORCC,prism,700.6776622246269,694.9690359228475,729.7268194420487
Q003713,631.0,Ashurbanipal,Neo-Assyrian,Kuyunjik (Nineveh),ORCC,prism,707.4034194616517,812.7892874544784,737.7582533668217
Q003714,631.0,Ashurbanipal,Neo-Assyrian,Kuyunjik (Nineveh),ORCC,prism,739.1448191165161,666.5336039391019,770.9681171270603
Q003715,631.0,Ashurbanipal,Neo-Assyrian,Kuyunjik (Nineveh),ORCC,prism,715.6385889961856,699.5232241336014,682.1504630437271
Q003716,631.0,Ashurbanipal,Neo-Assyrian,Kuyunjik (Nineveh),ORCC,prism,695.0811825018955,629.764413692286,625.5453288100531
Q003717,631.0,Ashurbanipal,Neo-Assyrian,Kuyunjik (Nineveh),ORCC,prism,668.2685594832,694.0769242698083,694.8840493921548
Q003718,631.0,Ashurbanipal,Neo-Assyrian,Kuyunjik (Nineveh),ORCC,prism,669.918522135961,618.8259945597828,677.7839673170178
Q003719,631.0,Ashurbanipal,Neo-Assyrian,Kuyunjik (Nineveh),ORCC,prism,696.0839922875545,770.2836505071042,707.9129809478412
Q003720,631.0,Ashurbanipal,Neo-Assyrian,Kuyunjik (Nineveh),ORCC,cylinder,638.5165666795119,626.345484768491,641.8735183669161
Q003721,631.0,Ashurbanipal,Neo-Assyrian,Kuyunjik (Nineveh),ORCC,slab,650.5217918300085,634.030192112096,651.0749614695713
Q003722,631.0,Ashurbanipal,Neo-Assyrian,Kuyunjik (Nineveh),ORCC,slab,632.9213630669221,762.4278154047421,671.2921612776576
Q003723,631.0,Ashurbanipal,Neo-Assyrian,Kuyunjik (Nineveh),ORCC,slab (sculptured),787.8316332673023,712.9082944010073,684.5290538761749
Q003724,631.0,Ashurbanipal,Neo-Assyrian,Kuyunjik (Nineveh),ORCC,slab (sculptured),727.3808815635086,658.3636967188764,646.8839838596191
Q003725,631.0,Ashurbanipal,Neo-Assyrian,Kuyunjik (Nineveh),ORCC,slab (sculptured),719.6381478408815,709.4336396769357,673.6187500610315
Q003726,631.0,Ashurbanipal,Neo-Assyrian,Kuyunjik (Nineveh),ORCC,slab (sculptured),685.6204762765536,668.1134294648272,716.68924841229
Q003727,631.0,Ashurbanipal,Neo-Assyrian,Kuyunjik (Nineveh),ORCC,slab (sculptured),703.6161848163954,704.2949872661867,712.956374328522
Q003728,631.0,Ashurbanipal,Neo-Assyrian,Kuyunjik (Nineveh),ORCC,slab (sculptured),712.8857020429693,741.6391331777254,697.1977806856835
Q003730,631.0,Ashurbanipal,Neo-Assyrian,Kuyunjik (Nineveh),ORCC,slab (sculptured),679.0416673530855,636.7806867223253,689.4328473972587
Q003731,631.0,Ashurbanipal,Neo-Assyrian,Kuyunjik (Nineveh),ORCC,slab (sculptured),622.7063090169645,661.4965861608796,680.8666310152248
Q003732,631.0,Ashurbanipal,Neo-Assyrian,Kuyunjik (Nineveh),ORCC,slab (sculptured),672.5730182037605,718.9588499707343,680.8032377233855
Q003733,631.0,Ashurbanipal,Neo-Assyrian,Kuyunjik (Nineveh),ORCC,slab (sculptured),568.704653283251,692.0945480498575,603.0835600095018
Q003734,631.0,Ashurbanipal,Neo-Assyrian,Kuyunjik (Nineveh),ORCC,slab (sculptured),698.9439495081385,581.6679708163532,631.97117081518
Q003735,631.0,Ashurbanipal,Neo-Assyrian,Kuyunjik (Nineveh),ORCC,slab (sculptured),677.8356769125758,656.739533968179,636.7961772615683
Q003736,631.0,Ashurbanipal,Neo-Assyrian,Kuyunjik (Nineveh),ORCC,slab (sculptured),568.0205112558499,574.8078130574562,660.3570321835039
Q003737,631.0,Ashurbanipal,Neo-Assyrian,Kuyunjik (Nineveh),ORCC,slab (sculptured),733.7848895099261,643.6575665120969,697.6540948876481
Q003738,631.0,Ashurbanipal,Neo-Assyrian,Kuyunjik (Nineveh),ORCC,slab (sculptured),696.2554010688025,669.5550902722433,690.2880315077731
Q003739,631.0,Ashurbanipal,Neo-Assyrian,Kuyunjik (Nineveh),ORCC,slab (sculptured),708.9051228106786,707.5637338191166,682.5752015756873
Q003740,631.0,Ashurbanipal,Neo-Assyrian,Kuyunjik (Nineveh),ORCC,slab (sculptured),651.4450029070696,703.8725678599384,678.778608150058
Q003741,631.0,Ashurbanipal,Neo-Assyrian,Kuyunjik (Nineveh),ORCC,slab (sculptured),611.238778313993,676.508481709709,658.7709751969044
Q003742,631.0,Ashurbanipal,Neo-Assyrian,Kuyunjik (Nineveh),ORCC,slab (sculptured),714.3300605890663,628.7146049884459,675.7646635372365
Q003743,631.0,Ashurbanipal,Neo-Assyrian,Kuyunjik (Nineveh),ORCC,slab (sculptured),701.3197176440411,673.8118696977667,675.4681787939322
Q003744,631.0,Ashurbanipal,Neo-Assyrian,Kuyunjik (Nineveh),ORCC,slab (sculptured),609.8855630676363,704.5532697136271,685.8679099532258
Q003745,631.0,Ashurbanipal,Neo-Assyrian,Kuyunjik (Nineveh),ORCC,slab (sculptured),562.5661425516431,671.2375704614922,568.0361280667086
Q003746,631.0,Ashurbanipal,Neo-Assyrian,Kuyunjik (Nineveh),ORCC,slab (sculptured),726.4586233802315,733.3764636284324,622.4365921172233
Q003748,631.0,Ashurbanipal,Neo-Assyrian,Kuyunjik (Nineveh),ORCC,slab (sculptured),699.540988436418,645.7876710426265,716.1752874934572
Q003749,631.0,Ashurbanipal,Neo-Assyrian,Kuyunjik (Nineveh),ORCC,slab (sculptured),660.9173621820291,772.0214513636826,726.991186674135
Q003750,631.0,Ashurbanipal,Neo-Assyrian,Kuyunjik (Nineveh),ORCC,slab (sculptured),671.8641147444779,655.2720710730133,535.9433529393265
Q003751,631.0,Ashurbanipal,Neo-Assyrian,Kuyunjik (Nineveh),ORCC,slab (sculptured),735.2577521915127,724.9016583095744,794.8989380315018
Q003753,631.0,Ashurbanipal,Neo-Assyrian,Kuyunjik (Nineveh),ORCC,slab (sculptured),733.7453554008159,645.8113121980206,681.515671533969
Q003754,631.0,Ashurbanipal,Neo-Assyrian,Kuyunjik (Nineveh),ORCC,slab (sculptured),703.0718890810178,697.5496595334373,630.6253274203134
Q003755,631.0,Ashurbanipal,Neo-Assyrian,Kuyunjik (Nineveh),ORCC,slab (sculptured),684.2800398226799,729.4293212204567,677.9745956267546
Q003756,631.0,Ashurbanipal,Neo-Assyrian,Kuyunjik (Nineveh),ORCC,slab (sculptured),765.2352510826864,746.5038497995005,790.3043453192427
Q003757,631.0,Ashurbanipal,Neo-Assyrian,Kuyunjik (Nineveh),ORCC,slab (sculptured),705.202175652874,643.5108908937985,685.9210637198873
Q003758,631.0,Ashurbanipal,Neo-Assyrian,Kuyunjik (Nineveh),ORCC,paving stone,691.6090294213849,667.2281888192388,612.872316245664
Q003759,631.0,Ashurbanipal,Neo-Assyrian,Kuyunjik (Nineveh),ORCC,paving stone,673.6311692898664,700.8994524669906,549.6295377982229
Q003760,631.0,Ashurbanipal,Neo-Assyrian,Qalat Sherqat (Assur),ORCC,None,745.7689518433722,748.0289967030338,658.8145495448259
Q003761,631.0,Ashurbanipal,Neo-Assyrian,Kuyunjik (Nineveh),ORCC,None,654.5040450968056,661.3807695649672,578.1564279737601
Q003762,631.0,Ashurbanipal,Neo-Assyrian,Kuyunjik (Nineveh),ORCC,anthropomorphic statue,606.1326771539682,657.2514099359058,590.4210217248644
Q003763,631.0,Ashurbanipal,Neo-Assyrian,Kuyunjik (Nineveh),ORCC,"human-headed bull colossus, slab",627.0641833087254,643.7015889862035,669.37104096266
Q003764,631.0,Ashurbanipal,Neo-Assyrian,Kuyunjik (Nineveh),ORCC,seal (impression),692.561959629775,635.1504907762579,644.785115210666
Q003765,631.0,Ashurbanipal,Neo-Assyrian,Kuyunjik (Nineveh),ORCC,seal (impression),687.2330778276163,640.6178667973664,658.1127799893201
Q003766,631.0,Ashurbanipal,Neo-Assyrian,Kuyunjik (Nineveh),ORCC,seal (impression),692.561959629775,635.1504907762579,644.785115210666
Q003767,631.0,Ashurbanipal,Neo-Assyrian,Kuyunjik (Nineveh),ORCC,vessel,643.0289481626319,668.3444387870903,622.4495059771272
Q003768,631.0,Ashurbanipal,Neo-Assyrian,Kuyunjik (Nineveh),ORCC,vessel,677.7951739658804,638.3178721140815,656.850394287931
Q003769,631.0,Ashurbanipal,Neo-Assyrian,Kuyunjik (Nineveh),ORCC,vessel,682.1771980029127,621.4935158198161,650.1801953510542
Q003770,631.0,Ashurbanipal,Neo-Assyrian,Kuyunjik (Nineveh),ORCC,glazed brick,767.7748111082287,717.8245985854852,703.0315045326795
Q003771,631.0,Ashurbanipal,Neo-Assyrian,Kuyunjik (Nineveh),ORCC,None,635.8325004069055,770.188811241946,670.3490182891628
Q003772,631.0,Ashurbanipal,Neo-Assyrian,Kuyunjik (Nineveh),ORCC,None,660.9510480723364,714.8683979447704,691.6894470100485
Q003773,631.0,Ashurbanipal,Neo-Assyrian,Kuyunjik (Nineveh),ORCC,None,710.1663785267984,670.0119302660348,683.6706203355072
Q003774,631.0,Ashurbanipal,Neo-Assyrian,Kuyunjik (Nineveh),ORCC,None,716.2130826069383,665.3029153803451,694.3892359982593
Q003775,631.0,Ashurbanipal,Neo-Assyrian,Kuyunjik (Nineveh),ORCC,None,687.4737164846644,727.6646211059409,631.8579580462413
Q003776,631.0,Ashurbanipal,Neo-Assyrian,Kuyunjik (Nineveh),ORCC,None,659.6821361557346,588.3783191887693,651.6887553247561
Q003777,631.0,Ashurbanipal,Neo-Assyrian,Kuyunjik (Nineveh),ORCC,None,657.0144436230653,692.8847722249646,690.7333377730263
Q003778,631.0,Ashurbanipal,Neo-Assyrian,Kuyunjik (Nineveh),ORCC,None,590.147808452735,593.4303687423268,626.6901160419416
Q003779,631.0,Ashurbanipal,Neo-Assyrian,Kuyunjik (Nineveh),ORCC,None,680.826212687188,606.3318217443465,649.859711672091
Q003780,631.0,Ashurbanipal,Neo-Assyrian,Kuyunjik (Nineveh),ORCC,None,646.341228281455,576.5959446233622,718.3069198879136
Q003781,631.0,Ashurbanipal,Neo-Assyrian,Kuyunjik (Nineveh),ORCC,None,632.6778664654097,748.6818016511425,759.7073441784388
Q003782,631.0,Ashurbanipal,Neo-Assyrian,Kuyunjik (Nineveh),ORCC,None,627.2777333310847,729.7367482466268,723.7045983410595
Q003783,631.0,Ashurbanipal,Neo-Assyrian,Kuyunjik (Nineveh),ORCC,None,742.060752258612,642.0773382429772,648.6436533679653
Q003784,631.0,Ashurbanipal,Neo-Assyrian,Kuyunjik (Nineveh),ORCC,None,717.9906264896481,631.2128904091086,681.0559732298836
Q003785,631.0,Ashurbanipal,Neo-Assyrian,Kuyunjik (Nineveh),ORCC,None,726.9074918902943,691.1013450604142,722.9107101640278
Q003786,631.0,Ashurbanipal,Neo-Assyrian,Kuyunjik (Nineveh),ORCC,None,621.174474480163,687.057403430157,709.5594317422435
Q003787,631.0,Ashurbanipal,Neo-Assyrian,Kuyunjik (Nineveh),ORCC,None,574.0489489185743,601.894856761669,652.9247979323017
Q003788,631.0,Ashurbanipal,Neo-Assyrian,Kuyunjik (Nineveh),ORCC,None,550.770451558661,785.7476061257668,687.9070780749854
Q003789,631.0,Ashurbanipal,Neo-Assyrian,Kuyunjik (Nineveh),ORCC,None,698.6261609273779,598.089111525673,750.6273923345323
Q003790,631.0,Ashurbanipal,Neo-Assyrian,Kuyunjik (Nineveh),ORCC,None,632.1160063798593,640.0468864377588,624.880884946875
Q003791,631.0,Ashurbanipal,Neo-Assyrian,Kuyunjik (Nineveh),ORCC,None,651.5901655628222,647.5446650570607,672.9461920862271
Q003792,631.0,Ashurbanipal,Neo-Assyrian,Kuyunjik (Nineveh),ORCC,None,677.5898445432326,681.8875339757288,616.4314315196009
Q003793,631.0,Ashurbanipal,Neo-Assyrian,Kuyunjik (Nineveh),ORCC,None,736.5766587393448,612.2305750331836,711.1197077393177
Q003794,631.0,Ashurbanipal,Neo-Assyrian,Kuyunjik (Nineveh),ORCC,None,574.8788856090316,592.7373194595442,692.2073763664903
Q003795,631.0,Ashurbanipal,Neo-Assyrian,Kuyunjik (Nineveh),ORCC,None,688.203300214559,707.5710753499474,746.7755291729123
Q003796,631.0,Ashurbanipal,Neo-Assyrian,Kuyunjik (Nineveh),ORCC,None,714.7745333409902,558.178775292014,657.2375578888708
Q003797,631.0,Ashurbanipal,Neo-Assyrian,Kuyunjik (Nineveh),ORCC,None,579.2313194820695,627.797545552542,655.0591763313903
Q003798,631.0,Ashurbanipal,Neo-Assyrian,Kuyunjik (Nineveh),ORCC,None,604.707631563583,599.258227769704,581.195070476253
Q003799,631.0,Ashurbanipal,Neo-Assyrian,Babylon,ORCC,cylinder,645.7145743153399,705.2609783362317,691.7761453385999
Q003800,631.0,Ashurbanipal,Neo-Assyrian,Babylon,ORCC,stele,573.7348075135792,578.5970797449461,623.459885407541
Q003801,631.0,Ashurbanipal,Neo-Assyrian,Babylon,ORCC,cylinder,585.7928278280988,672.5353151998672,678.144357355724
Q003802,631.0,Ashurbanipal,Neo-Assyrian,Babylon,ORCC,cylinder,616.9013039234499,685.2919295085562,682.8269020666525
Q003803,631.0,Ashurbanipal,Neo-Assyrian,Babylon,ORCC,cylinder,616.9013039234499,685.2919295085562,682.8269020666525
Q003804,631.0,Ashurbanipal,Neo-Assyrian,Babylon,ORCC,stele,575.4214027900645,563.9046703729553,586.8983936876186
Q003805,631.0,Ashurbanipal,Neo-Assyrian,Babylon,ORCC,brick,608.6736763404086,650.9451792823062,627.9943006375587
Q003806,631.0,Ashurbanipal,Neo-Assyrian,Babylon,ORCC,brick,567.6302007236749,598.4340490672379,641.0556426082796
Q003807,631.0,Ashurbanipal,Neo-Assyrian,Babylon,ORCC,brick,615.133999840305,598.254295800378,686.6017929436059
Q003808,631.0,Ashurbanipal,Neo-Assyrian,Babylon,ORCC,brick,598.5945048621275,630.5237636537154,626.53592090177
Q003809,631.0,Ashurbanipal,Neo-Assyrian,Babylon,ORCC,brick,629.9118966463985,671.0065229712482,704.2189815049321
Q003810,631.0,Ashurbanipal,Neo-Assyrian,Sippar,ORCC,cylinder,661.5096213450112,679.6287607348899,574.3996187663304
Q003811,631.0,Ashurbanipal,Neo-Assyrian,Borsippa,ORCC,stele,544.5913193271438,602.5439705185574,679.5174968442077
Q003812,631.0,Ashurbanipal,Neo-Assyrian,Borsippa,ORCC,cylinder,624.4162926422761,673.4070517384164,671.9124058018016
Q003813,631.0,Ashurbanipal,Neo-Assyrian,Nippur,ORCC,cylinder,568.9167508682697,649.6266548173667,395.03254420462054
Q003814,631.0,Ashurbanipal,Neo-Assyrian,Nippur,ORCC,brick,643.4678959700371,671.8445574323616,707.148142124081
Q003815,631.0,Ashurbanipal,Neo-Assyrian,Nippur,ORCC,brick,568.7902003064048,597.6777671455706,530.1199404352805
Q003816,631.0,Ashurbanipal,Neo-Assyrian,Nippur,ORCC,brick,626.3257210692316,783.6088590850843,695.794733040915
Q003817,631.0,Ashurbanipal,Neo-Assyrian,Uruk,ORCC,brick,517.5263299803132,497.4723747957412,658.4616405186837
Q003818,631.0,Ashurbanipal,Neo-Assyrian,Nineveh,ORCC,cylinder,609.3898374870196,657.4429716163597,676.8238428924918
Q003819,631.0,Ashurbanipal,Neo-Assyrian,Dur-Kurigalzu,ORCC,brick,668.0209578733803,725.4947196582076,748.0674470411569
Q003820,631.0,Ashurbanipal,Neo-Assyrian,Me-Turran,ORCC,brick,630.3463267604966,825.6377450906316,803.6377307690633
Q003821,631.0,Ashurbanipal,Neo-Assyrian,Babylonia,ORCC,None,693.5737423286635,684.5355399191042,635.3902259770101
Q003822,631.0,Ashurbanipal,Neo-Assyrian,Kuyunjik (Nineveh),ORCC,None,750.3595639145373,610.5982195843715,684.2382379932245
Q003823,631.0,Ashurbanipal,Neo-Assyrian,Kuyunjik (Nineveh),ORCC,None,745.371004458374,686.202445840648,620.2116602307057
Q003824,631.0,Ashurbanipal,Neo-Assyrian,Kuyunjik (Nineveh),ORCC,None,715.4667601222167,723.2955125741652,751.158671299822
Q003825,631.0,Ashurbanipal,Neo-Assyrian,Kuyunjik (Nineveh),ORCC,None,694.0339963688184,757.7394628192302,732.922691443598
Q003826,631.0,Ashurbanipal,Neo-Assyrian,Kuyunjik (Nineveh),ORCC,None,698.8586400445117,797.1991254797204,729.6673305449119
Q003827,631.0,Ashurbanipal,Neo-Assyrian,Kuyunjik (Nineveh),ORCC,None,652.2976562021511,722.9383415569489,654.9151894057203
Q003828,631.0,Ashurbanipal,Neo-Assyrian,Kuyunjik (Nineveh),ORCC,None,646.1291671934587,659.4538821681298,595.6232232085832
Q003829,631.0,Ashurbanipal,Neo-Assyrian,Kuyunjik (Nineveh),ORCC,None,659.7064380915849,672.9073634378423,661.9779663502135
Q003840,631.0,Ashurbanipal,Neo-Assyrian,Ur,ORCC,door socket,623.2311021849044,716.8023017870044,710.1369460509751
Q003841,631.0,Ashurbanipal,Neo-Assyrian,Ur,ORCC,cone,639.8656861951362,698.6132366180374,625.4616084798494
Q003845,631.0,Ashurbanipal,Neo-Assyrian,Ur,ORCC,brick,519.4185744513279,723.9369781270227,693.5962787600698
Q003846,631.0,Ashurbanipal,Neo-Assyrian,Ur,ORCC,brick,623.3601852809646,694.3870567098111,544.9372812658931
Q003854,631.0,Ashurbanipal,Neo-Assyrian,Ur,ORCC,disk,519.4185744513279,724.0180397183749,693.5962787600698
Q003855,631.0,Ashurbanipal,Neo-Assyrian,Ur,ORCC,uncertain,559.7716976782979,685.3466499933427,522.9552803350597
Q003856,627.0,Aššur-etel-ilāni,Neo-Assyrian,Nimrud (Kalhu),ORCC,brick,560.7557395747557,589.4523253163787,564.1313683716334
Q003857,627.0,Aššur-etel-ilāni,Neo-Assyrian,Babylonia,ORCC,None,674.3321037326867,828.4857430529817,781.9234626005059
Q003858,627.0,Aššur-etel-ilāni,Neo-Assyrian,Babylonia,ORCC,None,743.1070650216253,689.9563377442238,676.1371985557862
Q003859,627.0,Aššur-etel-ilāni,Neo-Assyrian,Babylonia,ORCC,brick,703.9084004069193,624.0765450391331,681.7669851278085
Q003861,627.0,Aššur-etel-ilāni,Neo-Assyrian,Babylonia,ORCC,"cylinder, tablet",537.3683239793556,438.61909989465136,307.0965794621651
Q003862,612.0,Sîn-šarru-iškun,Neo-Assyrian,Kuyunjik (Nineveh),ORCC,cylinder,740.5901341130425,655.1271045533509,646.4775297401142
Q003863,612.0,Sîn-šarru-iškun,Neo-Assyrian,Kuyunjik (Nineveh),ORCC,cylinder,670.509772735061,635.8271291737622,597.7041160175082
Q003864,612.0,Sîn-šarru-iškun,Neo-Assyrian,Kuyunjik (Nineveh),ORCC,cylinder,606.4391272632686,663.9429880489265,644.8534194402645
Q003865,612.0,Sîn-šarru-iškun,Neo-Assyrian,Kuyunjik (Nineveh),ORCC,cylinder,705.017505538565,624.2633501322792,648.239459224311
Q003866,612.0,Sîn-šarru-iškun,Neo-Assyrian,Kuyunjik (Nineveh),ORCC,cylinder,676.6913364171843,611.5014554915036,672.287865696304
Q003867,612.0,Sîn-šarru-iškun,Neo-Assyrian,Kuyunjik (Nineveh),ORCC,None,740.5901341130425,655.261060324287,646.4775297401142
Q003868,612.0,Sîn-šarru-iškun,Neo-Assyrian,Qalat Sherqat (Assur),ORCC,prism,700.1983606518475,728.6990927573745,637.3718017012577
Q003869,612.0,Sîn-šarru-iškun,Neo-Assyrian,Qalat Sherqat (Assur),ORCC,prism,673.696935153309,649.5238792324093,597.4292666049864
Q003870,612.0,Sîn-šarru-iškun,Neo-Assyrian,Qalat Sherqat (Assur),ORCC,prism,734.0189016031927,683.4039181443181,620.0385214663085
Q003871,612.0,Sîn-šarru-iškun,Neo-Assyrian,Qalat Sherqat (Assur),ORCC,cylinder,693.9655345590253,697.7399690203516,666.1334315452293
Q003872,612.0,Sîn-šarru-iškun,Neo-Assyrian,Qalat Sherqat (Assur),ORCC,cone,644.3170905531764,668.6979908942644,665.9090123973582
Q003873,612.0,Sîn-šarru-iškun,Neo-Assyrian,Qalat Sherqat (Assur),ORCC,block,670.5016354530225,633.669231614998,672.9090273092578
Q003874,612.0,Sîn-šarru-iškun,Neo-Assyrian,Qalat Sherqat (Assur),ORCC,brick,642.5500847256092,679.5454269687597,667.1177281260631
Q003875,612.0,Sîn-šarru-iškun,Neo-Assyrian,Qalat Sherqat (Assur),ORCC,brick,645.2481467226571,674.8111121896056,673.7366789342917
Q003876,612.0,Sîn-šarru-iškun,Neo-Assyrian,Qalat Sherqat (Assur),ORCC,None,641.8876595382669,711.5188651525198,695.8348367099022
Q003877,612.0,Sîn-šarru-iškun,Neo-Assyrian,Qalat Sherqat (Assur),ORCC,None,663.7263065800563,655.1855294863471,653.222118717941
Q003878,612.0,Sîn-šarru-iškun,Neo-Assyrian,Qalat Sherqat (Assur),ORCC,None,653.4525635038781,642.2267347044861,633.3644734852236
Q003879,612.0,Sîn-šarru-iškun,Neo-Assyrian,Qalat Sherqat (Assur),ORCC,None,739.8995949514783,779.4621689874898,718.8774319866593
Q003880,612.0,Sîn-šarru-iškun,Neo-Assyrian,Nimrud (Kalhu),ORCC,cylinder,714.89681837076,685.4676292414664,653.6701608169656
Q003911,681.0,Sennacherib,Neo-Assyrian,Kuyunjik (Nineveh),ORCC,bead,688.614099025001,692.9123001703261,675.4882249101806
Q003912,681.0,Sennacherib,Neo-Assyrian,Kuyunjik (Nineveh),ORCC,bead,689.0029962478907,648.6066628636136,678.4304531735839
Q003913,681.0,Sennacherib,Neo-Assyrian,Kuyunjik (Nineveh),ORCC,bead,754.9813876102348,656.7047542406216,626.4742225882952
Q003914,681.0,Sennacherib,Neo-Assyrian,Kuyunjik (Nineveh),ORCC,bead,726.6380733104643,649.3008243967282,716.1958010941905
Q003915,681.0,Sennacherib,Neo-Assyrian,Kuyunjik (Nineveh),ORCC,bead,789.3295800967599,710.462701792685,667.6610281164868
Q003916,681.0,Sennacherib,Neo-Assyrian,Kuyunjik (Nineveh),ORCC,bead,709.7660408510967,706.365860540376,719.9853647010966
Q003917,681.0,Sennacherib,Neo-Assyrian,Kuyunjik (Nineveh),ORCC,bead,710.01959235254,700.9827220396635,696.6462081585826
Q003918,681.0,Sennacherib,Neo-Assyrian,Kuyunjik (Nineveh),ORCC,bead,685.9367864334304,702.191740306027,695.4726865839134
Q003919,681.0,Sennacherib,Neo-Assyrian,Kuyunjik (Nineveh),ORCC,bead,685.9367864334304,702.191740306027,695.4726865839134
Q003920,681.0,Sennacherib,Neo-Assyrian,Kuyunjik (Nineveh),ORCC,bead,669.2018528368008,677.1218237605034,690.9350594325023
Q003921,681.0,Sennacherib,Neo-Assyrian,Kuyunjik (Nineveh),ORCC,bead,684.0465157597789,688.1545534733833,714.803390441839
Q003922,681.0,Sennacherib,Neo-Assyrian,Kuyunjik (Nineveh),ORCC,bead,660.8096117738323,640.930245414756,656.5264360918244
Q003923,681.0,Sennacherib,Neo-Assyrian,Kuyunjik (Nineveh),ORCC,bead,681.3301672916252,685.2417063526289,683.6803393154291
Q003924,681.0,Sennacherib,Neo-Assyrian,Kuyunjik (Nineveh),ORCC,bead,716.5578048181943,646.1019708368586,621.4439846208064
Q003925,681.0,Sennacherib,Neo-Assyrian,Kuyunjik (Nineveh),ORCC,bead,704.5129623351069,692.0119192529589,718.4998198427791
Q003926,681.0,Sennacherib,Neo-Assyrian,Kuyunjik (Nineveh),ORCC,bead,694.2842449907682,689.4797657585494,690.8082369475809
Q003927,681.0,Sennacherib,Neo-Assyrian,Kuyunjik (Nineveh),ORCC,bead,704.5129623351069,692.0119192529589,718.4998198427791
Q003928,681.0,Sennacherib,Neo-Assyrian,Kuyunjik (Nineveh),ORCC,bead,686.0565120373415,685.8111626293495,677.9009885447393
Q003929,681.0,Sennacherib,Neo-Assyrian,Kuyunjik (Nineveh),ORCC,bead,583.8941076693235,654.7278898862164,730.100003957969
Q003930,681.0,Sennacherib,Neo-Assyrian,Kuyunjik (Nineveh),ORCC,bead,601.7123995194771,663.6929632833891,654.3348346206309
Q003931,681.0,Sennacherib,Neo-Assyrian,Kuyunjik (Nineveh),ORCC,bead,702.5160803788721,671.7395185372233,683.2801019010856
Q003932,681.0,Sennacherib,Neo-Assyrian,Kuyunjik (Nineveh),ORCC,bead,687.4990396954611,648.8578902017259,692.9520067670089
Q003933,681.0,Sennacherib,Neo-Assyrian,Kuyunjik (Nineveh),ORCC,bead,732.8397144373151,699.0675916071982,637.5979387967718
Q003934,681.0,Sennacherib,Neo-Assyrian,Kuyunjik (Nineveh),ORCC,bead,715.9104631798983,693.9299037627344,625.4524674366896
Q003935,681.0,Sennacherib,Neo-Assyrian,Kuyunjik (Nineveh),ORCC,bead,763.8156009137903,705.4916333278476,695.2260788852353
Q003936,681.0,Sennacherib,Neo-Assyrian,Kuyunjik (Nineveh),ORCC,bead,701.5935732982488,698.1310196119898,653.2314824489767
Q003937,681.0,Sennacherib,Neo-Assyrian,Kuyunjik (Nineveh),ORCC,horse trough,620.520472752995,534.4090558377936,646.5485261683282
Q003938,681.0,Sennacherib,Neo-Assyrian,Kuyunjik (Nineveh),ORCC,vessel,731.4869257793096,629.9349663916274,689.7187784179501
Q003939,681.0,Sennacherib,Neo-Assyrian,Kuyunjik (Nineveh),ORCC,vessel,760.5825189129487,701.0399344162893,747.235584771074
Q003940,681.0,Sennacherib,Neo-Assyrian,Kuyunjik (Nineveh),ORCC,None,640.6686348586172,654.1546691826675,650.7385075179216
Q003941,681.0,Sennacherib,Neo-Assyrian,Kuyunjik (Nineveh),ORCC,None,558.2434948551528,569.4816377674541,633.9434258783931
Q003942,681.0,Sennacherib,Neo-Assyrian,Kuyunjik (Nineveh),ORCC,None,627.1635002156698,716.3430512342654,638.5232888615749
Q003943,681.0,Sennacherib,Neo-Assyrian,Kuyunjik (Nineveh),ORCC,None,671.5386549750184,780.7190896832915,668.3265398168788
Q003944,681.0,Sennacherib,Neo-Assyrian,Kuyunjik (Nineveh),ORCC,None,660.3598675487245,626.6015647347211,683.3863171163689
Q003945,681.0,Sennacherib,Neo-Assyrian,Kuyunjik (Nineveh),ORCC,None,689.5217307380238,636.1973292043563,688.258634235866
Q003946,681.0,Sennacherib,Neo-Assyrian,Kuyunjik (Nineveh),ORCC,None,629.1525563430947,587.2315646702237,642.4621637552754
Q003947,681.0,Sennacherib,Neo-Assyrian,Kuyunjik (Nineveh),ORCC,None,606.1880537921659,735.2637634697384,620.9578133742847
Q003948,681.0,Sennacherib,Neo-Assyrian,Kuyunjik (Nineveh),ORCC,None,675.2698239558654,585.5131685129226,653.0706132899325
Q003949,681.0,Sennacherib,Neo-Assyrian,Kuyunjik (Nineveh),ORCC,None,669.7293582737481,682.3810980501304,638.4280257695757
Q003950,681.0,Sennacherib,Neo-Assyrian,Kuyunjik (Nineveh),ORCC,None,726.2010641526797,687.9055541687396,685.2578515149514
Q003951,681.0,Sennacherib,Neo-Assyrian,Kuyunjik (Nineveh),ORCC,None,653.7986891176544,688.227095491306,679.6693817697884
Q003952,681.0,Sennacherib,Neo-Assyrian,Kuyunjik (Nineveh),ORCC,None,656.2322600637183,692.0386770869552,676.6673693704118
Q003953,681.0,Sennacherib,Neo-Assyrian,Kuyunjik (Nineveh),ORCC,None,602.3683351693207,614.9298712741388,672.3523884230632
Q003954,681.0,Sennacherib,Neo-Assyrian,Kuyunjik (Nineveh),ORCC,None,687.387553525399,711.751754560333,695.5722340801623
Q003955,681.0,Sennacherib,Neo-Assyrian,Kuyunjik (Nineveh),ORCC,None,556.3200271281368,533.8393396529024,586.3328071550894
Q003956,681.0,Sennacherib,Neo-Assyrian,Kuyunjik (Nineveh),ORCC,None,771.5895391986803,678.6291779727402,651.838066278878
Q003957,681.0,Sennacherib,Neo-Assyrian,Kuyunjik (Nineveh),ORCC,None,679.3090194375354,621.951404029353,681.4455469916156
Q003958,681.0,Sennacherib,Neo-Assyrian,Kuyunjik (Nineveh),ORCC,None,686.4142342652495,688.1090993101622,713.4430065588386
Q003959,681.0,Sennacherib,Neo-Assyrian,Kuyunjik (Nineveh),ORCC,None,685.5191872954196,666.3221214561331,640.7482355571387
Q003960,681.0,Sennacherib,Neo-Assyrian,Kuyunjik (Nineveh),ORCC,None,649.3090857960049,664.0440186763719,692.5685887687943
Q003961,681.0,Sennacherib,Neo-Assyrian,Kuyunjik (Nineveh),ORCC,None,710.4243991815672,733.7393272466895,636.2346236591293
Q003962,681.0,Sennacherib,Neo-Assyrian,Kuyunjik (Nineveh),ORCC,None,680.5811191140906,590.1564843895599,706.2480188772697
Q003963,681.0,Sennacherib,Neo-Assyrian,Kuyunjik (Nineveh),ORCC,None,655.6310624948891,657.0563803489624,622.5074705626697
Q003964,681.0,Sennacherib,Neo-Assyrian,Kuyunjik (Nineveh),ORCC,None,743.7782462261168,725.7745616653621,736.8130675173069
Q003965,681.0,Sennacherib,Neo-Assyrian,Kuyunjik (Nineveh),ORCC,None,631.1047939063853,561.3234475760966,693.9059656453421
Q003966,681.0,Sennacherib,Neo-Assyrian,Kuyunjik (Nineveh),ORCC,None,736.5539165109085,693.383291328577,768.2927230559565
Q003967,681.0,Sennacherib,Neo-Assyrian,Kuyunjik (Nineveh),ORCC,None,592.8383496036108,613.1460423441127,622.0881796345802
Q003968,681.0,Sennacherib,Neo-Assyrian,Kuyunjik (Nineveh),ORCC,None,661.6067346820258,726.8125964970853,615.8888680444603
Q003969,681.0,Sennacherib,Neo-Assyrian,Qalat Sherqat (Assur),ORCC,prism,677.6447529346809,645.4532371596032,633.2650179226172
Q003970,681.0,Sennacherib,Neo-Assyrian,Qalat Sherqat (Assur),ORCC,prism,609.3425224969392,642.4692733871201,670.2229643305765
Q003971,681.0,Sennacherib,Neo-Assyrian,Qalat Sherqat (Assur),ORCC,prismatic cylinder,725.8212294336969,661.4084779489189,690.1322100444163
Q003972,681.0,Sennacherib,Neo-Assyrian,Qalat Sherqat (Assur),ORCC,stele,686.3759033700408,642.738515400483,638.7169405618299
Q003973,681.0,Sennacherib,Neo-Assyrian,Qalat Sherqat (Assur),ORCC,None,684.9711830963383,604.9202785188116,678.6053720261158
Q003974,681.0,Sennacherib,Neo-Assyrian,Qalat Sherqat (Assur),ORCC,block,649.8075697934341,577.7335617627754,694.7332376723623
Q003975,681.0,Sennacherib,Neo-Assyrian,Qalat Sherqat (Assur),ORCC,block,613.3606901496967,641.5409979949009,676.8050288151162
Q003976,681.0,Sennacherib,Neo-Assyrian,Qalat Sherqat (Assur),ORCC,block,650.3238442067508,593.1992734937247,703.536937488451
Q003977,681.0,Sennacherib,Neo-Assyrian,Qalat Sherqat (Assur),ORCC,block,626.4223832348202,632.7296440033144,703.35835121185
Q003978,681.0,Sennacherib,Neo-Assyrian,Qalat Sherqat (Assur),ORCC,block,687.8071097042916,598.6688729970577,690.6561527014011
Q003979,681.0,Sennacherib,Neo-Assyrian,Qalat Sherqat (Assur),ORCC,series of blocks,634.9626462387722,564.6352528044652,668.1122975696636
Q003980,681.0,Sennacherib,Neo-Assyrian,Qalat Sherqat (Assur),ORCC,series of blocks,744.4820782646999,675.3058289324215,714.8876060131599
Q003981,681.0,Sennacherib,Neo-Assyrian,Qalat Sherqat (Assur),ORCC,series of blocks,592.4125148834262,656.3556911100062,676.2486943669973
Q003982,681.0,Sennacherib,Neo-Assyrian,Qalat Sherqat (Assur),ORCC,block,630.3107418348642,627.3344258492814,723.2945174926472
Q003983,681.0,Sennacherib,Neo-Assyrian,Qalat Sherqat (Assur),ORCC,block,649.4646108062825,608.8462469348099,638.5163841375756
Q003984,681.0,Sennacherib,Neo-Assyrian,Qalat Sherqat (Assur),ORCC,block,625.2043390686528,631.1656728468578,691.3727675126657
Q003985,681.0,Sennacherib,Neo-Assyrian,Qalat Sherqat (Assur),ORCC,block,709.9571120261843,635.7442640096791,633.2745760164481
Q003986,681.0,Sennacherib,Neo-Assyrian,Qalat Sherqat (Assur),ORCC,block,647.017803076526,642.831584321164,620.9331214067536
Q003987,681.0,Sennacherib,Neo-Assyrian,Qalat Sherqat (Assur),ORCC,block,645.8837706742896,645.2734872326894,646.1899958083455
Q003989,681.0,Sennacherib,Neo-Assyrian,Qalat Sherqat (Assur),ORCC,block,621.5684388357275,651.4258352121923,685.9946686424436
Q003990,681.0,Sennacherib,Neo-Assyrian,Qalat Sherqat (Assur),ORCC,block,678.5090774037786,647.1619878711691,629.3800542716546
Q003991,681.0,Sennacherib,Neo-Assyrian,Qalat Sherqat (Assur),ORCC,block,641.5261333227932,645.2109256893382,653.459215388983
Q003992,681.0,Sennacherib,Neo-Assyrian,Qalat Sherqat (Assur),ORCC,block,601.7123995194771,663.6869537615491,654.3348346206309
Q003993,681.0,Sennacherib,Neo-Assyrian,Qalat Sherqat (Assur),ORCC,block,601.7123995194771,663.6869537615491,654.3348346206309
Q003995,681.0,Sennacherib,Neo-Assyrian,Qalat Sherqat (Assur),ORCC,door socket,684.5813957443725,635.1708506119566,648.4735691286958
Q003996,681.0,Sennacherib,Neo-Assyrian,Qalat Sherqat (Assur),ORCC,door socket,690.1808113906387,620.5042958365652,680.2010465495257
Q003998,681.0,Sennacherib,Neo-Assyrian,Qalat Sherqat (Assur),ORCC,plating,717.5605421060087,690.3353629767462,752.4820956403718
Q003999,681.0,Sennacherib,Neo-Assyrian,Qalat Sherqat (Assur),ORCC,plating,780.9833615172095,744.1366925335903,710.1459714605254
Q004000,681.0,Sennacherib,Neo-Assyrian,Qalat Sherqat (Assur),ORCC,brick,687.055937006911,615.119523285515,718.787200542382
Q004001,681.0,Sennacherib,Neo-Assyrian,Qalat Sherqat (Assur),ORCC,brick,657.7791613260307,515.7454997386027,621.459852010839
Q004002,681.0,Sennacherib,Neo-Assyrian,Qalat Sherqat (Assur),ORCC,brick,668.7849761379787,512.0820543014331,601.730501529841
Q004003,681.0,Sennacherib,Neo-Assyrian,Qalat Sherqat (Assur),ORCC,brick,598.9437019604009,596.9994089939543,684.6011137463481
Q004004,681.0,Sennacherib,Neo-Assyrian,Qalat Sherqat (Assur),ORCC,brick,625.8606242357951,612.8263065552738,621.8843734333184
Q004005,681.0,Sennacherib,Neo-Assyrian,Qalat Sherqat (Assur),ORCC,brick,720.6353058355216,646.5038799625107,675.1235262227865
Q004006,681.0,Sennacherib,Neo-Assyrian,Qalat Sherqat (Assur),ORCC,brick,711.4975182533431,609.4789626000554,591.3627471310045
Q004007,681.0,Sennacherib,Neo-Assyrian,Qalat Sherqat (Assur),ORCC,brick,677.7934885045995,603.3753947851455,638.0344882298037
Q004008,681.0,Sennacherib,Neo-Assyrian,Qalat Sherqat (Assur),ORCC,brick,681.7378230431973,701.7341369321583,670.9313170099142
Q004009,681.0,Sennacherib,Neo-Assyrian,Qalat Sherqat (Assur),ORCC,brick,538.1084663310533,665.0578502129858,634.3015932587434
Q004010,681.0,Sennacherib,Neo-Assyrian,Qalat Sherqat (Assur),ORCC,brick,576.3848030950834,513.5684566798901,615.9800640328433
Q004014,681.0,Sennacherib,Neo-Assyrian,Qalat Sherqat (Assur),ORCC,None,712.6894664134659,665.7461598882463,559.7279286366687
Q004015,681.0,Sennacherib,Neo-Assyrian,Nimrud (Kalhu),ORCC,bead,704.5291784463407,716.3466911257824,715.411180825753
Q004016,681.0,Sennacherib,Neo-Assyrian,Nimrud (Kalhu),ORCC,lion weight,601.7123995194771,663.7256220466762,654.3348346206309
Q004017,681.0,Sennacherib,Neo-Assyrian,Nimrud (Kalhu),ORCC,tablet (with seal impressions),736.3094213349323,712.9378460293325,695.4804357525326
Q004018,681.0,Sennacherib,Neo-Assyrian,Tell Sherif Khan (Tarbisu),ORCC,cylinder,558.2251138907897,563.6740367435384,733.8671546017227
Q004019,681.0,Sennacherib,Neo-Assyrian,Tell Sherif Khan (Tarbisu),ORCC,cone,624.0343192592321,599.4150821787597,695.4929261916207
Q004020,681.0,Sennacherib,Neo-Assyrian,Tell Sherif Khan (Tarbisu),ORCC,slab,624.5045244395011,628.555189079056,631.9558640833255
Q004021,681.0,Sennacherib,Neo-Assyrian,Tell Sherif Khan (Tarbisu),ORCC,brick,585.6377943575164,619.439486756858,656.6348047613235
Q004023,681.0,Sennacherib,Neo-Assyrian,Qasr Shamamuk (Kilizu),ORCC,slab,651.4098961283753,628.0559845720358,557.5794946898259
Q004024,681.0,Sennacherib,Neo-Assyrian,Qasr Shamamuk (Kilizu),ORCC,brick,579.2653672702615,654.1254474022387,662.6132778755934
Q004027,681.0,Sennacherib,Neo-Assyrian,Judi Dagh,ORCC,rock face,694.8466842899286,650.7220142452446,757.9147617517982
Q004028,681.0,Sennacherib,Neo-Assyrian,Bavian,ORCC,rock face,660.3793981903204,670.4413911148393,747.6914510309734
Q004029,681.0,Sennacherib,Neo-Assyrian,Jerwan Aqueduct,ORCC,block,601.7123995194771,663.7256220466762,654.3348346206309
Q004030,681.0,Sennacherib,Neo-Assyrian,Jerwan Aqueduct,ORCC,block,601.7123995194771,663.6579884130527,654.3348346206309
Q004031,681.0,Sennacherib,Neo-Assyrian,Jerwan Aqueduct,ORCC,series of blocks,746.3353957822827,688.4692996743095,750.8170517802695
Q004032,681.0,Sennacherib,Neo-Assyrian,Jerwan Aqueduct,ORCC,series of blocks,626.3719517553858,622.1376826725783,655.7678687323656
Q004033,681.0,Sennacherib,Neo-Assyrian,Jerwan Aqueduct,ORCC,series of blocks,687.4472400325724,594.166253185423,669.9571437013343
Q004034,681.0,Sennacherib,Neo-Assyrian,Wadi Bastura Tunnel,ORCC,series of blocks,712.3568383377337,719.7130084240107,834.0574674563173
Q004035,681.0,Sennacherib,Neo-Assyrian,Samarra (Sur-marrati),ORCC,None,695.5062768030153,652.3877375392652,767.135296007835
Q004036,681.0,Sennacherib,Neo-Assyrian,Tikrit,ORCC,None,576.6519298996518,612.8273188416512,634.9433475035203
Q004037,681.0,Sennacherib,Neo-Assyrian,Babylon,ORCC,paving stone,537.7404925258065,564.4325067753541,654.4367643548053
Q004038,681.0,Sennacherib,Neo-Assyrian,Sippar,ORCC,lion-head finial,585.5995259672552,577.150363520032,642.0466296115801
Q004058,681.0,Sennacherib,Neo-Assyrian,Kuyunjik (Nineveh),ORCC,vessel,613.1478917679458,665.8976033396392,633.4340006086069
Q004059,681.0,Sennacherib,Neo-Assyrian,Kuyunjik (Nineveh),ORCC,vessel,601.7123995194771,663.6869537615491,654.3348346206309
Q004060,681.0,Sennacherib,Neo-Assyrian,Kuyunjik (Nineveh),ORCC,vessel,664.5735190316727,658.3241935710055,616.9228629512678
Q004061,681.0,Sennacherib,Neo-Assyrian,Kuyunjik (Nineveh),ORCC,vessel,601.7123995194771,663.6929632833891,654.3348346206309
Q004062,681.0,Sennacherib,Neo-Assyrian,Kuyunjik (Nineveh),ORCC,vessel,808.7919665170406,688.0580894483086,655.2332812858737
Q004063,681.0,Sennacherib,Neo-Assyrian,Kuyunjik (Nineveh),ORCC,vessel,613.1478917679458,665.8855796708066,633.4340006086069
Q004064,681.0,Sennacherib,Neo-Assyrian,Kuyunjik (Nineveh),ORCC,vessel,613.1478917679458,665.8855796708066,633.4340006086069
Q004065,681.0,Sennacherib,Neo-Assyrian,Kuyunjik (Nineveh),ORCC,vessel,601.7123995194771,663.6869537615491,654.3348346206309
Q004066,681.0,Sennacherib,Neo-Assyrian,Kuyunjik (Nineveh),ORCC,vessel,601.7123995194771,663.6869537615491,654.3348346206309
Q004067,681.0,Sennacherib,Neo-Assyrian,Kuyunjik (Nineveh),ORCC,bead,738.3518847141235,672.8112660173357,612.1398892309784
Q004070,681.0,Sennacherib,Neo-Assyrian,Kuyunjik (Nineveh),ORCC,bead,537.7404925258065,564.4325067753541,654.4367643548053
Q004071,681.0,Sennacherib,Neo-Assyrian,Kuyunjik (Nineveh),ORCC,None,628.7833289996316,670.5793333480826,733.873705322143
Q004072,681.0,Sennacherib,Neo-Assyrian,Kuyunjik (Nineveh),ORCC,None,682.8147396906344,646.126330781708,617.649944216956
Q004073,681.0,Sennacherib,Neo-Assyrian,Kuyunjik (Nineveh),ORCC,None,645.4450904300865,660.9900990093737,625.71217012166
Q004074,681.0,Sennacherib,Neo-Assyrian,Kuyunjik (Nineveh),ORCC,None,596.3600169359072,648.0093617032494,601.6366338025298
Q004075,681.0,Sennacherib,Neo-Assyrian,Kuyunjik (Nineveh),ORCC,None,675.7163549218112,631.0016088451359,708.2498347586786
Q004077,681.0,Sennacherib,Neo-Assyrian,Kuyunjik (Nineveh),ORCC,None,601.7123995194771,663.6646619918981,654.3348346206309
Q004078,681.0,Sennacherib,Neo-Assyrian,Kuyunjik (Nineveh),ORCC,None,699.9732912909848,645.5653430712451,615.6844384414409
Q004079,681.0,Sennacherib,Neo-Assyrian,Kuyunjik (Nineveh),ORCC,None,651.1069614908843,726.5744568556247,649.382685939981
Q004080,681.0,Sennacherib,Neo-Assyrian,Kuyunjik (Nineveh),ORCC,tablet or prism,635.4576773890224,628.407344464138,738.1443105919097
Q004081,681.0,Sennacherib,Neo-Assyrian,Kuyunjik (Nineveh),ORCC,tablet or prism,657.8781441643252,654.2808018890099,643.0396462440277
Q004082,681.0,Sennacherib,Neo-Assyrian,Kuyunjik (Nineveh),ORCC,tablet or prism,750.0548999925599,671.1800899937521,628.3070660467928
Q004088,681.0,Sennacherib,Neo-Assyrian,Qalat Sherqat (Assur),ORCC,stele,739.0313077032748,689.6944875365024,646.3352151803972
Q004089,681.0,Sennacherib,Neo-Assyrian,Qalat Sherqat (Assur),ORCC,vessel,704.6192807709402,723.091944354519,727.7558397092025
Q004177,727.0,Tiglath-pileser III,Neo-Assyrian,Assyria,ORCC,bead,763.1061149345952,638.0618091946319,666.5046055293947
Q004178,727.0,Tiglath-pileser III,Neo-Assyrian,Assyria,ORCC,brick,632.7939047739306,596.4190479607611,675.5044590404979
Q004179,261.0,Antiochus I,Hellenistic,Borsippa,ORCC,cylinder,563.0365344147186,512.3912603944423,552.9592913432487
Q005360,605.0,Nabopolassar,Neo-Babylonian,Babylon,ORCC,cylinder,563.1385142849263,611.7821678766855,640.8977133756948
Q005361,605.0,Nabopolassar,Neo-Babylonian,Babylon,ORCC,cylinder,592.4007169098277,616.2411124245998,605.0891855427766
Q005362,605.0,Nabopolassar,Neo-Babylonian,Babylon,ORCC,cylinder,659.46127140633,680.817580183934,629.5320106373265
Q005363,605.0,Nabopolassar,Neo-Babylonian,Babylon,ORCC,cylinder,515.7644210076304,587.4376227176771,617.4890856157681
Q005364,605.0,Nabopolassar,Neo-Babylonian,Babylon,ORCC,cylinder,599.8066191707875,588.8287805669661,646.2938239461088
Q005365,605.0,Nabopolassar,Neo-Babylonian,Babylon,ORCC,cylinder,595.9391170438788,684.2794244083414,593.5263873813356
Q005366,605.0,Nabopolassar,Neo-Babylonian,Babylon,ORCC,cylinder,631.4848603220435,649.7975285486721,604.4584316003073
Q005367,605.0,Nabopolassar,Neo-Babylonian,Babylon,ORCC,brick,546.7383169826652,656.6402232646068,620.3492982933196
Q005368,605.0,Nabopolassar,Neo-Babylonian,Babylon,ORCC,brick,569.0906927760631,669.7622988436742,577.9502322405503
Q005369,605.0,Nabopolassar,Neo-Babylonian,Babylon,ORCC,brick,557.1968276569746,654.1419388446814,575.4459464312271
Q005370,605.0,Nabopolassar,Neo-Babylonian,Babylon,ORCC,brick,599.4871274114522,607.7070521034955,589.9088930486184
Q005371,605.0,Nabopolassar,Neo-Babylonian,Babylon,ORCC,brick,592.0291657202465,591.2828014299859,541.2767273471562
Q005372,605.0,Nabopolassar,Neo-Babylonian,Babylon,ORCC,cylinder,534.3515800252153,573.2953911734708,604.8398095358534
Q005373,605.0,Nabopolassar,Neo-Babylonian,Sippar,ORCC,"cylinder, brick",505.273671788795,563.6886897219072,587.4678454057196
Q005374,605.0,Nabopolassar,Neo-Babylonian,Sippar,ORCC,cylinder,563.4803936712676,614.7472734364126,596.0712963598642
Q005380,560.0,Amel-Marduk,Neo-Babylonian,Babylon,ORCC,brick,554.0132445721574,652.1237716519012,868.6129317835918
Q005381,560.0,Amel-Marduk,Neo-Babylonian,Babylon,ORCC,paving stone,728.033202284392,705.158122508763,1088.448515251202
Q005382,560.0,Amel-Marduk,Neo-Babylonian,Babylon,ORCC,vessel,554.606042031103,650.5838507219842,638.92850792527
Q005383,560.0,Amel-Marduk,Neo-Babylonian,Susa,ORCC,vessel,729.96663778035,670.6080736567249,722.7819233223628
Q005384,560.0,Amel-Marduk,Neo-Babylonian,Susa,ORCC,vessel,720.5857323651001,662.1517872855151,605.2970433280218
Q005385,560.0,Amel-Marduk,Neo-Babylonian,Susa,ORCC,vessel,476.7877257615261,658.663655228816,591.7440410567257
Q005386,556.0,Neriglissar,Neo-Babylonian,Babylon,ORCC,cylinder,560.505367536831,525.3999242707757,558.9940396353761
Q005387,556.0,Neriglissar,Neo-Babylonian,Babylon,ORCC,cylinder,533.6799475708603,586.5856884839675,604.877167412187
Q005388,556.0,Neriglissar,Neo-Babylonian,Babylon,ORCC,cylinder,562.2425679107628,489.089050280537,633.7416695691453
Q005389,556.0,Neriglissar,Neo-Babylonian,Babylon,ORCC,brick,463.4684119582396,598.6232338613609,596.3882146627179
Q005391,556.0,Neriglissar,Neo-Babylonian,Sippar,ORCC,cylinder,515.7012121254725,563.2652386490081,628.5483565796221
Q005392,556.0,Neriglissar,Neo-Babylonian,Babylonia,ORCC,cylinder,578.0135380474583,592.7819930974564,647.5343617128913
Q005393,556.0,Neriglissar,Neo-Babylonian,Susa,ORCC,vessel,635.0678403438546,654.3542250948854,618.302322448974
Q005398,539.0,Nabonidus,Neo-Babylonian,Babylon,ORCC,cylinder,701.0829602858166,701.9782713875088,655.5620688413021
Q005399,539.0,Nabonidus,Neo-Babylonian,Babylon,ORCC,cylinder,678.0569781243164,561.8944775906182,677.8953872001489
Q005400,539.0,Nabonidus,Neo-Babylonian,Babylon,ORCC,stele,638.2407724560207,632.204002580546,607.5217139958147
Q005401,539.0,Nabonidus,Neo-Babylonian,Babylon,ORCC,stele,612.0936803049909,632.4052353526322,638.9686969459528
Q005402,539.0,Nabonidus,Neo-Babylonian,Babylon,ORCC,None,603.6240903036818,541.5747039482985,573.3583643969431
Q005404,539.0,Nabonidus,Neo-Babylonian,Babylon,ORCC,brick,571.0817190437872,626.6189506937269,580.8190710896829
Q005405,539.0,Nabonidus,Neo-Babylonian,Babylon,ORCC,brick,618.956798456617,630.0646351037458,650.9923969794111
Q005407,539.0,Nabonidus,Neo-Babylonian,Babylon,ORCC,cylinder,661.3918896552904,699.9972971705422,809.142831933014
Q005408,539.0,Nabonidus,Neo-Babylonian,Babylon,ORCC,cylinder,617.5773835748806,667.7269515978672,682.1096627900248
Q005409,539.0,Nabonidus,Neo-Babylonian,Babylon,ORCC,cylinder,692.2194507832911,720.4958812197485,621.7021910551781
Q005410,539.0,Nabonidus,Neo-Babylonian,Borsippa,ORCC,cylinder,562.5487441591183,581.5229300943137,688.8904998457783
Q005411,539.0,Nabonidus,Neo-Babylonian,Kish,ORCC,cylinder,546.1308331026402,561.2141224675715,524.0722215463409
Q005412,539.0,Nabonidus,Neo-Babylonian,Kissik,ORCC,cylinder,652.6665189030315,635.3402128102449,634.3090920428117
Q005413,539.0,Nabonidus,Neo-Babylonian,Larsa,ORCC,cylinder,608.7428454343851,646.7929615372491,612.6467092217396
Q005414,539.0,Nabonidus,Neo-Babylonian,Larsa,ORCC,stele,713.5581078455674,733.3491901240608,679.5886930248867
Q005415,539.0,Nabonidus,Neo-Babylonian,Larsa,ORCC,brick,526.5893922461676,597.6896249687122,620.462267202038
Q005416,539.0,Nabonidus,Neo-Babylonian,Marad,ORCC,cylinder,666.7986458868301,686.3071936060952,646.8055371264953
Q005417,539.0,Nabonidus,Neo-Babylonian,Seleucia,ORCC,brick,669.0613254418946,672.6317048436774,598.4283576097232
Q005418,539.0,Nabonidus,Neo-Babylonian,Sippar,ORCC,cylinder,645.0967071359702,726.4044706368479,665.9692762109213
Q005419,539.0,Nabonidus,Neo-Babylonian,Sippar,ORCC,cylinder,682.4744113641015,757.57619112207,642.3155283128834
Q005420,539.0,Nabonidus,Neo-Babylonian,Sippar,ORCC,cylinder,615.6567201597155,719.0388101227339,612.8294854422298
Q005421,539.0,Nabonidus,Neo-Babylonian,Sippar,ORCC,cylinder,653.0240929195257,715.5772977124273,622.5240208041421
Q005422,539.0,Nabonidus,Neo-Babylonian,Sippar,ORCC,cylinder,646.4499061463431,624.7563013184975,635.0939761735841
Q005423,539.0,Nabonidus,Neo-Babylonian,Sippar,ORCC,cylinder,748.4126384493889,684.4721209888246,674.4745553901081
Q005424,539.0,Nabonidus,Neo-Babylonian,Ur,ORCC,cylinder,631.6349186053473,696.8387691490315,625.8579903952104
Q005425,539.0,Nabonidus,Neo-Babylonian,Sippar,ORCC,cylinder,584.4416195589508,642.6740588325213,604.927150910617
Q005426,539.0,Nabonidus,Neo-Babylonian,Sippar,ORCC,cylinder,613.6967435480226,628.4675135877623,643.1084287570441
Q005427,539.0,Nabonidus,Neo-Babylonian,Sippar,ORCC,None,660.4055378421855,645.4195201156077,567.6618855660294
Q005428,539.0,Nabonidus,Neo-Babylonian,Sippar,ORCC,brick,416.32816501428863,606.7729729205815,523.1840337330871
Q005429,539.0,Nabonidus,Neo-Babylonian,Ur,ORCC,cylinder,558.478457715118,545.7116979234979,589.5703387385945
Q005430,539.0,Nabonidus,Neo-Babylonian,Ur,ORCC,cylinder,558.478457715118,545.7116979234979,589.5703387385945
Q005431,539.0,Nabonidus,Neo-Babylonian,Ur,ORCC,cylinder,655.9636650318274,607.248334311874,619.107162271031
Q005432,539.0,Nabonidus,Neo-Babylonian,Ur,ORCC,cylinder,592.9858965276123,641.6973396104246,631.9099628825861
Q005433,539.0,Nabonidus,Neo-Babylonian,Ur,ORCC,door socket,630.4017392302677,568.3309270858258,609.6875926467484
Q005434,539.0,Nabonidus,Neo-Babylonian,Ur,ORCC,brick,725.2531096387411,677.6763078169154,667.9522335119451
Q005435,539.0,Nabonidus,Neo-Babylonian,Ur,ORCC,brick,589.2211026758282,646.9900803756498,650.2220342247139
Q005436,539.0,Nabonidus,Neo-Babylonian,Ur,ORCC,brick,577.9432983551951,600.443864035764,585.3712571332487
Q005438,539.0,Nabonidus,Neo-Babylonian,Ur,ORCC,cylinder,641.5769764149088,609.4827529038515,645.9111344335633
Q005439,539.0,Nabonidus,Neo-Babylonian,Babylonia,ORCC,cylinder,598.1863435390006,622.2511161910533,603.829854003656
Q005440,539.0,Nabonidus,Neo-Babylonian,Babylonia,ORCC,stele,671.4397115013004,732.7765855284885,592.5864293399186
Q005441,539.0,Nabonidus,Neo-Babylonian,Babylonia,ORCC,None,678.3031836521058,573.2665330223493,674.9112146807453
Q005442,539.0,Nabonidus,Neo-Babylonian,Babylonia,ORCC,None,687.2429142804681,654.5079449281478,588.6178464945981
Q005443,539.0,Nabonidus,Neo-Babylonian,Harran,ORCC,cylinder,588.5986496404383,671.1611047212209,618.8687811134885
Q005444,539.0,Nabonidus,Neo-Babylonian,Harran,ORCC,stele,623.7185896149292,672.9027371310041,648.8216297843098
Q005445,539.0,Nabonidus,Neo-Babylonian,Harran,ORCC,uncertain,438.8178192220781,656.8066528620612,643.59882793267
Q005446,539.0,Nabonidus,Neo-Babylonian,Harran,ORCC,uncertain,675.9880647153805,648.1044599160402,654.881541580826
Q005447,539.0,Nabonidus,Neo-Babylonian,Harran,ORCC,uncertain,656.1976502931709,663.0216887572806,569.9262020887536
Q005448,539.0,Nabonidus,Neo-Babylonian,Harran,ORCC,brick,619.4509783535736,558.8099485022649,637.8992543012068
Q005449,539.0,Nabonidus,Neo-Babylonian,Harran,ORCC,vessel,614.514975047767,612.0471053269697,622.8979124113131
Q005450,539.0,Nabonidus,Neo-Babylonian,Harran,ORCC,bead,738.1159306097168,624.727853171105,630.8087249376028
Q005451,539.0,Nabonidus,Neo-Babylonian,Padakku,ORCC,slab,606.9541857639588,636.5641471968197,583.4136881250032
Q005452,539.0,Nabonidus,Neo-Babylonian,Selaʾ,ORCC,rock face,627.602159257177,643.1834057100028,674.4731199363055
Q005453,539.0,Nabonidus,Neo-Babylonian,Tayma,ORCC,stele,565.7837038173358,578.6432193519635,677.001757375006
Q005454,539.0,Nabonidus,Neo-Babylonian,Tayma,ORCC,statue base,484.67989350832187,639.5140385271357,636.4436252613664
Q005455,539.0,Nabonidus,Neo-Babylonian,Tayma,ORCC,stele,529.3643357918451,573.7996331386961,572.6488795830425
Q005456,539.0,Nabonidus,Neo-Babylonian,Tayma,ORCC,stele,565.9861258092293,659.8349164571865,613.2106736535874
Q005457,539.0,Nabonidus,Neo-Babylonian,Tayma,ORCC,stele,578.045796416345,713.2560885648435,609.2665847730667
Q005458,539.0,Nabonidus,Neo-Babylonian,Tayma,ORCC,stele,445.96464357969865,655.7952132824331,621.2973948848102
Q005463,539.0,Nabonidus,Neo-Babylonian,Babylonia,ORCC,cylinder,632.2375209192396,605.3287083929295,649.4930054249445
Q005464,539.0,Nabonidus,Neo-Babylonian,Borsippa,ORCC,cylinder,620.6409310651114,640.1528746332632,615.3152835131574
Q005465,539.0,Nabonidus,Neo-Babylonian,Babylonia,ORCC,stele,665.9122455716943,624.9929525672926,617.8566749107077
Q005466,539.0,Nabonidus,Neo-Babylonian,Kish,ORCC,cylinder,566.0978987441613,630.0167579907118,442.39761226852534
Q005467,539.0,Nabonidus,Neo-Babylonian,Tell al-Lahm,ORCC,brick,787.171298265301,695.0871452372014,760.9159796993051
Q005468,539.0,Nabonidus,Neo-Babylonian,Marad,ORCC,cylinder,663.7012166382209,705.6626746671062,694.6474924258694
Q005469,539.0,Nabonidus,Neo-Babylonian,Sippar,ORCC,cylinder,604.5822402542389,591.09103886855,624.5519129179851
Q005470,539.0,Nabonidus,Neo-Babylonian,Sippar,ORCC,cylinder,604.3135263340494,620.5970379090062,606.4503461814455
Q005471,539.0,Nabonidus,Neo-Babylonian,Harran,ORCC,stele,662.2296992871027,661.7732652603579,603.2452802060584
Q005472,562.0,Nebuchadnezzar II,Neo-Babylonian,Babylon,ORCC,stele,607.2745137696385,640.8181911296167,601.2691523200943
Q005473,562.0,Nebuchadnezzar II,Neo-Babylonian,Babylon,ORCC,None,589.9654324481695,657.1018109876554,644.1176248636048
Q005474,562.0,Nebuchadnezzar II,Neo-Babylonian,Babylon,ORCC,block,652.2834757724432,622.1082723851015,770.5350465927204
Q005475,562.0,Nebuchadnezzar II,Neo-Babylonian,Babylon,ORCC,block,666.4286025241073,636.3598641007962,743.1558217889058
Q005476,562.0,Nebuchadnezzar II,Neo-Babylonian,Babylon,ORCC,block,698.17415665702,693.4541529725544,688.8429202380478
Q005477,562.0,Nebuchadnezzar II,Neo-Babylonian,Babylon,ORCC,block,684.8891905196637,682.2823897736192,693.9443666348924
Q005478,562.0,Nebuchadnezzar II,Neo-Babylonian,Babylon,ORCC,paving stone,716.5394221773081,688.6803901984587,693.9391443279321
Q005479,562.0,Nebuchadnezzar II,Neo-Babylonian,Babylon,ORCC,paving stone,705.1101987950979,667.00887822479,785.9812720353252
Q005481,562.0,Nebuchadnezzar II,Neo-Babylonian,Babylon,ORCC,paving stone,620.135042835923,628.8355312031384,826.9781751195455
Q005482,562.0,Nebuchadnezzar II,Neo-Babylonian,Babylon,ORCC,prism,578.3605999582377,574.1746553895302,666.2641821580877
Q005483,562.0,Nebuchadnezzar II,Neo-Babylonian,Babylon,ORCC,cylinder,539.5372489177266,573.3145898566133,622.9576378903641
Q005484,562.0,Nebuchadnezzar II,Neo-Babylonian,Babylon,ORCC,cylinder,556.2444476715783,589.7697686438397,656.0785425640936
Q005485,562.0,Nebuchadnezzar II,Neo-Babylonian,Babylon,ORCC,cylinder,537.5280700028867,556.091576120289,666.0273320657301
Q005486,562.0,Nebuchadnezzar II,Neo-Babylonian,Babylon,ORCC,cylinder,574.3511539952433,578.6847286600091,669.0686668191477
Q005487,562.0,Nebuchadnezzar II,Neo-Babylonian,Babylon,ORCC,cylinder,524.1465094360364,564.766074039233,662.1841648894024
Q005488,562.0,Nebuchadnezzar II,Neo-Babylonian,Babylon,ORCC,cylinder,576.034517021858,515.2194413867016,589.1817991225582
Q005489,562.0,Nebuchadnezzar II,Neo-Babylonian,Babylon,ORCC,cylinder,502.5136836573022,482.325085138432,571.3991425721244
Q005490,562.0,Nebuchadnezzar II,Neo-Babylonian,Babylon,ORCC,cylinder,603.8009866396493,653.5542596315051,616.8997583811528
Q005492,562.0,Nebuchadnezzar II,Neo-Babylonian,Babylon,ORCC,cylinder,554.2318166168861,585.6135379683576,626.9047072617329
Q005493,562.0,Nebuchadnezzar II,Neo-Babylonian,Babylon,ORCC,cylinder,618.0068034567557,699.3873450220375,677.0481762053934
Q005494,562.0,Nebuchadnezzar II,Neo-Babylonian,Babylon,ORCC,cylinder,571.6986592561631,605.7225321856788,567.4935656113962
Q005495,562.0,Nebuchadnezzar II,Neo-Babylonian,Babylon,ORCC,cylinder,690.725814714702,594.3772251759764,678.6382668543313
Q005497,562.0,Nebuchadnezzar II,Neo-Babylonian,Babylon,ORCC,cylinder,588.2087947727049,539.9356018878931,624.0561174835381
Q005498,562.0,Nebuchadnezzar II,Neo-Babylonian,Babylon,ORCC,cylinder,568.2255703964904,599.8018385033872,575.218744152761
Q005499,562.0,Nebuchadnezzar II,Neo-Babylonian,Babylon,ORCC,cylinder,651.2444524968884,704.2676938605377,582.7184561476361
Q005500,562.0,Nebuchadnezzar II,Neo-Babylonian,Babylon,ORCC,cylinder,533.9970107602802,557.6709395858078,573.5477540943722
Q005501,562.0,Nebuchadnezzar II,Neo-Babylonian,Babylon,ORCC,cylinder,563.6027462455123,595.1237818594069,574.2137629032836
Q005502,562.0,Nebuchadnezzar II,Neo-Babylonian,Babylon,ORCC,cylinder,544.3701340626715,591.5765801349943,623.0834276125516
Q005503,562.0,Nebuchadnezzar II,Neo-Babylonian,Babylon,ORCC,cylinder,601.7896548027093,636.9036992715379,713.4101628560151
Q005504,562.0,Nebuchadnezzar II,Neo-Babylonian,Babylon,ORCC,cylinder,568.5347002184287,588.0934053477879,636.4253157008225
Q005505,562.0,Nebuchadnezzar II,Neo-Babylonian,Babylon,ORCC,cylinder,507.2686646844178,481.071209472295,576.3006200855534
Q005506,562.0,Nebuchadnezzar II,Neo-Babylonian,Babylon,ORCC,cylinder,515.866713463346,555.0569039194697,611.7165024429787
Q005507,562.0,Nebuchadnezzar II,Neo-Babylonian,Babylon,ORCC,cylinder,557.6967898438674,641.2245286376988,594.8972564407909
Q005508,562.0,Nebuchadnezzar II,Neo-Babylonian,Babylon,ORCC,cylinder,650.8029107572554,674.1062024560259,691.4043682019299
Q005521,562.0,Nebuchadnezzar II,Neo-Babylonian,Babylon,ORCC,cylinder,581.9955540445719,657.095009816734,642.4683126464295
Q005522,562.0,Nebuchadnezzar II,Neo-Babylonian,Babylon,ORCC,cylinder,463.70413125095007,600.6679806570863,569.5978324992303
Q005523,562.0,Nebuchadnezzar II,Neo-Babylonian,Babylon,ORCC,cylinder,568.3011881923749,641.0730579155681,701.3637803977483
Q005524,562.0,Nebuchadnezzar II,Neo-Babylonian,Babylon,ORCC,cylinder,604.6130935414378,648.9194354608609,624.9270918476973
Q005525,562.0,Nebuchadnezzar II,Neo-Babylonian,Babylon,ORCC,cylinder,522.1648257317731,613.8909288263853,751.6787633639567
Q005526,562.0,Nebuchadnezzar II,Neo-Babylonian,Babylon,ORCC,cylinder,547.334607660423,597.7822550967553,771.8179486989975
Q005528,562.0,Nebuchadnezzar II,Neo-Babylonian,Babylon,ORCC,glazed brick panel,512.9376322711013,613.0368179088009,695.6668815825194
Q005531,562.0,Nebuchadnezzar II,Neo-Babylonian,Babylon,ORCC,brick,593.3692293093577,559.9090508974908,571.566927128816
Q005532,562.0,Nebuchadnezzar II,Neo-Babylonian,Babylon,ORCC,brick,544.9095272848506,574.6553913307466,581.4230194490816
Q005533,562.0,Nebuchadnezzar II,Neo-Babylonian,Babylon,ORCC,brick,560.1103299125293,655.7015497047981,655.9367139166485
Q005534,562.0,Nebuchadnezzar II,Neo-Babylonian,Babylon,ORCC,brick,516.6862489996095,528.0764163515587,607.5518358711417
Q005535,562.0,Nebuchadnezzar II,Neo-Babylonian,Babylon,ORCC,brick,525.4908343584764,555.5499742373518,587.6645243778758
Q005536,562.0,Nebuchadnezzar II,Neo-Babylonian,Babylon,ORCC,brick,606.6582474441395,574.0658167596753,612.4262059593882
Q005537,562.0,Nebuchadnezzar II,Neo-Babylonian,Babylon,ORCC,brick,588.5337591993873,544.7946648376521,600.4786106026279
Q005538,562.0,Nebuchadnezzar II,Neo-Babylonian,Babylon,ORCC,brick,531.8471003565251,551.3934109680491,573.9264996377174
Q005540,562.0,Nebuchadnezzar II,Neo-Babylonian,Babylon,ORCC,brick,782.4932472177009,656.5991986085378,623.2584353993234
Q005541,562.0,Nebuchadnezzar II,Neo-Babylonian,Babylon,ORCC,brick,668.2835221386151,654.3220481807609,656.2354900093429
Q005542,562.0,Nebuchadnezzar II,Neo-Babylonian,Babylon,ORCC,brick,549.5660845478253,561.5864388079408,558.2089484046232
Q005545,562.0,Nebuchadnezzar II,Neo-Babylonian,Babylon,ORCC,eyestone,549.7098560741905,561.1772912427626,555.7681541401467
Q005550,562.0,Nebuchadnezzar II,Neo-Babylonian,Borsippa,ORCC,cylinder,578.4115026825107,607.896213779344,620.6758586472079
Q005551,562.0,Nebuchadnezzar II,Neo-Babylonian,Borsippa,ORCC,cylinder,540.7401133487454,540.8283780971972,630.4452586283278
Q005552,562.0,Nebuchadnezzar II,Neo-Babylonian,Borsippa,ORCC,cylinder,634.2572575606204,649.7407743820129,753.7047681147869
Q005554,562.0,Nebuchadnezzar II,Neo-Babylonian,Borsippa,ORCC,cylinder,666.9058507640501,648.3899211829374,766.3634867605855
Q005555,562.0,Nebuchadnezzar II,Neo-Babylonian,Borsippa,ORCC,cylinder,645.0336255282491,676.4368235869495,711.7465159725267
Q005556,562.0,Nebuchadnezzar II,Neo-Babylonian,Borsippa,ORCC,cylinder,605.039795799298,577.3877738742577,660.1255467645757
Q005557,562.0,Nebuchadnezzar II,Neo-Babylonian,Borsippa,ORCC,cylinder,566.8926409890431,553.4762107725132,615.8123602241837
Q005558,562.0,Nebuchadnezzar II,Neo-Babylonian,Borsippa,ORCC,block,551.7968945910316,528.2575204731959,621.4915389683982
Q005559,562.0,Nebuchadnezzar II,Neo-Babylonian,Borsippa,ORCC,paving stone,569.0967956177103,576.7147690748062,353.9869842509865
Q005560,562.0,Nebuchadnezzar II,Neo-Babylonian,Borsippa,ORCC,block,665.5137287742092,661.2694733467033,673.601837483275
Q005561,562.0,Nebuchadnezzar II,Neo-Babylonian,Borsippa,ORCC,door socket,625.2491018500714,605.5539788460021,607.3369298375496
Q005562,562.0,Nebuchadnezzar II,Neo-Babylonian,Borsippa,ORCC,brick,517.4569140823895,575.6385376279014,623.0214783949372
Q005563,562.0,Nebuchadnezzar II,Neo-Babylonian,Borsippa,ORCC,brick,631.0834663252782,638.9565063875397,683.1133417492883
Q005566,562.0,Nebuchadnezzar II,Neo-Babylonian,Borsippa,ORCC,eye stone,553.1791272721746,546.6513481302487,576.0204567412802
Q005567,562.0,Nebuchadnezzar II,Neo-Babylonian,Borsippa,ORCC,eyestone,538.1937336207536,573.3883097065435,606.0428177803633
Q005568,562.0,Nebuchadnezzar II,Neo-Babylonian,Cutha,ORCC,eyestone,528.9524790550748,498.7136059101214,647.3498857506571
Q005570,562.0,Nebuchadnezzar II,Neo-Babylonian,Isin,ORCC,brick,623.5935143745985,609.977499284774,640.0125072159553
Q005571,562.0,Nebuchadnezzar II,Neo-Babylonian,Kish,ORCC,cylinder,646.9765072532306,606.9739956306508,665.4108973091447
Q005575,562.0,Nebuchadnezzar II,Neo-Babylonian,Larsa,ORCC,brick,511.43666546113593,553.5197185067493,615.3407767592903
Q005576,562.0,Nebuchadnezzar II,Neo-Babylonian,Marad,ORCC,cylinder,447.01966563178206,548.9281022383768,613.7635709995062
Q005577,562.0,Nebuchadnezzar II,Neo-Babylonian,Marad,ORCC,cylinder,425.33906753131527,544.0492093205548,602.5361974211405
Q005579,562.0,Nebuchadnezzar II,Neo-Babylonian,Sippar,ORCC,cylinder,515.216110064762,503.4361533819098,562.6617876927387
Q005580,562.0,Nebuchadnezzar II,Neo-Babylonian,Sippar,ORCC,cylinder,513.8108221426444,581.092797979564,606.701973096136
Q005582,562.0,Nebuchadnezzar II,Neo-Babylonian,Sippar,ORCC,cylinder,508.37447673091117,573.0440550740216,508.79412941135286
Q005584,562.0,Nebuchadnezzar II,Neo-Babylonian,Sippar,ORCC,brick,668.2835221386151,654.3238058428736,656.2354900093429
Q005585,562.0,Nebuchadnezzar II,Neo-Babylonian,Sippar,ORCC,brick,668.2835221386151,654.2867686110897,656.2354900093429
Q005586,562.0,Nebuchadnezzar II,Neo-Babylonian,Sippar,ORCC,brick,668.2835221386151,654.2867686110897,656.2354900093429
Q005587,562.0,Nebuchadnezzar II,Neo-Babylonian,Ur,ORCC,brick,674.0451040853666,647.6870414642588,643.889517663428
Q005588,562.0,Nebuchadnezzar II,Neo-Babylonian,Ur,ORCC,brick,665.9322360013098,667.0560732787645,655.7203335060552
Q005589,562.0,Nebuchadnezzar II,Neo-Babylonian,Uruk,ORCC,cylinder,630.0408107570282,654.9705515569583,625.5785761932909
Q005591,562.0,Nebuchadnezzar II,Neo-Babylonian,Babylonia,ORCC,cylinder,798.6858384750067,667.4065798928118,664.8408523991986
Q005592,562.0,Nebuchadnezzar II,Neo-Babylonian,Babylonia,ORCC,brick,630.0408107570282,654.9582155679407,625.5785761932909
Q005594,562.0,Nebuchadnezzar II,Neo-Babylonian,Babylonia,ORCC,eyestone,753.8342628220258,694.0543210485474,700.6220793408019
Q005597,562.0,Nebuchadnezzar II,Neo-Babylonian,Brissa,ORCC,rock face,553.4324229262152,588.2882849501051,648.7479704214774
Q006204,612.0,Sîn-šarru-iškun,Neo-Assyrian,Nimrud (Kalhu),ORCC,bulla,646.2665809145384,660.5716304678355,667.3728757149618
Q006239,1132.0,Itti-Marduk-balaṭu,Middle Babylonian,Babylonia,ORCC,uncertain,711.3548011217396,697.3355838095796,698.6908385696978
Q006240,1126.0,Ninurta-nadin-šumi,Middle Babylonian,Luristan,ORCC,dagger,1028.8941387804662,701.6048759574918,1097.6863715803404
Q006241,1104.0,Nebuchadnezzar I,Middle Babylonian,Babylon,ORCC,None,636.1148947980449,648.9544263536163,586.3959083317455
Q006243,1104.0,Nebuchadnezzar I,Middle Babylonian,Luristan,ORCC,dagger,700.4439396992999,710.429957427828,598.1877582027748
Q006244,1104.0,Nebuchadnezzar I,Middle Babylonian,Luristan,ORCC,hatchet,652.066923729474,604.3909059607083,618.5703356528666
Q006245,1104.0,Nebuchadnezzar I,Neo-Assyrian,Nineveh,ORCC,None,664.5131814895897,664.3373507197377,667.036352180812
Q006246,1104.0,Nebuchadnezzar I,Neo-Assyrian,Nineveh,ORCC,None,648.6779132337327,618.4793743038156,629.114013677382
Q006247,1104.0,Nebuchadnezzar I,Neo-Babylonian,Babylon,ORCC,None,589.8483716061877,598.2879600600706,549.432267120125
Q006248,1104.0,Nebuchadnezzar I,Neo-Assyrian,Babylon,ORCC,None,603.0606873220294,603.886602047605,655.3076192477771
Q006249,1104.0,Nebuchadnezzar I,Neo-Assyrian,Nineveh,ORCC,None,682.2282330290597,677.3900892570939,619.9087846743059
Q006250,1104.0,Nebuchadnezzar I,Middle Babylonian,Babylonia,ORCC,cylinder,684.3009251382898,654.3944605619714,687.1615305243889
Q006251,1104.0,Nebuchadnezzar I,Middle Babylonian,Sippar,ORCC,kudurru (boundary stone),607.7001772435531,656.5618184933852,643.3500948540983
Q006253,1100.0,Enlil-nadin-apli,Middle Babylonian,Luristan,ORCC,dagger,833.575960411298,724.8321462484853,738.261083263851
Q006256,1082.0,Marduk-nadin-ahhe,Middle Babylonian,Luristan,ORCC,dagger,997.6363301562958,678.0368803522238,1203.514269603946
Q006257,1082.0,Marduk-nadin-ahhe,Middle Babylonian,Luristan,ORCC,dagger,752.093055382701,682.7923752257361,625.5938688877324
Q006258,1082.0,Marduk-nadin-ahhe,Middle Babylonian,Luristan,ORCC,dagger,957.2749070627718,685.4391855899571,704.6902601256015
Q006259,1069.0,Marduk-šapik-zeri,Middle Babylonian,Babylonia,ORCC,cylinder,668.1324053870965,661.3583550565436,756.1743926804203
Q006260,1069.0,Marduk-šapik-zeri,Neo-Babylonian,Babylonia,ORCC,None,617.9230458449443,611.811980769977,651.4761556193513
Q006261,1069.0,Marduk-šapik-zeri,Middle Babylonian,Luristan,ORCC,dagger,835.7431811649276,679.0462136695783,672.8446858723942
Q006263,1047.0,Adad-apla-iddina,Middle Babylonian,Babylon,ORCC,brick,693.3438401354535,675.5347787283781,995.1944265608906
Q006264,1047.0,Adad-apla-iddina,Middle Babylonian,Babylon,ORCC,cylinder,529.9655195919955,670.6189583463454,672.8365332229658
Q006267,1047.0,Adad-apla-iddina,Neo-Assyrian,Nineveh,ORCC,None,688.489865947986,653.8602101524738,672.6018182993349
Q006268,1047.0,Adad-apla-iddina,Middle Babylonian,Dur-Šarrukin,ORCC,cone,653.7195026305575,651.9655009448417,753.7489684467224
Q006270,1047.0,Adad-apla-iddina,Neo-Babylonian,Uruk,ORCC,None,806.4012858250678,722.8392811236865,776.4065731319545
Q006273,1047.0,Adad-apla-iddina,Middle Babylonian,Ur,ORCC,brick,579.7526480125421,590.3618441718054,604.3176612602673
Q006274,1047.0,Adad-apla-iddina,Middle Babylonian,Luristan,ORCC,dagger,806.4012858250678,722.847879244062,776.4065731319545
Q006276,1026.0,Nabû-šumu-libur,Middle Babylonian,Nimrud,ORCC,duck weight,802.8205253906665,691.5796082062948,648.6985084452971
Q006279,1008.0,Simbar-Šipak,Neo-Babylonian,Babylonia,ORCC,None,674.6683566268275,678.4129771566661,659.4884507480991
Q006280,1008.0,Simbar-Šipak,Middle Babylonian,Luristan,ORCC,arrow head,792.4085021694938,656.6848337584466,461.0418575141025
Q006281,1005.0,Kaššû-nadin-ahhe,Middle Babylonian,Luristan,ORCC,arrow head,843.3951903212646,680.8951703864035,646.8133488710121
Q006282,988.0,Eulmaš-šakin-šumi,Middle Babylonian,Luristan,ORCC,arrow head,763.3874740817979,699.3093423438318,665.3700290171136
Q006283,988.0,Eulmaš-šakin-šumi,Middle Babylonian,Luristan,ORCC,dagger,763.3874740817979,699.3093423438318,665.3700290171136
Q006284,985.0,Ninurta-kudurri-usur I,Middle Babylonian,Luristan,ORCC,arrow head,729.96663778035,670.6080736567249,722.7819233223628
Q006285,10.0,Bazi Dynasty Unidentified Ruler,Middle Babylonian,Uruk,ORCC,None,643.2713579618414,685.451655703486,661.0067779208217
Q006286,10.0,Bazi Dynasty Unidentified Ruler,Middle Babylonian,Luristan,ORCC,arrow head,573.3768464685265,681.90280519098,646.1490269726532
Q006287,10.0,Bazi Dynasty Unidentified Ruler,Middle Babylonian,Luristan,ORCC,arrow head,639.5942298558342,674.5990955762372,677.6358863596035
Q006288,979.0,Mar-biti-apla-uṣur,Middle Babylonian,Luristan,ORCC,arrow head,787.171298265301,695.0116665891836,760.9159796993051
Q006289,943.0,Nabû-mukin-apli,Neo-Babylonian,Luristan,ORCC,arrow head,729.96663778035,670.6080736567249,722.7819233223628
Q006290,943.0,Nabû-mukin-apli,Neo-Babylonian,Luristan,ORCC,situla,461.5791746405525,656.6779649723227,663.6277501146055
Q006291,943.0,Nabû-mukin-apli,Neo-Babylonian,Luristan,ORCC,situla,714.6864850834168,647.9395212133905,668.2656327087145
Q006292,943.0,Nabû-mukin-apli,Neo-Babylonian,Luristan,ORCC,arrow head,714.6864850834168,647.9395212133905,668.2656327087145
Q006293,943.0,Nabû-mukin-apli,Neo-Babylonian,Luristan,ORCC,arrow head,860.2797881057182,683.134691365905,734.5682053238448
Q006294,943.0,Nabû-mukin-apli,Neo-Babylonian,Luristan,ORCC,dagger,574.672507427125,653.0559989436524,678.8058474185989
Q006295,9.0,Marduk-zakir-šumi I,Neo-Babylonian,Babylon,ORCC,seal,663.8160999200564,655.6327071326374,485.2911530623866
Q006296,9.0,Marduk-zakir-šumi I,Neo-Babylonian,Babylonia,ORCC,None,651.7557236021445,697.0674846009815,644.2935030585681
Q006297,9.0,Marduk-zakir-šumi I,Neo-Babylonian,Zalu-Ab,ORCC,vessel,589.6236153955022,665.2252785701813,515.9682562444472
Q006298,9.0,Nabû-šumu-lišir,Neo-Babylonian,Babylonia,ORCC,weight,611.2951155462937,679.6809451599419,576.8000246898837
Q006299,9.0,Marduk-šakin-šumi,Neo-Babylonian,Babylonia,ORCC,seal,595.403572897825,634.3967075083261,706.3345887761028
Q006300,8.0,Eriba-Marduk,Neo-Babylonian,Nimrud,ORCC,duck weight,757.9779630529487,670.595982524871,734.0467205831092
Q006301,8.0,Eriba-Marduk,Neo-Babylonian,Uruk,ORCC,duck weight,757.9779630529487,670.6124881487584,734.0467205831092
Q006302,748.0,Nabû-šuma-iškun,Neo-Babylonian,Uruk,ORCC,None,607.2388844176562,586.050705758033,619.4676740441492
Q006303,748.0,Nabû-šuma-iškun,Neo-Babylonian,Borsippa,ORCC,cylinder,733.041795747982,690.0415159284912,659.0776261268226
Q006304,734.0,Nabû-naṣir,Neo-Babylonian,Uruk,ORCC,cylinder,608.5194825658327,645.32672684045,560.4493837042941
Q006305,710.0,Marduk-apla-iddina II,Neo-Babylonian,Nimrud,ORCC,cylinder,666.486494411503,609.9525778075739,628.1853266762931
Q006308,710.0,Marduk-apla-iddina II,Neo-Babylonian,Babylonia,ORCC,seal,494.2074417862472,617.0700065485175,176.13696002503292
Q006309,710.0,Marduk-apla-iddina II,Neo-Babylonian,Kish,ORCC,brick,633.5875725211423,668.9811416402281,635.1748537885875
Q006310,700.0,Bel-ibni,Neo-Babylonian,Babylonia,ORCC,None,674.1740579539411,602.1071964553714,788.6044072081061
Q006311,648.0,Šamaš-šuma-ukin,Neo-Babylonian,Sippar,ORCC,cylinder,601.2568068701137,632.1238248520268,655.2898648886087
Q006313,648.0,Šamaš-šuma-ukin,Neo-Babylonian,Borsippa,ORCC,stele,567.7359166898741,647.7809110067851,609.9701253567921
Q006314,648.0,Šamaš-šuma-ukin,Neo-Babylonian,Borsippa,ORCC,cylinder,726.2761512953061,702.9882741258813,657.240799490323
Q006315,648.0,Šamaš-šuma-ukin,Neo-Babylonian,Babylonia,ORCC,None,762.6285785898485,669.59497568445,639.7197482631336
Q006316,648.0,Šamaš-šuma-ukin,Neo-Babylonian,Babylonia,ORCC,cylinder,562.2138405152909,638.4248957846461,612.1676473293342
Q006317,648.0,Šamaš-šuma-ukin,Neo-Babylonian,Ur,ORCC,None,594.7263813832099,648.2851860759486,601.0122448673762
Q006318,7.0,Unidentified Neo-Babylonian Ruler,Neo-Babylonian,Babylonia,ORCC,mace head,573.852376933685,618.5612138436685,586.3855754359323
Q006319,7.0,Unidentified Neo-Babylonian Ruler,Neo-Babylonian,Luristan,ORCC,situla,709.5466507120483,691.8136964566495,637.0689455203462
Q006320,7.0,Unidentified Neo-Babylonian Ruler,Neo-Babylonian,Luristan,ORCC,situla,763.9183783445427,708.692527135854,723.5278085499889
Q006322,7.0,Unidentified Neo-Babylonian Ruler,Neo-Babylonian,Luristan,ORCC,mace head,831.033570030072,717.270003444129,746.8264475035875
Q006323,705.0,Sargon II,Neo-Assyrian,Babylon,ORCC,brick,624.7833689923125,626.8749907352293,537.4934471541428
Q006325,705.0,Sargon II,Neo-Assyrian,Uruk,ORCC,cylinder,661.252221250241,632.2497577765732,595.750086759611
Q006326,705.0,Sargon II,Neo-Assyrian,Uruk,ORCC,brick,684.5649522334026,716.0117895820595,659.085208800446
Q006329,727.0,Tiglath-pileser III,wall slab (with reliefs),Nimrud,ORCC,None,707.5267277357736,663.8241222281256,676.0281551702766
Q006330,727.0,Tiglath-pileser III,wall slab (with reliefs),Nimrud,ORCC,None,691.9925279793716,584.0013600971082,693.0629664141293
Q006331,727.0,Tiglath-pileser III,wall slab (with reliefs),Nimrud,ORCC,None,610.6110657929066,716.8243318903025,637.2363311102556
Q006333,727.0,Tiglath-pileser III,wall slab (with reliefs),Nimrud,ORCC,None,707.5267277357736,663.8241222281256,676.0281551702766
Q006482,705.0,Sargon II,Neo-Assyrian,Khorsabad (Dur-Šarrukin),ORCC,wall slab (with reliefs),745.4672828537712,712.8030373989534,974.6668864455864
Q006483,705.0,Sargon II,Neo-Assyrian,Khorsabad (Dur-Šarrukin),ORCC,wall slab (with reliefs),739.7617926035655,746.1347915360836,637.1792350512487
Q006484,705.0,Sargon II,Neo-Assyrian,Khorsabad (Dur-Šarrukin),ORCC,wall slab (with reliefs),725.1501802847104,711.7331640220391,715.1756046275862
Q006485,705.0,Sargon II,Neo-Assyrian,Khorsabad (Dur-Šarrukin),ORCC,wall slab (with reliefs),713.0364390293157,674.9894795055857,664.3288381032311
Q006486,705.0,Sargon II,Neo-Assyrian,Khorsabad (Dur-Šarrukin),ORCC,wall slab (with reliefs),682.6998077705177,799.1548798312624,576.3909782756007
Q006487,705.0,Sargon II,Neo-Assyrian,Khorsabad (Dur-Šarrukin),ORCC,wall slab (with reliefs),671.2991373532299,674.3863254085076,691.8131420558765
Q006488,705.0,Sargon II,Neo-Assyrian,Khorsabad (Dur-Šarrukin),ORCC,wall slab (with reliefs),717.1331957465987,679.0469754649164,676.2569873242518
Q006489,705.0,Sargon II,Neo-Assyrian,Khorsabad (Dur-Šarrukin),ORCC,wall slab (with reliefs),695.9009127950741,673.3141846105848,664.2866580346284
Q006490,705.0,Sargon II,Neo-Assyrian,Khorsabad (Dur-Šarrukin),ORCC,human-headed bull colossus,747.9632125622878,658.6143829962929,680.9872993229302
Q006491,705.0,Sargon II,Neo-Assyrian,Khorsabad (Dur-Šarrukin),ORCC,slab,684.5923896086734,710.9649686728545,645.2398295342886
Q006492,705.0,Sargon II,Neo-Assyrian,Khorsabad (Dur-Šarrukin),ORCC,slab,686.1428688022729,702.4169840432896,625.8240295194454
Q006493,705.0,Sargon II,Neo-Assyrian,Khorsabad (Dur-Šarrukin),ORCC,slab,662.4814017846367,727.3965572778728,632.1134465668769
Q006494,705.0,Sargon II,Neo-Assyrian,Khorsabad (Dur-Šarrukin),ORCC,slab,744.827318966018,730.1525341391449,734.9842900724094
Q006495,705.0,Sargon II,Neo-Assyrian,Khorsabad (Dur-Šarrukin),ORCC,slab,761.2717552513677,714.2106501252858,734.233418767909
Q006496,705.0,Sargon II,Neo-Assyrian,Khorsabad (Dur-Šarrukin),ORCC,slab,607.6045245773953,679.0061076174853,608.6662843783367
Q006497,705.0,Sargon II,Neo-Assyrian,Khorsabad (Dur-Šarrukin),ORCC,slab,650.6933420118721,611.0783852769092,691.4835366928438
Q006498,705.0,Sargon II,Neo-Assyrian,Khorsabad (Dur-Šarrukin),ORCC,slab,646.5621636235869,655.6471859205058,600.9962578809198
Q006499,705.0,Sargon II,Neo-Assyrian,Khorsabad (Dur-Šarrukin),ORCC,slab,636.847424737659,651.6833069471227,617.3358186779077
Q006500,705.0,Sargon II,Neo-Assyrian,Khorsabad (Dur-Šarrukin),ORCC,slab,667.0488022387032,671.2122227737535,614.1509639737994
Q006501,705.0,Sargon II,Neo-Assyrian,Khorsabad (Dur-Šarrukin),ORCC,slab,630.6594714900751,675.3084229226274,600.8990338035929
Q006503,705.0,Sargon II,Neo-Assyrian,Khorsabad (Dur-Šarrukin),ORCC,slab,653.7752570166967,671.1133780167165,657.7307624990528
Q006504,705.0,Sargon II,Neo-Assyrian,Khorsabad (Dur-Šarrukin),ORCC,wall slab (with reliefs),766.5905606562943,691.2786796240104,655.6263362221918
Q006505,705.0,Sargon II,Neo-Assyrian,Khorsabad (Dur-Šarrukin),ORCC,wall slab (with reliefs),649.5474247019044,659.9894026757189,638.4722061333051
Q006506,705.0,Sargon II,Neo-Assyrian,Khorsabad (Dur-Šarrukin),ORCC,wall slab (with reliefs),733.598123861905,662.9407702771654,765.7372552318844
Q006507,705.0,Sargon II,Neo-Assyrian,Khorsabad (Dur-Šarrukin),ORCC,wall slab (with reliefs),608.1033844228202,664.3389881531488,674.9113470792851
Q006508,705.0,Sargon II,Neo-Assyrian,Khorsabad (Dur-Šarrukin),ORCC,wall slab (with reliefs),651.7150119479686,660.1961744321827,665.6461350075327
Q006509,705.0,Sargon II,Neo-Assyrian,Khorsabad (Dur-Šarrukin),ORCC,wall slab (with reliefs),705.2180361615997,656.4555654915182,654.9045430344502
Q006510,705.0,Sargon II,Neo-Assyrian,Khorsabad (Dur-Šarrukin),ORCC,wall slab (with reliefs),643.6313635878756,690.8718262706974,663.3740773350083
Q006511,705.0,Sargon II,Neo-Assyrian,Khorsabad (Dur-Šarrukin),ORCC,wall slab (with reliefs),611.4741902332473,652.3670132556223,580.3519322681478
Q006512,705.0,Sargon II,Neo-Assyrian,Khorsabad (Dur-Šarrukin),ORCC,wall slab (with reliefs),586.4321305546844,658.0569295536426,644.3285213889112
Q006513,705.0,Sargon II,Neo-Assyrian,Khorsabad (Dur-Šarrukin),ORCC,wall slab (with reliefs),666.1802443439922,666.6335673979203,659.0013532510271
Q006515,705.0,Sargon II,Neo-Assyrian,Khorsabad (Dur-Šarrukin),ORCC,wall slab (with reliefs),738.9055378106225,695.9964115834964,669.6951345968048
Q006516,705.0,Sargon II,Neo-Assyrian,Khorsabad (Dur-Šarrukin),ORCC,wall slab (with reliefs),622.988690404752,649.2598112843361,564.9008634992772
Q006517,705.0,Sargon II,Neo-Assyrian,Khorsabad (Dur-Šarrukin),ORCC,wall slab (with reliefs),591.3968578492254,665.195528428071,677.5247148696375
Q006518,705.0,Sargon II,Neo-Assyrian,Khorsabad (Dur-Šarrukin),ORCC,wall slab (with reliefs),830.4404329704995,674.8806440978559,627.9423673272829
Q006519,705.0,Sargon II,Neo-Assyrian,Khorsabad (Dur-Šarrukin),ORCC,wall slab (with reliefs),709.4775544516842,654.7808262262689,659.6947410444744
Q006520,705.0,Sargon II,Neo-Assyrian,Khorsabad (Dur-Šarrukin),ORCC,wall slab (with reliefs),591.9601608291258,667.2049477143904,448.8324729002236
Q006521,705.0,Sargon II,Neo-Assyrian,Khorsabad (Dur-Šarrukin),ORCC,wall slab (with reliefs),560.7953398262108,676.8615282899308,649.77964103677
Q006522,705.0,Sargon II,Neo-Assyrian,Khorsabad (Dur-Šarrukin),ORCC,wall slab (with reliefs); human-headed bull colossus,730.3998447922448,765.0038949074343,727.8049077596838
Q006523,705.0,Sargon II,Neo-Assyrian,Khorsabad (Dur-Šarrukin),ORCC,wall slab (with reliefs),662.016618716368,701.0828890428954,683.1930937641259
Q006524,705.0,Sargon II,Neo-Assyrian,Khorsabad (Dur-Šarrukin),ORCC,prismatic cylinder,745.4672828537712,712.8699870008589,974.6668864455864
Q006525,705.0,Sargon II,Neo-Assyrian,Khorsabad (Dur-Šarrukin),ORCC,None,747.630676682022,712.0537905057522,715.0530802891767
Q006526,705.0,Sargon II,Neo-Assyrian,Khorsabad (Dur-Šarrukin),ORCC,None,683.0647454856711,707.3773258532372,625.9648692977376
Q006527,705.0,Sargon II,Neo-Assyrian,Khorsabad (Dur-Šarrukin),ORCC,None,697.3059393811467,759.4727381080911,659.4664610368807
Q006528,705.0,Sargon II,Neo-Assyrian,Khorsabad (Dur-Šarrukin),ORCC,None,755.9918464788353,660.4175399248496,592.951364448415
Q006529,705.0,Sargon II,Neo-Assyrian,Khorsabad (Dur-Šarrukin),ORCC,None,631.1964512053593,683.3600470134296,640.7160808065853
Q006530,705.0,Sargon II,Neo-Assyrian,Khorsabad (Dur-Šarrukin),ORCC,altar,771.7813848461578,645.9814435626815,646.0259938390707
Q006531,705.0,Sargon II,Neo-Assyrian,Khorsabad (Dur-Šarrukin),ORCC,brick,606.9562606831757,672.359030015062,662.6459039806705
Q006532,705.0,Sargon II,Neo-Assyrian,Khorsabad (Dur-Šarrukin),ORCC,brick,577.234790262809,637.8059790409836,613.6733769313311
Q006533,705.0,Sargon II,Neo-Assyrian,Khorsabad (Dur-Šarrukin),ORCC,brick,646.6300210157572,576.2582095592113,650.6686908136387
Q006535,705.0,Sargon II,Neo-Assyrian,Khorsabad (Dur-Šarrukin),ORCC,brick,552.4825388893219,604.2305868806774,657.5454346031394
Q006536,705.0,Sargon II,Neo-Assyrian,Khorsabad (Dur-Šarrukin),ORCC,brick,718.4358089605203,591.4855639886717,613.2744497871872
Q006537,705.0,Sargon II,Neo-Assyrian,Khorsabad (Dur-Šarrukin),ORCC,brick,627.9682611999882,621.0533128928023,645.5336198138693
Q006538,705.0,Sargon II,Neo-Assyrian,Khorsabad (Dur-Šarrukin),ORCC,glazed brick frieze,667.0014833091822,712.2758991285415,626.084057593428
Q006540,705.0,Sargon II,Neo-Assyrian,Khorsabad (Dur-Šarrukin),ORCC,bowl,643.0431895922363,647.4768559640302,652.2855566310625
Q006541,705.0,Sargon II,Neo-Assyrian,Khorsabad (Dur-Šarrukin),ORCC,bowl,593.1618896283222,677.2355503165815,653.9525587830348
Q006542,705.0,Sargon II,Neo-Assyrian,Khorsabad (Dur-Šarrukin),ORCC,eyestone,595.1734049879984,642.8970743423998,611.483531336132
Q006544,705.0,Sargon II,Neo-Assyrian,Qalat Sherqat (Assur),ORCC,prism,663.8924536896899,572.2443113374676,670.6504425512682
Q006545,705.0,Sargon II,Neo-Assyrian,Qalat Sherqat (Assur),ORCC,cylinder,717.0946661205244,693.432168197571,662.7768250701591
Q006546,705.0,Sargon II,Neo-Assyrian,Qalat Sherqat (Assur),ORCC,None,671.3260700047291,796.0963183867408,656.878455702577
Q006547,705.0,Sargon II,Neo-Assyrian,Qalat Sherqat (Assur),ORCC,glazed wall plaque,676.366104429941,686.6993650367394,662.5294498174713
Q006548,705.0,Sargon II,Neo-Assyrian,Qalat Sherqat (Assur),ORCC,cone,721.2209976526466,716.9835403753436,660.7560670857654
Q006549,705.0,Sargon II,Neo-Assyrian,Qalat Sherqat (Assur),ORCC,brick,716.6305740532929,626.6860051247755,639.4443987258795
Q006550,705.0,Sargon II,Neo-Assyrian,Qalat Sherqat (Assur),ORCC,brick,651.6132815763606,691.6093351197421,634.9501561146627
Q006551,705.0,Sargon II,Neo-Assyrian,Qalat Sherqat (Assur),ORCC,brick,591.5623965779167,666.3110633455226,642.3260822844861
Q006552,705.0,Sargon II,Neo-Assyrian,Qalat Sherqat (Assur),ORCC,grazed brick frieze,800.5998229483096,742.6718336503228,600.3163126956465
Q006553,705.0,Sargon II,Neo-Assyrian,Qalat Sherqat (Assur),ORCC,None,663.1441653620453,619.2204574242235,608.0799385478578
Q006554,705.0,Sargon II,Neo-Assyrian,Nimrud (Kalhu),ORCC,slab,738.8625868719258,769.3032755153072,724.4433873421076
Q006555,705.0,Sargon II,Neo-Assyrian,Nimrud (Kalhu),ORCC,prism,687.6811121499805,667.4560602539178,655.6418442338784
Q006556,705.0,Sargon II,Neo-Assyrian,Nimrud (Kalhu),ORCC,prism,689.1135318794402,697.7799730181741,648.0177549242139
Q006557,705.0,Sargon II,Neo-Assyrian,Nimrud (Kalhu),ORCC,prismatic cylinder,728.8615266254044,723.3545609143958,948.740269092054
Q006558,705.0,Sargon II,Neo-Assyrian,Nimrud (Kalhu),ORCC,vase; jar,630.3208758176411,662.8428236665245,591.4353136647427
Q006559,705.0,Sargon II,Neo-Assyrian,Nimrud (Kalhu),ORCC,lion weight,659.7524788675889,659.5057180092358,671.4161902811774
Q006560,705.0,Sargon II,Neo-Assyrian,Nimrud (Kalhu),ORCC,lion weight,630.3208758176411,662.8046629470966,591.4353136647427
Q006561,705.0,Sargon II,Neo-Assyrian,Nimrud (Kalhu),ORCC,writing board,670.4861572442965,656.5801855347216,769.0976356302159
Q006562,705.0,Sargon II,Neo-Assyrian,Kuyunjik (Nineveh),ORCC,wall slab (with reliefs),707.4565509777944,735.7082527061356,631.5954132945044
Q006563,705.0,Sargon II,Neo-Assyrian,Kuyunjik (Nineveh),ORCC,prism,654.2232016261985,717.5791903089643,677.0799649964205
Q006564,705.0,Sargon II,Neo-Assyrian,Kuyunjik (Nineveh),ORCC,prism,723.9899087767789,656.9282706984565,711.3879680279068
Q006565,705.0,Sargon II,Neo-Assyrian,Kuyunjik (Nineveh),ORCC,cylinder,743.7372501215455,767.698780967052,775.9539342626556
Q006566,705.0,Sargon II,Neo-Assyrian,Kuyunjik (Nineveh),ORCC,prismatic cylinder,648.0461860057475,657.7794657907064,695.5187101178009
Q006567,705.0,Sargon II,Neo-Assyrian,Kuyunjik (Nineveh),ORCC,cylinder,683.1108818909058,674.1625747818175,714.6537864080691
Q006568,705.0,Sargon II,Neo-Assyrian,Kuyunjik (Nineveh),ORCC,cylinder,723.2008671424115,715.2883929608722,615.9432957737457
Q006569,705.0,Sargon II,Neo-Assyrian,Kuyunjik (Nineveh),ORCC,prismatic cylinder,718.8635574983481,734.9190699012847,810.1966655787846
Q006570,705.0,Sargon II,Neo-Assyrian,Kuyunjik (Nineveh),ORCC,None,713.0460620008886,739.557482999589,692.5939182097122
Q006571,705.0,Sargon II,Neo-Assyrian,Kuyunjik (Nineveh),ORCC,None,700.831933438029,658.1025389317596,621.280388330212
Q006572,705.0,Sargon II,Neo-Assyrian,Kuyunjik (Nineveh),ORCC,None,750.5062053820114,749.643200833704,711.154648667635
Q006573,705.0,Sargon II,Neo-Assyrian,Kuyunjik (Nineveh),ORCC,cone,709.6435716893009,632.3933714329639,672.7404507122998
Q006574,705.0,Sargon II,Neo-Assyrian,Kuyunjik (Nineveh),ORCC,slab,605.2007198477625,645.6241611483348,584.605199484995
Q006575,705.0,Sargon II,Neo-Assyrian,Kuyunjik (Nineveh),ORCC,slab,630.3208758176411,662.8428236665245,591.4353136647427
Q006576,705.0,Sargon II,Neo-Assyrian,Kuyunjik (Nineveh),ORCC,brick; slab,722.1068673741122,638.0887753267036,643.5820248867859
Q006577,705.0,Sargon II,Neo-Assyrian,Kuyunjik (Nineveh),ORCC,brick,625.6547697849486,603.9670954231402,601.8350321703008
Q006578,705.0,Sargon II,Neo-Assyrian,Kuyunjik (Nineveh),ORCC,brick,612.2036568209555,650.2149630022662,641.3327360151155
Q006579,705.0,Sargon II,Neo-Assyrian,Kuyunjik (Nineveh),ORCC,brick,535.9087113140771,674.3223341131849,687.1857198352161
Q006580,705.0,Sargon II,Neo-Assyrian,Kuyunjik (Nineveh),ORCC,plating (for doorjamb),670.9334954521116,632.684187957831,621.1985350357035
Q006581,705.0,Sargon II,Neo-Assyrian,Kuyunjik (Nineveh),ORCC,eyestone,738.5292885537797,629.4660827835488,624.4153289460845
Q006582,705.0,Sargon II,Neo-Assyrian,Kuyunjik (Nineveh),ORCC,tablet ?,706.7922410702124,671.5750422901644,637.5420922949978
Q006583,705.0,Sargon II,Neo-Assyrian,uncertain,ORCC,None,624.0540069906299,553.2260879054203,595.4482389808949
Q006584,705.0,Sargon II,Neo-Assyrian,Larnaka,ORCC,stele,756.4980565204104,749.24915100448,713.6530591787647
Q006585,705.0,Sargon II,Neo-Assyrian,Ashdod (Asdūdu),ORCC,stele,708.6871140066575,762.7562904041139,672.6662834217645
Q006586,705.0,Sargon II,Neo-Assyrian,uncertain,ORCC,stele,657.5765869780129,703.848467249075,659.707732643245
Q006587,705.0,Sargon II,Neo-Assyrian,Acharneh (Tunip),ORCC,stele,695.1920203498037,600.6131839242018,687.7235738397555
Q006588,705.0,Sargon II,Neo-Assyrian, Ahmar (Til Barsip),ORCC,stele,689.1835220488516,640.3878051887675,715.1163127282249
Q006589,705.0,Sargon II,Neo-Assyrian,Tell Tayinat (Unqi),ORCC,stele,674.7509010551126,624.6287477661383,638.4765635786747
Q006590,705.0,Sargon II,Neo-Assyrian,Europos (Carchemish),ORCC,cylinder,778.1598365499835,870.7165320674463,754.1996125182659
Q006591,705.0,Sargon II,Neo-Assyrian,Europos (Carchemish),ORCC,brick,630.3208758176411,662.8143030934207,591.4353136647427
Q006592,705.0,Sargon II,Neo-Assyrian,Arslantepe (Melidu),ORCC,cylinder,691.2031374756336,650.4882180429892,645.1707645267461
Q006593,705.0,Sargon II,Neo-Assyrian,Arslantepe (Melidu),ORCC,cylinder,741.8198479733679,665.0127361284136,695.969816936505
Q006594,705.0,Sargon II,Neo-Assyrian,Arslantepe (Melidu),ORCC,cylinder,717.9958544685738,633.5409152919838,669.1728712415095
Q006595,705.0,Sargon II,Neo-Assyrian,Arslantepe (Melidu),ORCC,cylinder,734.8059565187115,619.9100720840191,709.3842850373395
Q006596,705.0,Sargon II,Neo-Assyrian,Najafabad (Kišesim),ORCC,stele,720.6908485220762,663.3040252097792,692.8058562119704
Q006597,705.0,Sargon II,Neo-Assyrian,Tang-i Var,ORCC,rock cliff,735.0008149992589,743.3940375649274,676.4224702537432
Q006598,705.0,Sargon II,Neo-Assyrian,Persepolis (Pārśa),ORCC,bead,605.5407557089836,632.4610731860448,596.422419049884
Q006599,705.0,Sargon II,Neo-Assyrian,Persepolis (Pārśa),ORCC,eyestone,543.7538743627915,631.8030993885851,584.605199484995
Q006600,705.0,Sargon II,Neo-Assyrian,Persepolis (Pārśa),ORCC,eyestone,543.7538743627915,631.8034193720746,584.605199484995
Q006601,705.0,Sargon II,Neo-Assyrian,Persepolis (Pārśa),ORCC,eyestone,657.5813276776811,655.2390302381884,605.485774771333
Q006602,705.0,Sargon II,Neo-Assyrian,Persepolis (Pārśa),ORCC,eyestone,729.8614984927463,687.263921374796,706.2395199276234
Q006603,705.0,Sargon II,Neo-Assyrian,Babylon (Bābili),ORCC,brick,618.9898805294611,633.0644977185491,537.3975154493521
Q006604,705.0,Sargon II,Neo-Assyrian,Babylon (Bābili),ORCC,brick,835.9020617280692,723.4945858556989,710.5684222726763
Q006605,705.0,Sargon II,Neo-Assyrian,Warka (Uruk),ORCC,cylinder,670.9375726417926,635.2380525602364,614.2999109712993
Q006606,705.0,Sargon II,Neo-Assyrian,Warka (Uruk),ORCC,brick,684.666755540512,715.7867552596219,659.085208800446
Q006608,705.0,Sargon II,Neo-Assyrian,Warka (Uruk),ORCC,brick,591.4371032187115,666.3110633455226,642.3260822844861
Q006609,705.0,Sargon II,Neo-Assyrian,Tell Haddad (Me-Turan),ORCC,cylinder,745.4672828537712,712.8699870008589,974.6668864455864
Q006610,705.0,Sargon II,Neo-Assyrian,uncertain,ORCC,bead,656.6461490482322,631.4419566618881,494.2608866494937
Q006611,705.0,Sargon II,Neo-Assyrian,Qalʾeh-i Imam,ORCC,None,779.6855333983301,739.3575914601632,700.9139518093974
Q006633,705.0,Sargon II,Neo-Assyrian,Qalat Sherqat (Assur),ORCC,cone,752.7456921766947,760.3254734403893,675.3422461001146
Q006634,705.0,Sargon II,Neo-Assyrian,Qalat Sherqat (Assur),ORCC,cone,722.4594812032212,680.9882109872183,696.349606288111
Q006636,705.0,Sargon II,Neo-Assyrian,Nimrud (Kalhu),ORCC,prismatic cylinder,638.6166855622668,684.2497129124819,718.6752563962532
Q006637,705.0,Sargon II,Neo-Assyrian,Kuyunjik (Nineveh),ORCC,block,582.6175555481686,648.9151750943071,635.5254394996076
Q006638,705.0,Sargon II,Neo-Assyrian,Kuyunjik (Nineveh),ORCC,lion colossus,700.7819602184351,750.631484256191,668.2653493899418
Q006639,705.0,Sargon II,Neo-Assyrian,Samaria (Sāmerīna),ORCC,stele ?,507.4511388136146,674.2774917808024,648.0189926775075
Q006640,705.0,Sargon II,Neo-Assyrian,Europos (Carchemish),ORCC,stele ?,643.3495387632753,684.4462995794497,611.5175276039133
Q006643,705.0,Sargon II,Neo-Assyrian,Nimrud (Kalhu),ORCC,bowl; jar; mirror,586.4926564533391,685.9013632081562,685.6185329724298
Q006644,705.0,Sargon II,Neo-Assyrian,Khorsabad (Dur-Šarrukin),ORCC,slab,634.6543017667605,571.1392120656528,550.2627222420853
Q006645,705.0,Sargon II,Neo-Assyrian,Khorsabad (Dur-Šarrukin),ORCC,macehead,589.8127175908722,639.0722861582003,671.4588726560963
Q006647,705.0,Sargon II,Neo-Assyrian,Qalat Sherqat (Assur),ORCC,coffer,693.2088662246107,669.2855849569409,618.117748275977
Q006648,705.0,Sargon II,Neo-Assyrian,Nimrud (Kalhu),ORCC,cylinder seal (sealing),723.6481900533065,699.3566311040695,698.0777854521901
Q006649,705.0,Sargon II,Neo-Assyrian,uncertain,ORCC,cylinder seal,674.7037590535883,640.2029769227047,542.2669719416305
Q006650,705.0,Sargon II,Neo-Assyrian,Tell Haddad (Me-Turan),ORCC,axehead,638.9662009614287,655.674235965763,608.8514782005675
Q006651,705.0,Sargon II,Neo-Assyrian,Tell Baradan,ORCC,cylinder,717.6630420161529,696.4833525594744,596.1620254258216
Q006652,705.0,Sargon II,Neo-Assyrian,Tell Ahmar (Til Barsip),ORCC,stele,715.2858301089722,669.7097846543649,628.7359831874545
Q006653,530.0,Cyrus II,Achaemenid,Babylon,ORCC,"cylinder, tablet",610.362306932559,524.6476325597291,624.2066177765441
Q006654,530.0,Cyrus II,Achaemenid,Ur,ORCC,brick,646.4478976629589,685.5117857532812,654.9484565014897
Q006655,530.0,Cyrus II,Achaemenid,Uruk,ORCC,brick,596.926175482536,642.6782658509029,610.7651849987126
Q006656,1008.0,Simbar-Šipak,Middle Babylonian,Luristan,ORCC,dagger,942.7291032913768,676.0674052740076,630.6099940027187
Q007539,631.0,Ashurbanipal,Neo-Assyrian,Kuyunjik (Nineveh),ORCC,None,806.345384369729,687.960944008333,647.9684367513033
Q007540,631.0,Ashurbanipal,Neo-Assyrian,Kuyunjik (Nineveh),ORCC,None,674.6803796624052,650.9562905706105,681.0450014115556
Q007541,631.0,Ashurbanipal,Neo-Assyrian,Kuyunjik (Nineveh),ORCC,None,706.2064273910246,695.4750639581042,594.0418246865743
Q007542,631.0,Ashurbanipal,Neo-Assyrian,Kuyunjik (Nineveh),ORCC,None,690.11092796594,614.604522052182,711.2499537063336
Q007543,631.0,Ashurbanipal,Neo-Assyrian,Kuyunjik (Nineveh),ORCC,None,531.4204089888103,713.2068433358652,698.4906754507172
Q007544,631.0,Ashurbanipal,Neo-Assyrian,Kuyunjik (Nineveh),ORCC,None,589.7823536882759,681.9400599955925,658.0985781341793
Q007545,631.0,Ashurbanipal,Neo-Assyrian,Kuyunjik (Nineveh),ORCC,None,698.2348887357444,639.3890640788254,589.6868682716984
Q007546,631.0,Ashurbanipal,Neo-Assyrian,Kuyunjik (Nineveh),ORCC,None,710.5215579425947,705.9638650622112,637.5001449322076
Q007547,631.0,Ashurbanipal,Neo-Assyrian,Kuyunjik (Nineveh),ORCC,None,661.0016819940874,664.1472126045933,708.0894261172027
Q007548,631.0,Ashurbanipal,Neo-Assyrian,Kuyunjik (Nineveh),ORCC,None,684.684656664073,627.7241201788111,778.1511030404221
Q007549,631.0,Ashurbanipal,Neo-Assyrian,Kuyunjik (Nineveh),ORCC,None,668.5780774788212,695.6413057957446,570.7731479300069
Q007550,631.0,Ashurbanipal,Neo-Assyrian,Kuyunjik (Nineveh),ORCC,None,628.7962752523778,629.1927695115417,660.2349851587152
Q007551,631.0,Ashurbanipal,Neo-Assyrian,Kuyunjik (Nineveh),ORCC,None,720.6175294706622,664.5975470699062,646.6181969706481
Q007552,631.0,Ashurbanipal,Neo-Assyrian,Kuyunjik (Nineveh),ORCC,None,753.8267725338658,677.5469648634507,677.6006474764987
Q007553,631.0,Ashurbanipal,Neo-Assyrian,Kuyunjik (Nineveh),ORCC,None,651.5476421285651,694.0521986363427,678.4020538977426
Q007554,631.0,Ashurbanipal,Neo-Assyrian,Kuyunjik (Nineveh),ORCC,None,681.0784603047103,711.5564930503665,756.0716497566829
Q007555,631.0,Ashurbanipal,Neo-Assyrian,Kuyunjik (Nineveh),ORCC,None,692.4413677866937,640.4032780523432,636.0282830611225
Q007556,631.0,Ashurbanipal,Neo-Assyrian,Kuyunjik (Nineveh),ORCC,None,808.142914879104,744.8563995601276,745.4243745589994
Q007557,631.0,Ashurbanipal,Neo-Assyrian,Kuyunjik (Nineveh),ORCC,None,697.671466178379,691.7697419906935,656.5434370759983
Q007558,631.0,Ashurbanipal,Neo-Assyrian,Kuyunjik (Nineveh),ORCC,None,720.6113773839676,739.5590810956849,704.631827944745
Q007559,631.0,Ashurbanipal,Neo-Assyrian,Kuyunjik (Nineveh),ORCC,None,729.0949921989472,741.2032441055558,732.8695323859287
Q007560,631.0,Ashurbanipal,Neo-Assyrian,Kuyunjik (Nineveh),ORCC,None,621.0395545047757,720.9219007670224,689.0454703873625
Q007561,631.0,Ashurbanipal,Neo-Assyrian,Kuyunjik (Nineveh),ORCC,None,683.6028782185832,694.5357781036416,717.9345675519526
Q007562,631.0,Ashurbanipal,Neo-Assyrian,Kuyunjik (Nineveh),ORCC,None,673.3281153158532,673.8359079986387,658.6213310885765
Q007563,631.0,Ashurbanipal,Neo-Assyrian,Kuyunjik (Nineveh),ORCC,None,663.3799130702004,484.16328711340554,653.6494524905257
Q007564,631.0,Ashurbanipal,Neo-Assyrian,Kuyunjik (Nineveh),ORCC,None,630.3323354914975,692.0477246120618,650.9607048571677
Q007565,631.0,Ashurbanipal,Neo-Assyrian,Kuyunjik (Nineveh),ORCC,None,717.0650844484296,644.7040345084174,655.4070412844089
Q007566,631.0,Ashurbanipal,Neo-Assyrian,Kuyunjik (Nineveh),ORCC,None,581.6971948169867,675.3961263685363,720.8365468676401
Q007567,631.0,Ashurbanipal,Neo-Assyrian,Kuyunjik (Nineveh),ORCC,None,592.5681286458439,697.9118937992746,614.5151471362777
Q007568,631.0,Ashurbanipal,Neo-Assyrian,Kuyunjik (Nineveh),ORCC,None,559.9735470370047,655.4515654867191,695.9551787246618
Q007569,631.0,Ashurbanipal,Neo-Assyrian,Kuyunjik (Nineveh),ORCC,None,642.7506302748691,726.5644185427715,648.2225798994527
Q007570,631.0,Ashurbanipal,Neo-Assyrian,Kuyunjik (Nineveh),ORCC,None,659.0236502722661,720.6932452623249,640.9341659560846
Q007571,631.0,Ashurbanipal,Neo-Assyrian,Kuyunjik (Nineveh),ORCC,None,692.7971296946432,566.9785290727658,681.9532836236567
Q007572,631.0,Ashurbanipal,Neo-Assyrian,Kuyunjik (Nineveh),ORCC,None,727.3290539403924,657.5153940124673,681.2600007578571
Q007573,631.0,Ashurbanipal,Neo-Assyrian,Kuyunjik (Nineveh),ORCC,None,659.4567132199597,577.8029957059331,690.0643380238452
Q007574,631.0,Ashurbanipal,Neo-Assyrian,Kuyunjik (Nineveh),ORCC,None,619.9711601401605,689.03795112437,676.7106036207698
Q007575,631.0,Ashurbanipal,Neo-Assyrian,Kuyunjik (Nineveh),ORCC,None,661.142618235618,649.9143145421423,653.5510083188051
Q007576,631.0,Ashurbanipal,Neo-Assyrian,Kuyunjik (Nineveh),ORCC,None,724.2520098373111,644.4555769481532,678.5043141826553
Q007577,631.0,Ashurbanipal,Neo-Assyrian,Kuyunjik (Nineveh),ORCC,None,703.8710809628772,775.675833387604,827.1142335002572
Q007578,631.0,Ashurbanipal,Neo-Assyrian,Kuyunjik (Nineveh),ORCC,None,524.7858513111084,697.055733804839,699.9322423246475
Q007579,631.0,Ashurbanipal,Neo-Assyrian,Kuyunjik (Nineveh),ORCC,None,654.8926153895181,592.406996204702,645.7028798956693
Q007580,631.0,Ashurbanipal,Neo-Assyrian,Kuyunjik (Nineveh),ORCC,None,620.1045110869459,674.2399104123373,678.70092406879
Q007581,631.0,Ashurbanipal,Neo-Assyrian,Kuyunjik (Nineveh),ORCC,None,620.6249237565618,636.0952016304736,708.3740070705761
Q007582,631.0,Ashurbanipal,Neo-Assyrian,Kuyunjik (Nineveh),ORCC,None,698.688185962415,737.0890474638724,681.0097164523748
Q007583,631.0,Ashurbanipal,Neo-Assyrian,Kuyunjik (Nineveh),ORCC,None,716.6334901703548,736.5955043519529,647.1230926221713
Q007584,631.0,Ashurbanipal,Neo-Assyrian,Kuyunjik (Nineveh),ORCC,None,723.13377505122,676.5584272108426,731.2613261454471
Q007585,631.0,Ashurbanipal,Neo-Assyrian,Kuyunjik (Nineveh),ORCC,None,662.2142928769927,471.94584822566384,604.4907371066599
Q007586,631.0,Ashurbanipal,Neo-Assyrian,Kuyunjik (Nineveh),ORCC,None,694.9002895174476,611.8977912256739,658.8888093012469
Q007587,631.0,Ashurbanipal,Neo-Assyrian,Kuyunjik (Nineveh),ORCC,None,698.0871338837801,652.0875930077652,659.548193168335
Q007588,631.0,Ashurbanipal,Neo-Assyrian,Kuyunjik (Nineveh),ORCC,None,718.3598039256437,756.270186252118,708.6918826548259
Q007589,631.0,Ashurbanipal,Neo-Assyrian,Qalat Sherqat (Assur),ORCC,None,725.5077928972898,633.8511667977104,703.9591131187127
Q007590,631.0,Ashurbanipal,Neo-Assyrian,Qalat Sherqat (Assur),ORCC,None,659.0376311094849,709.1346292712673,708.3507655632093
Q007591,631.0,Ashurbanipal,Neo-Assyrian,Kuyunjik (Nineveh),ORCC,None,716.3302997793927,638.4734936659027,668.327053415578
Q007592,631.0,Ashurbanipal,Neo-Assyrian,Kuyunjik (Nineveh),ORCC,None,594.316224781389,657.2975274940699,720.8264291849565
Q007593,631.0,Ashurbanipal,Neo-Assyrian,Kuyunjik (Nineveh),ORCC,None,739.3595171232541,664.2940405588547,716.6311595830086
Q007594,631.0,Ashurbanipal,Neo-Assyrian,Kuyunjik (Nineveh),ORCC,None,676.0829356185419,689.8902516410768,622.774423080635
Q007595,631.0,Ashurbanipal,Neo-Assyrian,Kuyunjik (Nineveh),ORCC,None,731.7240764448329,697.181770681015,680.3894697684216
Q007596,631.0,Ashurbanipal,Neo-Assyrian,Kuyunjik (Nineveh),ORCC,None,710.7087555026537,678.6403113373494,732.6229520584374
Q007597,631.0,Ashurbanipal,Neo-Assyrian,Kuyunjik (Nineveh),ORCC,None,645.8980848800412,670.553599292265,726.9502642118438
Q007598,631.0,Ashurbanipal,Neo-Assyrian,Kuyunjik (Nineveh),ORCC,None,569.1781761031,716.7230587957558,611.9379881996618
Q007599,631.0,Ashurbanipal,Neo-Assyrian,Kuyunjik (Nineveh),ORCC,None,666.3910384510532,681.3771248425359,697.2558827806175
Q007600,631.0,Ashurbanipal,Neo-Assyrian,Kuyunjik (Nineveh),ORCC,None,716.6271415859502,671.8720261149145,331.54820593362604
Q007601,631.0,Ashurbanipal,Neo-Assyrian,Kuyunjik (Nineveh),ORCC,None,714.5729478651655,619.5860412498951,682.8710735863259
Q007602,631.0,Ashurbanipal,Neo-Assyrian,Kuyunjik (Nineveh),ORCC,None,578.2323631158246,728.3249093722837,650.0728523624413
Q007603,631.0,Ashurbanipal,Neo-Assyrian,Kuyunjik (Nineveh),ORCC,None,643.5749797305781,675.4424035160979,672.8741809771348
Q007604,631.0,Ashurbanipal,Neo-Assyrian,Kuyunjik (Nineveh),ORCC,None,688.0611870702782,722.5905270201139,765.0268695096626
Q007605,631.0,Ashurbanipal,Neo-Assyrian,Kuyunjik (Nineveh),ORCC,None,728.7386741915644,612.6370859094113,643.357925757513
Q007606,631.0,Ashurbanipal,Neo-Assyrian,Kuyunjik (Nineveh),ORCC,None,705.408337327768,703.1230410060931,859.5003177282363
Q007607,631.0,Ashurbanipal,Neo-Assyrian,Kuyunjik (Nineveh),ORCC,None,725.461719467476,663.0104289040091,809.7042237495186
Q007608,631.0,Ashurbanipal,Neo-Assyrian,Kuyunjik (Nineveh),ORCC,None,731.1411870978523,751.3529419300273,682.5531567351929
Q007609,631.0,Ashurbanipal,Neo-Assyrian,Kuyunjik (Nineveh),ORCC,None,719.3760770488082,732.7935849699385,778.1041862981663
Q007610,631.0,Ashurbanipal,Neo-Assyrian,Kuyunjik (Nineveh),ORCC,None,804.510303566259,765.6153436241729,710.8264569917558
Q007611,631.0,Ashurbanipal,Neo-Assyrian,Kuyunjik (Nineveh),ORCC,None,666.4566071084145,636.2286286372782,677.1452445065204
Q007612,631.0,Ashurbanipal,Neo-Assyrian,Kuyunjik (Nineveh),ORCC,None,614.761240855543,635.9740503248047,725.1146015532796
Q007613,631.0,Ashurbanipal,Neo-Assyrian,Kuyunjik (Nineveh),ORCC,None,579.6096606155729,653.7230306021374,743.1233707085461
Q007614,631.0,Ashurbanipal,Neo-Assyrian,Kuyunjik (Nineveh),ORCC,None,626.4817528613032,630.0003552458261,633.4999117065416
Q007615,631.0,Ashurbanipal,Neo-Assyrian,Kuyunjik (Nineveh),ORCC,None,655.173567818093,578.7957016609454,611.9298310556775
Q007616,631.0,Ashurbanipal,Neo-Assyrian,Kuyunjik (Nineveh),ORCC,None,770.6952556239971,732.9539027942225,647.066080425981
Q007617,631.0,Ashurbanipal,Neo-Assyrian,Kuyunjik (Nineveh),ORCC,None,624.5900115277271,673.3001485783142,667.6696004032108
Q007618,631.0,Ashurbanipal,Neo-Assyrian,Kuyunjik (Nineveh),ORCC,None,725.8290435194093,703.7460650452583,603.7991579974833
Q007619,631.0,Ashurbanipal,Neo-Assyrian,Kuyunjik (Nineveh),ORCC,None,721.8718610877265,694.6048796433621,605.6336039347524
Q007620,631.0,Ashurbanipal,Neo-Assyrian,Kuyunjik (Nineveh),ORCC,None,728.821690890921,719.033696132486,723.8949439187311
Q007621,631.0,Ashurbanipal,Neo-Assyrian,Kuyunjik (Nineveh),ORCC,None,710.1033990782511,779.2431834954806,708.4006080064679
Q007622,631.0,Ashurbanipal,Neo-Assyrian,Kuyunjik (Nineveh),ORCC,None,721.8718610877265,693.81382412389,605.6336039347524
Q007623,631.0,Ashurbanipal,Neo-Assyrian,Kuyunjik (Nineveh),ORCC,None,703.1328411376069,632.8484058080354,610.0668610145627
Q007624,631.0,Ashurbanipal,Neo-Assyrian,Kuyunjik (Nineveh),ORCC,None,627.0270546936375,735.5195821252746,647.0961678372107
Q007625,631.0,Ashurbanipal,Neo-Assyrian,Kuyunjik (Nineveh),ORCC,None,670.3902213400261,670.0367438424553,687.9313597128158
Q007626,631.0,Ashurbanipal,Neo-Assyrian,Kuyunjik (Nineveh),ORCC,None,696.2875149908779,713.2274915965575,673.3597636912328
Q007627,631.0,Ashurbanipal,Neo-Assyrian,Kuyunjik (Nineveh),ORCC,None,778.8146916513007,655.6892688940811,742.7103512098124
Q007628,631.0,Ashurbanipal,Neo-Assyrian,Kuyunjik (Nineveh),ORCC,None,583.8753734087417,620.0830212088322,705.2509729340172
Q007629,631.0,Ashurbanipal,Neo-Assyrian,Kuyunjik (Nineveh),ORCC,None,724.570830136736,661.307658244352,653.3183503844961
Q007630,631.0,Ashurbanipal,Neo-Assyrian,Kuyunjik (Nineveh),ORCC,None,604.7805422323917,623.8042243906119,643.3498412358789
Q007631,631.0,Ashurbanipal,Neo-Assyrian,Kuyunjik (Nineveh),ORCC,None,669.2216071163037,668.2080128672093,725.0717246410215
Q007632,631.0,Ashurbanipal,Neo-Assyrian,Kuyunjik (Nineveh),ORCC,None,598.9397337055108,669.2696042467667,613.9174987142156
Q007633,631.0,Ashurbanipal,Neo-Assyrian,Kuyunjik (Nineveh),ORCC,None,600.9339129615216,660.2197104408731,623.0736404808799
Q007634,631.0,Ashurbanipal,Neo-Assyrian,Kuyunjik (Nineveh),ORCC,None,707.142047925245,709.7510520758773,648.3458897095541
Q007635,631.0,Ashurbanipal,Neo-Assyrian,Kuyunjik (Nineveh),ORCC,None,652.5501748266624,767.3904753272562,724.098615009689
Q007636,631.0,Ashurbanipal,Neo-Assyrian,Kuyunjik (Nineveh),ORCC,None,676.0345828670573,577.1314580540272,357.8081556745431
Q007637,631.0,Ashurbanipal,Neo-Assyrian,Kuyunjik (Nineveh),ORCC,None,570.0388923494497,655.3605388665605,573.3199676677845
Q007638,631.0,Ashurbanipal,Neo-Assyrian,Kuyunjik (Nineveh),ORCC,None,695.379229693967,649.0856801777212,561.1371592723085
Q007770,705.0,Sargon II,Neo-Assyrian,Turlu Höyük,ORCC,stele,636.4665038982394,621.7081446702574,636.8583274286385
Q008319,631.0,Ashurbanipal,Neo-Assyrian,Kuyunjik (Nineveh),ORCC,None,745.3128767210171,561.9029291416056,794.1926271464055
Q008320,631.0,Ashurbanipal,Neo-Assyrian,Kuyunjik (Nineveh),ORCC,None,591.3675082776024,663.9254343048066,560.8995840230577
Q008321,631.0,Ashurbanipal,Neo-Assyrian,Kuyunjik (Nineveh),ORCC,None,654.7981537598172,662.3796886882532,694.8028703483627
Q008322,631.0,Ashurbanipal,Neo-Assyrian,Kuyunjik (Nineveh),ORCC,None,628.4402380654864,652.7055426050235,705.7159143449826
Q008323,631.0,Ashurbanipal,Neo-Assyrian,Kuyunjik (Nineveh),ORCC,None,719.2239689458609,675.4831008268238,747.8026135260077
Q008324,631.0,Ashurbanipal,Neo-Assyrian,Kuyunjik (Nineveh),ORCC,None,680.2444549945468,703.28851110678,595.8053861586222
Q008325,631.0,Ashurbanipal,Neo-Assyrian,Kuyunjik (Nineveh),ORCC,None,623.865777924859,657.8350477212718,668.1676723434225
Q008326,631.0,Ashurbanipal,Neo-Assyrian,Kuyunjik (Nineveh),ORCC,None,659.5768823280771,632.1529468324636,697.3275296813218
Q008327,631.0,Ashurbanipal,Neo-Assyrian,Kuyunjik (Nineveh),ORCC,None,693.426038879933,684.9431329586538,662.9106689403014
Q008328,631.0,Ashurbanipal,Neo-Assyrian,Kuyunjik (Nineveh),ORCC,None,732.9739515306517,750.0515532166017,706.6917173401791
Q008329,631.0,Ashurbanipal,Neo-Assyrian,Babylon (Bābili),ORCC,cylinder,618.328410277796,621.783182978221,607.0195178425661
Q008330,631.0,Ashurbanipal,Neo-Assyrian,Babylon (Bābili),ORCC,cylinder,641.5792942867442,687.2035913219026,694.1548239634876
Q008331,631.0,Ashurbanipal,Neo-Assyrian,Babylon (Bābili),ORCC,cylinder,634.7791859393648,744.1945332559968,731.598724839241
Q008332,631.0,Ashurbanipal,Neo-Assyrian,Babylon (Bābili),ORCC,cylinder,680.8227247639237,720.5935236332933,737.741181529729
Q008333,631.0,Ashurbanipal,Neo-Assyrian,Babylon (Bābili),ORCC,cylinder,680.8227247639237,720.5935236332933,737.741181529729
Q008334,631.0,Ashurbanipal,Neo-Assyrian,Babylon (Bābili),ORCC,stele,657.3843746992544,697.5549060523178,697.7726330687294
Q008335,631.0,Ashurbanipal,Neo-Assyrian,Babylon (Bābili),ORCC,brick,613.26526940049,631.3977238442758,653.7096913438368
Q008336,631.0,Ashurbanipal,Neo-Assyrian,Babylon (Bābili),ORCC,brick,593.8639356780492,637.3400014609539,629.9452142824317
Q008338,631.0,Ashurbanipal,Neo-Assyrian,Babylon (Bābili),ORCC,brick,625.7277385309654,651.0989204534499,655.4038320944904
Q008339,631.0,Ashurbanipal,Neo-Assyrian,Babylon (Bābili),ORCC,brick,576.2546626988661,625.7133795110235,629.2209865948939
Q008340,631.0,Ashurbanipal,Neo-Assyrian,Babylon (Bābili),ORCC,brick,646.4953239235045,628.0621573081372,671.6649212960256
Q008341,631.0,Ashurbanipal,Neo-Assyrian,Babylonia,ORCC,cylinder,606.3656691611646,691.5754931635078,681.7838541773633
Q008343,631.0,Ashurbanipal,Neo-Assyrian,Birs Nimrud (Borsippa),ORCC,stele,664.8629362085677,723.2218187849046,701.2586983866089
Q008344,631.0,Ashurbanipal,Neo-Assyrian,Babylonia,ORCC,None,671.0448318660349,642.9636476995443,641.0543987755467
Q008345,631.0,Ashurbanipal,Neo-Assyrian,Aqar Quf (Dur-Kurigalzu),ORCC,brick,661.1349401972818,703.1251971426838,717.8621079909527
Q008346,631.0,Ashurbanipal,Neo-Assyrian,Tell Haddad (Me-Turan),ORCC,brick,747.6665556898539,741.7856945488339,773.7856334209191
Q008350,631.0,Ashurbanipal,Neo-Assyrian,Nuffar (Nippur),ORCC,brick,568.0205112558499,574.8078130574562,660.3570321835039
Q008351,631.0,Ashurbanipal,Neo-Assyrian,Tell Abu Habbah (Sippar-Yahrurum),ORCC,cylinder,651.6129247648189,727.5175836482408,752.5779148222473
Q008352,631.0,Ashurbanipal,Neo-Assyrian,Warka (Uruk),ORCC,cylinder,716.921763800272,697.8876583275212,610.9568328416146
Q008353,631.0,Ashurbanipal,Neo-Assyrian,Warka (Uruk),ORCC,None,639.5694223654094,736.1731333000121,642.9353413042281
Q008354,631.0,Ashurbanipal,Neo-Assyrian,Tell Aqar (Der),ORCC,cylinder,618.8132537498283,745.9521319635566,637.0794647769603
Q008355,631.0,Ashurbanipal,Neo-Assyrian,Persepolis (Pārśa),ORCC,eyestone,661.6523284886795,647.4440557743822,657.8365302883628
Q008356,631.0,Ashurbanipal,Neo-Assyrian,Persepolis (Pārśa),ORCC,bead,661.6523284886795,647.3214732916065,657.8365302883628
Q008357,631.0,Ashurbanipal,Neo-Assyrian,Persepolis (Pārśa),ORCC,bead,585.331749398969,671.9080432302359,681.6494823049759
Q008358,631.0,Ashurbanipal,Neo-Assyrian,Persepolis (Pārśa),ORCC,bowl (with sculpture),686.6089235495172,673.8173795187595,654.1776090844737
Q008368,612.0,Sîn-šarru-iškun,Neo-Assyrian,Kuyunjik (Nineveh),ORCC,vessel,676.9893922797346,660.0683960135965,654.1498425893901
Q009238,539.0,Nabonidus,Neo-Babylonian,Sippar,ORCC,None,664.8084798959819,685.4067151676222,659.5192937389531
