# job 33685 C11_e2e exit=0 Thu Sep  3 03:56:15 UTC 2026
# last 4000 lines of /home/yarin.b/projects/HUJI-THESIS--YARIN/chrono/sbatch/logs/C11_e2e_33660_4.out
=== C11 e2e jepa S === job 33685 Wed Sep  2 22:55:13 UTC 2026
From https://github.com/YarinBeni/HUJI-THESIS--YARIN
 * branch              yarin-sandbox -> FETCH_HEAD
Auto packing the repository in background for optimum performance.
See "git help gc" for manual housekeeping.
Current branch yarin-sandbox is up to date.
Auto packing the repository in background for optimum performance.
See "git help gc" for manual housekeeping.
/home/yarin.b/miniconda3/envs/thesis/lib/python3.11/site-packages/torch/nn/modules/transformer.py:392: UserWarning: enable_nested_tensor is True, but self.use_nested_tensor is False because encoder_layer.norm_first was True
  warnings.warn(
[e2e] e2e_jepa_S-s0: size S params 9.4M vocab 23044 train texts 24,589 objective jepa batch 256 budget 5.0h dev cuda
[e2e] step 100 loss 1.1942 lr 3.00e-05 0.1 min
[e2e] step 200 loss 0.2104 lr 6.00e-05 0.2 min
[e2e] step 300 loss 0.0961 lr 9.00e-05 0.3 min
[e2e] step 400 loss 0.0559 lr 1.20e-04 0.4 min
[e2e] step 500 loss 0.0446 lr 1.50e-04 0.5 min
[e2e] step 600 loss 0.0430 lr 1.80e-04 0.6 min
[e2e] step 700 loss 0.0473 lr 2.10e-04 0.7 min
[e2e] step 800 loss 0.0560 lr 2.40e-04 0.8 min
[e2e] step 900 loss 0.0696 lr 2.70e-04 0.9 min
[e2e] step 1000 loss 0.0882 lr 3.00e-04 1.0 min
[e2e] step 1100 loss 0.1102 lr 3.00e-04 1.1 min
[e2e] step 1200 loss 0.1343 lr 3.00e-04 1.2 min
[e2e] step 1300 loss 0.1572 lr 3.00e-04 1.3 min
[e2e] step 1400 loss 0.1743 lr 3.00e-04 1.4 min
[e2e] step 1500 loss 0.1881 lr 3.00e-04 1.5 min
[e2e] step 1600 loss 0.1927 lr 3.00e-04 1.6 min
[e2e] step 1700 loss 0.1972 lr 3.00e-04 1.7 min
[e2e] step 1800 loss 0.1995 lr 3.00e-04 1.8 min
[e2e] step 1900 loss 0.1993 lr 3.00e-04 1.9 min
[e2e] step 2000 loss 0.1981 lr 3.00e-04 2.0 min
[e2e] step 2000 quick period probe (linear, 5 classes, n=4000) bal.acc 0.848
[e2e] step 2100 loss 0.1980 lr 3.00e-04 2.6 min
[e2e] step 2200 loss 0.1982 lr 3.00e-04 2.7 min
[e2e] step 2300 loss 0.1937 lr 3.00e-04 2.8 min
[e2e] step 2400 loss 0.1957 lr 3.00e-04 2.9 min
[e2e] step 2500 loss 0.1978 lr 3.00e-04 3.0 min
[e2e] step 2600 loss 0.1965 lr 3.00e-04 3.1 min
[e2e] step 2700 loss 0.1969 lr 3.00e-04 3.2 min
[e2e] step 2800 loss 0.1995 lr 3.00e-04 3.3 min
[e2e] step 2900 loss 0.2009 lr 3.00e-04 3.4 min
[e2e] step 3000 loss 0.1998 lr 3.00e-04 3.5 min
[e2e] step 3100 loss 0.2007 lr 3.00e-04 3.6 min
[e2e] step 3200 loss 0.2037 lr 3.00e-04 3.7 min
[e2e] step 3300 loss 0.2036 lr 3.00e-04 3.8 min
[e2e] step 3400 loss 0.2037 lr 3.00e-04 3.9 min
[e2e] step 3500 loss 0.2053 lr 3.00e-04 4.0 min
[e2e] step 3600 loss 0.2077 lr 3.00e-04 4.1 min
[e2e] step 3700 loss 0.2105 lr 3.00e-04 4.2 min
[e2e] step 3800 loss 0.2088 lr 3.00e-04 4.3 min
[e2e] step 3900 loss 0.2136 lr 3.00e-04 4.4 min
[e2e] step 4000 loss 0.2148 lr 3.00e-04 4.5 min
[e2e] step 4000 quick period probe (linear, 5 classes, n=4000) bal.acc 0.871
[e2e] step 4100 loss 0.2156 lr 3.00e-04 5.2 min
[e2e] step 4200 loss 0.2167 lr 3.00e-04 5.3 min
[e2e] step 4300 loss 0.2217 lr 3.00e-04 5.4 min
[e2e] step 4400 loss 0.2191 lr 3.00e-04 5.5 min
[e2e] step 4500 loss 0.2222 lr 3.00e-04 5.6 min
[e2e] step 4600 loss 0.2222 lr 3.00e-04 5.7 min
[e2e] step 4700 loss 0.2242 lr 3.00e-04 5.8 min
[e2e] step 4800 loss 0.2264 lr 3.00e-04 5.9 min
[e2e] step 4900 loss 0.2284 lr 3.00e-04 6.0 min
[e2e] step 5000 loss 0.2278 lr 3.00e-04 6.1 min
[e2e] step 5100 loss 0.2303 lr 3.00e-04 6.2 min
[e2e] step 5200 loss 0.2316 lr 3.00e-04 6.3 min
[e2e] step 5300 loss 0.2332 lr 3.00e-04 6.3 min
[e2e] step 5400 loss 0.2370 lr 3.00e-04 6.4 min
[e2e] step 5500 loss 0.2370 lr 3.00e-04 6.5 min
[e2e] step 5600 loss 0.2401 lr 3.00e-04 6.6 min
[e2e] step 5700 loss 0.2378 lr 3.00e-04 6.7 min
[e2e] step 5800 loss 0.2410 lr 3.00e-04 6.8 min
[e2e] step 5900 loss 0.2446 lr 3.00e-04 6.9 min
[e2e] step 6000 loss 0.2462 lr 3.00e-04 7.0 min
[e2e] step 6000 quick period probe (linear, 5 classes, n=4000) bal.acc 0.883
[e2e] step 6100 loss 0.2466 lr 3.00e-04 7.6 min
[e2e] step 6200 loss 0.2461 lr 3.00e-04 7.7 min
[e2e] step 6300 loss 0.2477 lr 3.00e-04 7.8 min
[e2e] step 6400 loss 0.2490 lr 3.00e-04 7.9 min
[e2e] step 6500 loss 0.2495 lr 3.00e-04 8.0 min
[e2e] step 6600 loss 0.2510 lr 3.00e-04 8.1 min
[e2e] step 6700 loss 0.2495 lr 3.00e-04 8.2 min
[e2e] step 6800 loss 0.2549 lr 3.00e-04 8.3 min
[e2e] step 6900 loss 0.2535 lr 3.00e-04 8.4 min
[e2e] step 7000 loss 0.2530 lr 3.00e-04 8.4 min
[e2e] step 7100 loss 0.2556 lr 3.00e-04 8.5 min
[e2e] step 7200 loss 0.2536 lr 3.00e-04 8.6 min
[e2e] step 7300 loss 0.2560 lr 3.00e-04 8.7 min
[e2e] step 7400 loss 0.2585 lr 3.00e-04 8.8 min
[e2e] step 7500 loss 0.2577 lr 3.00e-04 8.9 min
[e2e] step 7600 loss 0.2561 lr 3.00e-04 9.0 min
[e2e] step 7700 loss 0.2570 lr 3.00e-04 9.1 min
[e2e] step 7800 loss 0.2551 lr 3.00e-04 9.2 min
[e2e] step 7900 loss 0.2580 lr 3.00e-04 9.3 min
[e2e] step 8000 loss 0.2586 lr 3.00e-04 9.4 min
[e2e] step 8000 quick period probe (linear, 5 classes, n=4000) bal.acc 0.861
[e2e] step 8100 loss 0.2583 lr 3.00e-04 9.9 min
[e2e] step 8200 loss 0.2537 lr 3.00e-04 10.0 min
[e2e] step 8300 loss 0.2579 lr 3.00e-04 10.1 min
[e2e] step 8400 loss 0.2584 lr 3.00e-04 10.2 min
[e2e] step 8500 loss 0.2586 lr 3.00e-04 10.3 min
[e2e] step 8600 loss 0.2583 lr 3.00e-04 10.4 min
[e2e] step 8700 loss 0.2610 lr 3.00e-04 10.5 min
[e2e] step 8800 loss 0.2613 lr 3.00e-04 10.6 min
[e2e] step 8900 loss 0.2642 lr 3.00e-04 10.7 min
[e2e] step 9000 loss 0.2593 lr 3.00e-04 10.8 min
[e2e] step 9100 loss 0.2604 lr 3.00e-04 10.8 min
[e2e] step 9200 loss 0.2598 lr 3.00e-04 10.9 min
[e2e] step 9300 loss 0.2593 lr 3.00e-04 11.0 min
[e2e] step 9400 loss 0.2601 lr 3.00e-04 11.1 min
[e2e] step 9500 loss 0.2575 lr 3.00e-04 11.2 min
[e2e] step 9600 loss 0.2606 lr 3.00e-04 11.3 min
[e2e] step 9700 loss 0.2596 lr 3.00e-04 11.4 min
[e2e] step 9800 loss 0.2558 lr 3.00e-04 11.5 min
[e2e] step 9900 loss 0.2614 lr 3.00e-04 11.6 min
[e2e] step 10000 loss 0.2591 lr 3.00e-04 11.7 min
[e2e] step 10000 quick period probe (linear, 5 classes, n=4000) bal.acc 0.875
[e2e] step 10100 loss 0.2604 lr 3.00e-04 12.3 min
[e2e] step 10200 loss 0.2637 lr 3.00e-04 12.4 min
[e2e] step 10300 loss 0.2608 lr 3.00e-04 12.5 min
[e2e] step 10400 loss 0.2627 lr 3.00e-04 12.6 min
[e2e] step 10500 loss 0.2678 lr 3.00e-04 12.7 min
[e2e] step 10600 loss 0.2645 lr 3.00e-04 12.8 min
[e2e] step 10700 loss 0.2624 lr 3.00e-04 12.9 min
[e2e] step 10800 loss 0.2604 lr 3.00e-04 13.0 min
[e2e] step 10900 loss 0.2608 lr 3.00e-04 13.1 min
[e2e] step 11000 loss 0.2564 lr 3.00e-04 13.2 min
[e2e] step 11100 loss 0.2655 lr 3.00e-04 13.3 min
[e2e] step 11200 loss 0.2617 lr 3.00e-04 13.3 min
[e2e] step 11300 loss 0.2634 lr 3.00e-04 13.4 min
[e2e] step 11400 loss 0.2596 lr 3.00e-04 13.5 min
[e2e] step 11500 loss 0.2592 lr 3.00e-04 13.6 min
[e2e] step 11600 loss 0.2605 lr 3.00e-04 13.7 min
[e2e] step 11700 loss 0.2597 lr 3.00e-04 13.8 min
[e2e] step 11800 loss 0.2602 lr 3.00e-04 13.9 min
[e2e] step 11900 loss 0.2633 lr 3.00e-04 14.0 min
[e2e] step 12000 loss 0.2578 lr 3.00e-04 14.1 min
[e2e] step 12000 quick period probe (linear, 5 classes, n=4000) bal.acc 0.849
[e2e] step 12100 loss 0.2636 lr 3.00e-04 14.7 min
[e2e] step 12200 loss 0.2583 lr 3.00e-04 14.8 min
[e2e] step 12300 loss 0.2628 lr 3.00e-04 14.9 min
[e2e] step 12400 loss 0.2538 lr 3.00e-04 15.0 min
[e2e] step 12500 loss 0.2599 lr 3.00e-04 15.0 min
[e2e] step 12600 loss 0.2607 lr 3.00e-04 15.1 min
[e2e] step 12700 loss 0.2592 lr 3.00e-04 15.2 min
[e2e] step 12800 loss 0.2635 lr 3.00e-04 15.3 min
[e2e] step 12900 loss 0.2642 lr 3.00e-04 15.4 min
[e2e] step 13000 loss 0.2594 lr 3.00e-04 15.5 min
[e2e] step 13100 loss 0.2628 lr 3.00e-04 15.6 min
[e2e] step 13200 loss 0.2593 lr 3.00e-04 15.7 min
[e2e] step 13300 loss 0.2593 lr 3.00e-04 15.8 min
[e2e] step 13400 loss 0.2578 lr 3.00e-04 15.9 min
[e2e] step 13500 loss 0.2587 lr 3.00e-04 16.0 min
[e2e] step 13600 loss 0.2583 lr 3.00e-04 16.1 min
[e2e] step 13700 loss 0.2543 lr 3.00e-04 16.2 min
[e2e] step 13800 loss 0.2576 lr 3.00e-04 16.3 min
[e2e] step 13900 loss 0.2579 lr 3.00e-04 16.4 min
[e2e] step 14000 loss 0.2615 lr 3.00e-04 16.5 min
[e2e] step 14000 quick period probe (linear, 5 classes, n=4000) bal.acc 0.837
[e2e] step 14100 loss 0.2568 lr 3.00e-04 17.0 min
[e2e] step 14200 loss 0.2599 lr 3.00e-04 17.1 min
[e2e] step 14300 loss 0.2627 lr 3.00e-04 17.2 min
[e2e] step 14400 loss 0.2599 lr 3.00e-04 17.3 min
[e2e] step 14500 loss 0.2599 lr 3.00e-04 17.4 min
[e2e] step 14600 loss 0.2565 lr 3.00e-04 17.5 min
[e2e] step 14700 loss 0.2580 lr 3.00e-04 17.6 min
[e2e] step 14800 loss 0.2570 lr 3.00e-04 17.7 min
[e2e] step 14900 loss 0.2498 lr 3.00e-04 17.8 min
[e2e] step 15000 loss 0.2566 lr 3.00e-04 17.8 min
[e2e] step 15100 loss 0.2563 lr 3.00e-04 17.9 min
[e2e] step 15200 loss 0.2600 lr 3.00e-04 18.0 min
[e2e] step 15300 loss 0.2553 lr 3.00e-04 18.1 min
[e2e] step 15400 loss 0.2511 lr 3.00e-04 18.2 min
[e2e] step 15500 loss 0.2520 lr 3.00e-04 18.3 min
[e2e] step 15600 loss 0.2546 lr 3.00e-04 18.4 min
[e2e] step 15700 loss 0.2547 lr 3.00e-04 18.5 min
[e2e] step 15800 loss 0.2548 lr 3.00e-04 18.6 min
[e2e] step 15900 loss 0.2546 lr 3.00e-04 18.7 min
[e2e] step 16000 loss 0.2519 lr 3.00e-04 18.8 min
[e2e] step 16000 quick period probe (linear, 5 classes, n=4000) bal.acc 0.850
[e2e] step 16100 loss 0.2511 lr 3.00e-04 19.3 min
[e2e] step 16200 loss 0.2496 lr 3.00e-04 19.4 min
[e2e] step 16300 loss 0.2559 lr 3.00e-04 19.5 min
[e2e] step 16400 loss 0.2548 lr 3.00e-04 19.6 min
[e2e] step 16500 loss 0.2500 lr 3.00e-04 19.7 min
[e2e] step 16600 loss 0.2523 lr 3.00e-04 19.8 min
[e2e] step 16700 loss 0.2515 lr 3.00e-04 19.9 min
[e2e] step 16800 loss 0.2496 lr 3.00e-04 20.0 min
[e2e] step 16900 loss 0.2465 lr 3.00e-04 20.1 min
[e2e] step 17000 loss 0.2520 lr 3.00e-04 20.2 min
[e2e] step 17100 loss 0.2458 lr 3.00e-04 20.3 min
[e2e] step 17200 loss 0.2561 lr 3.00e-04 20.3 min
[e2e] step 17300 loss 0.2423 lr 3.00e-04 20.4 min
[e2e] step 17400 loss 0.2534 lr 3.00e-04 20.5 min
[e2e] step 17500 loss 0.2459 lr 3.00e-04 20.6 min
[e2e] step 17600 loss 0.2474 lr 3.00e-04 20.7 min
[e2e] step 17700 loss 0.2462 lr 3.00e-04 20.8 min
[e2e] step 17800 loss 0.2436 lr 3.00e-04 20.9 min
[e2e] step 17900 loss 0.2451 lr 3.00e-04 21.0 min
[e2e] step 18000 loss 0.2475 lr 3.00e-04 21.1 min
[e2e] step 18000 quick period probe (linear, 5 classes, n=4000) bal.acc 0.842
[e2e] step 18100 loss 0.2420 lr 3.00e-04 21.6 min
[e2e] step 18200 loss 0.2445 lr 3.00e-04 21.7 min
[e2e] step 18300 loss 0.2398 lr 3.00e-04 21.8 min
[e2e] step 18400 loss 0.2477 lr 3.00e-04 21.9 min
[e2e] step 18500 loss 0.2470 lr 3.00e-04 22.0 min
[e2e] step 18600 loss 0.2495 lr 3.00e-04 22.1 min
[e2e] step 18700 loss 0.2417 lr 3.00e-04 22.2 min
[e2e] step 18800 loss 0.2423 lr 3.00e-04 22.3 min
[e2e] step 18900 loss 0.2423 lr 3.00e-04 22.4 min
[e2e] step 19000 loss 0.2402 lr 3.00e-04 22.5 min
[e2e] step 19100 loss 0.2416 lr 3.00e-04 22.6 min
[e2e] step 19200 loss 0.2393 lr 3.00e-04 22.7 min
[e2e] step 19300 loss 0.2458 lr 3.00e-04 22.8 min
[e2e] step 19400 loss 0.2371 lr 3.00e-04 22.9 min
[e2e] step 19500 loss 0.2443 lr 3.00e-04 23.0 min
[e2e] step 19600 loss 0.2371 lr 3.00e-04 23.0 min
[e2e] step 19700 loss 0.2394 lr 3.00e-04 23.1 min
[e2e] step 19800 loss 0.2384 lr 3.00e-04 23.2 min
[e2e] step 19900 loss 0.2378 lr 3.00e-04 23.3 min
[e2e] step 20000 loss 0.2375 lr 3.00e-04 23.4 min
[e2e] step 20000 quick period probe (linear, 5 classes, n=4000) bal.acc 0.848
[e2e] step 20100 loss 0.2369 lr 3.00e-04 23.9 min
[e2e] step 20200 loss 0.2358 lr 3.00e-04 24.0 min
[e2e] step 20300 loss 0.2353 lr 3.00e-04 24.1 min
[e2e] step 20400 loss 0.2381 lr 3.00e-04 24.2 min
[e2e] step 20500 loss 0.2322 lr 3.00e-04 24.3 min
[e2e] step 20600 loss 0.2374 lr 3.00e-04 24.4 min
[e2e] step 20700 loss 0.2365 lr 3.00e-04 24.5 min
[e2e] step 20800 loss 0.2278 lr 3.00e-04 24.6 min
[e2e] step 20900 loss 0.2347 lr 3.00e-04 24.7 min
[e2e] step 21000 loss 0.2327 lr 3.00e-04 24.8 min
[e2e] step 21100 loss 0.2304 lr 3.00e-04 24.9 min
[e2e] step 21200 loss 0.2378 lr 3.00e-04 24.9 min
[e2e] step 21300 loss 0.2334 lr 3.00e-04 25.0 min
[e2e] step 21400 loss 0.2343 lr 3.00e-04 25.1 min
[e2e] step 21500 loss 0.2283 lr 3.00e-04 25.2 min
[e2e] step 21600 loss 0.2427 lr 3.00e-04 25.3 min
[e2e] step 21700 loss 0.2348 lr 3.00e-04 25.4 min
[e2e] step 21800 loss 0.2345 lr 3.00e-04 25.5 min
[e2e] step 21900 loss 0.2302 lr 3.00e-04 25.6 min
[e2e] step 22000 loss 0.2352 lr 3.00e-04 25.7 min
[e2e] step 22000 quick period probe (linear, 5 classes, n=4000) bal.acc 0.866
[e2e] step 22100 loss 0.2304 lr 3.00e-04 26.2 min
[e2e] step 22200 loss 0.2294 lr 3.00e-04 26.3 min
[e2e] step 22300 loss 0.2302 lr 3.00e-04 26.3 min
[e2e] step 22400 loss 0.2287 lr 3.00e-04 26.4 min
[e2e] step 22500 loss 0.2292 lr 3.00e-04 26.5 min
[e2e] step 22600 loss 0.2352 lr 3.00e-04 26.6 min
[e2e] step 22700 loss 0.2216 lr 3.00e-04 26.7 min
[e2e] step 22800 loss 0.2269 lr 3.00e-04 26.8 min
[e2e] step 22900 loss 0.2288 lr 3.00e-04 26.9 min
[e2e] step 23000 loss 0.2265 lr 3.00e-04 27.0 min
[e2e] step 23100 loss 0.2266 lr 3.00e-04 27.1 min
[e2e] step 23200 loss 0.2264 lr 3.00e-04 27.2 min
[e2e] step 23300 loss 0.2282 lr 3.00e-04 27.3 min
[e2e] step 23400 loss 0.2299 lr 3.00e-04 27.4 min
[e2e] step 23500 loss 0.2297 lr 3.00e-04 27.5 min
[e2e] step 23600 loss 0.2234 lr 3.00e-04 27.6 min
[e2e] step 23700 loss 0.2253 lr 3.00e-04 27.6 min
[e2e] step 23800 loss 0.2221 lr 3.00e-04 27.7 min
[e2e] step 23900 loss 0.2245 lr 3.00e-04 27.8 min
[e2e] step 24000 loss 0.2263 lr 3.00e-04 27.9 min
[e2e] step 24000 quick period probe (linear, 5 classes, n=4000) bal.acc 0.839
[e2e] step 24100 loss 0.2270 lr 3.00e-04 28.4 min
[e2e] step 24200 loss 0.2180 lr 3.00e-04 28.5 min
[e2e] step 24300 loss 0.2273 lr 3.00e-04 28.6 min
[e2e] step 24400 loss 0.2242 lr 3.00e-04 28.7 min
[e2e] step 24500 loss 0.2220 lr 3.00e-04 28.8 min
[e2e] step 24600 loss 0.2256 lr 3.00e-04 28.9 min
[e2e] step 24700 loss 0.2229 lr 3.00e-04 29.0 min
[e2e] step 24800 loss 0.2248 lr 3.00e-04 29.1 min
[e2e] step 24900 loss 0.2223 lr 3.00e-04 29.2 min
[e2e] step 25000 loss 0.2246 lr 3.00e-04 29.2 min
[e2e] step 25100 loss 0.2218 lr 3.00e-04 29.3 min
[e2e] step 25200 loss 0.2189 lr 3.00e-04 29.4 min
[e2e] step 25300 loss 0.2285 lr 3.00e-04 29.5 min
[e2e] step 25400 loss 0.2219 lr 3.00e-04 29.6 min
[e2e] step 25500 loss 0.2159 lr 3.00e-04 29.7 min
[e2e] step 25600 loss 0.2235 lr 3.00e-04 29.8 min
[e2e] step 25700 loss 0.2234 lr 3.00e-04 29.9 min
[e2e] step 25800 loss 0.2239 lr 3.00e-04 30.0 min
[e2e] step 25900 loss 0.2220 lr 3.00e-04 30.1 min
[e2e] step 26000 loss 0.2199 lr 3.00e-04 30.2 min
[e2e] step 26000 quick period probe (linear, 5 classes, n=4000) bal.acc 0.865
[e2e] step 26100 loss 0.2191 lr 3.00e-04 30.6 min
[e2e] step 26200 loss 0.2128 lr 3.00e-04 30.7 min
[e2e] step 26300 loss 0.2206 lr 3.00e-04 30.8 min
[e2e] step 26400 loss 0.2173 lr 3.00e-04 30.9 min
[e2e] step 26500 loss 0.2178 lr 3.00e-04 31.0 min
[e2e] step 26600 loss 0.2188 lr 3.00e-04 31.1 min
[e2e] step 26700 loss 0.2170 lr 3.00e-04 31.1 min
[e2e] step 26800 loss 0.2133 lr 3.00e-04 31.2 min
[e2e] step 26900 loss 0.2200 lr 3.00e-04 31.3 min
[e2e] step 27000 loss 0.2132 lr 3.00e-04 31.4 min
[e2e] step 27100 loss 0.2163 lr 3.00e-04 31.5 min
[e2e] step 27200 loss 0.2179 lr 3.00e-04 31.6 min
[e2e] step 27300 loss 0.2172 lr 3.00e-04 31.7 min
[e2e] step 27400 loss 0.2141 lr 3.00e-04 31.8 min
[e2e] step 27500 loss 0.2140 lr 3.00e-04 31.9 min
[e2e] step 27600 loss 0.2164 lr 3.00e-04 32.0 min
[e2e] step 27700 loss 0.2161 lr 3.00e-04 32.1 min
[e2e] step 27800 loss 0.2141 lr 3.00e-04 32.2 min
[e2e] step 27900 loss 0.2196 lr 3.00e-04 32.3 min
[e2e] step 28000 loss 0.2068 lr 3.00e-04 32.4 min
[e2e] step 28000 quick period probe (linear, 5 classes, n=4000) bal.acc 0.866
[e2e] step 28100 loss 0.2153 lr 3.00e-04 32.8 min
[e2e] step 28200 loss 0.2122 lr 3.00e-04 32.9 min
[e2e] step 28300 loss 0.2131 lr 3.00e-04 33.0 min
[e2e] step 28400 loss 0.2141 lr 3.00e-04 33.1 min
[e2e] step 28500 loss 0.2072 lr 3.00e-04 33.2 min
[e2e] step 28600 loss 0.2142 lr 3.00e-04 33.3 min
[e2e] step 28700 loss 0.2131 lr 3.00e-04 33.4 min
[e2e] step 28800 loss 0.2131 lr 3.00e-04 33.5 min
[e2e] step 28900 loss 0.2067 lr 3.00e-04 33.6 min
[e2e] step 29000 loss 0.2127 lr 3.00e-04 33.6 min
[e2e] step 29100 loss 0.2080 lr 3.00e-04 33.7 min
[e2e] step 29200 loss 0.2117 lr 3.00e-04 33.8 min
[e2e] step 29300 loss 0.2043 lr 3.00e-04 33.9 min
[e2e] step 29400 loss 0.2051 lr 3.00e-04 34.0 min
[e2e] step 29500 loss 0.2128 lr 3.00e-04 34.1 min
[e2e] step 29600 loss 0.2027 lr 3.00e-04 34.2 min
[e2e] step 29700 loss 0.2091 lr 3.00e-04 34.3 min
[e2e] step 29800 loss 0.2088 lr 3.00e-04 34.4 min
[e2e] step 29900 loss 0.2132 lr 3.00e-04 34.5 min
[e2e] step 30000 loss 0.2067 lr 3.00e-04 34.6 min
[e2e] step 30000 quick period probe (linear, 5 classes, n=4000) bal.acc 0.875
[e2e] step 30100 loss 0.2037 lr 3.00e-04 35.0 min
[e2e] step 30200 loss 0.2091 lr 3.00e-04 35.1 min
[e2e] step 30300 loss 0.2044 lr 3.00e-04 35.2 min
[e2e] step 30400 loss 0.2079 lr 3.00e-04 35.3 min
[e2e] step 30500 loss 0.2075 lr 3.00e-04 35.3 min
[e2e] step 30600 loss 0.2058 lr 3.00e-04 35.4 min
[e2e] step 30700 loss 0.2078 lr 3.00e-04 35.5 min
[e2e] step 30800 loss 0.2117 lr 3.00e-04 35.6 min
[e2e] step 30900 loss 0.2030 lr 3.00e-04 35.7 min
[e2e] step 31000 loss 0.2084 lr 3.00e-04 35.8 min
[e2e] step 31100 loss 0.2080 lr 3.00e-04 36.0 min
[e2e] step 31200 loss 0.2012 lr 3.00e-04 36.1 min
[e2e] step 31300 loss 0.2023 lr 3.00e-04 36.2 min
[e2e] step 31400 loss 0.2040 lr 3.00e-04 36.2 min
[e2e] step 31500 loss 0.2047 lr 3.00e-04 36.3 min
[e2e] step 31600 loss 0.2067 lr 3.00e-04 36.4 min
[e2e] step 31700 loss 0.2082 lr 3.00e-04 36.5 min
[e2e] step 31800 loss 0.2049 lr 3.00e-04 36.6 min
[e2e] step 31900 loss 0.2075 lr 3.00e-04 36.7 min
[e2e] step 32000 loss 0.2062 lr 3.00e-04 36.8 min
[e2e] step 32000 quick period probe (linear, 5 classes, n=4000) bal.acc 0.860
[e2e] step 32100 loss 0.2010 lr 3.00e-04 37.2 min
[e2e] step 32200 loss 0.2049 lr 3.00e-04 37.3 min
[e2e] step 32300 loss 0.2027 lr 3.00e-04 37.4 min
[e2e] step 32400 loss 0.2040 lr 3.00e-04 37.5 min
[e2e] step 32500 loss 0.2046 lr 3.00e-04 37.6 min
[e2e] step 32600 loss 0.2037 lr 3.00e-04 37.7 min
[e2e] step 32700 loss 0.1967 lr 3.00e-04 37.8 min
[e2e] step 32800 loss 0.2016 lr 3.00e-04 37.8 min
[e2e] step 32900 loss 0.2076 lr 3.00e-04 37.9 min
[e2e] step 33000 loss 0.2031 lr 3.00e-04 38.0 min
[e2e] step 33100 loss 0.2044 lr 3.00e-04 38.1 min
[e2e] step 33200 loss 0.2018 lr 3.00e-04 38.2 min
[e2e] step 33300 loss 0.2029 lr 3.00e-04 38.3 min
[e2e] step 33400 loss 0.2009 lr 3.00e-04 38.4 min
[e2e] step 33500 loss 0.2045 lr 3.00e-04 38.5 min
[e2e] step 33600 loss 0.2046 lr 3.00e-04 38.6 min
[e2e] step 33700 loss 0.2017 lr 3.00e-04 38.7 min
[e2e] step 33800 loss 0.2036 lr 3.00e-04 38.8 min
[e2e] step 33900 loss 0.2002 lr 3.00e-04 38.8 min
[e2e] step 34000 loss 0.2035 lr 3.00e-04 38.9 min
[e2e] step 34000 quick period probe (linear, 5 classes, n=4000) bal.acc 0.841
[e2e] step 34100 loss 0.2011 lr 3.00e-04 39.4 min
[e2e] step 34200 loss 0.1988 lr 3.00e-04 39.4 min
[e2e] step 34300 loss 0.2027 lr 3.00e-04 39.5 min
[e2e] step 34400 loss 0.1999 lr 3.00e-04 39.6 min
[e2e] step 34500 loss 0.1976 lr 3.00e-04 39.7 min
[e2e] step 34600 loss 0.1972 lr 3.00e-04 39.8 min
[e2e] step 34700 loss 0.2038 lr 3.00e-04 40.0 min
[e2e] step 34800 loss 0.1999 lr 3.00e-04 40.0 min
[e2e] step 34900 loss 0.1967 lr 3.00e-04 40.1 min
[e2e] step 35000 loss 0.1935 lr 3.00e-04 40.2 min
[e2e] step 35100 loss 0.1970 lr 3.00e-04 40.3 min
[e2e] step 35200 loss 0.2004 lr 3.00e-04 40.4 min
[e2e] step 35300 loss 0.1972 lr 3.00e-04 40.5 min
[e2e] step 35400 loss 0.1953 lr 3.00e-04 40.6 min
[e2e] step 35500 loss 0.2007 lr 3.00e-04 40.7 min
[e2e] step 35600 loss 0.1970 lr 3.00e-04 40.8 min
[e2e] step 35700 loss 0.1932 lr 3.00e-04 40.9 min
[e2e] step 35800 loss 0.1983 lr 3.00e-04 41.0 min
[e2e] step 35900 loss 0.1979 lr 3.00e-04 41.0 min
[e2e] step 36000 loss 0.1919 lr 3.00e-04 41.2 min
[e2e] step 36000 quick period probe (linear, 5 classes, n=4000) bal.acc 0.862
[e2e] step 36100 loss 0.1921 lr 3.00e-04 41.6 min
[e2e] step 36200 loss 0.1997 lr 3.00e-04 41.7 min
[e2e] step 36300 loss 0.1936 lr 3.00e-04 41.8 min
[e2e] step 36400 loss 0.1946 lr 3.00e-04 41.9 min
[e2e] step 36500 loss 0.1968 lr 3.00e-04 42.0 min
[e2e] step 36600 loss 0.1956 lr 3.00e-04 42.1 min
[e2e] step 36700 loss 0.1960 lr 3.00e-04 42.2 min
[e2e] step 36800 loss 0.1970 lr 3.00e-04 42.3 min
[e2e] step 36900 loss 0.1950 lr 3.00e-04 42.4 min
[e2e] step 37000 loss 0.1924 lr 3.00e-04 42.5 min
[e2e] step 37100 loss 0.1886 lr 3.00e-04 42.6 min
[e2e] step 37200 loss 0.1981 lr 3.00e-04 42.7 min
[e2e] step 37300 loss 0.1937 lr 3.00e-04 42.8 min
[e2e] step 37400 loss 0.1885 lr 3.00e-04 42.9 min
[e2e] step 37500 loss 0.1919 lr 3.00e-04 43.0 min
[e2e] step 37600 loss 0.1883 lr 3.00e-04 43.1 min
[e2e] step 37700 loss 0.1942 lr 3.00e-04 43.2 min
[e2e] step 37800 loss 0.1932 lr 3.00e-04 43.3 min
[e2e] step 37900 loss 0.1901 lr 3.00e-04 43.4 min
[e2e] step 38000 loss 0.1920 lr 3.00e-04 43.4 min
[e2e] step 38000 quick period probe (linear, 5 classes, n=4000) bal.acc 0.860
[e2e] step 38100 loss 0.1901 lr 3.00e-04 43.9 min
[e2e] step 38200 loss 0.1859 lr 3.00e-04 44.0 min
[e2e] step 38300 loss 0.1896 lr 3.00e-04 44.1 min
[e2e] step 38400 loss 0.1909 lr 3.00e-04 44.1 min
[e2e] step 38500 loss 0.1868 lr 3.00e-04 44.2 min
[e2e] step 38600 loss 0.1911 lr 3.00e-04 44.3 min
[e2e] step 38700 loss 0.1910 lr 3.00e-04 44.4 min
[e2e] step 38800 loss 0.1913 lr 3.00e-04 44.5 min
[e2e] step 38900 loss 0.1922 lr 3.00e-04 44.6 min
[e2e] step 39000 loss 0.1897 lr 3.00e-04 44.7 min
[e2e] step 39100 loss 0.1906 lr 3.00e-04 44.8 min
[e2e] step 39200 loss 0.1926 lr 3.00e-04 44.9 min
[e2e] step 39300 loss 0.1881 lr 3.00e-04 45.0 min
[e2e] step 39400 loss 0.1870 lr 3.00e-04 45.1 min
[e2e] step 39500 loss 0.1908 lr 3.00e-04 45.1 min
[e2e] step 39600 loss 0.1864 lr 3.00e-04 45.2 min
[e2e] step 39700 loss 0.1852 lr 3.00e-04 45.3 min
[e2e] step 39800 loss 0.1855 lr 3.00e-04 45.4 min
[e2e] step 39900 loss 0.1882 lr 3.00e-04 45.5 min
[e2e] step 40000 loss 0.1891 lr 3.00e-04 45.6 min
[e2e] step 40000 quick period probe (linear, 5 classes, n=4000) bal.acc 0.859
[e2e] step 40100 loss 0.1929 lr 3.00e-04 46.0 min
[e2e] step 40200 loss 0.1905 lr 3.00e-04 46.1 min
[e2e] step 40300 loss 0.1906 lr 3.00e-04 46.2 min
[e2e] step 40400 loss 0.1956 lr 3.00e-04 46.3 min
[e2e] step 40500 loss 0.1870 lr 3.00e-04 46.4 min
[e2e] step 40600 loss 0.1854 lr 3.00e-04 46.5 min
[e2e] step 40700 loss 0.1829 lr 3.00e-04 46.5 min
[e2e] step 40800 loss 0.1850 lr 3.00e-04 46.6 min
[e2e] step 40900 loss 0.1877 lr 3.00e-04 46.7 min
[e2e] step 41000 loss 0.1874 lr 3.00e-04 46.8 min
[e2e] step 41100 loss 0.1887 lr 3.00e-04 46.9 min
[e2e] step 41200 loss 0.1874 lr 3.00e-04 47.0 min
[e2e] step 41300 loss 0.1908 lr 3.00e-04 47.1 min
[e2e] step 41400 loss 0.1909 lr 3.00e-04 47.2 min
[e2e] step 41500 loss 0.1902 lr 3.00e-04 47.3 min
[e2e] step 41600 loss 0.1870 lr 3.00e-04 47.4 min
[e2e] step 41700 loss 0.1842 lr 3.00e-04 47.5 min
[e2e] step 41800 loss 0.1857 lr 3.00e-04 47.6 min
[e2e] step 41900 loss 0.1889 lr 3.00e-04 47.7 min
[e2e] step 42000 loss 0.1893 lr 3.00e-04 47.8 min
[e2e] step 42000 quick period probe (linear, 5 classes, n=4000) bal.acc 0.860
[e2e] step 42100 loss 0.1851 lr 3.00e-04 48.2 min
[e2e] step 42200 loss 0.1868 lr 3.00e-04 48.3 min
[e2e] step 42300 loss 0.1827 lr 3.00e-04 48.4 min
[e2e] step 42400 loss 0.1858 lr 3.00e-04 48.5 min
[e2e] step 42500 loss 0.1865 lr 3.00e-04 48.5 min
[e2e] step 42600 loss 0.1851 lr 3.00e-04 48.6 min
[e2e] step 42700 loss 0.1796 lr 3.00e-04 48.7 min
[e2e] step 42800 loss 0.1825 lr 3.00e-04 48.8 min
[e2e] step 42900 loss 0.1817 lr 3.00e-04 48.9 min
[e2e] step 43000 loss 0.1862 lr 3.00e-04 49.0 min
[e2e] step 43100 loss 0.1855 lr 3.00e-04 49.1 min
[e2e] step 43200 loss 0.1850 lr 3.00e-04 49.2 min
[e2e] step 43300 loss 0.1833 lr 3.00e-04 49.3 min
[e2e] step 43400 loss 0.1853 lr 3.00e-04 49.4 min
[e2e] step 43500 loss 0.1800 lr 3.00e-04 49.5 min
[e2e] step 43600 loss 0.1838 lr 3.00e-04 49.6 min
[e2e] step 43700 loss 0.1816 lr 3.00e-04 49.6 min
[e2e] step 43800 loss 0.1842 lr 3.00e-04 49.7 min
[e2e] step 43900 loss 0.1870 lr 3.00e-04 49.8 min
[e2e] step 44000 loss 0.1843 lr 3.00e-04 49.9 min
[e2e] step 44000 quick period probe (linear, 5 classes, n=4000) bal.acc 0.855
[e2e] step 44100 loss 0.1869 lr 3.00e-04 50.3 min
[e2e] step 44200 loss 0.1779 lr 3.00e-04 50.4 min
[e2e] step 44300 loss 0.1798 lr 3.00e-04 50.5 min
[e2e] step 44400 loss 0.1853 lr 3.00e-04 50.6 min
[e2e] step 44500 loss 0.1813 lr 3.00e-04 50.7 min
[e2e] step 44600 loss 0.1838 lr 3.00e-04 50.7 min
[e2e] step 44700 loss 0.1791 lr 3.00e-04 50.8 min
[e2e] step 44800 loss 0.1752 lr 3.00e-04 50.9 min
[e2e] step 44900 loss 0.1814 lr 3.00e-04 51.0 min
[e2e] step 45000 loss 0.1833 lr 3.00e-04 51.1 min
[e2e] step 45100 loss 0.1800 lr 3.00e-04 51.2 min
[e2e] step 45200 loss 0.1844 lr 3.00e-04 51.3 min
[e2e] step 45300 loss 0.1807 lr 3.00e-04 51.4 min
[e2e] step 45400 loss 0.1836 lr 3.00e-04 51.5 min
[e2e] step 45500 loss 0.1785 lr 3.00e-04 51.6 min
[e2e] step 45600 loss 0.1859 lr 3.00e-04 51.7 min
[e2e] step 45700 loss 0.1845 lr 3.00e-04 51.8 min
[e2e] step 45800 loss 0.1764 lr 3.00e-04 51.9 min
[e2e] step 45900 loss 0.1812 lr 3.00e-04 52.0 min
[e2e] step 46000 loss 0.1802 lr 3.00e-04 52.1 min
[e2e] step 46000 quick period probe (linear, 5 classes, n=4000) bal.acc 0.861
[e2e] step 46100 loss 0.1841 lr 3.00e-04 52.4 min
[e2e] step 46200 loss 0.1815 lr 3.00e-04 52.5 min
[e2e] step 46300 loss 0.1785 lr 3.00e-04 52.6 min
[e2e] step 46400 loss 0.1807 lr 3.00e-04 52.7 min
[e2e] step 46500 loss 0.1810 lr 3.00e-04 52.8 min
[e2e] step 46600 loss 0.1789 lr 3.00e-04 52.9 min
[e2e] step 46700 loss 0.1788 lr 3.00e-04 53.0 min
[e2e] step 46800 loss 0.1805 lr 3.00e-04 53.1 min
[e2e] step 46900 loss 0.1772 lr 3.00e-04 53.2 min
[e2e] step 47000 loss 0.1809 lr 3.00e-04 53.3 min
[e2e] step 47100 loss 0.1798 lr 3.00e-04 53.3 min
[e2e] step 47200 loss 0.1740 lr 3.00e-04 53.4 min
[e2e] step 47300 loss 0.1794 lr 3.00e-04 53.5 min
[e2e] step 47400 loss 0.1863 lr 3.00e-04 53.6 min
[e2e] step 47500 loss 0.1786 lr 3.00e-04 53.7 min
[e2e] step 47600 loss 0.1815 lr 3.00e-04 53.8 min
[e2e] step 47700 loss 0.1780 lr 3.00e-04 53.9 min
[e2e] step 47800 loss 0.1789 lr 3.00e-04 54.0 min
[e2e] step 47900 loss 0.1833 lr 3.00e-04 54.1 min
[e2e] step 48000 loss 0.1772 lr 3.00e-04 54.2 min
[e2e] step 48000 quick period probe (linear, 5 classes, n=4000) bal.acc 0.861
[e2e] step 48100 loss 0.1766 lr 3.00e-04 54.5 min
[e2e] step 48200 loss 0.1730 lr 3.00e-04 54.6 min
[e2e] step 48300 loss 0.1768 lr 3.00e-04 54.7 min
[e2e] step 48400 loss 0.1791 lr 3.00e-04 54.8 min
[e2e] step 48500 loss 0.1782 lr 3.00e-04 54.8 min
[e2e] step 48600 loss 0.1780 lr 3.00e-04 54.9 min
[e2e] step 48700 loss 0.1740 lr 3.00e-04 55.0 min
[e2e] step 48800 loss 0.1720 lr 3.00e-04 55.1 min
[e2e] step 48900 loss 0.1802 lr 3.00e-04 55.2 min
[e2e] step 49000 loss 0.1816 lr 3.00e-04 55.3 min
[e2e] step 49100 loss 0.1757 lr 3.00e-04 55.4 min
[e2e] step 49200 loss 0.1720 lr 3.00e-04 55.5 min
[e2e] step 49300 loss 0.1744 lr 3.00e-04 55.6 min
[e2e] step 49400 loss 0.1796 lr 3.00e-04 55.7 min
[e2e] step 49500 loss 0.1752 lr 3.00e-04 55.7 min
[e2e] step 49600 loss 0.1736 lr 3.00e-04 55.8 min
[e2e] step 49700 loss 0.1732 lr 3.00e-04 55.9 min
[e2e] step 49800 loss 0.1747 lr 3.00e-04 56.0 min
[e2e] step 49900 loss 0.1714 lr 3.00e-04 56.1 min
[e2e] step 50000 loss 0.1753 lr 3.00e-04 56.2 min
[e2e] step 50000 quick period probe (linear, 5 classes, n=4000) bal.acc 0.846
[e2e] step 50100 loss 0.1739 lr 3.00e-04 56.6 min
[e2e] step 50200 loss 0.1750 lr 3.00e-04 56.7 min
[e2e] step 50300 loss 0.1718 lr 3.00e-04 56.7 min
[e2e] step 50400 loss 0.1736 lr 3.00e-04 56.8 min
[e2e] step 50500 loss 0.1734 lr 3.00e-04 56.9 min
[e2e] step 50600 loss 0.1755 lr 3.00e-04 57.0 min
[e2e] step 50700 loss 0.1784 lr 3.00e-04 57.1 min
[e2e] step 50800 loss 0.1742 lr 3.00e-04 57.2 min
[e2e] step 50900 loss 0.1729 lr 3.00e-04 57.3 min
[e2e] step 51000 loss 0.1695 lr 3.00e-04 57.4 min
[e2e] step 51100 loss 0.1731 lr 3.00e-04 57.5 min
[e2e] step 51200 loss 0.1717 lr 3.00e-04 57.6 min
[e2e] step 51300 loss 0.1771 lr 3.00e-04 57.6 min
[e2e] step 51400 loss 0.1722 lr 3.00e-04 57.7 min
[e2e] step 51500 loss 0.1739 lr 3.00e-04 57.8 min
[e2e] step 51600 loss 0.1763 lr 3.00e-04 57.9 min
[e2e] step 51700 loss 0.1741 lr 3.00e-04 58.0 min
[e2e] step 51800 loss 0.1746 lr 3.00e-04 58.1 min
[e2e] step 51900 loss 0.1739 lr 3.00e-04 58.2 min
[e2e] step 52000 loss 0.1730 lr 3.00e-04 58.3 min
[e2e] step 52000 quick period probe (linear, 5 classes, n=4000) bal.acc 0.874
[e2e] step 52100 loss 0.1699 lr 3.00e-04 58.6 min
[e2e] step 52200 loss 0.1752 lr 3.00e-04 58.7 min
[e2e] step 52300 loss 0.1761 lr 3.00e-04 58.8 min
[e2e] step 52400 loss 0.1768 lr 3.00e-04 58.9 min
[e2e] step 52500 loss 0.1692 lr 3.00e-04 59.0 min
[e2e] step 52600 loss 0.1686 lr 3.00e-04 59.1 min
[e2e] step 52700 loss 0.1710 lr 3.00e-04 59.2 min
[e2e] step 52800 loss 0.1779 lr 3.00e-04 59.3 min
[e2e] step 52900 loss 0.1685 lr 3.00e-04 59.4 min
[e2e] step 53000 loss 0.1720 lr 3.00e-04 59.5 min
[e2e] step 53100 loss 0.1711 lr 3.00e-04 59.5 min
[e2e] step 53200 loss 0.1688 lr 3.00e-04 59.6 min
[e2e] step 53300 loss 0.1728 lr 3.00e-04 59.7 min
[e2e] step 53400 loss 0.1697 lr 3.00e-04 59.8 min
[e2e] step 53500 loss 0.1653 lr 3.00e-04 59.9 min
[e2e] step 53600 loss 0.1686 lr 3.00e-04 60.0 min
[e2e] step 53700 loss 0.1716 lr 3.00e-04 60.1 min
[e2e] step 53800 loss 0.1694 lr 3.00e-04 60.2 min
[e2e] step 53900 loss 0.1711 lr 3.00e-04 60.3 min
[e2e] step 54000 loss 0.1748 lr 3.00e-04 60.4 min
[e2e] step 54000 quick period probe (linear, 5 classes, n=4000) bal.acc 0.859
[e2e] step 54100 loss 0.1707 lr 3.00e-04 60.8 min
[e2e] step 54200 loss 0.1677 lr 3.00e-04 60.9 min
[e2e] step 54300 loss 0.1699 lr 3.00e-04 61.0 min
[e2e] step 54400 loss 0.1696 lr 3.00e-04 61.1 min
[e2e] step 54500 loss 0.1727 lr 3.00e-04 61.2 min
[e2e] step 54600 loss 0.1708 lr 3.00e-04 61.3 min
[e2e] step 54700 loss 0.1716 lr 3.00e-04 61.4 min
[e2e] step 54800 loss 0.1715 lr 3.00e-04 61.5 min
[e2e] step 54900 loss 0.1712 lr 3.00e-04 61.6 min
[e2e] step 55000 loss 0.1680 lr 3.00e-04 61.7 min
[e2e] step 55100 loss 0.1660 lr 3.00e-04 61.7 min
[e2e] step 55200 loss 0.1722 lr 3.00e-04 61.8 min
[e2e] step 55300 loss 0.1673 lr 3.00e-04 61.9 min
[e2e] step 55400 loss 0.1689 lr 3.00e-04 62.0 min
[e2e] step 55500 loss 0.1681 lr 3.00e-04 62.1 min
[e2e] step 55600 loss 0.1672 lr 3.00e-04 62.2 min
[e2e] step 55700 loss 0.1657 lr 3.00e-04 62.3 min
[e2e] step 55800 loss 0.1645 lr 3.00e-04 62.4 min
[e2e] step 55900 loss 0.1656 lr 3.00e-04 62.5 min
[e2e] step 56000 loss 0.1754 lr 3.00e-04 62.6 min
[e2e] step 56000 quick period probe (linear, 5 classes, n=4000) bal.acc 0.873
[e2e] step 56100 loss 0.1686 lr 3.00e-04 62.9 min
[e2e] step 56200 loss 0.1705 lr 3.00e-04 63.0 min
[e2e] step 56300 loss 0.1665 lr 3.00e-04 63.1 min
[e2e] step 56400 loss 0.1671 lr 3.00e-04 63.2 min
[e2e] step 56500 loss 0.1657 lr 3.00e-04 63.3 min
[e2e] step 56600 loss 0.1705 lr 3.00e-04 63.4 min
[e2e] step 56700 loss 0.1718 lr 3.00e-04 63.5 min
[e2e] step 56800 loss 0.1647 lr 3.00e-04 63.6 min
[e2e] step 56900 loss 0.1716 lr 3.00e-04 63.7 min
[e2e] step 57000 loss 0.1701 lr 3.00e-04 63.7 min
[e2e] step 57100 loss 0.1695 lr 3.00e-04 63.8 min
[e2e] step 57200 loss 0.1676 lr 3.00e-04 63.9 min
[e2e] step 57300 loss 0.1644 lr 3.00e-04 64.0 min
[e2e] step 57400 loss 0.1722 lr 3.00e-04 64.1 min
[e2e] step 57500 loss 0.1636 lr 3.00e-04 64.2 min
[e2e] step 57600 loss 0.1695 lr 3.00e-04 64.3 min
[e2e] step 57700 loss 0.1663 lr 3.00e-04 64.4 min
[e2e] step 57800 loss 0.1691 lr 3.00e-04 64.5 min
[e2e] step 57900 loss 0.1678 lr 3.00e-04 64.6 min
[e2e] step 58000 loss 0.1676 lr 3.00e-04 64.6 min
[e2e] step 58000 quick period probe (linear, 5 classes, n=4000) bal.acc 0.875
[e2e] step 58100 loss 0.1720 lr 3.00e-04 65.0 min
[e2e] step 58200 loss 0.1645 lr 3.00e-04 65.1 min
[e2e] step 58300 loss 0.1686 lr 3.00e-04 65.2 min
[e2e] step 58400 loss 0.1694 lr 3.00e-04 65.3 min
[e2e] step 58500 loss 0.1638 lr 3.00e-04 65.4 min
[e2e] step 58600 loss 0.1676 lr 3.00e-04 65.5 min
[e2e] step 58700 loss 0.1640 lr 3.00e-04 65.6 min
[e2e] step 58800 loss 0.1671 lr 3.00e-04 65.7 min
[e2e] step 58900 loss 0.1651 lr 3.00e-04 65.8 min
[e2e] step 59000 loss 0.1632 lr 3.00e-04 65.9 min
[e2e] step 59100 loss 0.1676 lr 3.00e-04 66.0 min
[e2e] step 59200 loss 0.1596 lr 3.00e-04 66.0 min
[e2e] step 59300 loss 0.1667 lr 3.00e-04 66.1 min
[e2e] step 59400 loss 0.1610 lr 3.00e-04 66.2 min
[e2e] step 59500 loss 0.1646 lr 3.00e-04 66.3 min
[e2e] step 59600 loss 0.1659 lr 3.00e-04 66.4 min
[e2e] step 59700 loss 0.1682 lr 3.00e-04 66.5 min
[e2e] step 59800 loss 0.1661 lr 3.00e-04 66.6 min
[e2e] step 59900 loss 0.1703 lr 3.00e-04 66.7 min
[e2e] step 60000 loss 0.1656 lr 3.00e-04 66.8 min
[e2e] step 60000 quick period probe (linear, 5 classes, n=4000) bal.acc 0.856
[e2e] step 60100 loss 0.1689 lr 3.00e-04 67.3 min
[e2e] step 60200 loss 0.1612 lr 3.00e-04 67.4 min
[e2e] step 60300 loss 0.1660 lr 3.00e-04 67.4 min
[e2e] step 60400 loss 0.1637 lr 3.00e-04 67.5 min
[e2e] step 60500 loss 0.1614 lr 3.00e-04 67.6 min
[e2e] step 60600 loss 0.1633 lr 3.00e-04 67.7 min
[e2e] step 60700 loss 0.1674 lr 3.00e-04 67.8 min
[e2e] step 60800 loss 0.1617 lr 3.00e-04 67.9 min
[e2e] step 60900 loss 0.1649 lr 3.00e-04 68.0 min
[e2e] step 61000 loss 0.1654 lr 3.00e-04 68.1 min
[e2e] step 61100 loss 0.1654 lr 3.00e-04 68.2 min
[e2e] step 61200 loss 0.1642 lr 3.00e-04 68.3 min
[e2e] step 61300 loss 0.1641 lr 3.00e-04 68.4 min
[e2e] step 61400 loss 0.1601 lr 3.00e-04 68.5 min
[e2e] step 61500 loss 0.1624 lr 3.00e-04 68.5 min
[e2e] step 61600 loss 0.1612 lr 3.00e-04 68.6 min
[e2e] step 61700 loss 0.1632 lr 3.00e-04 68.7 min
[e2e] step 61800 loss 0.1568 lr 3.00e-04 68.8 min
[e2e] step 61900 loss 0.1651 lr 3.00e-04 68.9 min
[e2e] step 62000 loss 0.1647 lr 3.00e-04 69.0 min
[e2e] step 62000 quick period probe (linear, 5 classes, n=4000) bal.acc 0.874
[e2e] step 62100 loss 0.1635 lr 3.00e-04 69.4 min
[e2e] step 62200 loss 0.1633 lr 3.00e-04 69.5 min
[e2e] step 62300 loss 0.1614 lr 3.00e-04 69.6 min
[e2e] step 62400 loss 0.1662 lr 3.00e-04 69.7 min
[e2e] step 62500 loss 0.1583 lr 3.00e-04 69.8 min
[e2e] step 62600 loss 0.1606 lr 3.00e-04 69.9 min
[e2e] step 62700 loss 0.1645 lr 3.00e-04 70.0 min
[e2e] step 62800 loss 0.1658 lr 3.00e-04 70.2 min
[e2e] step 62900 loss 0.1648 lr 3.00e-04 70.3 min
[e2e] step 63000 loss 0.1631 lr 3.00e-04 70.4 min
[e2e] step 63100 loss 0.1640 lr 3.00e-04 70.5 min
[e2e] step 63200 loss 0.1612 lr 3.00e-04 70.6 min
[e2e] step 63300 loss 0.1625 lr 3.00e-04 70.7 min
[e2e] step 63400 loss 0.1624 lr 3.00e-04 70.8 min
[e2e] step 63500 loss 0.1598 lr 3.00e-04 70.9 min
[e2e] step 63600 loss 0.1592 lr 3.00e-04 71.0 min
[e2e] step 63700 loss 0.1594 lr 3.00e-04 71.1 min
[e2e] step 63800 loss 0.1633 lr 3.00e-04 71.1 min
[e2e] step 63900 loss 0.1596 lr 3.00e-04 71.2 min
[e2e] step 64000 loss 0.1624 lr 3.00e-04 71.3 min
[e2e] step 64000 quick period probe (linear, 5 classes, n=4000) bal.acc 0.872
[e2e] step 64100 loss 0.1608 lr 3.00e-04 71.8 min
[e2e] step 64200 loss 0.1568 lr 3.00e-04 71.9 min
[e2e] step 64300 loss 0.1658 lr 3.00e-04 72.0 min
[e2e] step 64400 loss 0.1596 lr 3.00e-04 72.1 min
[e2e] step 64500 loss 0.1593 lr 3.00e-04 72.1 min
[e2e] step 64600 loss 0.1645 lr 3.00e-04 72.2 min
[e2e] step 64700 loss 0.1580 lr 3.00e-04 72.3 min
[e2e] step 64800 loss 0.1582 lr 3.00e-04 72.4 min
[e2e] step 64900 loss 0.1605 lr 3.00e-04 72.5 min
[e2e] step 65000 loss 0.1583 lr 3.00e-04 72.6 min
[e2e] step 65100 loss 0.1557 lr 3.00e-04 72.7 min
[e2e] step 65200 loss 0.1595 lr 3.00e-04 72.8 min
[e2e] step 65300 loss 0.1639 lr 3.00e-04 72.9 min
[e2e] step 65400 loss 0.1572 lr 3.00e-04 73.0 min
[e2e] step 65500 loss 0.1623 lr 3.00e-04 73.1 min
[e2e] step 65600 loss 0.1624 lr 3.00e-04 73.1 min
[e2e] step 65700 loss 0.1587 lr 3.00e-04 73.2 min
[e2e] step 65800 loss 0.1596 lr 3.00e-04 73.3 min
[e2e] step 65900 loss 0.1554 lr 3.00e-04 73.4 min
[e2e] step 66000 loss 0.1588 lr 3.00e-04 73.5 min
[e2e] step 66000 quick period probe (linear, 5 classes, n=4000) bal.acc 0.874
[e2e] step 66100 loss 0.1527 lr 3.00e-04 73.9 min
[e2e] step 66200 loss 0.1584 lr 3.00e-04 74.0 min
[e2e] step 66300 loss 0.1629 lr 3.00e-04 74.1 min
[e2e] step 66400 loss 0.1568 lr 3.00e-04 74.2 min
[e2e] step 66500 loss 0.1584 lr 3.00e-04 74.3 min
[e2e] step 66600 loss 0.1590 lr 3.00e-04 74.4 min
[e2e] step 66700 loss 0.1591 lr 3.00e-04 74.5 min
[e2e] step 66800 loss 0.1603 lr 3.00e-04 74.6 min
[e2e] step 66900 loss 0.1577 lr 3.00e-04 74.7 min
[e2e] step 67000 loss 0.1597 lr 3.00e-04 74.8 min
[e2e] step 67100 loss 0.1548 lr 3.00e-04 74.9 min
[e2e] step 67200 loss 0.1521 lr 3.00e-04 75.0 min
[e2e] step 67300 loss 0.1614 lr 3.00e-04 75.0 min
[e2e] step 67400 loss 0.1574 lr 3.00e-04 75.1 min
[e2e] step 67500 loss 0.1522 lr 3.00e-04 75.2 min
[e2e] step 67600 loss 0.1592 lr 3.00e-04 75.3 min
[e2e] step 67700 loss 0.1583 lr 3.00e-04 75.4 min
[e2e] step 67800 loss 0.1570 lr 3.00e-04 75.5 min
[e2e] step 67900 loss 0.1587 lr 3.00e-04 75.6 min
[e2e] step 68000 loss 0.1528 lr 3.00e-04 75.7 min
[e2e] step 68000 quick period probe (linear, 5 classes, n=4000) bal.acc 0.861
[e2e] step 68100 loss 0.1556 lr 3.00e-04 76.0 min
[e2e] step 68200 loss 0.1602 lr 3.00e-04 76.1 min
[e2e] step 68300 loss 0.1536 lr 3.00e-04 76.2 min
[e2e] step 68400 loss 0.1538 lr 3.00e-04 76.3 min
[e2e] step 68500 loss 0.1637 lr 3.00e-04 76.3 min
[e2e] step 68600 loss 0.1585 lr 3.00e-04 76.4 min
[e2e] step 68700 loss 0.1575 lr 3.00e-04 76.5 min
[e2e] step 68800 loss 0.1570 lr 3.00e-04 76.6 min
[e2e] step 68900 loss 0.1568 lr 3.00e-04 76.7 min
[e2e] step 69000 loss 0.1565 lr 3.00e-04 76.8 min
[e2e] step 69100 loss 0.1534 lr 3.00e-04 76.9 min
[e2e] step 69200 loss 0.1555 lr 3.00e-04 77.0 min
[e2e] step 69300 loss 0.1547 lr 3.00e-04 77.1 min
[e2e] step 69400 loss 0.1611 lr 3.00e-04 77.2 min
[e2e] step 69500 loss 0.1601 lr 3.00e-04 77.2 min
[e2e] step 69600 loss 0.1629 lr 3.00e-04 77.3 min
[e2e] step 69700 loss 0.1511 lr 3.00e-04 77.4 min
[e2e] step 69800 loss 0.1565 lr 3.00e-04 77.5 min
[e2e] step 69900 loss 0.1519 lr 3.00e-04 77.6 min
[e2e] step 70000 loss 0.1557 lr 3.00e-04 77.7 min
[e2e] step 70000 quick period probe (linear, 5 classes, n=4000) bal.acc 0.862
[e2e] step 70100 loss 0.1551 lr 3.00e-04 78.1 min
[e2e] step 70200 loss 0.1536 lr 3.00e-04 78.1 min
[e2e] step 70300 loss 0.1542 lr 3.00e-04 78.2 min
[e2e] step 70400 loss 0.1571 lr 3.00e-04 78.3 min
[e2e] step 70500 loss 0.1550 lr 3.00e-04 78.4 min
[e2e] step 70600 loss 0.1545 lr 3.00e-04 78.5 min
[e2e] step 70700 loss 0.1601 lr 3.00e-04 78.6 min
[e2e] step 70800 loss 0.1599 lr 3.00e-04 78.7 min
[e2e] step 70900 loss 0.1554 lr 3.00e-04 78.8 min
[e2e] step 71000 loss 0.1578 lr 3.00e-04 78.9 min
[e2e] step 71100 loss 0.1545 lr 3.00e-04 79.0 min
[e2e] step 71200 loss 0.1519 lr 3.00e-04 79.1 min
[e2e] step 71300 loss 0.1554 lr 3.00e-04 79.2 min
[e2e] step 71400 loss 0.1558 lr 3.00e-04 79.3 min
[e2e] step 71500 loss 0.1517 lr 3.00e-04 79.4 min
[e2e] step 71600 loss 0.1600 lr 3.00e-04 79.5 min
[e2e] step 71700 loss 0.1521 lr 3.00e-04 79.6 min
[e2e] step 71800 loss 0.1589 lr 3.00e-04 79.7 min
[e2e] step 71900 loss 0.1535 lr 3.00e-04 79.8 min
[e2e] step 72000 loss 0.1560 lr 3.00e-04 79.9 min
[e2e] step 72000 quick period probe (linear, 5 classes, n=4000) bal.acc 0.874
[e2e] step 72100 loss 0.1540 lr 3.00e-04 80.3 min
[e2e] step 72200 loss 0.1550 lr 3.00e-04 80.4 min
[e2e] step 72300 loss 0.1508 lr 3.00e-04 80.5 min
[e2e] step 72400 loss 0.1534 lr 3.00e-04 80.6 min
[e2e] step 72500 loss 0.1524 lr 3.00e-04 80.7 min
[e2e] step 72600 loss 0.1530 lr 3.00e-04 80.8 min
[e2e] step 72700 loss 0.1582 lr 3.00e-04 80.9 min
[e2e] step 72800 loss 0.1507 lr 3.00e-04 81.0 min
[e2e] step 72900 loss 0.1548 lr 3.00e-04 81.1 min
[e2e] step 73000 loss 0.1546 lr 3.00e-04 81.2 min
[e2e] step 73100 loss 0.1539 lr 3.00e-04 81.3 min
[e2e] step 73200 loss 0.1507 lr 3.00e-04 81.3 min
[e2e] step 73300 loss 0.1507 lr 3.00e-04 81.4 min
[e2e] step 73400 loss 0.1556 lr 3.00e-04 81.5 min
[e2e] step 73500 loss 0.1550 lr 3.00e-04 81.7 min
[e2e] step 73600 loss 0.1555 lr 3.00e-04 81.8 min
[e2e] step 73700 loss 0.1555 lr 3.00e-04 81.9 min
[e2e] step 73800 loss 0.1501 lr 3.00e-04 81.9 min
[e2e] step 73900 loss 0.1545 lr 3.00e-04 82.0 min
[e2e] step 74000 loss 0.1534 lr 3.00e-04 82.1 min
[e2e] step 74000 quick period probe (linear, 5 classes, n=4000) bal.acc 0.863
[e2e] step 74100 loss 0.1521 lr 3.00e-04 82.5 min
[e2e] step 74200 loss 0.1498 lr 3.00e-04 82.6 min
[e2e] step 74300 loss 0.1505 lr 3.00e-04 82.7 min
[e2e] step 74400 loss 0.1558 lr 3.00e-04 82.7 min
[e2e] step 74500 loss 0.1576 lr 3.00e-04 82.8 min
[e2e] step 74600 loss 0.1508 lr 3.00e-04 82.9 min
[e2e] step 74700 loss 0.1533 lr 3.00e-04 83.0 min
[e2e] step 74800 loss 0.1514 lr 3.00e-04 83.1 min
[e2e] step 74900 loss 0.1561 lr 3.00e-04 83.2 min
[e2e] step 75000 loss 0.1552 lr 3.00e-04 83.3 min
[e2e] step 75100 loss 0.1499 lr 3.00e-04 83.4 min
[e2e] step 75200 loss 0.1524 lr 3.00e-04 83.5 min
[e2e] step 75300 loss 0.1509 lr 3.00e-04 83.6 min
[e2e] step 75400 loss 0.1499 lr 3.00e-04 83.7 min
[e2e] step 75500 loss 0.1552 lr 3.00e-04 83.7 min
[e2e] step 75600 loss 0.1547 lr 3.00e-04 83.8 min
[e2e] step 75700 loss 0.1499 lr 3.00e-04 83.9 min
[e2e] step 75800 loss 0.1563 lr 3.00e-04 84.0 min
[e2e] step 75900 loss 0.1541 lr 3.00e-04 84.1 min
[e2e] step 76000 loss 0.1512 lr 3.00e-04 84.2 min
[e2e] step 76000 quick period probe (linear, 5 classes, n=4000) bal.acc 0.874
[e2e] step 76100 loss 0.1507 lr 3.00e-04 84.5 min
[e2e] step 76200 loss 0.1496 lr 3.00e-04 84.6 min
[e2e] step 76300 loss 0.1504 lr 3.00e-04 84.7 min
[e2e] step 76400 loss 0.1462 lr 3.00e-04 84.8 min
[e2e] step 76500 loss 0.1519 lr 3.00e-04 84.9 min
[e2e] step 76600 loss 0.1510 lr 3.00e-04 85.0 min
[e2e] step 76700 loss 0.1518 lr 3.00e-04 85.1 min
[e2e] step 76800 loss 0.1524 lr 3.00e-04 85.2 min
[e2e] step 76900 loss 0.1506 lr 3.00e-04 85.3 min
[e2e] step 77000 loss 0.1514 lr 3.00e-04 85.4 min
[e2e] step 77100 loss 0.1526 lr 3.00e-04 85.5 min
[e2e] step 77200 loss 0.1526 lr 3.00e-04 85.5 min
[e2e] step 77300 loss 0.1496 lr 3.00e-04 85.6 min
[e2e] step 77400 loss 0.1489 lr 3.00e-04 85.7 min
[e2e] step 77500 loss 0.1494 lr 3.00e-04 85.8 min
[e2e] step 77600 loss 0.1497 lr 3.00e-04 85.9 min
[e2e] step 77700 loss 0.1523 lr 3.00e-04 86.0 min
[e2e] step 77800 loss 0.1544 lr 3.00e-04 86.1 min
[e2e] step 77900 loss 0.1482 lr 3.00e-04 86.2 min
[e2e] step 78000 loss 0.1468 lr 3.00e-04 86.3 min
[e2e] step 78000 quick period probe (linear, 5 classes, n=4000) bal.acc 0.867
[e2e] step 78100 loss 0.1470 lr 3.00e-04 86.6 min
[e2e] step 78200 loss 0.1471 lr 3.00e-04 86.7 min
[e2e] step 78300 loss 0.1519 lr 3.00e-04 86.8 min
[e2e] step 78400 loss 0.1487 lr 3.00e-04 86.9 min
[e2e] step 78500 loss 0.1516 lr 3.00e-04 87.1 min
[e2e] step 78600 loss 0.1459 lr 3.00e-04 87.2 min
[e2e] step 78700 loss 0.1449 lr 3.00e-04 87.3 min
[e2e] step 78800 loss 0.1492 lr 3.00e-04 87.3 min
[e2e] step 78900 loss 0.1470 lr 3.00e-04 87.4 min
[e2e] step 79000 loss 0.1530 lr 3.00e-04 87.5 min
[e2e] step 79100 loss 0.1521 lr 3.00e-04 87.6 min
[e2e] step 79200 loss 0.1467 lr 3.00e-04 87.7 min
[e2e] step 79300 loss 0.1459 lr 3.00e-04 87.8 min
[e2e] step 79400 loss 0.1513 lr 3.00e-04 87.9 min
[e2e] step 79500 loss 0.1486 lr 3.00e-04 88.0 min
[e2e] step 79600 loss 0.1454 lr 3.00e-04 88.1 min
[e2e] step 79700 loss 0.1477 lr 3.00e-04 88.2 min
[e2e] step 79800 loss 0.1496 lr 3.00e-04 88.3 min
[e2e] step 79900 loss 0.1488 lr 3.00e-04 88.4 min
[e2e] step 80000 loss 0.1496 lr 3.00e-04 88.5 min
[e2e] step 80000 quick period probe (linear, 5 classes, n=4000) bal.acc 0.879
[e2e] step 80100 loss 0.1504 lr 3.00e-04 88.9 min
[e2e] step 80200 loss 0.1494 lr 3.00e-04 89.0 min
[e2e] step 80300 loss 0.1488 lr 3.00e-04 89.1 min
[e2e] step 80400 loss 0.1460 lr 3.00e-04 89.2 min
[e2e] step 80500 loss 0.1492 lr 3.00e-04 89.3 min
[e2e] step 80600 loss 0.1525 lr 3.00e-04 89.4 min
[e2e] step 80700 loss 0.1505 lr 3.00e-04 89.5 min
[e2e] step 80800 loss 0.1421 lr 3.00e-04 89.6 min
[e2e] step 80900 loss 0.1440 lr 3.00e-04 89.7 min
[e2e] step 81000 loss 0.1463 lr 3.00e-04 89.8 min
[e2e] step 81100 loss 0.1464 lr 3.00e-04 89.9 min
[e2e] step 81200 loss 0.1484 lr 3.00e-04 89.9 min
[e2e] step 81300 loss 0.1520 lr 3.00e-04 90.0 min
[e2e] step 81400 loss 0.1493 lr 3.00e-04 90.1 min
[e2e] step 81500 loss 0.1477 lr 3.00e-04 90.2 min
[e2e] step 81600 loss 0.1516 lr 3.00e-04 90.3 min
[e2e] step 81700 loss 0.1526 lr 3.00e-04 90.4 min
[e2e] step 81800 loss 0.1463 lr 3.00e-04 90.5 min
[e2e] step 81900 loss 0.1473 lr 3.00e-04 90.6 min
[e2e] step 82000 loss 0.1449 lr 3.00e-04 90.7 min
[e2e] step 82000 quick period probe (linear, 5 classes, n=4000) bal.acc 0.860
[e2e] step 82100 loss 0.1456 lr 3.00e-04 91.0 min
[e2e] step 82200 loss 0.1474 lr 3.00e-04 91.1 min
[e2e] step 82300 loss 0.1444 lr 3.00e-04 91.2 min
[e2e] step 82400 loss 0.1474 lr 3.00e-04 91.3 min
[e2e] step 82500 loss 0.1481 lr 3.00e-04 91.4 min
[e2e] step 82600 loss 0.1454 lr 3.00e-04 91.5 min
[e2e] step 82700 loss 0.1478 lr 3.00e-04 91.5 min
[e2e] step 82800 loss 0.1419 lr 3.00e-04 91.6 min
[e2e] step 82900 loss 0.1458 lr 3.00e-04 91.7 min
[e2e] step 83000 loss 0.1419 lr 3.00e-04 91.8 min
[e2e] step 83100 loss 0.1441 lr 3.00e-04 91.9 min
[e2e] step 83200 loss 0.1454 lr 3.00e-04 92.0 min
[e2e] step 83300 loss 0.1440 lr 3.00e-04 92.1 min
[e2e] step 83400 loss 0.1499 lr 3.00e-04 92.2 min
[e2e] step 83500 loss 0.1455 lr 3.00e-04 92.3 min
[e2e] step 83600 loss 0.1424 lr 3.00e-04 92.3 min
[e2e] step 83700 loss 0.1477 lr 3.00e-04 92.4 min
[e2e] step 83800 loss 0.1472 lr 3.00e-04 92.5 min
[e2e] step 83900 loss 0.1462 lr 3.00e-04 92.6 min
[e2e] step 84000 loss 0.1494 lr 3.00e-04 92.7 min
[e2e] step 84000 quick period probe (linear, 5 classes, n=4000) bal.acc 0.868
[e2e] step 84100 loss 0.1467 lr 3.00e-04 93.0 min
[e2e] step 84200 loss 0.1473 lr 3.00e-04 93.1 min
[e2e] step 84300 loss 0.1517 lr 3.00e-04 93.2 min
[e2e] step 84400 loss 0.1480 lr 3.00e-04 93.3 min
[e2e] step 84500 loss 0.1493 lr 3.00e-04 93.4 min
[e2e] step 84600 loss 0.1477 lr 3.00e-04 93.5 min
[e2e] step 84700 loss 0.1445 lr 3.00e-04 93.6 min
[e2e] step 84800 loss 0.1449 lr 3.00e-04 93.7 min
[e2e] step 84900 loss 0.1441 lr 3.00e-04 93.8 min
[e2e] step 85000 loss 0.1443 lr 3.00e-04 93.8 min
[e2e] step 85100 loss 0.1448 lr 3.00e-04 93.9 min
[e2e] step 85200 loss 0.1499 lr 3.00e-04 94.0 min
[e2e] step 85300 loss 0.1446 lr 3.00e-04 94.1 min
[e2e] step 85400 loss 0.1437 lr 3.00e-04 94.2 min
[e2e] step 85500 loss 0.1430 lr 3.00e-04 94.3 min
[e2e] step 85600 loss 0.1457 lr 3.00e-04 94.4 min
[e2e] step 85700 loss 0.1470 lr 3.00e-04 94.5 min
[e2e] step 85800 loss 0.1460 lr 3.00e-04 94.6 min
[e2e] step 85900 loss 0.1412 lr 3.00e-04 94.7 min
[e2e] step 86000 loss 0.1418 lr 3.00e-04 94.8 min
[e2e] step 86000 quick period probe (linear, 5 classes, n=4000) bal.acc 0.874
[e2e] step 86100 loss 0.1443 lr 3.00e-04 95.1 min
[e2e] step 86200 loss 0.1434 lr 3.00e-04 95.2 min
[e2e] step 86300 loss 0.1458 lr 3.00e-04 95.3 min
[e2e] step 86400 loss 0.1438 lr 3.00e-04 95.4 min
[e2e] step 86500 loss 0.1447 lr 3.00e-04 95.5 min
[e2e] step 86600 loss 0.1464 lr 3.00e-04 95.6 min
[e2e] step 86700 loss 0.1426 lr 3.00e-04 95.7 min
[e2e] step 86800 loss 0.1420 lr 3.00e-04 95.8 min
[e2e] step 86900 loss 0.1437 lr 3.00e-04 95.8 min
[e2e] step 87000 loss 0.1373 lr 3.00e-04 95.9 min
[e2e] step 87100 loss 0.1414 lr 3.00e-04 96.0 min
[e2e] step 87200 loss 0.1459 lr 3.00e-04 96.1 min
[e2e] step 87300 loss 0.1443 lr 3.00e-04 96.2 min
[e2e] step 87400 loss 0.1437 lr 3.00e-04 96.3 min
[e2e] step 87500 loss 0.1408 lr 3.00e-04 96.4 min
[e2e] step 87600 loss 0.1407 lr 3.00e-04 96.5 min
[e2e] step 87700 loss 0.1490 lr 3.00e-04 96.6 min
[e2e] step 87800 loss 0.1404 lr 3.00e-04 96.6 min
[e2e] step 87900 loss 0.1381 lr 3.00e-04 96.8 min
[e2e] step 88000 loss 0.1435 lr 3.00e-04 96.9 min
[e2e] step 88000 quick period probe (linear, 5 classes, n=4000) bal.acc 0.858
[e2e] step 88100 loss 0.1427 lr 3.00e-04 97.2 min
[e2e] step 88200 loss 0.1461 lr 3.00e-04 97.3 min
[e2e] step 88300 loss 0.1394 lr 3.00e-04 97.4 min
[e2e] step 88400 loss 0.1423 lr 3.00e-04 97.5 min
[e2e] step 88500 loss 0.1463 lr 3.00e-04 97.6 min
[e2e] step 88600 loss 0.1443 lr 3.00e-04 97.7 min
[e2e] step 88700 loss 0.1443 lr 3.00e-04 97.8 min
[e2e] step 88800 loss 0.1429 lr 3.00e-04 97.9 min
[e2e] step 88900 loss 0.1429 lr 3.00e-04 98.1 min
[e2e] step 89000 loss 0.1382 lr 3.00e-04 98.2 min
[e2e] step 89100 loss 0.1414 lr 3.00e-04 98.3 min
[e2e] step 89200 loss 0.1406 lr 3.00e-04 98.3 min
[e2e] step 89300 loss 0.1395 lr 3.00e-04 98.4 min
[e2e] step 89400 loss 0.1436 lr 3.00e-04 98.5 min
[e2e] step 89500 loss 0.1430 lr 3.00e-04 98.6 min
[e2e] step 89600 loss 0.1412 lr 3.00e-04 98.7 min
[e2e] step 89700 loss 0.1388 lr 3.00e-04 98.8 min
[e2e] step 89800 loss 0.1423 lr 3.00e-04 98.9 min
[e2e] step 89900 loss 0.1420 lr 3.00e-04 99.0 min
[e2e] step 90000 loss 0.1418 lr 3.00e-04 99.1 min
[e2e] step 90000 quick period probe (linear, 5 classes, n=4000) bal.acc 0.860
[e2e] step 90100 loss 0.1427 lr 3.00e-04 99.4 min
[e2e] step 90200 loss 0.1432 lr 3.00e-04 99.5 min
[e2e] step 90300 loss 0.1426 lr 3.00e-04 99.6 min
[e2e] step 90400 loss 0.1401 lr 3.00e-04 99.7 min
[e2e] step 90500 loss 0.1437 lr 3.00e-04 99.8 min
[e2e] step 90600 loss 0.1394 lr 3.00e-04 99.8 min
[e2e] step 90700 loss 0.1448 lr 3.00e-04 99.9 min
[e2e] step 90800 loss 0.1433 lr 3.00e-04 100.0 min
[e2e] step 90900 loss 0.1394 lr 3.00e-04 100.1 min
[e2e] step 91000 loss 0.1390 lr 3.00e-04 100.2 min
[e2e] step 91100 loss 0.1436 lr 3.00e-04 100.3 min
[e2e] step 91200 loss 0.1434 lr 3.00e-04 100.4 min
[e2e] step 91300 loss 0.1369 lr 3.00e-04 100.5 min
[e2e] step 91400 loss 0.1357 lr 3.00e-04 100.6 min
[e2e] step 91500 loss 0.1384 lr 3.00e-04 100.7 min
[e2e] step 91600 loss 0.1387 lr 3.00e-04 100.8 min
[e2e] step 91700 loss 0.1407 lr 3.00e-04 100.9 min
[e2e] step 91800 loss 0.1423 lr 3.00e-04 101.0 min
[e2e] step 91900 loss 0.1449 lr 3.00e-04 101.1 min
[e2e] step 92000 loss 0.1424 lr 3.00e-04 101.2 min
[e2e] step 92000 quick period probe (linear, 5 classes, n=4000) bal.acc 0.860
[e2e] step 92100 loss 0.1406 lr 3.00e-04 101.5 min
[e2e] step 92200 loss 0.1404 lr 3.00e-04 101.6 min
[e2e] step 92300 loss 0.1417 lr 3.00e-04 101.7 min
[e2e] step 92400 loss 0.1340 lr 3.00e-04 101.8 min
[e2e] step 92500 loss 0.1410 lr 3.00e-04 101.9 min
[e2e] step 92600 loss 0.1425 lr 3.00e-04 102.0 min
[e2e] step 92700 loss 0.1402 lr 3.00e-04 102.1 min
[e2e] step 92800 loss 0.1417 lr 3.00e-04 102.2 min
[e2e] step 92900 loss 0.1370 lr 3.00e-04 102.2 min
[e2e] step 93000 loss 0.1421 lr 3.00e-04 102.3 min
[e2e] step 93100 loss 0.1419 lr 3.00e-04 102.4 min
[e2e] step 93200 loss 0.1395 lr 3.00e-04 102.5 min
[e2e] step 93300 loss 0.1399 lr 3.00e-04 102.6 min
[e2e] step 93400 loss 0.1386 lr 3.00e-04 102.7 min
[e2e] step 93500 loss 0.1436 lr 3.00e-04 102.8 min
[e2e] step 93600 loss 0.1429 lr 3.00e-04 102.9 min
[e2e] step 93700 loss 0.1395 lr 3.00e-04 103.0 min
[e2e] step 93800 loss 0.1391 lr 3.00e-04 103.1 min
[e2e] step 93900 loss 0.1412 lr 3.00e-04 103.1 min
[e2e] step 94000 loss 0.1441 lr 3.00e-04 103.2 min
[e2e] step 94000 quick period probe (linear, 5 classes, n=4000) bal.acc 0.865
[e2e] step 94100 loss 0.1419 lr 3.00e-04 103.6 min
[e2e] step 94200 loss 0.1353 lr 3.00e-04 103.7 min
[e2e] step 94300 loss 0.1367 lr 3.00e-04 103.8 min
[e2e] step 94400 loss 0.1375 lr 3.00e-04 103.9 min
[e2e] step 94500 loss 0.1354 lr 3.00e-04 104.0 min
[e2e] step 94600 loss 0.1416 lr 3.00e-04 104.1 min
[e2e] step 94700 loss 0.1371 lr 3.00e-04 104.1 min
[e2e] step 94800 loss 0.1387 lr 3.00e-04 104.2 min
[e2e] step 94900 loss 0.1396 lr 3.00e-04 104.3 min
[e2e] step 95000 loss 0.1379 lr 3.00e-04 104.4 min
[e2e] step 95100 loss 0.1416 lr 3.00e-04 104.5 min
[e2e] step 95200 loss 0.1396 lr 3.00e-04 104.6 min
[e2e] step 95300 loss 0.1375 lr 3.00e-04 104.7 min
[e2e] step 95400 loss 0.1385 lr 3.00e-04 104.8 min
[e2e] step 95500 loss 0.1382 lr 3.00e-04 104.9 min
[e2e] step 95600 loss 0.1408 lr 3.00e-04 105.0 min
[e2e] step 95700 loss 0.1399 lr 3.00e-04 105.1 min
[e2e] step 95800 loss 0.1357 lr 3.00e-04 105.2 min
[e2e] step 95900 loss 0.1373 lr 3.00e-04 105.3 min
[e2e] step 96000 loss 0.1386 lr 3.00e-04 105.4 min
[e2e] step 96000 quick period probe (linear, 5 classes, n=4000) bal.acc 0.861
[e2e] step 96100 loss 0.1411 lr 3.00e-04 105.7 min
[e2e] step 96200 loss 0.1374 lr 3.00e-04 105.8 min
[e2e] step 96300 loss 0.1437 lr 3.00e-04 105.9 min
[e2e] step 96400 loss 0.1382 lr 3.00e-04 106.0 min
[e2e] step 96500 loss 0.1394 lr 3.00e-04 106.1 min
[e2e] step 96600 loss 0.1381 lr 3.00e-04 106.2 min
[e2e] step 96700 loss 0.1371 lr 3.00e-04 106.3 min
[e2e] step 96800 loss 0.1394 lr 3.00e-04 106.3 min
[e2e] step 96900 loss 0.1429 lr 3.00e-04 106.4 min
[e2e] step 97000 loss 0.1383 lr 3.00e-04 106.5 min
[e2e] step 97100 loss 0.1442 lr 3.00e-04 106.6 min
[e2e] step 97200 loss 0.1439 lr 3.00e-04 106.7 min
[e2e] step 97300 loss 0.1341 lr 3.00e-04 106.8 min
[e2e] step 97400 loss 0.1379 lr 3.00e-04 106.9 min
[e2e] step 97500 loss 0.1370 lr 3.00e-04 107.0 min
[e2e] step 97600 loss 0.1379 lr 3.00e-04 107.1 min
[e2e] step 97700 loss 0.1366 lr 3.00e-04 107.2 min
[e2e] step 97800 loss 0.1392 lr 3.00e-04 107.3 min
[e2e] step 97900 loss 0.1386 lr 3.00e-04 107.4 min
[e2e] step 98000 loss 0.1342 lr 3.00e-04 107.5 min
[e2e] step 98000 quick period probe (linear, 5 classes, n=4000) bal.acc 0.864
[e2e] step 98100 loss 0.1369 lr 3.00e-04 107.9 min
[e2e] step 98200 loss 0.1347 lr 3.00e-04 108.0 min
[e2e] step 98300 loss 0.1382 lr 3.00e-04 108.1 min
[e2e] step 98400 loss 0.1401 lr 3.00e-04 108.2 min
[e2e] step 98500 loss 0.1365 lr 3.00e-04 108.3 min
[e2e] step 98600 loss 0.1350 lr 3.00e-04 108.4 min
[e2e] step 98700 loss 0.1375 lr 3.00e-04 108.5 min
[e2e] step 98800 loss 0.1390 lr 3.00e-04 108.6 min
[e2e] step 98900 loss 0.1359 lr 3.00e-04 108.7 min
[e2e] step 99000 loss 0.1379 lr 3.00e-04 108.8 min
[e2e] step 99100 loss 0.1422 lr 3.00e-04 108.9 min
[e2e] step 99200 loss 0.1357 lr 3.00e-04 109.0 min
[e2e] step 99300 loss 0.1352 lr 3.00e-04 109.1 min
[e2e] step 99400 loss 0.1384 lr 3.00e-04 109.1 min
[e2e] step 99500 loss 0.1377 lr 3.00e-04 109.2 min
[e2e] step 99600 loss 0.1385 lr 3.00e-04 109.3 min
[e2e] step 99700 loss 0.1384 lr 3.00e-04 109.4 min
[e2e] step 99800 loss 0.1346 lr 3.00e-04 109.5 min
[e2e] step 99900 loss 0.1379 lr 3.00e-04 109.6 min
[e2e] step 100000 loss 0.1372 lr 3.00e-04 109.7 min
[e2e] step 100000 quick period probe (linear, 5 classes, n=4000) bal.acc 0.872
[e2e] step 100100 loss 0.1398 lr 3.00e-04 110.0 min
[e2e] step 100200 loss 0.1389 lr 3.00e-04 110.1 min
[e2e] step 100300 loss 0.1344 lr 3.00e-04 110.2 min
[e2e] step 100400 loss 0.1338 lr 3.00e-04 110.3 min
[e2e] step 100500 loss 0.1360 lr 3.00e-04 110.4 min
[e2e] step 100600 loss 0.1371 lr 3.00e-04 110.5 min
[e2e] step 100700 loss 0.1336 lr 3.00e-04 110.6 min
[e2e] step 100800 loss 0.1328 lr 3.00e-04 110.7 min
[e2e] step 100900 loss 0.1420 lr 3.00e-04 110.8 min
[e2e] step 101000 loss 0.1342 lr 3.00e-04 110.9 min
[e2e] step 101100 loss 0.1360 lr 3.00e-04 111.0 min
[e2e] step 101200 loss 0.1312 lr 3.00e-04 111.0 min
[e2e] step 101300 loss 0.1354 lr 3.00e-04 111.1 min
[e2e] step 101400 loss 0.1364 lr 3.00e-04 111.2 min
[e2e] step 101500 loss 0.1341 lr 3.00e-04 111.3 min
[e2e] step 101600 loss 0.1315 lr 3.00e-04 111.4 min
[e2e] step 101700 loss 0.1376 lr 3.00e-04 111.5 min
[e2e] step 101800 loss 0.1346 lr 3.00e-04 111.6 min
[e2e] step 101900 loss 0.1375 lr 3.00e-04 111.7 min
[e2e] step 102000 loss 0.1338 lr 3.00e-04 111.8 min
[e2e] step 102000 quick period probe (linear, 5 classes, n=4000) bal.acc 0.854
[e2e] step 102100 loss 0.1360 lr 3.00e-04 112.1 min
[e2e] step 102200 loss 0.1330 lr 3.00e-04 112.2 min
[e2e] step 102300 loss 0.1362 lr 3.00e-04 112.3 min
[e2e] step 102400 loss 0.1389 lr 3.00e-04 112.4 min
[e2e] step 102500 loss 0.1356 lr 3.00e-04 112.5 min
[e2e] step 102600 loss 0.1345 lr 3.00e-04 112.6 min
[e2e] step 102700 loss 0.1333 lr 3.00e-04 112.7 min
[e2e] step 102800 loss 0.1390 lr 3.00e-04 112.8 min
[e2e] step 102900 loss 0.1340 lr 3.00e-04 112.9 min
[e2e] step 103000 loss 0.1409 lr 3.00e-04 113.0 min
[e2e] step 103100 loss 0.1308 lr 3.00e-04 113.1 min
[e2e] step 103200 loss 0.1338 lr 3.00e-04 113.2 min
[e2e] step 103300 loss 0.1331 lr 3.00e-04 113.2 min
[e2e] step 103400 loss 0.1385 lr 3.00e-04 113.3 min
[e2e] step 103500 loss 0.1295 lr 3.00e-04 113.4 min
[e2e] step 103600 loss 0.1374 lr 3.00e-04 113.5 min
[e2e] step 103700 loss 0.1337 lr 3.00e-04 113.6 min
[e2e] step 103800 loss 0.1294 lr 3.00e-04 113.7 min
[e2e] step 103900 loss 0.1400 lr 3.00e-04 113.8 min
[e2e] step 104000 loss 0.1407 lr 3.00e-04 113.9 min
[e2e] step 104000 quick period probe (linear, 5 classes, n=4000) bal.acc 0.865
[e2e] step 104100 loss 0.1332 lr 3.00e-04 114.2 min
[e2e] step 104200 loss 0.1315 lr 3.00e-04 114.3 min
[e2e] step 104300 loss 0.1403 lr 3.00e-04 114.4 min
[e2e] step 104400 loss 0.1341 lr 3.00e-04 114.5 min
[e2e] step 104500 loss 0.1370 lr 3.00e-04 114.6 min
[e2e] step 104600 loss 0.1365 lr 3.00e-04 114.7 min
[e2e] step 104700 loss 0.1326 lr 3.00e-04 114.8 min
[e2e] step 104800 loss 0.1389 lr 3.00e-04 114.8 min
[e2e] step 104900 loss 0.1344 lr 3.00e-04 114.9 min
[e2e] step 105000 loss 0.1316 lr 3.00e-04 115.0 min
[e2e] step 105100 loss 0.1321 lr 3.00e-04 115.1 min
[e2e] step 105200 loss 0.1339 lr 3.00e-04 115.2 min
[e2e] step 105300 loss 0.1374 lr 3.00e-04 115.3 min
[e2e] step 105400 loss 0.1352 lr 3.00e-04 115.4 min
[e2e] step 105500 loss 0.1343 lr 3.00e-04 115.5 min
[e2e] step 105600 loss 0.1343 lr 3.00e-04 115.6 min
[e2e] step 105700 loss 0.1379 lr 3.00e-04 115.7 min
[e2e] step 105800 loss 0.1340 lr 3.00e-04 115.7 min
[e2e] step 105900 loss 0.1332 lr 3.00e-04 115.8 min
[e2e] step 106000 loss 0.1358 lr 3.00e-04 115.9 min
[e2e] step 106000 quick period probe (linear, 5 classes, n=4000) bal.acc 0.876
[e2e] step 106100 loss 0.1382 lr 3.00e-04 116.3 min
[e2e] step 106200 loss 0.1313 lr 3.00e-04 116.4 min
[e2e] step 106300 loss 0.1345 lr 3.00e-04 116.4 min
[e2e] step 106400 loss 0.1362 lr 3.00e-04 116.5 min
[e2e] step 106500 loss 0.1326 lr 3.00e-04 116.6 min
[e2e] step 106600 loss 0.1319 lr 3.00e-04 116.7 min
[e2e] step 106700 loss 0.1337 lr 3.00e-04 116.8 min
[e2e] step 106800 loss 0.1377 lr 3.00e-04 116.9 min
[e2e] step 106900 loss 0.1346 lr 3.00e-04 117.0 min
[e2e] step 107000 loss 0.1327 lr 3.00e-04 117.1 min
[e2e] step 107100 loss 0.1362 lr 3.00e-04 117.2 min
[e2e] step 107200 loss 0.1382 lr 3.00e-04 117.3 min
[e2e] step 107300 loss 0.1365 lr 3.00e-04 117.4 min
[e2e] step 107400 loss 0.1340 lr 3.00e-04 117.5 min
[e2e] step 107500 loss 0.1348 lr 3.00e-04 117.6 min
[e2e] step 107600 loss 0.1338 lr 3.00e-04 117.8 min
[e2e] step 107700 loss 0.1300 lr 3.00e-04 117.8 min
[e2e] step 107800 loss 0.1366 lr 3.00e-04 117.9 min
[e2e] step 107900 loss 0.1349 lr 3.00e-04 118.0 min
[e2e] step 108000 loss 0.1332 lr 3.00e-04 118.1 min
[e2e] step 108000 quick period probe (linear, 5 classes, n=4000) bal.acc 0.879
[e2e] step 108100 loss 0.1365 lr 3.00e-04 118.4 min
[e2e] step 108200 loss 0.1331 lr 3.00e-04 118.5 min
[e2e] step 108300 loss 0.1319 lr 3.00e-04 118.6 min
[e2e] step 108400 loss 0.1356 lr 3.00e-04 118.7 min
[e2e] step 108500 loss 0.1370 lr 3.00e-04 118.8 min
[e2e] step 108600 loss 0.1337 lr 3.00e-04 118.9 min
[e2e] step 108700 loss 0.1320 lr 3.00e-04 119.0 min
[e2e] step 108800 loss 0.1364 lr 3.00e-04 119.1 min
[e2e] step 108900 loss 0.1340 lr 3.00e-04 119.2 min
[e2e] step 109000 loss 0.1371 lr 3.00e-04 119.2 min
[e2e] step 109100 loss 0.1351 lr 3.00e-04 119.3 min
[e2e] step 109200 loss 0.1305 lr 3.00e-04 119.4 min
[e2e] step 109300 loss 0.1295 lr 3.00e-04 119.5 min
[e2e] step 109400 loss 0.1382 lr 3.00e-04 119.6 min
[e2e] step 109500 loss 0.1311 lr 3.00e-04 119.7 min
[e2e] step 109600 loss 0.1341 lr 3.00e-04 119.8 min
[e2e] step 109700 loss 0.1312 lr 3.00e-04 119.9 min
[e2e] step 109800 loss 0.1290 lr 3.00e-04 120.0 min
[e2e] step 109900 loss 0.1360 lr 3.00e-04 120.1 min
[e2e] step 110000 loss 0.1350 lr 3.00e-04 120.2 min
[e2e] step 110000 quick period probe (linear, 5 classes, n=4000) bal.acc 0.867
[e2e] step 110100 loss 0.1337 lr 3.00e-04 120.6 min
[e2e] step 110200 loss 0.1329 lr 3.00e-04 120.7 min
[e2e] step 110300 loss 0.1309 lr 3.00e-04 120.8 min
[e2e] step 110400 loss 0.1373 lr 3.00e-04 120.9 min
[e2e] step 110500 loss 0.1334 lr 3.00e-04 121.0 min
[e2e] step 110600 loss 0.1333 lr 3.00e-04 121.1 min
[e2e] step 110700 loss 0.1350 lr 3.00e-04 121.2 min
[e2e] step 110800 loss 0.1327 lr 3.00e-04 121.3 min
[e2e] step 110900 loss 0.1310 lr 3.00e-04 121.4 min
[e2e] step 111000 loss 0.1316 lr 3.00e-04 121.4 min
[e2e] step 111100 loss 0.1317 lr 3.00e-04 121.5 min
[e2e] step 111200 loss 0.1342 lr 3.00e-04 121.6 min
[e2e] step 111300 loss 0.1358 lr 3.00e-04 121.7 min
[e2e] step 111400 loss 0.1312 lr 3.00e-04 121.8 min
[e2e] step 111500 loss 0.1343 lr 3.00e-04 121.9 min
[e2e] step 111600 loss 0.1354 lr 3.00e-04 122.0 min
[e2e] step 111700 loss 0.1317 lr 3.00e-04 122.1 min
[e2e] step 111800 loss 0.1355 lr 3.00e-04 122.2 min
[e2e] step 111900 loss 0.1339 lr 3.00e-04 122.3 min
[e2e] step 112000 loss 0.1326 lr 3.00e-04 122.4 min
[e2e] step 112000 quick period probe (linear, 5 classes, n=4000) bal.acc 0.865
[e2e] step 112100 loss 0.1286 lr 3.00e-04 122.8 min
[e2e] step 112200 loss 0.1306 lr 3.00e-04 122.9 min
[e2e] step 112300 loss 0.1283 lr 3.00e-04 123.0 min
[e2e] step 112400 loss 0.1335 lr 3.00e-04 123.1 min
[e2e] step 112500 loss 0.1337 lr 3.00e-04 123.2 min
[e2e] step 112600 loss 0.1322 lr 3.00e-04 123.3 min
[e2e] step 112700 loss 0.1325 lr 3.00e-04 123.4 min
[e2e] step 112800 loss 0.1328 lr 3.00e-04 123.5 min
[e2e] step 112900 loss 0.1307 lr 3.00e-04 123.5 min
[e2e] step 113000 loss 0.1352 lr 3.00e-04 123.6 min
[e2e] step 113100 loss 0.1317 lr 3.00e-04 123.7 min
[e2e] step 113200 loss 0.1331 lr 3.00e-04 123.8 min
[e2e] step 113300 loss 0.1303 lr 3.00e-04 123.9 min
[e2e] step 113400 loss 0.1308 lr 3.00e-04 124.0 min
[e2e] step 113500 loss 0.1324 lr 3.00e-04 124.1 min
[e2e] step 113600 loss 0.1288 lr 3.00e-04 124.2 min
[e2e] step 113700 loss 0.1324 lr 3.00e-04 124.3 min
[e2e] step 113800 loss 0.1318 lr 3.00e-04 124.4 min
[e2e] step 113900 loss 0.1309 lr 3.00e-04 124.5 min
[e2e] step 114000 loss 0.1307 lr 3.00e-04 124.5 min
[e2e] step 114000 quick period probe (linear, 5 classes, n=4000) bal.acc 0.858
[e2e] step 114100 loss 0.1347 lr 3.00e-04 125.0 min
[e2e] step 114200 loss 0.1287 lr 3.00e-04 125.0 min
[e2e] step 114300 loss 0.1268 lr 3.00e-04 125.1 min
[e2e] step 114400 loss 0.1342 lr 3.00e-04 125.2 min
[e2e] step 114500 loss 0.1321 lr 3.00e-04 125.3 min
[e2e] step 114600 loss 0.1305 lr 3.00e-04 125.4 min
[e2e] step 114700 loss 0.1322 lr 3.00e-04 125.5 min
[e2e] step 114800 loss 0.1318 lr 3.00e-04 125.6 min
[e2e] step 114900 loss 0.1279 lr 3.00e-04 125.7 min
[e2e] step 115000 loss 0.1327 lr 3.00e-04 125.8 min
[e2e] step 115100 loss 0.1299 lr 3.00e-04 125.9 min
[e2e] step 115200 loss 0.1343 lr 3.00e-04 125.9 min
[e2e] step 115300 loss 0.1273 lr 3.00e-04 126.0 min
[e2e] step 115400 loss 0.1347 lr 3.00e-04 126.1 min
[e2e] step 115500 loss 0.1347 lr 3.00e-04 126.2 min
[e2e] step 115600 loss 0.1318 lr 3.00e-04 126.3 min
[e2e] step 115700 loss 0.1332 lr 3.00e-04 126.4 min
[e2e] step 115800 loss 0.1335 lr 3.00e-04 126.5 min
[e2e] step 115900 loss 0.1285 lr 3.00e-04 126.6 min
[e2e] step 116000 loss 0.1273 lr 3.00e-04 126.7 min
[e2e] step 116000 quick period probe (linear, 5 classes, n=4000) bal.acc 0.845
[e2e] step 116100 loss 0.1308 lr 3.00e-04 127.2 min
[e2e] step 116200 loss 0.1314 lr 3.00e-04 127.3 min
[e2e] step 116300 loss 0.1324 lr 3.00e-04 127.4 min
[e2e] step 116400 loss 0.1329 lr 3.00e-04 127.5 min
[e2e] step 116500 loss 0.1350 lr 3.00e-04 127.6 min
[e2e] step 116600 loss 0.1355 lr 3.00e-04 127.7 min
[e2e] step 116700 loss 0.1277 lr 3.00e-04 127.8 min
[e2e] step 116800 loss 0.1299 lr 3.00e-04 127.9 min
[e2e] step 116900 loss 0.1332 lr 3.00e-04 128.0 min
[e2e] step 117000 loss 0.1292 lr 3.00e-04 128.1 min
[e2e] step 117100 loss 0.1323 lr 3.00e-04 128.2 min
[e2e] step 117200 loss 0.1346 lr 3.00e-04 128.2 min
[e2e] step 117300 loss 0.1275 lr 3.00e-04 128.3 min
[e2e] step 117400 loss 0.1309 lr 3.00e-04 128.4 min
[e2e] step 117500 loss 0.1360 lr 3.00e-04 128.5 min
[e2e] step 117600 loss 0.1327 lr 3.00e-04 128.6 min
[e2e] step 117700 loss 0.1311 lr 3.00e-04 128.7 min
[e2e] step 117800 loss 0.1319 lr 3.00e-04 128.8 min
[e2e] step 117900 loss 0.1327 lr 3.00e-04 128.9 min
[e2e] step 118000 loss 0.1284 lr 3.00e-04 129.0 min
[e2e] step 118000 quick period probe (linear, 5 classes, n=4000) bal.acc 0.872
[e2e] step 118100 loss 0.1285 lr 3.00e-04 129.4 min
[e2e] step 118200 loss 0.1312 lr 3.00e-04 129.5 min
[e2e] step 118300 loss 0.1252 lr 3.00e-04 129.6 min
[e2e] step 118400 loss 0.1281 lr 3.00e-04 129.7 min
[e2e] step 118500 loss 0.1305 lr 3.00e-04 129.7 min
[e2e] step 118600 loss 0.1263 lr 3.00e-04 129.8 min
[e2e] step 118700 loss 0.1308 lr 3.00e-04 129.9 min
[e2e] step 118800 loss 0.1303 lr 3.00e-04 130.0 min
[e2e] step 118900 loss 0.1322 lr 3.00e-04 130.1 min
[e2e] step 119000 loss 0.1316 lr 3.00e-04 130.2 min
[e2e] step 119100 loss 0.1306 lr 3.00e-04 130.3 min
[e2e] step 119200 loss 0.1269 lr 3.00e-04 130.4 min
[e2e] step 119300 loss 0.1300 lr 3.00e-04 130.5 min
[e2e] step 119400 loss 0.1311 lr 3.00e-04 130.6 min
[e2e] step 119500 loss 0.1265 lr 3.00e-04 130.7 min
[e2e] step 119600 loss 0.1288 lr 3.00e-04 130.8 min
[e2e] step 119700 loss 0.1275 lr 3.00e-04 130.9 min
[e2e] step 119800 loss 0.1289 lr 3.00e-04 131.0 min
[e2e] step 119900 loss 0.1290 lr 3.00e-04 131.1 min
[e2e] step 120000 loss 0.1330 lr 3.00e-04 131.2 min
[e2e] step 120000 quick period probe (linear, 5 classes, n=4000) bal.acc 0.861
[e2e] step 120100 loss 0.1277 lr 3.00e-04 131.5 min
[e2e] step 120200 loss 0.1255 lr 3.00e-04 131.6 min
[e2e] step 120300 loss 0.1260 lr 3.00e-04 131.7 min
[e2e] step 120400 loss 0.1264 lr 3.00e-04 131.8 min
[e2e] step 120500 loss 0.1323 lr 3.00e-04 131.9 min
[e2e] step 120600 loss 0.1346 lr 3.00e-04 132.0 min
[e2e] step 120700 loss 0.1311 lr 3.00e-04 132.1 min
[e2e] step 120800 loss 0.1343 lr 3.00e-04 132.2 min
[e2e] step 120900 loss 0.1283 lr 3.00e-04 132.3 min
[e2e] step 121000 loss 0.1306 lr 3.00e-04 132.4 min
[e2e] step 121100 loss 0.1286 lr 3.00e-04 132.5 min
[e2e] step 121200 loss 0.1314 lr 3.00e-04 132.5 min
[e2e] step 121300 loss 0.1290 lr 3.00e-04 132.6 min
[e2e] step 121400 loss 0.1269 lr 3.00e-04 132.7 min
[e2e] step 121500 loss 0.1325 lr 3.00e-04 132.8 min
[e2e] step 121600 loss 0.1310 lr 3.00e-04 132.9 min
[e2e] step 121700 loss 0.1268 lr 3.00e-04 133.0 min
[e2e] step 121800 loss 0.1307 lr 3.00e-04 133.1 min
[e2e] step 121900 loss 0.1254 lr 3.00e-04 133.2 min
[e2e] step 122000 loss 0.1272 lr 3.00e-04 133.3 min
[e2e] step 122000 quick period probe (linear, 5 classes, n=4000) bal.acc 0.852
[e2e] step 122100 loss 0.1317 lr 3.00e-04 133.7 min
[e2e] step 122200 loss 0.1276 lr 3.00e-04 133.8 min
[e2e] step 122300 loss 0.1263 lr 3.00e-04 133.9 min
[e2e] step 122400 loss 0.1288 lr 3.00e-04 134.0 min
[e2e] step 122500 loss 0.1296 lr 3.00e-04 134.1 min
[e2e] step 122600 loss 0.1293 lr 3.00e-04 134.2 min
[e2e] step 122700 loss 0.1282 lr 3.00e-04 134.3 min
[e2e] step 122800 loss 0.1303 lr 3.00e-04 134.4 min
[e2e] step 122900 loss 0.1264 lr 3.00e-04 134.5 min
[e2e] step 123000 loss 0.1257 lr 3.00e-04 134.6 min
[e2e] step 123100 loss 0.1312 lr 3.00e-04 134.7 min
[e2e] step 123200 loss 0.1287 lr 3.00e-04 134.8 min
[e2e] step 123300 loss 0.1313 lr 3.00e-04 134.9 min
[e2e] step 123400 loss 0.1270 lr 3.00e-04 135.0 min
[e2e] step 123500 loss 0.1268 lr 3.00e-04 135.1 min
[e2e] step 123600 loss 0.1241 lr 3.00e-04 135.2 min
[e2e] step 123700 loss 0.1255 lr 3.00e-04 135.3 min
[e2e] step 123800 loss 0.1248 lr 3.00e-04 135.4 min
[e2e] step 123900 loss 0.1262 lr 3.00e-04 135.5 min
[e2e] step 124000 loss 0.1219 lr 3.00e-04 135.5 min
[e2e] step 124000 quick period probe (linear, 5 classes, n=4000) bal.acc 0.850
[e2e] step 124100 loss 0.1252 lr 3.00e-04 135.9 min
[e2e] step 124200 loss 0.1230 lr 3.00e-04 136.0 min
[e2e] step 124300 loss 0.1276 lr 3.00e-04 136.1 min
[e2e] step 124400 loss 0.1250 lr 3.00e-04 136.2 min
[e2e] step 124500 loss 0.1260 lr 3.00e-04 136.3 min
[e2e] step 124600 loss 0.1286 lr 3.00e-04 136.4 min
[e2e] step 124700 loss 0.1275 lr 3.00e-04 136.5 min
[e2e] step 124800 loss 0.1231 lr 3.00e-04 136.6 min
[e2e] step 124900 loss 0.1292 lr 3.00e-04 136.7 min
[e2e] step 125000 loss 0.1280 lr 3.00e-04 136.7 min
[e2e] step 125100 loss 0.1244 lr 3.00e-04 136.8 min
[e2e] step 125200 loss 0.1254 lr 3.00e-04 136.9 min
[e2e] step 125300 loss 0.1271 lr 3.00e-04 137.0 min
[e2e] step 125400 loss 0.1258 lr 3.00e-04 137.1 min
[e2e] step 125500 loss 0.1282 lr 3.00e-04 137.2 min
[e2e] step 125600 loss 0.1263 lr 3.00e-04 137.3 min
[e2e] step 125700 loss 0.1271 lr 3.00e-04 137.4 min
[e2e] step 125800 loss 0.1270 lr 3.00e-04 137.5 min
[e2e] step 125900 loss 0.1250 lr 3.00e-04 137.6 min
[e2e] step 126000 loss 0.1275 lr 3.00e-04 137.7 min
[e2e] step 126000 quick period probe (linear, 5 classes, n=4000) bal.acc 0.833
[e2e] step 126100 loss 0.1328 lr 3.00e-04 138.1 min
[e2e] step 126200 loss 0.1255 lr 3.00e-04 138.2 min
[e2e] step 126300 loss 0.1278 lr 3.00e-04 138.3 min
[e2e] step 126400 loss 0.1233 lr 3.00e-04 138.4 min
[e2e] step 126500 loss 0.1254 lr 3.00e-04 138.5 min
[e2e] step 126600 loss 0.1245 lr 3.00e-04 138.6 min
[e2e] step 126700 loss 0.1260 lr 3.00e-04 138.6 min
[e2e] step 126800 loss 0.1271 lr 3.00e-04 138.7 min
[e2e] step 126900 loss 0.1287 lr 3.00e-04 138.8 min
[e2e] step 127000 loss 0.1224 lr 3.00e-04 138.9 min
[e2e] step 127100 loss 0.1252 lr 3.00e-04 139.0 min
[e2e] step 127200 loss 0.1247 lr 3.00e-04 139.1 min
[e2e] step 127300 loss 0.1255 lr 3.00e-04 139.2 min
[e2e] step 127400 loss 0.1253 lr 3.00e-04 139.3 min
[e2e] step 127500 loss 0.1268 lr 3.00e-04 139.4 min
[e2e] step 127600 loss 0.1272 lr 3.00e-04 139.5 min
[e2e] step 127700 loss 0.1258 lr 3.00e-04 139.6 min
[e2e] step 127800 loss 0.1295 lr 3.00e-04 139.7 min
[e2e] step 127900 loss 0.1240 lr 3.00e-04 139.8 min
[e2e] step 128000 loss 0.1204 lr 3.00e-04 139.8 min
[e2e] step 128000 quick period probe (linear, 5 classes, n=4000) bal.acc 0.846
[e2e] step 128100 loss 0.1261 lr 3.00e-04 140.2 min
[e2e] step 128200 loss 0.1259 lr 3.00e-04 140.3 min
[e2e] step 128300 loss 0.1253 lr 3.00e-04 140.3 min
[e2e] step 128400 loss 0.1298 lr 3.00e-04 140.4 min
[e2e] step 128500 loss 0.1315 lr 3.00e-04 140.5 min
[e2e] step 128600 loss 0.1258 lr 3.00e-04 140.6 min
[e2e] step 128700 loss 0.1264 lr 3.00e-04 140.7 min
[e2e] step 128800 loss 0.1242 lr 3.00e-04 140.8 min
[e2e] step 128900 loss 0.1228 lr 3.00e-04 140.9 min
[e2e] step 129000 loss 0.1277 lr 3.00e-04 141.0 min
[e2e] step 129100 loss 0.1211 lr 3.00e-04 141.1 min
[e2e] step 129200 loss 0.1272 lr 3.00e-04 141.2 min
[e2e] step 129300 loss 0.1277 lr 3.00e-04 141.3 min
[e2e] step 129400 loss 0.1272 lr 3.00e-04 141.4 min
[e2e] step 129500 loss 0.1225 lr 3.00e-04 141.5 min
[e2e] step 129600 loss 0.1261 lr 3.00e-04 141.5 min
[e2e] step 129700 loss 0.1304 lr 3.00e-04 141.6 min
[e2e] step 129800 loss 0.1305 lr 3.00e-04 141.7 min
[e2e] step 129900 loss 0.1260 lr 3.00e-04 141.8 min
[e2e] step 130000 loss 0.1279 lr 3.00e-04 141.9 min
[e2e] step 130000 quick period probe (linear, 5 classes, n=4000) bal.acc 0.844
[e2e] step 130100 loss 0.1236 lr 3.00e-04 142.3 min
[e2e] step 130200 loss 0.1282 lr 3.00e-04 142.4 min
[e2e] step 130300 loss 0.1269 lr 3.00e-04 142.5 min
[e2e] step 130400 loss 0.1230 lr 3.00e-04 142.6 min
[e2e] step 130500 loss 0.1259 lr 3.00e-04 142.7 min
[e2e] step 130600 loss 0.1254 lr 3.00e-04 142.8 min
[e2e] step 130700 loss 0.1254 lr 3.00e-04 142.9 min
[e2e] step 130800 loss 0.1273 lr 3.00e-04 143.0 min
[e2e] step 130900 loss 0.1268 lr 3.00e-04 143.1 min
[e2e] step 131000 loss 0.1234 lr 3.00e-04 143.2 min
[e2e] step 131100 loss 0.1282 lr 3.00e-04 143.3 min
[e2e] step 131200 loss 0.1226 lr 3.00e-04 143.4 min
[e2e] step 131300 loss 0.1239 lr 3.00e-04 143.4 min
[e2e] step 131400 loss 0.1227 lr 3.00e-04 143.5 min
[e2e] step 131500 loss 0.1273 lr 3.00e-04 143.6 min
[e2e] step 131600 loss 0.1263 lr 3.00e-04 143.7 min
[e2e] step 131700 loss 0.1211 lr 3.00e-04 143.8 min
[e2e] step 131800 loss 0.1253 lr 3.00e-04 143.9 min
[e2e] step 131900 loss 0.1252 lr 3.00e-04 144.0 min
[e2e] step 132000 loss 0.1292 lr 3.00e-04 144.1 min
[e2e] step 132000 quick period probe (linear, 5 classes, n=4000) bal.acc 0.853
[e2e] step 132100 loss 0.1257 lr 3.00e-04 144.4 min
[e2e] step 132200 loss 0.1254 lr 3.00e-04 144.5 min
[e2e] step 132300 loss 0.1275 lr 3.00e-04 144.6 min
[e2e] step 132400 loss 0.1260 lr 3.00e-04 144.7 min
[e2e] step 132500 loss 0.1236 lr 3.00e-04 144.8 min
[e2e] step 132600 loss 0.1254 lr 3.00e-04 144.9 min
[e2e] step 132700 loss 0.1263 lr 3.00e-04 145.0 min
[e2e] step 132800 loss 0.1273 lr 3.00e-04 145.1 min
[e2e] step 132900 loss 0.1246 lr 3.00e-04 145.2 min
[e2e] step 133000 loss 0.1273 lr 3.00e-04 145.3 min
[e2e] step 133100 loss 0.1261 lr 3.00e-04 145.4 min
[e2e] step 133200 loss 0.1290 lr 3.00e-04 145.4 min
[e2e] step 133300 loss 0.1240 lr 3.00e-04 145.5 min
[e2e] step 133400 loss 0.1295 lr 3.00e-04 145.6 min
[e2e] step 133500 loss 0.1274 lr 3.00e-04 145.7 min
[e2e] step 133600 loss 0.1231 lr 3.00e-04 145.8 min
[e2e] step 133700 loss 0.1233 lr 3.00e-04 145.9 min
[e2e] step 133800 loss 0.1243 lr 3.00e-04 146.0 min
[e2e] step 133900 loss 0.1253 lr 3.00e-04 146.1 min
[e2e] step 134000 loss 0.1214 lr 3.00e-04 146.2 min
[e2e] step 134000 quick period probe (linear, 5 classes, n=4000) bal.acc 0.846
[e2e] step 134100 loss 0.1230 lr 3.00e-04 146.5 min
[e2e] step 134200 loss 0.1248 lr 3.00e-04 146.6 min
[e2e] step 134300 loss 0.1230 lr 3.00e-04 146.7 min
[e2e] step 134400 loss 0.1205 lr 3.00e-04 146.8 min
[e2e] step 134500 loss 0.1234 lr 3.00e-04 146.8 min
[e2e] step 134600 loss 0.1283 lr 3.00e-04 146.9 min
[e2e] step 134700 loss 0.1246 lr 3.00e-04 147.0 min
[e2e] step 134800 loss 0.1204 lr 3.00e-04 147.1 min
[e2e] step 134900 loss 0.1233 lr 3.00e-04 147.2 min
[e2e] step 135000 loss 0.1226 lr 3.00e-04 147.3 min
[e2e] step 135100 loss 0.1234 lr 3.00e-04 147.4 min
[e2e] step 135200 loss 0.1188 lr 3.00e-04 147.5 min
[e2e] step 135300 loss 0.1239 lr 3.00e-04 147.6 min
[e2e] step 135400 loss 0.1214 lr 3.00e-04 147.7 min
[e2e] step 135500 loss 0.1232 lr 3.00e-04 147.8 min
[e2e] step 135600 loss 0.1242 lr 3.00e-04 147.8 min
[e2e] step 135700 loss 0.1249 lr 3.00e-04 147.9 min
[e2e] step 135800 loss 0.1236 lr 3.00e-04 148.0 min
[e2e] step 135900 loss 0.1226 lr 3.00e-04 148.1 min
[e2e] step 136000 loss 0.1195 lr 3.00e-04 148.2 min
[e2e] step 136000 quick period probe (linear, 5 classes, n=4000) bal.acc 0.873
[e2e] step 136100 loss 0.1238 lr 3.00e-04 148.5 min
[e2e] step 136200 loss 0.1231 lr 3.00e-04 148.6 min
[e2e] step 136300 loss 0.1247 lr 3.00e-04 148.7 min
[e2e] step 136400 loss 0.1227 lr 3.00e-04 148.8 min
[e2e] step 136500 loss 0.1283 lr 3.00e-04 148.9 min
[e2e] step 136600 loss 0.1209 lr 3.00e-04 149.0 min
[e2e] step 136700 loss 0.1268 lr 3.00e-04 149.1 min
[e2e] step 136800 loss 0.1211 lr 3.00e-04 149.1 min
[e2e] step 136900 loss 0.1230 lr 3.00e-04 149.2 min
[e2e] step 137000 loss 0.1257 lr 3.00e-04 149.3 min
[e2e] step 137100 loss 0.1239 lr 3.00e-04 149.4 min
[e2e] step 137200 loss 0.1241 lr 3.00e-04 149.5 min
[e2e] step 137300 loss 0.1212 lr 3.00e-04 149.6 min
[e2e] step 137400 loss 0.1237 lr 3.00e-04 149.7 min
[e2e] step 137500 loss 0.1214 lr 3.00e-04 149.8 min
[e2e] step 137600 loss 0.1195 lr 3.00e-04 149.9 min
[e2e] step 137700 loss 0.1236 lr 3.00e-04 150.0 min
[e2e] step 137800 loss 0.1222 lr 3.00e-04 150.1 min
[e2e] step 137900 loss 0.1257 lr 3.00e-04 150.1 min
[e2e] step 138000 loss 0.1244 lr 3.00e-04 150.2 min
[e2e] step 138000 quick period probe (linear, 5 classes, n=4000) bal.acc 0.876
[e2e] step 138100 loss 0.1244 lr 3.00e-04 150.6 min
[e2e] step 138200 loss 0.1244 lr 3.00e-04 150.7 min
[e2e] step 138300 loss 0.1237 lr 3.00e-04 150.8 min
[e2e] step 138400 loss 0.1242 lr 3.00e-04 150.9 min
[e2e] step 138500 loss 0.1239 lr 3.00e-04 151.0 min
[e2e] step 138600 loss 0.1245 lr 3.00e-04 151.1 min
[e2e] step 138700 loss 0.1216 lr 3.00e-04 151.2 min
[e2e] step 138800 loss 0.1210 lr 3.00e-04 151.3 min
[e2e] step 138900 loss 0.1178 lr 3.00e-04 151.4 min
[e2e] step 139000 loss 0.1224 lr 3.00e-04 151.5 min
[e2e] step 139100 loss 0.1219 lr 3.00e-04 151.6 min
[e2e] step 139200 loss 0.1224 lr 3.00e-04 151.6 min
[e2e] step 139300 loss 0.1251 lr 3.00e-04 151.7 min
[e2e] step 139400 loss 0.1217 lr 3.00e-04 151.8 min
[e2e] step 139500 loss 0.1238 lr 3.00e-04 151.9 min
[e2e] step 139600 loss 0.1198 lr 3.00e-04 152.0 min
[e2e] step 139700 loss 0.1212 lr 3.00e-04 152.1 min
[e2e] step 139800 loss 0.1229 lr 3.00e-04 152.2 min
[e2e] step 139900 loss 0.1268 lr 3.00e-04 152.3 min
[e2e] step 140000 loss 0.1235 lr 3.00e-04 152.4 min
[e2e] step 140000 quick period probe (linear, 5 classes, n=4000) bal.acc 0.881
[e2e] step 140100 loss 0.1242 lr 3.00e-04 152.9 min
[e2e] step 140200 loss 0.1275 lr 3.00e-04 153.0 min
[e2e] step 140300 loss 0.1190 lr 3.00e-04 153.1 min
[e2e] step 140400 loss 0.1186 lr 3.00e-04 153.2 min
[e2e] step 140500 loss 0.1211 lr 3.00e-04 153.3 min
[e2e] step 140600 loss 0.1207 lr 3.00e-04 153.4 min
[e2e] step 140700 loss 0.1229 lr 3.00e-04 153.5 min
[e2e] step 140800 loss 0.1243 lr 3.00e-04 153.6 min
[e2e] step 140900 loss 0.1213 lr 3.00e-04 153.7 min
[e2e] step 141000 loss 0.1210 lr 3.00e-04 153.8 min
[e2e] step 141100 loss 0.1254 lr 3.00e-04 153.8 min
[e2e] step 141200 loss 0.1204 lr 3.00e-04 153.9 min
[e2e] step 141300 loss 0.1219 lr 3.00e-04 154.0 min
[e2e] step 141400 loss 0.1229 lr 3.00e-04 154.1 min
[e2e] step 141500 loss 0.1229 lr 3.00e-04 154.2 min
[e2e] step 141600 loss 0.1191 lr 3.00e-04 154.3 min
[e2e] step 141700 loss 0.1225 lr 3.00e-04 154.4 min
[e2e] step 141800 loss 0.1217 lr 3.00e-04 154.5 min
[e2e] step 141900 loss 0.1214 lr 3.00e-04 154.6 min
[e2e] step 142000 loss 0.1239 lr 3.00e-04 154.7 min
[e2e] step 142000 quick period probe (linear, 5 classes, n=4000) bal.acc 0.870
[e2e] step 142100 loss 0.1237 lr 3.00e-04 155.1 min
[e2e] step 142200 loss 0.1218 lr 3.00e-04 155.2 min
[e2e] step 142300 loss 0.1242 lr 3.00e-04 155.3 min
[e2e] step 142400 loss 0.1208 lr 3.00e-04 155.4 min
[e2e] step 142500 loss 0.1228 lr 3.00e-04 155.5 min
[e2e] step 142600 loss 0.1261 lr 3.00e-04 155.5 min
[e2e] step 142700 loss 0.1249 lr 3.00e-04 155.6 min
[e2e] step 142800 loss 0.1197 lr 3.00e-04 155.7 min
[e2e] step 142900 loss 0.1240 lr 3.00e-04 155.8 min
[e2e] step 143000 loss 0.1240 lr 3.00e-04 155.9 min
[e2e] step 143100 loss 0.1265 lr 3.00e-04 156.0 min
[e2e] step 143200 loss 0.1183 lr 3.00e-04 156.1 min
[e2e] step 143300 loss 0.1246 lr 3.00e-04 156.2 min
[e2e] step 143400 loss 0.1207 lr 3.00e-04 156.3 min
[e2e] step 143500 loss 0.1264 lr 3.00e-04 156.4 min
[e2e] step 143600 loss 0.1201 lr 3.00e-04 156.5 min
[e2e] step 143700 loss 0.1232 lr 3.00e-04 156.6 min
[e2e] step 143800 loss 0.1202 lr 3.00e-04 156.6 min
[e2e] step 143900 loss 0.1230 lr 3.00e-04 156.7 min
[e2e] step 144000 loss 0.1195 lr 3.00e-04 156.8 min
[e2e] step 144000 quick period probe (linear, 5 classes, n=4000) bal.acc 0.850
[e2e] step 144100 loss 0.1257 lr 3.00e-04 157.2 min
[e2e] step 144200 loss 0.1198 lr 3.00e-04 157.3 min
[e2e] step 144300 loss 0.1242 lr 3.00e-04 157.4 min
[e2e] step 144400 loss 0.1225 lr 3.00e-04 157.5 min
[e2e] step 144500 loss 0.1218 lr 3.00e-04 157.6 min
[e2e] step 144600 loss 0.1224 lr 3.00e-04 157.7 min
[e2e] step 144700 loss 0.1208 lr 3.00e-04 157.8 min
[e2e] step 144800 loss 0.1217 lr 3.00e-04 157.9 min
[e2e] step 144900 loss 0.1164 lr 3.00e-04 158.0 min
[e2e] step 145000 loss 0.1197 lr 3.00e-04 158.0 min
[e2e] step 145100 loss 0.1186 lr 3.00e-04 158.1 min
[e2e] step 145200 loss 0.1172 lr 3.00e-04 158.2 min
[e2e] step 145300 loss 0.1199 lr 3.00e-04 158.3 min
[e2e] step 145400 loss 0.1189 lr 3.00e-04 158.4 min
[e2e] step 145500 loss 0.1211 lr 3.00e-04 158.5 min
[e2e] step 145600 loss 0.1226 lr 3.00e-04 158.6 min
[e2e] step 145700 loss 0.1169 lr 3.00e-04 158.7 min
[e2e] step 145800 loss 0.1249 lr 3.00e-04 158.8 min
[e2e] step 145900 loss 0.1215 lr 3.00e-04 158.9 min
[e2e] step 146000 loss 0.1227 lr 3.00e-04 158.9 min
[e2e] step 146000 quick period probe (linear, 5 classes, n=4000) bal.acc 0.868
[e2e] step 146100 loss 0.1192 lr 3.00e-04 159.2 min
[e2e] step 146200 loss 0.1241 lr 3.00e-04 159.3 min
[e2e] step 146300 loss 0.1202 lr 3.00e-04 159.4 min
[e2e] step 146400 loss 0.1207 lr 3.00e-04 159.5 min
[e2e] step 146500 loss 0.1228 lr 3.00e-04 159.6 min
[e2e] step 146600 loss 0.1200 lr 3.00e-04 159.7 min
[e2e] step 146700 loss 0.1230 lr 3.00e-04 159.8 min
[e2e] step 146800 loss 0.1176 lr 3.00e-04 159.9 min
[e2e] step 146900 loss 0.1196 lr 3.00e-04 159.9 min
[e2e] step 147000 loss 0.1214 lr 3.00e-04 160.0 min
[e2e] step 147100 loss 0.1214 lr 3.00e-04 160.1 min
[e2e] step 147200 loss 0.1237 lr 3.00e-04 160.2 min
[e2e] step 147300 loss 0.1201 lr 3.00e-04 160.3 min
[e2e] step 147400 loss 0.1186 lr 3.00e-04 160.4 min
[e2e] step 147500 loss 0.1266 lr 3.00e-04 160.5 min
[e2e] step 147600 loss 0.1183 lr 3.00e-04 160.6 min
[e2e] step 147700 loss 0.1210 lr 3.00e-04 160.7 min
[e2e] step 147800 loss 0.1192 lr 3.00e-04 160.8 min
[e2e] step 147900 loss 0.1203 lr 3.00e-04 160.8 min
[e2e] step 148000 loss 0.1178 lr 3.00e-04 160.9 min
[e2e] step 148000 quick period probe (linear, 5 classes, n=4000) bal.acc 0.861
[e2e] step 148100 loss 0.1220 lr 3.00e-04 161.3 min
[e2e] step 148200 loss 0.1194 lr 3.00e-04 161.4 min
[e2e] step 148300 loss 0.1167 lr 3.00e-04 161.5 min
[e2e] step 148400 loss 0.1147 lr 3.00e-04 161.6 min
[e2e] step 148500 loss 0.1227 lr 3.00e-04 161.7 min
[e2e] step 148600 loss 0.1149 lr 3.00e-04 161.8 min
[e2e] step 148700 loss 0.1194 lr 3.00e-04 161.8 min
[e2e] step 148800 loss 0.1160 lr 3.00e-04 161.9 min
[e2e] step 148900 loss 0.1210 lr 3.00e-04 162.0 min
[e2e] step 149000 loss 0.1147 lr 3.00e-04 162.1 min
[e2e] step 149100 loss 0.1225 lr 3.00e-04 162.2 min
[e2e] step 149200 loss 0.1203 lr 3.00e-04 162.3 min
[e2e] step 149300 loss 0.1209 lr 3.00e-04 162.4 min
[e2e] step 149400 loss 0.1212 lr 3.00e-04 162.5 min
[e2e] step 149500 loss 0.1165 lr 3.00e-04 162.6 min
[e2e] step 149600 loss 0.1207 lr 3.00e-04 162.7 min
[e2e] step 149700 loss 0.1216 lr 3.00e-04 162.8 min
[e2e] step 149800 loss 0.1160 lr 3.00e-04 162.8 min
[e2e] step 149900 loss 0.1202 lr 3.00e-04 162.9 min
[e2e] step 150000 loss 0.1197 lr 3.00e-04 163.0 min
[e2e] step 150000 quick period probe (linear, 5 classes, n=4000) bal.acc 0.844
[e2e] step 150100 loss 0.1246 lr 3.00e-04 163.4 min
[e2e] step 150200 loss 0.1177 lr 3.00e-04 163.5 min
[e2e] step 150300 loss 0.1207 lr 3.00e-04 163.5 min
[e2e] step 150400 loss 0.1137 lr 3.00e-04 163.6 min
[e2e] step 150500 loss 0.1161 lr 3.00e-04 163.7 min
[e2e] step 150600 loss 0.1192 lr 3.00e-04 163.8 min
[e2e] step 150700 loss 0.1224 lr 3.00e-04 163.9 min
[e2e] step 150800 loss 0.1214 lr 3.00e-04 164.0 min
[e2e] step 150900 loss 0.1204 lr 3.00e-04 164.1 min
[e2e] step 151000 loss 0.1161 lr 3.00e-04 164.2 min
[e2e] step 151100 loss 0.1226 lr 3.00e-04 164.3 min
[e2e] step 151200 loss 0.1250 lr 3.00e-04 164.4 min
[e2e] step 151300 loss 0.1165 lr 3.00e-04 164.5 min
[e2e] step 151400 loss 0.1166 lr 3.00e-04 164.6 min
[e2e] step 151500 loss 0.1202 lr 3.00e-04 164.7 min
[e2e] step 151600 loss 0.1202 lr 3.00e-04 164.8 min
[e2e] step 151700 loss 0.1173 lr 3.00e-04 164.9 min
[e2e] step 151800 loss 0.1194 lr 3.00e-04 165.0 min
[e2e] step 151900 loss 0.1147 lr 3.00e-04 165.0 min
[e2e] step 152000 loss 0.1219 lr 3.00e-04 165.1 min
[e2e] step 152000 quick period probe (linear, 5 classes, n=4000) bal.acc 0.852
[e2e] step 152100 loss 0.1165 lr 3.00e-04 165.5 min
[e2e] step 152200 loss 0.1176 lr 3.00e-04 165.6 min
[e2e] step 152300 loss 0.1196 lr 3.00e-04 165.7 min
[e2e] step 152400 loss 0.1156 lr 3.00e-04 165.8 min
[e2e] step 152500 loss 0.1228 lr 3.00e-04 165.9 min
[e2e] step 152600 loss 0.1142 lr 3.00e-04 165.9 min
[e2e] step 152700 loss 0.1207 lr 3.00e-04 166.0 min
[e2e] step 152800 loss 0.1223 lr 3.00e-04 166.1 min
[e2e] step 152900 loss 0.1204 lr 3.00e-04 166.2 min
[e2e] step 153000 loss 0.1189 lr 3.00e-04 166.3 min
[e2e] step 153100 loss 0.1174 lr 3.00e-04 166.4 min
[e2e] step 153200 loss 0.1164 lr 3.00e-04 166.5 min
[e2e] step 153300 loss 0.1227 lr 3.00e-04 166.6 min
[e2e] step 153400 loss 0.1164 lr 3.00e-04 166.7 min
[e2e] step 153500 loss 0.1166 lr 3.00e-04 166.8 min
[e2e] step 153600 loss 0.1222 lr 3.00e-04 166.9 min
[e2e] step 153700 loss 0.1219 lr 3.00e-04 167.0 min
[e2e] step 153800 loss 0.1201 lr 3.00e-04 167.0 min
[e2e] step 153900 loss 0.1198 lr 3.00e-04 167.1 min
[e2e] step 154000 loss 0.1218 lr 3.00e-04 167.2 min
[e2e] step 154000 quick period probe (linear, 5 classes, n=4000) bal.acc 0.863
[e2e] step 154100 loss 0.1198 lr 3.00e-04 167.6 min
[e2e] step 154200 loss 0.1169 lr 3.00e-04 167.7 min
[e2e] step 154300 loss 0.1214 lr 3.00e-04 167.7 min
[e2e] step 154400 loss 0.1158 lr 3.00e-04 167.8 min
[e2e] step 154500 loss 0.1178 lr 3.00e-04 167.9 min
[e2e] step 154600 loss 0.1199 lr 3.00e-04 168.0 min
[e2e] step 154700 loss 0.1171 lr 3.00e-04 168.1 min
[e2e] step 154800 loss 0.1213 lr 3.00e-04 168.2 min
[e2e] step 154900 loss 0.1190 lr 3.00e-04 168.3 min
[e2e] step 155000 loss 0.1167 lr 3.00e-04 168.4 min
[e2e] step 155100 loss 0.1154 lr 3.00e-04 168.5 min
[e2e] step 155200 loss 0.1178 lr 3.00e-04 168.6 min
[e2e] step 155300 loss 0.1195 lr 3.00e-04 168.6 min
[e2e] step 155400 loss 0.1209 lr 3.00e-04 168.7 min
[e2e] step 155500 loss 0.1183 lr 3.00e-04 168.8 min
[e2e] step 155600 loss 0.1183 lr 3.00e-04 168.9 min
[e2e] step 155700 loss 0.1164 lr 3.00e-04 169.0 min
[e2e] step 155800 loss 0.1192 lr 3.00e-04 169.1 min
[e2e] step 155900 loss 0.1198 lr 3.00e-04 169.2 min
[e2e] step 156000 loss 0.1219 lr 3.00e-04 169.3 min
[e2e] step 156000 quick period probe (linear, 5 classes, n=4000) bal.acc 0.870
[e2e] step 156100 loss 0.1202 lr 3.00e-04 169.7 min
[e2e] step 156200 loss 0.1212 lr 3.00e-04 169.7 min
[e2e] step 156300 loss 0.1215 lr 3.00e-04 169.8 min
[e2e] step 156400 loss 0.1216 lr 3.00e-04 169.9 min
[e2e] step 156500 loss 0.1170 lr 3.00e-04 170.0 min
[e2e] step 156600 loss 0.1196 lr 3.00e-04 170.1 min
[e2e] step 156700 loss 0.1155 lr 3.00e-04 170.2 min
[e2e] step 156800 loss 0.1212 lr 3.00e-04 170.3 min
[e2e] step 156900 loss 0.1183 lr 3.00e-04 170.4 min
[e2e] step 157000 loss 0.1211 lr 3.00e-04 170.5 min
[e2e] step 157100 loss 0.1193 lr 3.00e-04 170.6 min
[e2e] step 157200 loss 0.1171 lr 3.00e-04 170.7 min
[e2e] step 157300 loss 0.1196 lr 3.00e-04 170.8 min
[e2e] step 157400 loss 0.1167 lr 3.00e-04 170.9 min
[e2e] step 157500 loss 0.1153 lr 3.00e-04 171.0 min
[e2e] step 157600 loss 0.1141 lr 3.00e-04 171.0 min
[e2e] step 157700 loss 0.1179 lr 3.00e-04 171.1 min
[e2e] step 157800 loss 0.1172 lr 3.00e-04 171.2 min
[e2e] step 157900 loss 0.1164 lr 3.00e-04 171.3 min
[e2e] step 158000 loss 0.1173 lr 3.00e-04 171.4 min
[e2e] step 158000 quick period probe (linear, 5 classes, n=4000) bal.acc 0.838
[e2e] step 158100 loss 0.1183 lr 3.00e-04 171.8 min
[e2e] step 158200 loss 0.1201 lr 3.00e-04 171.8 min
[e2e] step 158300 loss 0.1186 lr 3.00e-04 171.9 min
[e2e] step 158400 loss 0.1169 lr 3.00e-04 172.0 min
[e2e] step 158500 loss 0.1162 lr 3.00e-04 172.1 min
[e2e] step 158600 loss 0.1208 lr 3.00e-04 172.2 min
[e2e] step 158700 loss 0.1189 lr 3.00e-04 172.3 min
[e2e] step 158800 loss 0.1177 lr 3.00e-04 172.4 min
[e2e] step 158900 loss 0.1171 lr 3.00e-04 172.5 min
[e2e] step 159000 loss 0.1207 lr 3.00e-04 172.6 min
[e2e] step 159100 loss 0.1170 lr 3.00e-04 172.7 min
[e2e] step 159200 loss 0.1130 lr 3.00e-04 172.8 min
[e2e] step 159300 loss 0.1175 lr 3.00e-04 172.8 min
[e2e] step 159400 loss 0.1175 lr 3.00e-04 172.9 min
[e2e] step 159500 loss 0.1190 lr 3.00e-04 173.0 min
[e2e] step 159600 loss 0.1155 lr 3.00e-04 173.1 min
[e2e] step 159700 loss 0.1189 lr 3.00e-04 173.2 min
[e2e] step 159800 loss 0.1156 lr 3.00e-04 173.3 min
[e2e] step 159900 loss 0.1200 lr 3.00e-04 173.4 min
[e2e] step 160000 loss 0.1199 lr 3.00e-04 173.5 min
[e2e] step 160000 quick period probe (linear, 5 classes, n=4000) bal.acc 0.870
[e2e] step 160100 loss 0.1175 lr 3.00e-04 173.9 min
[e2e] step 160200 loss 0.1161 lr 3.00e-04 174.0 min
[e2e] step 160300 loss 0.1142 lr 3.00e-04 174.1 min
[e2e] step 160400 loss 0.1191 lr 3.00e-04 174.2 min
[e2e] step 160500 loss 0.1184 lr 3.00e-04 174.3 min
[e2e] step 160600 loss 0.1134 lr 3.00e-04 174.4 min
[e2e] step 160700 loss 0.1129 lr 3.00e-04 174.4 min
[e2e] step 160800 loss 0.1167 lr 3.00e-04 174.5 min
[e2e] step 160900 loss 0.1164 lr 3.00e-04 174.6 min
[e2e] step 161000 loss 0.1188 lr 3.00e-04 174.7 min
[e2e] step 161100 loss 0.1208 lr 3.00e-04 174.8 min
[e2e] step 161200 loss 0.1207 lr 3.00e-04 174.9 min
[e2e] step 161300 loss 0.1208 lr 3.00e-04 175.0 min
[e2e] step 161400 loss 0.1181 lr 3.00e-04 175.1 min
[e2e] step 161500 loss 0.1152 lr 3.00e-04 175.2 min
[e2e] step 161600 loss 0.1212 lr 3.00e-04 175.3 min
[e2e] step 161700 loss 0.1154 lr 3.00e-04 175.3 min
[e2e] step 161800 loss 0.1165 lr 3.00e-04 175.4 min
[e2e] step 161900 loss 0.1185 lr 3.00e-04 175.5 min
[e2e] step 162000 loss 0.1197 lr 3.00e-04 175.6 min
[e2e] step 162000 quick period probe (linear, 5 classes, n=4000) bal.acc 0.858
[e2e] step 162100 loss 0.1165 lr 3.00e-04 176.0 min
[e2e] step 162200 loss 0.1156 lr 3.00e-04 176.1 min
[e2e] step 162300 loss 0.1187 lr 3.00e-04 176.2 min
[e2e] step 162400 loss 0.1154 lr 3.00e-04 176.3 min
[e2e] step 162500 loss 0.1138 lr 3.00e-04 176.4 min
[e2e] step 162600 loss 0.1155 lr 3.00e-04 176.5 min
[e2e] step 162700 loss 0.1194 lr 3.00e-04 176.6 min
[e2e] step 162800 loss 0.1166 lr 3.00e-04 176.7 min
[e2e] step 162900 loss 0.1153 lr 3.00e-04 176.7 min
[e2e] step 163000 loss 0.1200 lr 3.00e-04 176.8 min
[e2e] step 163100 loss 0.1184 lr 3.00e-04 176.9 min
[e2e] step 163200 loss 0.1191 lr 3.00e-04 177.0 min
[e2e] step 163300 loss 0.1176 lr 3.00e-04 177.1 min
[e2e] step 163400 loss 0.1132 lr 3.00e-04 177.2 min
[e2e] step 163500 loss 0.1159 lr 3.00e-04 177.3 min
[e2e] step 163600 loss 0.1187 lr 3.00e-04 177.4 min
[e2e] step 163700 loss 0.1133 lr 3.00e-04 177.5 min
[e2e] step 163800 loss 0.1209 lr 3.00e-04 177.6 min
[e2e] step 163900 loss 0.1193 lr 3.00e-04 177.7 min
[e2e] step 164000 loss 0.1155 lr 3.00e-04 177.8 min
[e2e] step 164000 quick period probe (linear, 5 classes, n=4000) bal.acc 0.883
[e2e] step 164100 loss 0.1206 lr 3.00e-04 178.2 min
[e2e] step 164200 loss 0.1150 lr 3.00e-04 178.3 min
[e2e] step 164300 loss 0.1174 lr 3.00e-04 178.4 min
[e2e] step 164400 loss 0.1194 lr 3.00e-04 178.5 min
[e2e] step 164500 loss 0.1187 lr 3.00e-04 178.6 min
[e2e] step 164600 loss 0.1210 lr 3.00e-04 178.7 min
[e2e] step 164700 loss 0.1159 lr 3.00e-04 178.8 min
[e2e] step 164800 loss 0.1178 lr 3.00e-04 178.9 min
[e2e] step 164900 loss 0.1128 lr 3.00e-04 179.0 min
[e2e] step 165000 loss 0.1149 lr 3.00e-04 179.1 min
[e2e] step 165100 loss 0.1168 lr 3.00e-04 179.2 min
[e2e] step 165200 loss 0.1194 lr 3.00e-04 179.3 min
[e2e] step 165300 loss 0.1175 lr 3.00e-04 179.4 min
[e2e] step 165400 loss 0.1207 lr 3.00e-04 179.5 min
[e2e] step 165500 loss 0.1130 lr 3.00e-04 179.6 min
[e2e] step 165600 loss 0.1131 lr 3.00e-04 179.7 min
[e2e] step 165700 loss 0.1172 lr 3.00e-04 179.8 min
[e2e] step 165800 loss 0.1161 lr 3.00e-04 179.9 min
[e2e] step 165900 loss 0.1181 lr 3.00e-04 179.9 min
[e2e] step 166000 loss 0.1108 lr 3.00e-04 180.0 min
[e2e] step 166000 quick period probe (linear, 5 classes, n=4000) bal.acc 0.863
[e2e] step 166100 loss 0.1165 lr 3.00e-04 180.4 min
[e2e] step 166200 loss 0.1183 lr 3.00e-04 180.5 min
[e2e] step 166300 loss 0.1158 lr 3.00e-04 180.6 min
[e2e] step 166400 loss 0.1195 lr 3.00e-04 180.7 min
[e2e] step 166500 loss 0.1175 lr 3.00e-04 180.8 min
[e2e] step 166600 loss 0.1120 lr 3.00e-04 180.8 min
[e2e] step 166700 loss 0.1146 lr 3.00e-04 180.9 min
[e2e] step 166800 loss 0.1176 lr 3.00e-04 181.0 min
[e2e] step 166900 loss 0.1206 lr 3.00e-04 181.1 min
[e2e] step 167000 loss 0.1187 lr 3.00e-04 181.2 min
[e2e] step 167100 loss 0.1188 lr 3.00e-04 181.3 min
[e2e] step 167200 loss 0.1159 lr 3.00e-04 181.4 min
[e2e] step 167300 loss 0.1163 lr 3.00e-04 181.5 min
[e2e] step 167400 loss 0.1144 lr 3.00e-04 181.6 min
[e2e] step 167500 loss 0.1098 lr 3.00e-04 181.7 min
[e2e] step 167600 loss 0.1184 lr 3.00e-04 181.8 min
[e2e] step 167700 loss 0.1140 lr 3.00e-04 181.9 min
[e2e] step 167800 loss 0.1158 lr 3.00e-04 181.9 min
[e2e] step 167900 loss 0.1178 lr 3.00e-04 182.0 min
[e2e] step 168000 loss 0.1164 lr 3.00e-04 182.1 min
[e2e] step 168000 quick period probe (linear, 5 classes, n=4000) bal.acc 0.871
[e2e] step 168100 loss 0.1184 lr 3.00e-04 182.5 min
[e2e] step 168200 loss 0.1141 lr 3.00e-04 182.6 min
[e2e] step 168300 loss 0.1169 lr 3.00e-04 182.7 min
[e2e] step 168400 loss 0.1122 lr 3.00e-04 182.8 min
[e2e] step 168500 loss 0.1198 lr 3.00e-04 182.8 min
[e2e] step 168600 loss 0.1146 lr 3.00e-04 182.9 min
[e2e] step 168700 loss 0.1145 lr 3.00e-04 183.0 min
[e2e] step 168800 loss 0.1117 lr 3.00e-04 183.1 min
[e2e] step 168900 loss 0.1199 lr 3.00e-04 183.2 min
[e2e] step 169000 loss 0.1137 lr 3.00e-04 183.3 min
[e2e] step 169100 loss 0.1127 lr 3.00e-04 183.4 min
[e2e] step 169200 loss 0.1141 lr 3.00e-04 183.5 min
[e2e] step 169300 loss 0.1139 lr 3.00e-04 183.6 min
[e2e] step 169400 loss 0.1143 lr 3.00e-04 183.7 min
[e2e] step 169500 loss 0.1176 lr 3.00e-04 183.8 min
[e2e] step 169600 loss 0.1132 lr 3.00e-04 183.9 min
[e2e] step 169700 loss 0.1128 lr 3.00e-04 183.9 min
[e2e] step 169800 loss 0.1155 lr 3.00e-04 184.0 min
[e2e] step 169900 loss 0.1160 lr 3.00e-04 184.1 min
[e2e] step 170000 loss 0.1191 lr 3.00e-04 184.2 min
[e2e] step 170000 quick period probe (linear, 5 classes, n=4000) bal.acc 0.850
[e2e] step 170100 loss 0.1145 lr 3.00e-04 184.6 min
[e2e] step 170200 loss 0.1146 lr 3.00e-04 184.7 min
[e2e] step 170300 loss 0.1100 lr 3.00e-04 184.7 min
[e2e] step 170400 loss 0.1116 lr 3.00e-04 184.8 min
[e2e] step 170500 loss 0.1159 lr 3.00e-04 184.9 min
[e2e] step 170600 loss 0.1168 lr 3.00e-04 185.0 min
[e2e] step 170700 loss 0.1144 lr 3.00e-04 185.1 min
[e2e] step 170800 loss 0.1167 lr 3.00e-04 185.2 min
[e2e] step 170900 loss 0.1147 lr 3.00e-04 185.3 min
[e2e] step 171000 loss 0.1187 lr 3.00e-04 185.4 min
[e2e] step 171100 loss 0.1158 lr 3.00e-04 185.5 min
[e2e] step 171200 loss 0.1144 lr 3.00e-04 185.6 min
[e2e] step 171300 loss 0.1163 lr 3.00e-04 185.7 min
[e2e] step 171400 loss 0.1126 lr 3.00e-04 185.7 min
[e2e] step 171500 loss 0.1165 lr 3.00e-04 185.8 min
[e2e] step 171600 loss 0.1140 lr 3.00e-04 185.9 min
[e2e] step 171700 loss 0.1096 lr 3.00e-04 186.0 min
[e2e] step 171800 loss 0.1159 lr 3.00e-04 186.1 min
[e2e] step 171900 loss 0.1152 lr 3.00e-04 186.2 min
[e2e] step 172000 loss 0.1124 lr 3.00e-04 186.3 min
[e2e] step 172000 quick period probe (linear, 5 classes, n=4000) bal.acc 0.864
[e2e] step 172100 loss 0.1169 lr 3.00e-04 186.6 min
[e2e] step 172200 loss 0.1196 lr 3.00e-04 186.7 min
[e2e] step 172300 loss 0.1215 lr 3.00e-04 186.8 min
[e2e] step 172400 loss 0.1114 lr 3.00e-04 186.9 min
[e2e] step 172500 loss 0.1108 lr 3.00e-04 187.0 min
[e2e] step 172600 loss 0.1123 lr 3.00e-04 187.1 min
[e2e] step 172700 loss 0.1140 lr 3.00e-04 187.2 min
[e2e] step 172800 loss 0.1118 lr 3.00e-04 187.3 min
[e2e] step 172900 loss 0.1173 lr 3.00e-04 187.4 min
[e2e] step 173000 loss 0.1100 lr 3.00e-04 187.4 min
[e2e] step 173100 loss 0.1164 lr 3.00e-04 187.5 min
[e2e] step 173200 loss 0.1105 lr 3.00e-04 187.6 min
[e2e] step 173300 loss 0.1165 lr 3.00e-04 187.7 min
[e2e] step 173400 loss 0.1142 lr 3.00e-04 187.8 min
[e2e] step 173500 loss 0.1154 lr 3.00e-04 187.9 min
[e2e] step 173600 loss 0.1090 lr 3.00e-04 188.0 min
[e2e] step 173700 loss 0.1161 lr 3.00e-04 188.1 min
[e2e] step 173800 loss 0.1153 lr 3.00e-04 188.2 min
[e2e] step 173900 loss 0.1177 lr 3.00e-04 188.3 min
[e2e] step 174000 loss 0.1150 lr 3.00e-04 188.4 min
[e2e] step 174000 quick period probe (linear, 5 classes, n=4000) bal.acc 0.857
[e2e] step 174100 loss 0.1106 lr 3.00e-04 188.8 min
[e2e] step 174200 loss 0.1143 lr 3.00e-04 188.9 min
[e2e] step 174300 loss 0.1161 lr 3.00e-04 189.0 min
[e2e] step 174400 loss 0.1124 lr 3.00e-04 189.1 min
[e2e] step 174500 loss 0.1142 lr 3.00e-04 189.2 min
[e2e] step 174600 loss 0.1129 lr 3.00e-04 189.3 min
[e2e] step 174700 loss 0.1150 lr 3.00e-04 189.4 min
[e2e] step 174800 loss 0.1144 lr 3.00e-04 189.5 min
[e2e] step 174900 loss 0.1152 lr 3.00e-04 189.6 min
[e2e] step 175000 loss 0.1160 lr 3.00e-04 189.7 min
[e2e] step 175100 loss 0.1147 lr 3.00e-04 189.8 min
[e2e] step 175200 loss 0.1124 lr 3.00e-04 189.9 min
[e2e] step 175300 loss 0.1152 lr 3.00e-04 190.0 min
[e2e] step 175400 loss 0.1140 lr 3.00e-04 190.0 min
[e2e] step 175500 loss 0.1110 lr 3.00e-04 190.1 min
[e2e] step 175600 loss 0.1195 lr 3.00e-04 190.2 min
[e2e] step 175700 loss 0.1174 lr 3.00e-04 190.3 min
[e2e] step 175800 loss 0.1135 lr 3.00e-04 190.4 min
[e2e] step 175900 loss 0.1178 lr 3.00e-04 190.5 min
[e2e] step 176000 loss 0.1146 lr 3.00e-04 190.6 min
[e2e] step 176000 quick period probe (linear, 5 classes, n=4000) bal.acc 0.856
[e2e] step 176100 loss 0.1144 lr 3.00e-04 191.0 min
[e2e] step 176200 loss 0.1171 lr 3.00e-04 191.0 min
[e2e] step 176300 loss 0.1118 lr 3.00e-04 191.1 min
[e2e] step 176400 loss 0.1166 lr 3.00e-04 191.2 min
[e2e] step 176500 loss 0.1135 lr 3.00e-04 191.3 min
[e2e] step 176600 loss 0.1147 lr 3.00e-04 191.4 min
[e2e] step 176700 loss 0.1144 lr 3.00e-04 191.5 min
[e2e] step 176800 loss 0.1123 lr 3.00e-04 191.6 min
[e2e] step 176900 loss 0.1203 lr 3.00e-04 191.7 min
[e2e] step 177000 loss 0.1154 lr 3.00e-04 191.8 min
[e2e] step 177100 loss 0.1137 lr 3.00e-04 191.9 min
[e2e] step 177200 loss 0.1138 lr 3.00e-04 192.0 min
[e2e] step 177300 loss 0.1110 lr 3.00e-04 192.0 min
[e2e] step 177400 loss 0.1164 lr 3.00e-04 192.1 min
[e2e] step 177500 loss 0.1157 lr 3.00e-04 192.2 min
[e2e] step 177600 loss 0.1087 lr 3.00e-04 192.3 min
[e2e] step 177700 loss 0.1137 lr 3.00e-04 192.4 min
[e2e] step 177800 loss 0.1140 lr 3.00e-04 192.5 min
[e2e] step 177900 loss 0.1150 lr 3.00e-04 192.6 min
[e2e] step 178000 loss 0.1137 lr 3.00e-04 192.7 min
[e2e] step 178000 quick period probe (linear, 5 classes, n=4000) bal.acc 0.876
[e2e] step 178100 loss 0.1125 lr 3.00e-04 193.1 min
[e2e] step 178200 loss 0.1143 lr 3.00e-04 193.2 min
[e2e] step 178300 loss 0.1112 lr 3.00e-04 193.3 min
[e2e] step 178400 loss 0.1148 lr 3.00e-04 193.4 min
[e2e] step 178500 loss 0.1137 lr 3.00e-04 193.5 min
[e2e] step 178600 loss 0.1118 lr 3.00e-04 193.5 min
[e2e] step 178700 loss 0.1125 lr 3.00e-04 193.6 min
[e2e] step 178800 loss 0.1106 lr 3.00e-04 193.7 min
[e2e] step 178900 loss 0.1115 lr 3.00e-04 193.8 min
[e2e] step 179000 loss 0.1111 lr 3.00e-04 193.9 min
[e2e] step 179100 loss 0.1157 lr 3.00e-04 194.0 min
[e2e] step 179200 loss 0.1114 lr 3.00e-04 194.1 min
[e2e] step 179300 loss 0.1170 lr 3.00e-04 194.2 min
[e2e] step 179400 loss 0.1125 lr 3.00e-04 194.3 min
[e2e] step 179500 loss 0.1136 lr 3.00e-04 194.4 min
[e2e] step 179600 loss 0.1123 lr 3.00e-04 194.5 min
[e2e] step 179700 loss 0.1174 lr 3.00e-04 194.5 min
[e2e] step 179800 loss 0.1142 lr 3.00e-04 194.6 min
[e2e] step 179900 loss 0.1084 lr 3.00e-04 194.7 min
[e2e] step 180000 loss 0.1152 lr 3.00e-04 194.8 min
[e2e] step 180000 quick period probe (linear, 5 classes, n=4000) bal.acc 0.875
[e2e] step 180100 loss 0.1071 lr 3.00e-04 195.1 min
[e2e] step 180200 loss 0.1158 lr 3.00e-04 195.2 min
[e2e] step 180300 loss 0.1102 lr 3.00e-04 195.3 min
[e2e] step 180400 loss 0.1110 lr 3.00e-04 195.4 min
[e2e] step 180500 loss 0.1126 lr 3.00e-04 195.5 min
[e2e] step 180600 loss 0.1150 lr 3.00e-04 195.6 min
[e2e] step 180700 loss 0.1135 lr 3.00e-04 195.7 min
[e2e] step 180800 loss 0.1121 lr 3.00e-04 195.8 min
[e2e] step 180900 loss 0.1123 lr 3.00e-04 195.9 min
[e2e] step 181000 loss 0.1158 lr 3.00e-04 196.0 min
[e2e] step 181100 loss 0.1135 lr 3.00e-04 196.1 min
[e2e] step 181200 loss 0.1122 lr 3.00e-04 196.1 min
[e2e] step 181300 loss 0.1096 lr 3.00e-04 196.2 min
[e2e] step 181400 loss 0.1149 lr 3.00e-04 196.3 min
[e2e] step 181500 loss 0.1119 lr 3.00e-04 196.4 min
[e2e] step 181600 loss 0.1099 lr 3.00e-04 196.5 min
[e2e] step 181700 loss 0.1108 lr 3.00e-04 196.6 min
[e2e] step 181800 loss 0.1147 lr 3.00e-04 196.7 min
[e2e] step 181900 loss 0.1170 lr 3.00e-04 196.8 min
[e2e] step 182000 loss 0.1119 lr 3.00e-04 196.9 min
[e2e] step 182000 quick period probe (linear, 5 classes, n=4000) bal.acc 0.864
[e2e] step 182100 loss 0.1120 lr 3.00e-04 197.2 min
[e2e] step 182200 loss 0.1125 lr 3.00e-04 197.3 min
[e2e] step 182300 loss 0.1124 lr 3.00e-04 197.4 min
[e2e] step 182400 loss 0.1147 lr 3.00e-04 197.5 min
[e2e] step 182500 loss 0.1123 lr 3.00e-04 197.6 min
[e2e] step 182600 loss 0.1098 lr 3.00e-04 197.7 min
[e2e] step 182700 loss 0.1131 lr 3.00e-04 197.8 min
[e2e] step 182800 loss 0.1126 lr 3.00e-04 197.9 min
[e2e] step 182900 loss 0.1165 lr 3.00e-04 198.0 min
[e2e] step 183000 loss 0.1113 lr 3.00e-04 198.1 min
[e2e] step 183100 loss 0.1130 lr 3.00e-04 198.1 min
[e2e] step 183200 loss 0.1121 lr 3.00e-04 198.2 min
[e2e] step 183300 loss 0.1147 lr 3.00e-04 198.3 min
[e2e] step 183400 loss 0.1114 lr 3.00e-04 198.4 min
[e2e] step 183500 loss 0.1128 lr 3.00e-04 198.5 min
[e2e] step 183600 loss 0.1087 lr 3.00e-04 198.6 min
[e2e] step 183700 loss 0.1138 lr 3.00e-04 198.7 min
[e2e] step 183800 loss 0.1081 lr 3.00e-04 198.8 min
[e2e] step 183900 loss 0.1144 lr 3.00e-04 198.9 min
[e2e] step 184000 loss 0.1075 lr 3.00e-04 199.0 min
[e2e] step 184000 quick period probe (linear, 5 classes, n=4000) bal.acc 0.839
[e2e] step 184100 loss 0.1169 lr 3.00e-04 199.4 min
[e2e] step 184200 loss 0.1119 lr 3.00e-04 199.5 min
[e2e] step 184300 loss 0.1158 lr 3.00e-04 199.6 min
[e2e] step 184400 loss 0.1112 lr 3.00e-04 199.7 min
[e2e] step 184500 loss 0.1154 lr 3.00e-04 199.8 min
[e2e] step 184600 loss 0.1121 lr 3.00e-04 199.8 min
[e2e] step 184700 loss 0.1110 lr 3.00e-04 199.9 min
[e2e] step 184800 loss 0.1118 lr 3.00e-04 200.0 min
[e2e] step 184900 loss 0.1162 lr 3.00e-04 200.1 min
[e2e] step 185000 loss 0.1151 lr 3.00e-04 200.2 min
[e2e] step 185100 loss 0.1109 lr 3.00e-04 200.3 min
[e2e] step 185200 loss 0.1111 lr 3.00e-04 200.4 min
[e2e] step 185300 loss 0.1153 lr 3.00e-04 200.5 min
[e2e] step 185400 loss 0.1108 lr 3.00e-04 200.6 min
[e2e] step 185500 loss 0.1145 lr 3.00e-04 200.7 min
[e2e] step 185600 loss 0.1083 lr 3.00e-04 200.8 min
[e2e] step 185700 loss 0.1098 lr 3.00e-04 200.9 min
[e2e] step 185800 loss 0.1154 lr 3.00e-04 201.0 min
[e2e] step 185900 loss 0.1105 lr 3.00e-04 201.1 min
[e2e] step 186000 loss 0.1148 lr 3.00e-04 201.2 min
[e2e] step 186000 quick period probe (linear, 5 classes, n=4000) bal.acc 0.842
[e2e] step 186100 loss 0.1109 lr 3.00e-04 201.7 min
[e2e] step 186200 loss 0.1148 lr 3.00e-04 201.7 min
[e2e] step 186300 loss 0.1141 lr 3.00e-04 201.8 min
[e2e] step 186400 loss 0.1094 lr 3.00e-04 201.9 min
[e2e] step 186500 loss 0.1120 lr 3.00e-04 202.0 min
[e2e] step 186600 loss 0.1109 lr 3.00e-04 202.1 min
[e2e] step 186700 loss 0.1103 lr 3.00e-04 202.2 min
[e2e] step 186800 loss 0.1143 lr 3.00e-04 202.3 min
[e2e] step 186900 loss 0.1092 lr 3.00e-04 202.4 min
[e2e] step 187000 loss 0.1132 lr 3.00e-04 202.5 min
[e2e] step 187100 loss 0.1120 lr 3.00e-04 202.6 min
[e2e] step 187200 loss 0.1121 lr 3.00e-04 202.7 min
[e2e] step 187300 loss 0.1121 lr 3.00e-04 202.8 min
[e2e] step 187400 loss 0.1155 lr 3.00e-04 202.9 min
[e2e] step 187500 loss 0.1102 lr 3.00e-04 202.9 min
[e2e] step 187600 loss 0.1142 lr 3.00e-04 203.0 min
[e2e] step 187700 loss 0.1090 lr 3.00e-04 203.1 min
[e2e] step 187800 loss 0.1126 lr 3.00e-04 203.2 min
[e2e] step 187900 loss 0.1150 lr 3.00e-04 203.3 min
[e2e] step 188000 loss 0.1133 lr 3.00e-04 203.4 min
[e2e] step 188000 quick period probe (linear, 5 classes, n=4000) bal.acc 0.843
[e2e] step 188100 loss 0.1088 lr 3.00e-04 203.7 min
[e2e] step 188200 loss 0.1149 lr 3.00e-04 203.8 min
[e2e] step 188300 loss 0.1109 lr 3.00e-04 203.9 min
[e2e] step 188400 loss 0.1118 lr 3.00e-04 204.0 min
[e2e] step 188500 loss 0.1117 lr 3.00e-04 204.1 min
[e2e] step 188600 loss 0.1102 lr 3.00e-04 204.2 min
[e2e] step 188700 loss 0.1120 lr 3.00e-04 204.3 min
[e2e] step 188800 loss 0.1102 lr 3.00e-04 204.3 min
[e2e] step 188900 loss 0.1170 lr 3.00e-04 204.4 min
[e2e] step 189000 loss 0.1178 lr 3.00e-04 204.5 min
[e2e] step 189100 loss 0.1086 lr 3.00e-04 204.6 min
[e2e] step 189200 loss 0.1150 lr 3.00e-04 204.7 min
[e2e] step 189300 loss 0.1118 lr 3.00e-04 204.8 min
[e2e] step 189400 loss 0.1124 lr 3.00e-04 204.9 min
[e2e] step 189500 loss 0.1117 lr 3.00e-04 205.0 min
[e2e] step 189600 loss 0.1142 lr 3.00e-04 205.1 min
[e2e] step 189700 loss 0.1101 lr 3.00e-04 205.2 min
[e2e] step 189800 loss 0.1121 lr 3.00e-04 205.2 min
[e2e] step 189900 loss 0.1124 lr 3.00e-04 205.3 min
[e2e] step 190000 loss 0.1166 lr 3.00e-04 205.4 min
[e2e] step 190000 quick period probe (linear, 5 classes, n=4000) bal.acc 0.862
[e2e] step 190100 loss 0.1161 lr 3.00e-04 205.8 min
[e2e] step 190200 loss 0.1120 lr 3.00e-04 205.9 min
[e2e] step 190300 loss 0.1191 lr 3.00e-04 206.0 min
[e2e] step 190400 loss 0.1087 lr 3.00e-04 206.1 min
[e2e] step 190500 loss 0.1150 lr 3.00e-04 206.2 min
[e2e] step 190600 loss 0.1112 lr 3.00e-04 206.3 min
[e2e] step 190700 loss 0.1145 lr 3.00e-04 206.4 min
[e2e] step 190800 loss 0.1092 lr 3.00e-04 206.5 min
[e2e] step 190900 loss 0.1165 lr 3.00e-04 206.6 min
[e2e] step 191000 loss 0.1084 lr 3.00e-04 206.6 min
[e2e] step 191100 loss 0.1177 lr 3.00e-04 206.7 min
[e2e] step 191200 loss 0.1176 lr 3.00e-04 206.8 min
[e2e] step 191300 loss 0.1087 lr 3.00e-04 206.9 min
[e2e] step 191400 loss 0.1094 lr 3.00e-04 207.0 min
[e2e] step 191500 loss 0.1123 lr 3.00e-04 207.1 min
[e2e] step 191600 loss 0.1064 lr 3.00e-04 207.2 min
[e2e] step 191700 loss 0.1108 lr 3.00e-04 207.3 min
[e2e] step 191800 loss 0.1073 lr 3.00e-04 207.4 min
[e2e] step 191900 loss 0.1089 lr 3.00e-04 207.5 min
[e2e] step 192000 loss 0.1082 lr 3.00e-04 207.5 min
[e2e] step 192000 quick period probe (linear, 5 classes, n=4000) bal.acc 0.848
[e2e] step 192100 loss 0.1147 lr 3.00e-04 208.0 min
[e2e] step 192200 loss 0.1108 lr 3.00e-04 208.0 min
[e2e] step 192300 loss 0.1140 lr 3.00e-04 208.1 min
[e2e] step 192400 loss 0.1123 lr 3.00e-04 208.2 min
[e2e] step 192500 loss 0.1145 lr 3.00e-04 208.3 min
[e2e] step 192600 loss 0.1112 lr 3.00e-04 208.4 min
[e2e] step 192700 loss 0.1143 lr 3.00e-04 208.5 min
[e2e] step 192800 loss 0.1107 lr 3.00e-04 208.6 min
[e2e] step 192900 loss 0.1112 lr 3.00e-04 208.7 min
[e2e] step 193000 loss 0.1098 lr 3.00e-04 208.8 min
[e2e] step 193100 loss 0.1103 lr 3.00e-04 208.9 min
[e2e] step 193200 loss 0.1135 lr 3.00e-04 209.0 min
[e2e] step 193300 loss 0.1126 lr 3.00e-04 209.1 min
[e2e] step 193400 loss 0.1111 lr 3.00e-04 209.1 min
[e2e] step 193500 loss 0.1153 lr 3.00e-04 209.2 min
[e2e] step 193600 loss 0.1126 lr 3.00e-04 209.3 min
[e2e] step 193700 loss 0.1125 lr 3.00e-04 209.4 min
[e2e] step 193800 loss 0.1111 lr 3.00e-04 209.5 min
[e2e] step 193900 loss 0.1117 lr 3.00e-04 209.6 min
[e2e] step 194000 loss 0.1149 lr 3.00e-04 209.7 min
[e2e] step 194000 quick period probe (linear, 5 classes, n=4000) bal.acc 0.877
[e2e] step 194100 loss 0.1123 lr 3.00e-04 210.1 min
[e2e] step 194200 loss 0.1159 lr 3.00e-04 210.2 min
[e2e] step 194300 loss 0.1156 lr 3.00e-04 210.2 min
[e2e] step 194400 loss 0.1116 lr 3.00e-04 210.3 min
[e2e] step 194500 loss 0.1135 lr 3.00e-04 210.4 min
[e2e] step 194600 loss 0.1130 lr 3.00e-04 210.5 min
[e2e] step 194700 loss 0.1127 lr 3.00e-04 210.6 min
[e2e] step 194800 loss 0.1116 lr 3.00e-04 210.7 min
[e2e] step 194900 loss 0.1145 lr 3.00e-04 210.8 min
[e2e] step 195000 loss 0.1112 lr 3.00e-04 210.9 min
[e2e] step 195100 loss 0.1119 lr 3.00e-04 211.0 min
[e2e] step 195200 loss 0.1111 lr 3.00e-04 211.1 min
[e2e] step 195300 loss 0.1106 lr 3.00e-04 211.2 min
[e2e] step 195400 loss 0.1124 lr 3.00e-04 211.3 min
[e2e] step 195500 loss 0.1086 lr 3.00e-04 211.3 min
[e2e] step 195600 loss 0.1107 lr 3.00e-04 211.4 min
[e2e] step 195700 loss 0.1179 lr 3.00e-04 211.5 min
[e2e] step 195800 loss 0.1124 lr 3.00e-04 211.6 min
[e2e] step 195900 loss 0.1100 lr 3.00e-04 211.7 min
[e2e] step 196000 loss 0.1151 lr 3.00e-04 211.8 min
[e2e] step 196000 quick period probe (linear, 5 classes, n=4000) bal.acc 0.842
[e2e] step 196100 loss 0.1120 lr 3.00e-04 212.2 min
[e2e] step 196200 loss 0.1137 lr 3.00e-04 212.3 min
[e2e] step 196300 loss 0.1129 lr 3.00e-04 212.4 min
[e2e] step 196400 loss 0.1111 lr 3.00e-04 212.5 min
[e2e] step 196500 loss 0.1110 lr 3.00e-04 212.6 min
[e2e] step 196600 loss 0.1095 lr 3.00e-04 212.7 min
[e2e] step 196700 loss 0.1135 lr 3.00e-04 212.7 min
[e2e] step 196800 loss 0.1114 lr 3.00e-04 212.8 min
[e2e] step 196900 loss 0.1147 lr 3.00e-04 212.9 min
[e2e] step 197000 loss 0.1146 lr 3.00e-04 213.0 min
[e2e] step 197100 loss 0.1136 lr 3.00e-04 213.1 min
[e2e] step 197200 loss 0.1157 lr 3.00e-04 213.2 min
[e2e] step 197300 loss 0.1123 lr 3.00e-04 213.3 min
[e2e] step 197400 loss 0.1146 lr 3.00e-04 213.4 min
[e2e] step 197500 loss 0.1144 lr 3.00e-04 213.5 min
[e2e] step 197600 loss 0.1102 lr 3.00e-04 213.6 min
[e2e] step 197700 loss 0.1151 lr 3.00e-04 213.7 min
[e2e] step 197800 loss 0.1136 lr 3.00e-04 213.7 min
[e2e] step 197900 loss 0.1128 lr 3.00e-04 213.8 min
[e2e] step 198000 loss 0.1110 lr 3.00e-04 213.9 min
[e2e] step 198000 quick period probe (linear, 5 classes, n=4000) bal.acc 0.852
[e2e] step 198100 loss 0.1105 lr 3.00e-04 214.4 min
[e2e] step 198200 loss 0.1154 lr 3.00e-04 214.4 min
[e2e] step 198300 loss 0.1137 lr 3.00e-04 214.5 min
[e2e] step 198400 loss 0.1133 lr 3.00e-04 214.6 min
[e2e] step 198500 loss 0.1107 lr 3.00e-04 214.7 min
[e2e] step 198600 loss 0.1127 lr 3.00e-04 214.8 min
[e2e] step 198700 loss 0.1136 lr 3.00e-04 214.9 min
[e2e] step 198800 loss 0.1159 lr 3.00e-04 215.0 min
[e2e] step 198900 loss 0.1126 lr 3.00e-04 215.1 min
[e2e] step 199000 loss 0.1151 lr 3.00e-04 215.2 min
[e2e] step 199100 loss 0.1140 lr 3.00e-04 215.3 min
[e2e] step 199200 loss 0.1111 lr 3.00e-04 215.4 min
[e2e] step 199300 loss 0.1112 lr 3.00e-04 215.5 min
[e2e] step 199400 loss 0.1097 lr 3.00e-04 215.5 min
[e2e] step 199500 loss 0.1084 lr 3.00e-04 215.6 min
[e2e] step 199600 loss 0.1124 lr 3.00e-04 215.7 min
[e2e] step 199700 loss 0.1154 lr 3.00e-04 215.8 min
[e2e] step 199800 loss 0.1134 lr 3.00e-04 215.9 min
[e2e] step 199900 loss 0.1134 lr 3.00e-04 216.0 min
[e2e] step 200000 loss 0.1134 lr 3.00e-04 216.1 min
[e2e] step 200000 quick period probe (linear, 5 classes, n=4000) bal.acc 0.852
[e2e] step 200100 loss 0.1168 lr 3.00e-04 216.5 min
[e2e] step 200200 loss 0.1121 lr 3.00e-04 216.6 min
[e2e] step 200300 loss 0.1180 lr 3.00e-04 216.7 min
[e2e] step 200400 loss 0.1153 lr 3.00e-04 216.8 min
[e2e] step 200500 loss 0.1100 lr 3.00e-04 216.9 min
[e2e] step 200600 loss 0.1183 lr 3.00e-04 217.0 min
[e2e] step 200700 loss 0.1078 lr 3.00e-04 217.1 min
[e2e] step 200800 loss 0.1074 lr 3.00e-04 217.1 min
[e2e] step 200900 loss 0.1105 lr 3.00e-04 217.2 min
[e2e] step 201000 loss 0.1150 lr 3.00e-04 217.3 min
[e2e] step 201100 loss 0.1097 lr 3.00e-04 217.4 min
[e2e] step 201200 loss 0.1121 lr 3.00e-04 217.5 min
[e2e] step 201300 loss 0.1138 lr 3.00e-04 217.6 min
[e2e] step 201400 loss 0.1135 lr 3.00e-04 217.7 min
[e2e] step 201500 loss 0.1148 lr 3.00e-04 217.8 min
[e2e] step 201600 loss 0.1122 lr 3.00e-04 217.9 min
[e2e] step 201700 loss 0.1123 lr 3.00e-04 218.0 min
[e2e] step 201800 loss 0.1103 lr 3.00e-04 218.1 min
[e2e] step 201900 loss 0.1139 lr 3.00e-04 218.2 min
[e2e] step 202000 loss 0.1086 lr 3.00e-04 218.2 min
[e2e] step 202000 quick period probe (linear, 5 classes, n=4000) bal.acc 0.839
[e2e] step 202100 loss 0.1175 lr 3.00e-04 218.6 min
[e2e] step 202200 loss 0.1135 lr 3.00e-04 218.7 min
[e2e] step 202300 loss 0.1159 lr 3.00e-04 218.8 min
[e2e] step 202400 loss 0.1116 lr 3.00e-04 218.9 min
[e2e] step 202500 loss 0.1130 lr 3.00e-04 219.0 min
[e2e] step 202600 loss 0.1089 lr 3.00e-04 219.1 min
[e2e] step 202700 loss 0.1121 lr 3.00e-04 219.2 min
[e2e] step 202800 loss 0.1110 lr 3.00e-04 219.3 min
[e2e] step 202900 loss 0.1119 lr 3.00e-04 219.4 min
[e2e] step 203000 loss 0.1143 lr 3.00e-04 219.5 min
[e2e] step 203100 loss 0.1130 lr 3.00e-04 219.6 min
[e2e] step 203200 loss 0.1119 lr 3.00e-04 219.7 min
[e2e] step 203300 loss 0.1139 lr 3.00e-04 219.8 min
[e2e] step 203400 loss 0.1075 lr 3.00e-04 219.8 min
[e2e] step 203500 loss 0.1149 lr 3.00e-04 219.9 min
[e2e] step 203600 loss 0.1136 lr 3.00e-04 220.0 min
[e2e] step 203700 loss 0.1126 lr 3.00e-04 220.1 min
[e2e] step 203800 loss 0.1136 lr 3.00e-04 220.2 min
[e2e] step 203900 loss 0.1118 lr 3.00e-04 220.3 min
[e2e] step 204000 loss 0.1124 lr 3.00e-04 220.4 min
[e2e] step 204000 quick period probe (linear, 5 classes, n=4000) bal.acc 0.832
[e2e] step 204100 loss 0.1115 lr 3.00e-04 221.0 min
[e2e] step 204200 loss 0.1120 lr 3.00e-04 221.1 min
[e2e] step 204300 loss 0.1139 lr 3.00e-04 221.2 min
[e2e] step 204400 loss 0.1127 lr 3.00e-04 221.3 min
[e2e] step 204500 loss 0.1116 lr 3.00e-04 221.4 min
[e2e] step 204600 loss 0.1099 lr 3.00e-04 221.5 min
[e2e] step 204700 loss 0.1111 lr 3.00e-04 221.6 min
[e2e] step 204800 loss 0.1120 lr 3.00e-04 221.7 min
[e2e] step 204900 loss 0.1091 lr 3.00e-04 221.8 min
[e2e] step 205000 loss 0.1119 lr 3.00e-04 221.8 min
[e2e] step 205100 loss 0.1133 lr 3.00e-04 221.9 min
[e2e] step 205200 loss 0.1150 lr 3.00e-04 222.0 min
[e2e] step 205300 loss 0.1116 lr 3.00e-04 222.1 min
[e2e] step 205400 loss 0.1150 lr 3.00e-04 222.2 min
[e2e] step 205500 loss 0.1144 lr 3.00e-04 222.3 min
[e2e] step 205600 loss 0.1120 lr 3.00e-04 222.4 min
[e2e] step 205700 loss 0.1115 lr 3.00e-04 222.5 min
[e2e] step 205800 loss 0.1148 lr 3.00e-04 222.6 min
[e2e] step 205900 loss 0.1155 lr 3.00e-04 222.7 min
[e2e] step 206000 loss 0.1137 lr 3.00e-04 222.8 min
[e2e] step 206000 quick period probe (linear, 5 classes, n=4000) bal.acc 0.853
[e2e] step 206100 loss 0.1148 lr 3.00e-04 223.3 min
[e2e] step 206200 loss 0.1136 lr 3.00e-04 223.4 min
[e2e] step 206300 loss 0.1169 lr 3.00e-04 223.5 min
[e2e] step 206400 loss 0.1158 lr 3.00e-04 223.6 min
[e2e] step 206500 loss 0.1087 lr 3.00e-04 223.7 min
[e2e] step 206600 loss 0.1103 lr 3.00e-04 223.8 min
[e2e] step 206700 loss 0.1118 lr 3.00e-04 223.9 min
[e2e] step 206800 loss 0.1125 lr 3.00e-04 224.0 min
[e2e] step 206900 loss 0.1100 lr 3.00e-04 224.1 min
[e2e] step 207000 loss 0.1145 lr 3.00e-04 224.2 min
[e2e] step 207100 loss 0.1083 lr 3.00e-04 224.3 min
[e2e] step 207200 loss 0.1150 lr 3.00e-04 224.4 min
[e2e] step 207300 loss 0.1063 lr 3.00e-04 224.5 min
[e2e] step 207400 loss 0.1113 lr 3.00e-04 224.6 min
[e2e] step 207500 loss 0.1154 lr 3.00e-04 224.7 min
[e2e] step 207600 loss 0.1117 lr 3.00e-04 224.7 min
[e2e] step 207700 loss 0.1109 lr 3.00e-04 224.8 min
[e2e] step 207800 loss 0.1132 lr 3.00e-04 224.9 min
[e2e] step 207900 loss 0.1114 lr 3.00e-04 225.0 min
[e2e] step 208000 loss 0.1085 lr 3.00e-04 225.1 min
[e2e] step 208000 quick period probe (linear, 5 classes, n=4000) bal.acc 0.840
[e2e] step 208100 loss 0.1109 lr 3.00e-04 225.9 min
[e2e] step 208200 loss 0.1099 lr 3.00e-04 226.0 min
[e2e] step 208300 loss 0.1123 lr 3.00e-04 226.1 min
[e2e] step 208400 loss 0.1080 lr 3.00e-04 226.2 min
[e2e] step 208500 loss 0.1133 lr 3.00e-04 226.3 min
[e2e] step 208600 loss 0.1146 lr 3.00e-04 226.4 min
[e2e] step 208700 loss 0.1088 lr 3.00e-04 226.4 min
[e2e] step 208800 loss 0.1113 lr 3.00e-04 226.5 min
[e2e] step 208900 loss 0.1173 lr 3.00e-04 226.6 min
[e2e] step 209000 loss 0.1160 lr 3.00e-04 226.7 min
[e2e] step 209100 loss 0.1138 lr 3.00e-04 226.8 min
[e2e] step 209200 loss 0.1088 lr 3.00e-04 226.9 min
[e2e] step 209300 loss 0.1187 lr 3.00e-04 227.0 min
[e2e] step 209400 loss 0.1136 lr 3.00e-04 227.1 min
[e2e] step 209500 loss 0.1102 lr 3.00e-04 227.2 min
[e2e] step 209600 loss 0.1108 lr 3.00e-04 227.3 min
[e2e] step 209700 loss 0.1110 lr 3.00e-04 227.4 min
[e2e] step 209800 loss 0.1159 lr 3.00e-04 227.5 min
[e2e] step 209900 loss 0.1098 lr 3.00e-04 227.6 min
[e2e] step 210000 loss 0.1135 lr 3.00e-04 227.7 min
[e2e] step 210000 quick period probe (linear, 5 classes, n=4000) bal.acc 0.856
[e2e] step 210100 loss 0.1104 lr 3.00e-04 228.2 min
[e2e] step 210200 loss 0.1087 lr 3.00e-04 228.3 min
[e2e] step 210300 loss 0.1132 lr 3.00e-04 228.4 min
[e2e] step 210400 loss 0.1166 lr 3.00e-04 228.4 min
[e2e] step 210500 loss 0.1150 lr 3.00e-04 228.5 min
[e2e] step 210600 loss 0.1157 lr 3.00e-04 228.6 min
[e2e] step 210700 loss 0.1124 lr 3.00e-04 228.7 min
[e2e] step 210800 loss 0.1107 lr 3.00e-04 228.8 min
[e2e] step 210900 loss 0.1089 lr 3.00e-04 228.9 min
[e2e] step 211000 loss 0.1114 lr 3.00e-04 229.0 min
[e2e] step 211100 loss 0.1054 lr 3.00e-04 229.1 min
[e2e] step 211200 loss 0.1119 lr 3.00e-04 229.2 min
[e2e] step 211300 loss 0.1133 lr 3.00e-04 229.3 min
[e2e] step 211400 loss 0.1128 lr 3.00e-04 229.4 min
[e2e] step 211500 loss 0.1162 lr 3.00e-04 229.4 min
[e2e] step 211600 loss 0.1115 lr 3.00e-04 229.5 min
[e2e] step 211700 loss 0.1108 lr 3.00e-04 229.6 min
[e2e] step 211800 loss 0.1149 lr 3.00e-04 229.7 min
[e2e] step 211900 loss 0.1160 lr 3.00e-04 229.8 min
[e2e] step 212000 loss 0.1118 lr 3.00e-04 229.9 min
[e2e] step 212000 quick period probe (linear, 5 classes, n=4000) bal.acc 0.859
[e2e] step 212100 loss 0.1125 lr 3.00e-04 230.4 min
[e2e] step 212200 loss 0.1125 lr 3.00e-04 230.5 min
[e2e] step 212300 loss 0.1098 lr 3.00e-04 230.6 min
[e2e] step 212400 loss 0.1133 lr 3.00e-04 230.7 min
[e2e] step 212500 loss 0.1125 lr 3.00e-04 230.7 min
[e2e] step 212600 loss 0.1162 lr 3.00e-04 230.8 min
[e2e] step 212700 loss 0.1119 lr 3.00e-04 230.9 min
[e2e] step 212800 loss 0.1111 lr 3.00e-04 231.0 min
[e2e] step 212900 loss 0.1130 lr 3.00e-04 231.1 min
[e2e] step 213000 loss 0.1132 lr 3.00e-04 231.2 min
[e2e] step 213100 loss 0.1103 lr 3.00e-04 231.3 min
[e2e] step 213200 loss 0.1129 lr 3.00e-04 231.4 min
[e2e] step 213300 loss 0.1107 lr 3.00e-04 231.5 min
[e2e] step 213400 loss 0.1161 lr 3.00e-04 231.6 min
[e2e] step 213500 loss 0.1096 lr 3.00e-04 231.7 min
[e2e] step 213600 loss 0.1160 lr 3.00e-04 231.8 min
[e2e] step 213700 loss 0.1114 lr 3.00e-04 231.9 min
[e2e] step 213800 loss 0.1073 lr 3.00e-04 231.9 min
[e2e] step 213900 loss 0.1107 lr 3.00e-04 232.0 min
[e2e] step 214000 loss 0.1133 lr 3.00e-04 232.1 min
[e2e] step 214000 quick period probe (linear, 5 classes, n=4000) bal.acc 0.847
[e2e] step 214100 loss 0.1172 lr 3.00e-04 232.5 min
[e2e] step 214200 loss 0.1120 lr 3.00e-04 232.6 min
[e2e] step 214300 loss 0.1110 lr 3.00e-04 232.7 min
[e2e] step 214400 loss 0.1139 lr 3.00e-04 232.8 min
[e2e] step 214500 loss 0.1168 lr 3.00e-04 232.9 min
[e2e] step 214600 loss 0.1143 lr 3.00e-04 233.0 min
[e2e] step 214700 loss 0.1143 lr 3.00e-04 233.1 min
[e2e] step 214800 loss 0.1110 lr 3.00e-04 233.2 min
[e2e] step 214900 loss 0.1139 lr 3.00e-04 233.3 min
[e2e] step 215000 loss 0.1141 lr 3.00e-04 233.3 min
[e2e] step 215100 loss 0.1150 lr 3.00e-04 233.4 min
[e2e] step 215200 loss 0.1132 lr 3.00e-04 233.5 min
[e2e] step 215300 loss 0.1113 lr 3.00e-04 233.6 min
[e2e] step 215400 loss 0.1167 lr 3.00e-04 233.7 min
[e2e] step 215500 loss 0.1128 lr 3.00e-04 233.8 min
[e2e] step 215600 loss 0.1120 lr 3.00e-04 233.9 min
[e2e] step 215700 loss 0.1164 lr 3.00e-04 234.0 min
[e2e] step 215800 loss 0.1154 lr 3.00e-04 234.1 min
[e2e] step 215900 loss 0.1099 lr 3.00e-04 234.2 min
[e2e] step 216000 loss 0.1163 lr 3.00e-04 234.3 min
[e2e] step 216000 quick period probe (linear, 5 classes, n=4000) bal.acc 0.865
[e2e] step 216100 loss 0.1161 lr 3.00e-04 234.6 min
[e2e] step 216200 loss 0.1093 lr 3.00e-04 234.7 min
[e2e] step 216300 loss 0.1107 lr 3.00e-04 234.8 min
[e2e] step 216400 loss 0.1133 lr 3.00e-04 234.9 min
[e2e] step 216500 loss 0.1127 lr 3.00e-04 235.0 min
[e2e] step 216600 loss 0.1133 lr 3.00e-04 235.1 min
[e2e] step 216700 loss 0.1133 lr 3.00e-04 235.2 min
[e2e] step 216800 loss 0.1127 lr 3.00e-04 235.2 min
[e2e] step 216900 loss 0.1124 lr 3.00e-04 235.3 min
[e2e] step 217000 loss 0.1109 lr 3.00e-04 235.4 min
[e2e] step 217100 loss 0.1124 lr 3.00e-04 235.5 min
[e2e] step 217200 loss 0.1109 lr 3.00e-04 235.6 min
[e2e] step 217300 loss 0.1162 lr 3.00e-04 235.7 min
[e2e] step 217400 loss 0.1196 lr 3.00e-04 235.8 min
[e2e] step 217500 loss 0.1165 lr 3.00e-04 235.9 min
[e2e] step 217600 loss 0.1140 lr 3.00e-04 236.0 min
[e2e] step 217700 loss 0.1108 lr 3.00e-04 236.1 min
[e2e] step 217800 loss 0.1124 lr 3.00e-04 236.2 min
[e2e] step 217900 loss 0.1146 lr 3.00e-04 236.2 min
[e2e] step 218000 loss 0.1134 lr 3.00e-04 236.3 min
[e2e] step 218000 quick period probe (linear, 5 classes, n=4000) bal.acc 0.839
[e2e] step 218100 loss 0.1154 lr 3.00e-04 236.7 min
[e2e] step 218200 loss 0.1141 lr 3.00e-04 236.8 min
[e2e] step 218300 loss 0.1136 lr 3.00e-04 236.9 min
[e2e] step 218400 loss 0.1120 lr 3.00e-04 237.0 min
[e2e] step 218500 loss 0.1141 lr 3.00e-04 237.1 min
[e2e] step 218600 loss 0.1094 lr 3.00e-04 237.2 min
[e2e] step 218700 loss 0.1136 lr 3.00e-04 237.2 min
[e2e] step 218800 loss 0.1115 lr 3.00e-04 237.3 min
[e2e] step 218900 loss 0.1128 lr 3.00e-04 237.4 min
[e2e] step 219000 loss 0.1188 lr 3.00e-04 237.5 min
[e2e] step 219100 loss 0.1129 lr 3.00e-04 237.6 min
[e2e] step 219200 loss 0.1119 lr 3.00e-04 237.7 min
[e2e] step 219300 loss 0.1124 lr 3.00e-04 237.8 min
[e2e] step 219400 loss 0.1137 lr 3.00e-04 237.9 min
[e2e] step 219500 loss 0.1145 lr 3.00e-04 238.0 min
[e2e] step 219600 loss 0.1162 lr 3.00e-04 238.1 min
[e2e] step 219700 loss 0.1109 lr 3.00e-04 238.2 min
[e2e] step 219800 loss 0.1125 lr 3.00e-04 238.3 min
[e2e] step 219900 loss 0.1142 lr 3.00e-04 238.3 min
[e2e] step 220000 loss 0.1149 lr 3.00e-04 238.4 min
[e2e] step 220000 quick period probe (linear, 5 classes, n=4000) bal.acc 0.852
[e2e] step 220100 loss 0.1110 lr 3.00e-04 238.8 min
[e2e] step 220200 loss 0.1095 lr 3.00e-04 238.9 min
[e2e] step 220300 loss 0.1145 lr 3.00e-04 239.0 min
[e2e] step 220400 loss 0.1093 lr 3.00e-04 239.1 min
[e2e] step 220500 loss 0.1163 lr 3.00e-04 239.2 min
[e2e] step 220600 loss 0.1161 lr 3.00e-04 239.3 min
[e2e] step 220700 loss 0.1159 lr 3.00e-04 239.4 min
[e2e] step 220800 loss 0.1130 lr 3.00e-04 239.5 min
[e2e] step 220900 loss 0.1152 lr 3.00e-04 239.6 min
[e2e] step 221000 loss 0.1146 lr 3.00e-04 239.7 min
[e2e] step 221100 loss 0.1093 lr 3.00e-04 239.8 min
[e2e] step 221200 loss 0.1090 lr 3.00e-04 239.9 min
[e2e] step 221300 loss 0.1162 lr 3.00e-04 240.0 min
[e2e] step 221400 loss 0.1185 lr 3.00e-04 240.1 min
[e2e] step 221500 loss 0.1143 lr 3.00e-04 240.2 min
[e2e] step 221600 loss 0.1178 lr 3.00e-04 240.2 min
[e2e] step 221700 loss 0.1123 lr 3.00e-04 240.3 min
[e2e] step 221800 loss 0.1106 lr 3.00e-04 240.4 min
[e2e] step 221900 loss 0.1151 lr 3.00e-04 240.5 min
[e2e] step 222000 loss 0.1151 lr 3.00e-04 240.6 min
[e2e] step 222000 quick period probe (linear, 5 classes, n=4000) bal.acc 0.858
[e2e] step 222100 loss 0.1159 lr 3.00e-04 241.1 min
[e2e] step 222200 loss 0.1112 lr 3.00e-04 241.2 min
[e2e] step 222300 loss 0.1165 lr 3.00e-04 241.3 min
[e2e] step 222400 loss 0.1134 lr 3.00e-04 241.5 min
[e2e] step 222500 loss 0.1137 lr 3.00e-04 241.6 min
[e2e] step 222600 loss 0.1160 lr 3.00e-04 241.6 min
[e2e] step 222700 loss 0.1165 lr 3.00e-04 241.7 min
[e2e] step 222800 loss 0.1136 lr 3.00e-04 241.8 min
[e2e] step 222900 loss 0.1173 lr 3.00e-04 241.9 min
[e2e] step 223000 loss 0.1138 lr 3.00e-04 242.0 min
[e2e] step 223100 loss 0.1160 lr 3.00e-04 242.1 min
[e2e] step 223200 loss 0.1124 lr 3.00e-04 242.2 min
[e2e] step 223300 loss 0.1140 lr 3.00e-04 242.3 min
[e2e] step 223400 loss 0.1153 lr 3.00e-04 242.4 min
[e2e] step 223500 loss 0.1168 lr 3.00e-04 242.5 min
[e2e] step 223600 loss 0.1122 lr 3.00e-04 242.6 min
[e2e] step 223700 loss 0.1172 lr 3.00e-04 242.6 min
[e2e] step 223800 loss 0.1184 lr 3.00e-04 242.7 min
[e2e] step 223900 loss 0.1148 lr 3.00e-04 242.8 min
[e2e] step 224000 loss 0.1169 lr 3.00e-04 242.9 min
[e2e] step 224000 quick period probe (linear, 5 classes, n=4000) bal.acc 0.838
[e2e] step 224100 loss 0.1134 lr 3.00e-04 243.2 min
[e2e] step 224200 loss 0.1155 lr 3.00e-04 243.3 min
[e2e] step 224300 loss 0.1127 lr 3.00e-04 243.4 min
[e2e] step 224400 loss 0.1109 lr 3.00e-04 243.5 min
[e2e] step 224500 loss 0.1138 lr 3.00e-04 243.6 min
[e2e] step 224600 loss 0.1167 lr 3.00e-04 243.7 min
[e2e] step 224700 loss 0.1170 lr 3.00e-04 243.8 min
[e2e] step 224800 loss 0.1148 lr 3.00e-04 243.9 min
[e2e] step 224900 loss 0.1135 lr 3.00e-04 244.0 min
[e2e] step 225000 loss 0.1113 lr 3.00e-04 244.0 min
[e2e] step 225100 loss 0.1145 lr 3.00e-04 244.2 min
[e2e] step 225200 loss 0.1163 lr 3.00e-04 244.3 min
[e2e] step 225300 loss 0.1160 lr 3.00e-04 244.4 min
[e2e] step 225400 loss 0.1132 lr 3.00e-04 244.4 min
[e2e] step 225500 loss 0.1152 lr 3.00e-04 244.5 min
[e2e] step 225600 loss 0.1148 lr 3.00e-04 244.6 min
[e2e] step 225700 loss 0.1137 lr 3.00e-04 244.7 min
[e2e] step 225800 loss 0.1153 lr 3.00e-04 244.8 min
[e2e] step 225900 loss 0.1170 lr 3.00e-04 244.9 min
[e2e] step 226000 loss 0.1124 lr 3.00e-04 245.0 min
[e2e] step 226000 quick period probe (linear, 5 classes, n=4000) bal.acc 0.844
[e2e] step 226100 loss 0.1163 lr 3.00e-04 245.5 min
[e2e] step 226200 loss 0.1203 lr 3.00e-04 245.6 min
[e2e] step 226300 loss 0.1191 lr 3.00e-04 245.7 min
[e2e] step 226400 loss 0.1183 lr 3.00e-04 245.8 min
[e2e] step 226500 loss 0.1141 lr 3.00e-04 245.9 min
[e2e] step 226600 loss 0.1183 lr 3.00e-04 246.0 min
[e2e] step 226700 loss 0.1129 lr 3.00e-04 246.1 min
[e2e] step 226800 loss 0.1167 lr 3.00e-04 246.2 min
[e2e] step 226900 loss 0.1122 lr 3.00e-04 246.3 min
[e2e] step 227000 loss 0.1140 lr 3.00e-04 246.4 min
[e2e] step 227100 loss 0.1177 lr 3.00e-04 246.5 min
[e2e] step 227200 loss 0.1154 lr 3.00e-04 246.6 min
[e2e] step 227300 loss 0.1139 lr 3.00e-04 246.6 min
[e2e] step 227400 loss 0.1140 lr 3.00e-04 246.7 min
[e2e] step 227500 loss 0.1155 lr 3.00e-04 246.8 min
[e2e] step 227600 loss 0.1158 lr 3.00e-04 246.9 min
[e2e] step 227700 loss 0.1156 lr 3.00e-04 247.0 min
[e2e] step 227800 loss 0.1164 lr 3.00e-04 247.1 min
[e2e] step 227900 loss 0.1167 lr 3.00e-04 247.2 min
[e2e] step 228000 loss 0.1183 lr 3.00e-04 247.3 min
[e2e] step 228000 quick period probe (linear, 5 classes, n=4000) bal.acc 0.867
[e2e] step 228100 loss 0.1137 lr 3.00e-04 247.8 min
[e2e] step 228200 loss 0.1113 lr 3.00e-04 247.9 min
[e2e] step 228300 loss 0.1168 lr 3.00e-04 248.0 min
[e2e] step 228400 loss 0.1149 lr 3.00e-04 248.1 min
[e2e] step 228500 loss 0.1165 lr 3.00e-04 248.2 min
[e2e] step 228600 loss 0.1150 lr 3.00e-04 248.3 min
[e2e] step 228700 loss 0.1177 lr 3.00e-04 248.4 min
[e2e] step 228800 loss 0.1143 lr 3.00e-04 248.4 min
[e2e] step 228900 loss 0.1144 lr 3.00e-04 248.5 min
[e2e] step 229000 loss 0.1191 lr 3.00e-04 248.6 min
[e2e] step 229100 loss 0.1150 lr 3.00e-04 248.7 min
[e2e] step 229200 loss 0.1182 lr 3.00e-04 248.8 min
[e2e] step 229300 loss 0.1146 lr 3.00e-04 248.9 min
[e2e] step 229400 loss 0.1147 lr 3.00e-04 249.0 min
[e2e] step 229500 loss 0.1150 lr 3.00e-04 249.1 min
[e2e] step 229600 loss 0.1172 lr 3.00e-04 249.2 min
[e2e] step 229700 loss 0.1130 lr 3.00e-04 249.3 min
[e2e] step 229800 loss 0.1186 lr 3.00e-04 249.4 min
[e2e] step 229900 loss 0.1154 lr 3.00e-04 249.5 min
[e2e] step 230000 loss 0.1128 lr 3.00e-04 249.5 min
[e2e] step 230000 quick period probe (linear, 5 classes, n=4000) bal.acc 0.828
[e2e] step 230100 loss 0.1138 lr 3.00e-04 249.9 min
[e2e] step 230200 loss 0.1146 lr 3.00e-04 250.0 min
[e2e] step 230300 loss 0.1179 lr 3.00e-04 250.1 min
[e2e] step 230400 loss 0.1157 lr 3.00e-04 250.2 min
[e2e] step 230500 loss 0.1170 lr 3.00e-04 250.3 min
[e2e] step 230600 loss 0.1148 lr 3.00e-04 250.4 min
[e2e] step 230700 loss 0.1081 lr 3.00e-04 250.5 min
[e2e] step 230800 loss 0.1173 lr 3.00e-04 250.6 min
[e2e] step 230900 loss 0.1147 lr 3.00e-04 250.7 min
[e2e] step 231000 loss 0.1142 lr 3.00e-04 250.7 min
[e2e] step 231100 loss 0.1128 lr 3.00e-04 250.8 min
[e2e] step 231200 loss 0.1172 lr 3.00e-04 250.9 min
[e2e] step 231300 loss 0.1198 lr 3.00e-04 251.0 min
[e2e] step 231400 loss 0.1171 lr 3.00e-04 251.1 min
[e2e] step 231500 loss 0.1179 lr 3.00e-04 251.2 min
[e2e] step 231600 loss 0.1181 lr 3.00e-04 251.3 min
[e2e] step 231700 loss 0.1205 lr 3.00e-04 251.4 min
[e2e] step 231800 loss 0.1137 lr 3.00e-04 251.5 min
[e2e] step 231900 loss 0.1144 lr 3.00e-04 251.6 min
[e2e] step 232000 loss 0.1167 lr 3.00e-04 251.7 min
[e2e] step 232000 quick period probe (linear, 5 classes, n=4000) bal.acc 0.850
[e2e] step 232100 loss 0.1150 lr 3.00e-04 252.1 min
[e2e] step 232200 loss 0.1163 lr 3.00e-04 252.2 min
[e2e] step 232300 loss 0.1129 lr 3.00e-04 252.3 min
[e2e] step 232400 loss 0.1188 lr 3.00e-04 252.3 min
[e2e] step 232500 loss 0.1200 lr 3.00e-04 252.4 min
[e2e] step 232600 loss 0.1163 lr 3.00e-04 252.5 min
[e2e] step 232700 loss 0.1174 lr 3.00e-04 252.6 min
[e2e] step 232800 loss 0.1147 lr 3.00e-04 252.7 min
[e2e] step 232900 loss 0.1208 lr 3.00e-04 252.8 min
[e2e] step 233000 loss 0.1178 lr 3.00e-04 252.9 min
[e2e] step 233100 loss 0.1186 lr 3.00e-04 253.0 min
[e2e] step 233200 loss 0.1157 lr 3.00e-04 253.1 min
[e2e] step 233300 loss 0.1173 lr 3.00e-04 253.2 min
[e2e] step 233400 loss 0.1158 lr 3.00e-04 253.2 min
[e2e] step 233500 loss 0.1159 lr 3.00e-04 253.3 min
[e2e] step 233600 loss 0.1184 lr 3.00e-04 253.4 min
[e2e] step 233700 loss 0.1148 lr 3.00e-04 253.5 min
[e2e] step 233800 loss 0.1210 lr 3.00e-04 253.6 min
[e2e] step 233900 loss 0.1185 lr 3.00e-04 253.7 min
[e2e] step 234000 loss 0.1152 lr 3.00e-04 253.8 min
[e2e] step 234000 quick period probe (linear, 5 classes, n=4000) bal.acc 0.850
[e2e] step 234100 loss 0.1145 lr 3.00e-04 254.1 min
[e2e] step 234200 loss 0.1203 lr 3.00e-04 254.2 min
[e2e] step 234300 loss 0.1195 lr 3.00e-04 254.3 min
[e2e] step 234400 loss 0.1174 lr 3.00e-04 254.4 min
[e2e] step 234500 loss 0.1150 lr 3.00e-04 254.5 min
[e2e] step 234600 loss 0.1189 lr 3.00e-04 254.6 min
[e2e] step 234700 loss 0.1153 lr 3.00e-04 254.7 min
[e2e] step 234800 loss 0.1186 lr 3.00e-04 254.8 min
[e2e] step 234900 loss 0.1165 lr 3.00e-04 254.9 min
[e2e] step 235000 loss 0.1155 lr 3.00e-04 255.0 min
[e2e] step 235100 loss 0.1189 lr 3.00e-04 255.1 min
[e2e] step 235200 loss 0.1159 lr 3.00e-04 255.2 min
[e2e] step 235300 loss 0.1166 lr 3.00e-04 255.3 min
[e2e] step 235400 loss 0.1200 lr 3.00e-04 255.4 min
[e2e] step 235500 loss 0.1201 lr 3.00e-04 255.4 min
[e2e] step 235600 loss 0.1125 lr 3.00e-04 255.5 min
[e2e] step 235700 loss 0.1161 lr 3.00e-04 255.6 min
[e2e] step 235800 loss 0.1164 lr 3.00e-04 255.7 min
[e2e] step 235900 loss 0.1199 lr 3.00e-04 255.8 min
[e2e] step 236000 loss 0.1180 lr 3.00e-04 255.9 min
[e2e] step 236000 quick period probe (linear, 5 classes, n=4000) bal.acc 0.850
[e2e] step 236100 loss 0.1159 lr 3.00e-04 256.2 min
[e2e] step 236200 loss 0.1201 lr 3.00e-04 256.3 min
[e2e] step 236300 loss 0.1189 lr 3.00e-04 256.4 min
[e2e] step 236400 loss 0.1278 lr 3.00e-04 256.5 min
[e2e] step 236500 loss 0.1177 lr 3.00e-04 256.5 min
[e2e] step 236600 loss 0.1191 lr 3.00e-04 256.6 min
[e2e] step 236700 loss 0.1218 lr 3.00e-04 256.7 min
[e2e] step 236800 loss 0.1139 lr 3.00e-04 256.8 min
[e2e] step 236900 loss 0.1177 lr 3.00e-04 256.9 min
[e2e] step 237000 loss 0.1199 lr 3.00e-04 257.0 min
[e2e] step 237100 loss 0.1153 lr 3.00e-04 257.1 min
[e2e] step 237200 loss 0.1194 lr 3.00e-04 257.2 min
[e2e] step 237300 loss 0.1171 lr 3.00e-04 257.3 min
[e2e] step 237400 loss 0.1185 lr 3.00e-04 257.4 min
[e2e] step 237500 loss 0.1185 lr 3.00e-04 257.5 min
[e2e] step 237600 loss 0.1213 lr 3.00e-04 257.6 min
[e2e] step 237700 loss 0.1198 lr 3.00e-04 257.7 min
[e2e] step 237800 loss 0.1187 lr 3.00e-04 257.8 min
[e2e] step 237900 loss 0.1219 lr 3.00e-04 257.9 min
[e2e] step 238000 loss 0.1195 lr 3.00e-04 258.0 min
[e2e] step 238000 quick period probe (linear, 5 classes, n=4000) bal.acc 0.860
[e2e] step 238100 loss 0.1219 lr 3.00e-04 258.6 min
[e2e] step 238200 loss 0.1172 lr 3.00e-04 258.7 min
[e2e] step 238300 loss 0.1217 lr 3.00e-04 258.8 min
[e2e] step 238400 loss 0.1230 lr 3.00e-04 258.8 min
[e2e] step 238500 loss 0.1230 lr 3.00e-04 258.9 min
[e2e] step 238600 loss 0.1230 lr 3.00e-04 259.0 min
[e2e] step 238700 loss 0.1179 lr 3.00e-04 259.1 min
[e2e] step 238800 loss 0.1166 lr 3.00e-04 259.2 min
[e2e] step 238900 loss 0.1210 lr 3.00e-04 259.3 min
[e2e] step 239000 loss 0.1165 lr 3.00e-04 259.4 min
[e2e] step 239100 loss 0.1203 lr 3.00e-04 259.5 min
[e2e] step 239200 loss 0.1195 lr 3.00e-04 259.6 min
[e2e] step 239300 loss 0.1200 lr 3.00e-04 259.7 min
[e2e] step 239400 loss 0.1222 lr 3.00e-04 259.8 min
[e2e] step 239500 loss 0.1187 lr 3.00e-04 259.9 min
[e2e] step 239600 loss 0.1207 lr 3.00e-04 259.9 min
[e2e] step 239700 loss 0.1211 lr 3.00e-04 260.0 min
[e2e] step 239800 loss 0.1207 lr 3.00e-04 260.1 min
[e2e] step 239900 loss 0.1187 lr 3.00e-04 260.2 min
[e2e] step 240000 loss 0.1164 lr 3.00e-04 260.3 min
[e2e] step 240000 quick period probe (linear, 5 classes, n=4000) bal.acc 0.820
[e2e] step 240100 loss 0.1201 lr 3.00e-04 260.7 min
[e2e] step 240200 loss 0.1172 lr 3.00e-04 260.8 min
[e2e] step 240300 loss 0.1194 lr 3.00e-04 260.9 min
[e2e] step 240400 loss 0.1191 lr 3.00e-04 261.0 min
[e2e] step 240500 loss 0.1170 lr 3.00e-04 261.1 min
[e2e] step 240600 loss 0.1185 lr 3.00e-04 261.2 min
[e2e] step 240700 loss 0.1172 lr 3.00e-04 261.3 min
[e2e] step 240800 loss 0.1224 lr 3.00e-04 261.4 min
[e2e] step 240900 loss 0.1257 lr 3.00e-04 261.5 min
[e2e] step 241000 loss 0.1221 lr 3.00e-04 261.6 min
[e2e] step 241100 loss 0.1268 lr 3.00e-04 261.6 min
[e2e] step 241200 loss 0.1234 lr 3.00e-04 261.7 min
[e2e] step 241300 loss 0.1195 lr 3.00e-04 261.8 min
[e2e] step 241400 loss 0.1238 lr 3.00e-04 261.9 min
[e2e] step 241500 loss 0.1203 lr 3.00e-04 262.0 min
[e2e] step 241600 loss 0.1212 lr 3.00e-04 262.1 min
[e2e] step 241700 loss 0.1226 lr 3.00e-04 262.2 min
[e2e] step 241800 loss 0.1222 lr 3.00e-04 262.3 min
[e2e] step 241900 loss 0.1219 lr 3.00e-04 262.4 min
[e2e] step 242000 loss 0.1204 lr 3.00e-04 262.5 min
[e2e] step 242000 quick period probe (linear, 5 classes, n=4000) bal.acc 0.843
[e2e] step 242100 loss 0.1271 lr 3.00e-04 263.3 min
[e2e] step 242200 loss 0.1241 lr 3.00e-04 263.4 min
[e2e] step 242300 loss 0.1236 lr 3.00e-04 263.5 min
[e2e] step 242400 loss 0.1170 lr 3.00e-04 263.6 min
[e2e] step 242500 loss 0.1240 lr 3.00e-04 263.7 min
[e2e] step 242600 loss 0.1209 lr 3.00e-04 263.8 min
[e2e] step 242700 loss 0.1217 lr 3.00e-04 263.9 min
[e2e] step 242800 loss 0.1235 lr 3.00e-04 264.0 min
[e2e] step 242900 loss 0.1213 lr 3.00e-04 264.1 min
[e2e] step 243000 loss 0.1198 lr 3.00e-04 264.2 min
[e2e] step 243100 loss 0.1191 lr 3.00e-04 264.3 min
[e2e] step 243200 loss 0.1255 lr 3.00e-04 264.4 min
[e2e] step 243300 loss 0.1254 lr 3.00e-04 264.5 min
[e2e] step 243400 loss 0.1252 lr 3.00e-04 264.7 min
[e2e] step 243500 loss 0.1255 lr 3.00e-04 264.8 min
[e2e] step 243600 loss 0.1232 lr 3.00e-04 264.9 min
[e2e] step 243700 loss 0.1305 lr 3.00e-04 264.9 min
[e2e] step 243800 loss 0.1269 lr 3.00e-04 265.0 min
[e2e] step 243900 loss 0.1220 lr 3.00e-04 265.1 min
[e2e] step 244000 loss 0.1168 lr 3.00e-04 265.2 min
[e2e] step 244000 quick period probe (linear, 5 classes, n=4000) bal.acc 0.844
[e2e] step 244100 loss 0.1246 lr 3.00e-04 265.8 min
[e2e] step 244200 loss 0.1212 lr 3.00e-04 265.9 min
[e2e] step 244300 loss 0.1234 lr 3.00e-04 266.0 min
[e2e] step 244400 loss 0.1290 lr 3.00e-04 266.1 min
[e2e] step 244500 loss 0.1262 lr 3.00e-04 266.2 min
[e2e] step 244600 loss 0.1244 lr 3.00e-04 266.3 min
[e2e] step 244700 loss 0.1254 lr 3.00e-04 266.4 min
[e2e] step 244800 loss 0.1268 lr 3.00e-04 266.5 min
[e2e] step 244900 loss 0.1254 lr 3.00e-04 266.6 min
[e2e] step 245000 loss 0.1258 lr 3.00e-04 266.7 min
[e2e] step 245100 loss 0.1202 lr 3.00e-04 266.8 min
[e2e] step 245200 loss 0.1270 lr 3.00e-04 266.9 min
[e2e] step 245300 loss 0.1232 lr 3.00e-04 267.0 min
[e2e] step 245400 loss 0.1264 lr 3.00e-04 267.1 min
[e2e] step 245500 loss 0.1277 lr 3.00e-04 267.2 min
[e2e] step 245600 loss 0.1283 lr 3.00e-04 267.3 min
[e2e] step 245700 loss 0.1282 lr 3.00e-04 267.3 min
[e2e] step 245800 loss 0.1239 lr 3.00e-04 267.5 min
[e2e] step 245900 loss 0.1255 lr 3.00e-04 267.5 min
[e2e] step 246000 loss 0.1269 lr 3.00e-04 267.6 min
[e2e] step 246000 quick period probe (linear, 5 classes, n=4000) bal.acc 0.834
[e2e] step 246100 loss 0.1246 lr 3.00e-04 268.7 min
[e2e] step 246200 loss 0.1294 lr 3.00e-04 268.8 min
[e2e] step 246300 loss 0.1291 lr 3.00e-04 268.9 min
[e2e] step 246400 loss 0.1349 lr 3.00e-04 269.0 min
[e2e] step 246500 loss 0.1289 lr 3.00e-04 269.1 min
[e2e] step 246600 loss 0.1289 lr 3.00e-04 269.2 min
[e2e] step 246700 loss 0.1288 lr 3.00e-04 269.3 min
[e2e] step 246800 loss 0.1304 lr 3.00e-04 269.4 min
[e2e] step 246900 loss 0.1276 lr 3.00e-04 269.6 min
[e2e] step 247000 loss 0.1279 lr 3.00e-04 269.7 min
[e2e] step 247100 loss 0.1266 lr 3.00e-04 269.8 min
[e2e] step 247200 loss 0.1257 lr 3.00e-04 269.9 min
[e2e] step 247300 loss 0.1316 lr 3.00e-04 270.0 min
[e2e] step 247400 loss 0.1292 lr 3.00e-04 270.1 min
[e2e] step 247500 loss 0.1308 lr 3.00e-04 270.2 min
[e2e] step 247600 loss 0.1240 lr 3.00e-04 270.3 min
[e2e] step 247700 loss 0.1263 lr 3.00e-04 270.4 min
[e2e] step 247800 loss 0.1272 lr 3.00e-04 270.5 min
[e2e] step 247900 loss 0.1269 lr 3.00e-04 270.7 min
[e2e] step 248000 loss 0.1288 lr 3.00e-04 270.8 min
[e2e] step 248000 quick period probe (linear, 5 classes, n=4000) bal.acc 0.849
[e2e] step 248100 loss 0.1242 lr 3.00e-04 271.3 min
[e2e] step 248200 loss 0.1303 lr 3.00e-04 271.4 min
[e2e] step 248300 loss 0.1240 lr 3.00e-04 271.5 min
[e2e] step 248400 loss 0.1254 lr 3.00e-04 271.6 min
[e2e] step 248500 loss 0.1319 lr 3.00e-04 271.7 min
[e2e] step 248600 loss 0.1308 lr 3.00e-04 271.8 min
[e2e] step 248700 loss 0.1280 lr 3.00e-04 271.9 min
[e2e] step 248800 loss 0.1272 lr 3.00e-04 272.0 min
[e2e] step 248900 loss 0.1313 lr 3.00e-04 272.1 min
[e2e] step 249000 loss 0.1287 lr 3.00e-04 272.2 min
[e2e] step 249100 loss 0.1316 lr 3.00e-04 272.3 min
[e2e] step 249200 loss 0.1305 lr 3.00e-04 272.4 min
[e2e] step 249300 loss 0.1294 lr 3.00e-04 272.5 min
[e2e] step 249400 loss 0.1264 lr 3.00e-04 272.6 min
[e2e] step 249500 loss 0.1300 lr 3.00e-04 272.7 min
[e2e] step 249600 loss 0.1299 lr 3.00e-04 272.8 min
[e2e] step 249700 loss 0.1324 lr 3.00e-04 272.9 min
[e2e] step 249800 loss 0.1297 lr 3.00e-04 272.9 min
[e2e] step 249900 loss 0.1302 lr 3.00e-04 273.1 min
[e2e] step 250000 loss 0.1299 lr 3.00e-04 273.2 min
[e2e] step 250000 quick period probe (linear, 5 classes, n=4000) bal.acc 0.828
[e2e] step 250100 loss 0.1281 lr 3.00e-04 273.7 min
[e2e] step 250200 loss 0.1275 lr 3.00e-04 273.8 min
[e2e] step 250300 loss 0.1327 lr 3.00e-04 273.9 min
[e2e] step 250400 loss 0.1307 lr 3.00e-04 274.0 min
[e2e] step 250500 loss 0.1287 lr 3.00e-04 274.1 min
[e2e] step 250600 loss 0.1260 lr 3.00e-04 274.2 min
[e2e] step 250700 loss 0.1279 lr 3.00e-04 274.3 min
[e2e] step 250800 loss 0.1301 lr 3.00e-04 274.3 min
[e2e] step 250900 loss 0.1271 lr 3.00e-04 274.4 min
[e2e] step 251000 loss 0.1265 lr 3.00e-04 274.5 min
[e2e] step 251100 loss 0.1320 lr 3.00e-04 274.6 min
[e2e] step 251200 loss 0.1312 lr 3.00e-04 274.7 min
[e2e] step 251300 loss 0.1300 lr 3.00e-04 274.8 min
[e2e] step 251400 loss 0.1329 lr 3.00e-04 274.9 min
[e2e] step 251500 loss 0.1288 lr 3.00e-04 275.0 min
[e2e] step 251600 loss 0.1283 lr 3.00e-04 275.1 min
[e2e] step 251700 loss 0.1306 lr 3.00e-04 275.2 min
[e2e] step 251800 loss 0.1326 lr 3.00e-04 275.3 min
[e2e] step 251900 loss 0.1256 lr 3.00e-04 275.4 min
[e2e] step 252000 loss 0.1269 lr 3.00e-04 275.4 min
[e2e] step 252000 quick period probe (linear, 5 classes, n=4000) bal.acc 0.827
[e2e] step 252100 loss 0.1335 lr 3.00e-04 275.9 min
[e2e] step 252200 loss 0.1318 lr 3.00e-04 276.0 min
[e2e] step 252300 loss 0.1368 lr 3.00e-04 276.1 min
[e2e] step 252400 loss 0.1329 lr 3.00e-04 276.2 min
[e2e] step 252500 loss 0.1302 lr 3.00e-04 276.3 min
[e2e] step 252600 loss 0.1339 lr 3.00e-04 276.4 min
[e2e] step 252700 loss 0.1304 lr 3.00e-04 276.5 min
[e2e] step 252800 loss 0.1288 lr 3.00e-04 276.5 min
[e2e] step 252900 loss 0.1339 lr 3.00e-04 276.6 min
[e2e] step 253000 loss 0.1312 lr 3.00e-04 276.7 min
[e2e] step 253100 loss 0.1314 lr 3.00e-04 276.8 min
[e2e] step 253200 loss 0.1353 lr 3.00e-04 276.9 min
[e2e] step 253300 loss 0.1328 lr 3.00e-04 277.0 min
[e2e] step 253400 loss 0.1307 lr 3.00e-04 277.1 min
[e2e] step 253500 loss 0.1310 lr 3.00e-04 277.2 min
[e2e] step 253600 loss 0.1336 lr 3.00e-04 277.3 min
[e2e] step 253700 loss 0.1323 lr 3.00e-04 277.4 min
[e2e] step 253800 loss 0.1328 lr 3.00e-04 277.5 min
[e2e] step 253900 loss 0.1331 lr 3.00e-04 277.6 min
[e2e] step 254000 loss 0.1277 lr 3.00e-04 277.7 min
[e2e] step 254000 quick period probe (linear, 5 classes, n=4000) bal.acc 0.824
[e2e] step 254100 loss 0.1318 lr 3.00e-04 278.2 min
[e2e] step 254200 loss 0.1367 lr 3.00e-04 278.3 min
[e2e] step 254300 loss 0.1364 lr 3.00e-04 278.3 min
[e2e] step 254400 loss 0.1316 lr 3.00e-04 278.4 min
[e2e] step 254500 loss 0.1323 lr 3.00e-04 278.5 min
[e2e] step 254600 loss 0.1311 lr 3.00e-04 278.6 min
[e2e] step 254700 loss 0.1314 lr 3.00e-04 278.7 min
[e2e] step 254800 loss 0.1323 lr 3.00e-04 278.8 min
[e2e] step 254900 loss 0.1296 lr 3.00e-04 278.9 min
[e2e] step 255000 loss 0.1358 lr 3.00e-04 279.0 min
[e2e] step 255100 loss 0.1307 lr 3.00e-04 279.1 min
[e2e] step 255200 loss 0.1405 lr 3.00e-04 279.2 min
[e2e] step 255300 loss 0.1290 lr 3.00e-04 279.3 min
[e2e] step 255400 loss 0.1338 lr 3.00e-04 279.4 min
[e2e] step 255500 loss 0.1389 lr 3.00e-04 279.5 min
[e2e] step 255600 loss 0.1365 lr 3.00e-04 279.5 min
[e2e] step 255700 loss 0.1328 lr 3.00e-04 279.6 min
[e2e] step 255800 loss 0.1348 lr 3.00e-04 279.7 min
[e2e] step 255900 loss 0.1387 lr 3.00e-04 279.8 min
[e2e] step 256000 loss 0.1325 lr 3.00e-04 279.9 min
[e2e] step 256000 quick period probe (linear, 5 classes, n=4000) bal.acc 0.828
[e2e] step 256100 loss 0.1349 lr 3.00e-04 280.4 min
[e2e] step 256200 loss 0.1350 lr 3.00e-04 280.5 min
[e2e] step 256300 loss 0.1316 lr 3.00e-04 280.6 min
[e2e] step 256400 loss 0.1371 lr 3.00e-04 280.7 min
[e2e] step 256500 loss 0.1350 lr 3.00e-04 280.8 min
[e2e] step 256600 loss 0.1324 lr 3.00e-04 280.9 min
[e2e] step 256700 loss 0.1316 lr 3.00e-04 280.9 min
[e2e] step 256800 loss 0.1315 lr 3.00e-04 281.0 min
[e2e] step 256900 loss 0.1380 lr 3.00e-04 281.1 min
[e2e] step 257000 loss 0.1329 lr 3.00e-04 281.2 min
[e2e] step 257100 loss 0.1360 lr 3.00e-04 281.3 min
[e2e] step 257200 loss 0.1323 lr 3.00e-04 281.4 min
[e2e] step 257300 loss 0.1373 lr 3.00e-04 281.5 min
[e2e] step 257400 loss 0.1362 lr 3.00e-04 281.6 min
[e2e] step 257500 loss 0.1362 lr 3.00e-04 281.7 min
[e2e] step 257600 loss 0.1323 lr 3.00e-04 281.8 min
[e2e] step 257700 loss 0.1352 lr 3.00e-04 281.9 min
[e2e] step 257800 loss 0.1357 lr 3.00e-04 282.0 min
[e2e] step 257900 loss 0.1363 lr 3.00e-04 282.0 min
[e2e] step 258000 loss 0.1348 lr 3.00e-04 282.1 min
[e2e] step 258000 quick period probe (linear, 5 classes, n=4000) bal.acc 0.848
[e2e] step 258100 loss 0.1402 lr 3.00e-04 283.1 min
[e2e] step 258200 loss 0.1368 lr 3.00e-04 283.2 min
[e2e] step 258300 loss 0.1384 lr 3.00e-04 283.3 min
[e2e] step 258400 loss 0.1383 lr 3.00e-04 283.4 min
[e2e] step 258500 loss 0.1348 lr 3.00e-04 283.5 min
[e2e] step 258600 loss 0.1376 lr 3.00e-04 283.6 min
[e2e] step 258700 loss 0.1384 lr 3.00e-04 283.7 min
[e2e] step 258800 loss 0.1350 lr 3.00e-04 283.8 min
[e2e] step 258900 loss 0.1413 lr 3.00e-04 283.9 min
[e2e] step 259000 loss 0.1399 lr 3.00e-04 284.0 min
[e2e] step 259100 loss 0.1382 lr 3.00e-04 284.1 min
[e2e] step 259200 loss 0.1347 lr 3.00e-04 284.2 min
[e2e] step 259300 loss 0.1364 lr 3.00e-04 284.2 min
[e2e] step 259400 loss 0.1345 lr 3.00e-04 284.3 min
[e2e] step 259500 loss 0.1371 lr 3.00e-04 284.4 min
[e2e] step 259600 loss 0.1383 lr 3.00e-04 284.6 min
[e2e] step 259700 loss 0.1381 lr 3.00e-04 284.7 min
[e2e] step 259800 loss 0.1370 lr 3.00e-04 284.8 min
[e2e] step 259900 loss 0.1336 lr 3.00e-04 284.9 min
[e2e] step 260000 loss 0.1376 lr 3.00e-04 285.0 min
[e2e] step 260000 quick period probe (linear, 5 classes, n=4000) bal.acc 0.830
[e2e] step 260100 loss 0.1374 lr 3.00e-04 286.3 min
[e2e] step 260200 loss 0.1369 lr 3.00e-04 286.4 min
[e2e] step 260300 loss 0.1361 lr 3.00e-04 286.5 min
[e2e] step 260400 loss 0.1385 lr 3.00e-04 286.6 min
[e2e] step 260500 loss 0.1352 lr 3.00e-04 286.7 min
[e2e] step 260600 loss 0.1361 lr 3.00e-04 286.8 min
[e2e] step 260700 loss 0.1415 lr 3.00e-04 286.9 min
[e2e] step 260800 loss 0.1366 lr 3.00e-04 287.0 min
[e2e] step 260900 loss 0.1378 lr 3.00e-04 287.1 min
[e2e] step 261000 loss 0.1372 lr 3.00e-04 287.2 min
[e2e] step 261100 loss 0.1399 lr 3.00e-04 287.4 min
[e2e] step 261200 loss 0.1437 lr 3.00e-04 287.5 min
[e2e] step 261300 loss 0.1417 lr 3.00e-04 287.6 min
[e2e] step 261400 loss 0.1407 lr 3.00e-04 287.7 min
[e2e] step 261500 loss 0.1381 lr 3.00e-04 287.8 min
[e2e] step 261600 loss 0.1364 lr 3.00e-04 287.9 min
[e2e] step 261700 loss 0.1424 lr 3.00e-04 288.0 min
[e2e] step 261800 loss 0.1415 lr 3.00e-04 288.1 min
[e2e] step 261900 loss 0.1349 lr 3.00e-04 288.2 min
[e2e] step 262000 loss 0.1439 lr 3.00e-04 288.3 min
[e2e] step 262000 quick period probe (linear, 5 classes, n=4000) bal.acc 0.840
[e2e] step 262100 loss 0.1355 lr 3.00e-04 289.5 min
[e2e] step 262200 loss 0.1402 lr 3.00e-04 289.6 min
[e2e] step 262300 loss 0.1381 lr 3.00e-04 289.7 min
[e2e] step 262400 loss 0.1389 lr 3.00e-04 289.8 min
[e2e] step 262500 loss 0.1444 lr 3.00e-04 289.9 min
[e2e] step 262600 loss 0.1404 lr 3.00e-04 290.0 min
[e2e] step 262700 loss 0.1362 lr 3.00e-04 290.1 min
[e2e] step 262800 loss 0.1389 lr 3.00e-04 290.2 min
[e2e] step 262900 loss 0.1392 lr 3.00e-04 290.3 min
[e2e] step 263000 loss 0.1399 lr 3.00e-04 290.4 min
[e2e] step 263100 loss 0.1400 lr 3.00e-04 290.5 min
[e2e] step 263200 loss 0.1402 lr 3.00e-04 290.6 min
[e2e] step 263300 loss 0.1430 lr 3.00e-04 290.6 min
[e2e] step 263400 loss 0.1418 lr 3.00e-04 290.7 min
[e2e] step 263500 loss 0.1373 lr 3.00e-04 290.8 min
[e2e] step 263600 loss 0.1386 lr 3.00e-04 290.9 min
[e2e] step 263700 loss 0.1432 lr 3.00e-04 291.0 min
[e2e] step 263800 loss 0.1429 lr 3.00e-04 291.1 min
[e2e] step 263900 loss 0.1429 lr 3.00e-04 291.2 min
[e2e] step 264000 loss 0.1414 lr 3.00e-04 291.3 min
[e2e] step 264000 quick period probe (linear, 5 classes, n=4000) bal.acc 0.826
[e2e] step 264100 loss 0.1369 lr 3.00e-04 291.8 min
[e2e] step 264200 loss 0.1419 lr 3.00e-04 291.9 min
[e2e] step 264300 loss 0.1425 lr 3.00e-04 291.9 min
[e2e] step 264400 loss 0.1421 lr 3.00e-04 292.0 min
[e2e] step 264500 loss 0.1390 lr 3.00e-04 292.1 min
[e2e] step 264600 loss 0.1404 lr 3.00e-04 292.2 min
[e2e] step 264700 loss 0.1436 lr 3.00e-04 292.3 min
[e2e] step 264800 loss 0.1428 lr 3.00e-04 292.4 min
[e2e] step 264900 loss 0.1396 lr 3.00e-04 292.5 min
[e2e] step 265000 loss 0.1410 lr 3.00e-04 292.6 min
[e2e] step 265100 loss 0.1399 lr 3.00e-04 292.7 min
[e2e] step 265200 loss 0.1426 lr 3.00e-04 292.8 min
[e2e] step 265300 loss 0.1458 lr 3.00e-04 292.9 min
[e2e] step 265400 loss 0.1403 lr 3.00e-04 293.0 min
[e2e] step 265500 loss 0.1450 lr 3.00e-04 293.1 min
[e2e] step 265600 loss 0.1427 lr 3.00e-04 293.1 min
[e2e] step 265700 loss 0.1426 lr 3.00e-04 293.2 min
[e2e] step 265800 loss 0.1399 lr 3.00e-04 293.3 min
[e2e] step 265900 loss 0.1451 lr 3.00e-04 293.4 min
[e2e] step 266000 loss 0.1408 lr 3.00e-04 293.5 min
[e2e] step 266000 quick period probe (linear, 5 classes, n=4000) bal.acc 0.830
[e2e] step 266100 loss 0.1393 lr 3.00e-04 294.1 min
[e2e] step 266200 loss 0.1424 lr 3.00e-04 294.2 min
[e2e] step 266300 loss 0.1464 lr 3.00e-04 294.3 min
[e2e] step 266400 loss 0.1444 lr 3.00e-04 294.4 min
[e2e] step 266500 loss 0.1434 lr 3.00e-04 294.5 min
[e2e] step 266600 loss 0.1428 lr 3.00e-04 294.6 min
[e2e] step 266700 loss 0.1450 lr 3.00e-04 294.7 min
[e2e] step 266800 loss 0.1453 lr 3.00e-04 294.8 min
[e2e] step 266900 loss 0.1481 lr 3.00e-04 294.9 min
[e2e] step 267000 loss 0.1478 lr 3.00e-04 295.0 min
[e2e] step 267100 loss 0.1453 lr 3.00e-04 295.1 min
[e2e] step 267200 loss 0.1469 lr 3.00e-04 295.2 min
[e2e] step 267300 loss 0.1492 lr 3.00e-04 295.3 min
[e2e] step 267400 loss 0.1449 lr 3.00e-04 295.4 min
[e2e] step 267500 loss 0.1406 lr 3.00e-04 295.5 min
[e2e] step 267600 loss 0.1484 lr 3.00e-04 295.6 min
[e2e] step 267700 loss 0.1489 lr 3.00e-04 295.7 min
[e2e] step 267800 loss 0.1428 lr 3.00e-04 295.8 min
[e2e] step 267900 loss 0.1496 lr 3.00e-04 295.9 min
[e2e] step 268000 loss 0.1460 lr 3.00e-04 296.0 min
[e2e] step 268000 quick period probe (linear, 5 classes, n=4000) bal.acc 0.829
[e2e] step 268100 loss 0.1505 lr 3.00e-04 297.7 min
[e2e] step 268200 loss 0.1490 lr 3.00e-04 297.8 min
[e2e] step 268300 loss 0.1454 lr 3.00e-04 297.9 min
[e2e] step 268400 loss 0.1476 lr 3.00e-04 298.0 min
[e2e] step 268500 loss 0.1430 lr 3.00e-04 298.0 min
[e2e] step 268600 loss 0.1466 lr 3.00e-04 298.1 min
[e2e] step 268700 loss 0.1463 lr 3.00e-04 298.2 min
[e2e] step 268800 loss 0.1461 lr 3.00e-04 298.3 min
[e2e] step 268900 loss 0.1474 lr 3.00e-04 298.4 min
[e2e] step 269000 loss 0.1478 lr 3.00e-04 298.5 min
[e2e] step 269100 loss 0.1449 lr 3.00e-04 298.6 min
[e2e] step 269200 loss 0.1484 lr 3.00e-04 298.7 min
[e2e] step 269300 loss 0.1470 lr 3.00e-04 298.8 min
[e2e] step 269400 loss 0.1456 lr 3.00e-04 298.9 min
[e2e] step 269500 loss 0.1458 lr 3.00e-04 299.0 min
[e2e] step 269600 loss 0.1470 lr 3.00e-04 299.1 min
[e2e] step 269700 loss 0.1474 lr 3.00e-04 299.3 min
[e2e] step 269800 loss 0.1481 lr 3.00e-04 299.4 min
[e2e] step 269900 loss 0.1498 lr 3.00e-04 299.5 min
[e2e] step 270000 loss 0.1491 lr 3.00e-04 299.6 min
[e2e] step 270000 quick period probe (linear, 5 classes, n=4000) bal.acc 0.839
[e2e] done e2e_jepa_S-s0: 270000 steps in 5.01h; embeddings -> store 'ssl_e2e::e2e_jepa_S-s0' (31,905 texts); final.pt in chrono/artifacts_ssl/e2e/e2e_jepa_S-s0
Auto packing the repository in background for optimum performance.
See "git help gc" for manual housekeeping.
[yarin-sandbox cfb0318b] C11: e2e jepa S (job 33685)
 1 file changed, 0 insertions(+), 0 deletions(-)
From https://github.com/YarinBeni/HUJI-THESIS--YARIN
 * branch              yarin-sandbox -> FETCH_HEAD
Auto packing the repository in background for optimum performance.
See "git help gc" for manual housekeeping.
Current branch yarin-sandbox is up to date.
Auto packing the repository in background for optimum performance.
See "git help gc" for manual housekeeping.
To https://github.com/YarinBeni/HUJI-THESIS--YARIN.git
   04a644bd..cfb0318b  HEAD -> yarin-sandbox
[commit_push_sandbox] pushed to yarin-sandbox
=== Done. Thu Sep  3 03:56:15 UTC 2026 ===
