method,entity_type,site,probe,layer,test_r2,test_spearman,train_r2,is_best
qwen3_1b7,headline,last,ridge,1,0.3584222997761837,0.6096009958669548,0.42841306909703325,False
qwen3_1b7,headline,last,ridge,2,0.38729526211563914,0.6323286421875632,0.45711010430452337,False
qwen3_1b7,headline,last,ridge,3,0.39492355388636524,0.6386399612400109,0.4743300671931314,False
qwen3_1b7,headline,last,ridge,4,0.40506797331106326,0.6451829090941553,0.47853319138488004,False
qwen3_1b7,headline,last,ridge,5,0.4138535491580486,0.6508416006560803,0.48535801665365585,False
qwen3_1b7,headline,last,ridge,6,0.41719520517283126,0.6545984275407143,0.4755728896937793,False
qwen3_1b7,headline,last,ridge,7,0.4251577738877962,0.6618679053110934,0.48994567751342044,False
qwen3_1b7,headline,last,ridge,8,0.44339846899625535,0.675720783707127,0.4995919939353185,False
qwen3_1b7,headline,last,ridge,9,0.44575627481389546,0.6777788103754757,0.5043349219819935,False
qwen3_1b7,headline,last,ridge,10,0.4626997925860512,0.6876234385748051,0.5121135242291142,False
qwen3_1b7,headline,last,ridge,11,0.45451484574424295,0.6810813297451509,0.5158873011733714,False
qwen3_1b7,headline,last,ridge,12,0.449294772812172,0.6771528581700252,0.4970860983841837,False
qwen3_1b7,headline,last,ridge,13,0.4442524998555809,0.6737014958318148,0.49779684980643313,False
qwen3_1b7,headline,last,ridge,14,0.44033217072596365,0.6713173593421286,0.4982433425182492,False
qwen3_1b7,headline,last,ridge,15,0.44038202740130017,0.6719016761031035,0.49895326940247586,False
qwen3_1b7,headline,last,ridge,16,0.43932159997254494,0.6715446845413289,0.48643814244864036,False
qwen3_1b7,headline,last,ridge,17,0.43997869083046437,0.6719295906303945,0.490804352824768,False
qwen3_1b7,headline,last,ridge,18,0.44106649784389274,0.6729950599224321,0.5031598834551971,False
qwen3_1b7,headline,last,ridge,19,0.45270667750212534,0.6822130987398001,0.4951772132875806,False
qwen3_1b7,headline,last,ridge,20,0.4575800852152899,0.6854609603147201,0.5063720681102197,False
qwen3_1b7,headline,last,ridge,21,0.4711850138552762,0.6942263032021857,0.5257954837921235,False
qwen3_1b7,headline,last,ridge,22,0.47615828256403037,0.6973213063456339,0.5350051226732794,True
qwen3_1b7,headline,last,ridge,23,0.47583671063709154,0.6976668178818175,0.5383019578145103,False
qwen3_1b7,headline,last,ridge,24,0.47456929568806305,0.6969780259830045,0.5413749877130984,False
qwen3_1b7,headline,last,ridge,25,0.4730988773449696,0.6959938847099554,0.5452313765630339,False
qwen3_1b7,headline,last,ridge,26,0.4723306325093555,0.6956928371233592,0.5468983225071095,False
qwen3_1b7,headline,last,ridge,27,0.4649564129808561,0.6905333756737485,0.5475407463450469,False
qwen3_1b7,headline,last,ridge,28,0.47497906236477283,0.6949810345943672,0.5182438649875956,False
qwen3_1b7,art,last,ridge,1,0.11535905841212313,0.3211198019527463,0.18230370573017807,False
qwen3_1b7,art,last,ridge,2,0.13562584743574346,0.35503840402662,0.22085746055416544,False
qwen3_1b7,art,last,ridge,3,0.12592297582155532,0.3394437920466267,0.2046497597849105,False
qwen3_1b7,art,last,ridge,4,0.12980058512186932,0.3517122781719796,0.2217493242712928,False
qwen3_1b7,art,last,ridge,5,0.1396412793178563,0.3624485077124308,0.20616925066515268,False
qwen3_1b7,art,last,ridge,6,0.16008890284947763,0.39275804332632475,0.23948211704443978,False
qwen3_1b7,art,last,ridge,7,0.21836935628872411,0.4507305312110559,0.29366131236183635,False
qwen3_1b7,art,last,ridge,8,0.26670233502238627,0.49953560090011007,0.33786238576754857,False
qwen3_1b7,art,last,ridge,9,0.3494916863762856,0.5587244684782229,0.4063813522839027,False
qwen3_1b7,art,last,ridge,10,0.41712335727955097,0.6072959028132918,0.4706018804016613,False
qwen3_1b7,art,last,ridge,11,0.4208380377406419,0.6127468691917222,0.480523915215299,False
qwen3_1b7,art,last,ridge,12,0.4189147957009822,0.6123567323892738,0.48087076856290956,False
qwen3_1b7,art,last,ridge,13,0.4177424733606607,0.6103999446202244,0.4796733807230823,False
qwen3_1b7,art,last,ridge,14,0.42314709458827426,0.6117042881177344,0.46903920541549826,False
qwen3_1b7,art,last,ridge,15,0.42203146832459804,0.6090039516142902,0.4701153570524188,False
qwen3_1b7,art,last,ridge,16,0.42986000135529834,0.6141256545453726,0.48108679939830956,False
qwen3_1b7,art,last,ridge,17,0.428022262817087,0.6114610165499655,0.48689165308788696,False
qwen3_1b7,art,last,ridge,18,0.42829364429509575,0.6126051185286806,0.48489387145430596,False
qwen3_1b7,art,last,ridge,19,0.4417974694053325,0.626398113157336,0.5099123814762277,False
qwen3_1b7,art,last,ridge,20,0.4353491736006504,0.6207363311820603,0.5074903051402588,False
qwen3_1b7,art,last,ridge,21,0.44381279545293906,0.6288245672048176,0.5267586270185645,False
qwen3_1b7,art,last,ridge,22,0.4352488723654546,0.6219593096365653,0.5237703155883638,False
qwen3_1b7,art,last,ridge,23,0.4301971215949242,0.6194809909489275,0.5213451447517135,False
qwen3_1b7,art,last,ridge,24,0.42511972601163284,0.6166079508936471,0.5194738541884345,False
qwen3_1b7,art,last,ridge,25,0.42825400687221205,0.6220977968994746,0.5235251399029761,False
qwen3_1b7,art,last,ridge,26,0.42516476796671376,0.6164021460711782,0.5232015824431036,False
qwen3_1b7,art,last,ridge,27,0.4198377421036179,0.6142015320319051,0.5237552808672001,False
qwen3_1b7,art,last,ridge,28,0.4487005309791998,0.6334057903833132,0.4899970825519311,True
qwen3_1b7,us_place,last,ridge,1,0.1426125057637515,0.36336728514309635,0.2159854116512664,False
qwen3_1b7,us_place,last,ridge,2,0.3176955432240947,0.5414151980616388,0.38019387252960524,False
qwen3_1b7,us_place,last,ridge,3,0.32958226232866644,0.5534816572486351,0.41527066105557875,False
qwen3_1b7,us_place,last,ridge,4,0.36344216614893116,0.5824528885932085,0.43484586632588396,False
qwen3_1b7,us_place,last,ridge,5,0.4026560039017224,0.6133019432737408,0.471782967531485,False
qwen3_1b7,us_place,last,ridge,6,0.4199599374389212,0.6301399099798226,0.4598786477515703,False
qwen3_1b7,us_place,last,ridge,7,0.4190601425665646,0.6340501999365248,0.4616689338361034,False
qwen3_1b7,us_place,last,ridge,8,0.4228284697957238,0.638938369448087,0.4696805799420343,False
qwen3_1b7,us_place,last,ridge,9,0.427568569609068,0.643091360491779,0.4802265475107112,False
qwen3_1b7,us_place,last,ridge,10,0.41924617844262724,0.6330526977075384,0.4744473292985415,False
qwen3_1b7,us_place,last,ridge,11,0.4282308911269519,0.637714510378582,0.4837963209278169,False
qwen3_1b7,us_place,last,ridge,12,0.43168343843117557,0.6398581506472176,0.48569520994207593,False
qwen3_1b7,us_place,last,ridge,13,0.4277679834537877,0.6372310625470522,0.48355621093191536,False
qwen3_1b7,us_place,last,ridge,14,0.42551462943071217,0.6343456946391628,0.48561898208846555,False
qwen3_1b7,us_place,last,ridge,15,0.4267504962492347,0.6337359210315496,0.4904853844940398,False
qwen3_1b7,us_place,last,ridge,16,0.42514157955471527,0.6319165674407955,0.49454031747809435,False
qwen3_1b7,us_place,last,ridge,17,0.4207698740747152,0.6293725455723609,0.47470095192637596,False
qwen3_1b7,us_place,last,ridge,18,0.42813739662394706,0.6348682950070949,0.4902057234500152,False
qwen3_1b7,us_place,last,ridge,19,0.4378728139830852,0.640704923201416,0.5024924364936608,False
qwen3_1b7,us_place,last,ridge,20,0.44315938600446825,0.6471900717842621,0.49576569722614366,False
qwen3_1b7,us_place,last,ridge,21,0.4502464250268794,0.6550654521953015,0.5197068987247015,True
qwen3_1b7,us_place,last,ridge,22,0.4320025855244092,0.6444522908318244,0.5177097355540022,False
qwen3_1b7,us_place,last,ridge,23,0.4172621217464816,0.638467498587006,0.5271468566630129,False
qwen3_1b7,us_place,last,ridge,24,0.41369128020734136,0.6353677701589426,0.5283009772040467,False
qwen3_1b7,us_place,last,ridge,25,0.41804023731299206,0.6384155035305003,0.5354495565322919,False
qwen3_1b7,us_place,last,ridge,26,0.4134706253449026,0.6375384283930847,0.536992407058617,False
qwen3_1b7,us_place,last,ridge,27,0.41118324352949115,0.6391167544873673,0.5362904463041904,False
qwen3_1b7,us_place,last,ridge,28,0.3866296855815026,0.6262210122538938,0.45444090151411376,False
qwen3_1b7,historical_figure,last,ridge,1,0.4673778539586554,0.6638813254597699,0.5285126092570742,False
qwen3_1b7,historical_figure,last,ridge,2,0.5310247071891847,0.7149017721133885,0.5785162807233977,False
qwen3_1b7,historical_figure,last,ridge,3,0.5248560152760875,0.7120683322252885,0.5926704786402206,False
qwen3_1b7,historical_figure,last,ridge,4,0.5202657108878457,0.7076668578553443,0.5814093242296949,False
qwen3_1b7,historical_figure,last,ridge,5,0.5743623161104666,0.7392984283304912,0.6214671115841262,False
qwen3_1b7,historical_figure,last,ridge,6,0.591560667910063,0.7501383916696855,0.6275986814399939,False
qwen3_1b7,historical_figure,last,ridge,7,0.6196833233695367,0.7699405049859402,0.650373583818548,False
qwen3_1b7,historical_figure,last,ridge,8,0.653997074670635,0.7966688760813437,0.6779498873930332,False
qwen3_1b7,historical_figure,last,ridge,9,0.6730411959924827,0.8049661669635659,0.690481475163535,False
qwen3_1b7,historical_figure,last,ridge,10,0.6776972823822764,0.8081972750848523,0.7001261374392563,False
qwen3_1b7,historical_figure,last,ridge,11,0.6837894372159361,0.8132541674261815,0.7039439264054722,False
qwen3_1b7,historical_figure,last,ridge,12,0.6810902045442659,0.811426919862837,0.7041990519824449,False
qwen3_1b7,historical_figure,last,ridge,13,0.6753854372690193,0.8069786467604637,0.7023264513401661,False
qwen3_1b7,historical_figure,last,ridge,14,0.6715225695004785,0.805413669365997,0.7012745109921437,False
qwen3_1b7,historical_figure,last,ridge,15,0.669802542822074,0.8066223602358538,0.6924068229567357,False
qwen3_1b7,historical_figure,last,ridge,16,0.6695529032120845,0.8089164420828533,0.6954234532560417,False
qwen3_1b7,historical_figure,last,ridge,17,0.6717968265042951,0.8070419923196721,0.7002873921050731,False
qwen3_1b7,historical_figure,last,ridge,18,0.6799133228964498,0.8101637163704429,0.7090617018816707,False
qwen3_1b7,historical_figure,last,ridge,19,0.6888250942747782,0.8189105461380802,0.7105048241123146,False
qwen3_1b7,historical_figure,last,ridge,20,0.6892915785204605,0.8173356336859221,0.7156689182941836,False
qwen3_1b7,historical_figure,last,ridge,21,0.6933467392009145,0.816700810092887,0.724859408550486,True
qwen3_1b7,historical_figure,last,ridge,22,0.6863760085306742,0.8100477629577741,0.7253379082124964,False
qwen3_1b7,historical_figure,last,ridge,23,0.6832048779167287,0.8086134654846421,0.7237181187911716,False
qwen3_1b7,historical_figure,last,ridge,24,0.6845894631931007,0.8080184607285358,0.7233261859814787,False
qwen3_1b7,historical_figure,last,ridge,25,0.678756064494863,0.8050192253862142,0.7250456897619946,False
qwen3_1b7,historical_figure,last,ridge,26,0.6802603876453377,0.8050513263535136,0.7230783493173165,False
qwen3_1b7,historical_figure,last,ridge,27,0.6725424234005606,0.7968537662037988,0.719492248585939,False
qwen3_1b7,historical_figure,last,ridge,28,0.6787445641888261,0.8064767358889046,0.7041493014035602,False
qwen3_1b7,nyc_place,last,ridge,1,0.06390343431728196,0.23626360703734475,0.18206346464487005,False
qwen3_1b7,nyc_place,last,ridge,2,0.08041060821532725,0.25351261392409885,0.18227165155101727,True
qwen3_1b7,nyc_place,last,ridge,3,0.06091557958306182,0.2464184896828962,0.20707923328387806,False
qwen3_1b7,nyc_place,last,ridge,4,0.07013086729754359,0.24994315675560014,0.17708466984450622,False
qwen3_1b7,nyc_place,last,ridge,5,0.07609434007540006,0.259434328640794,0.1880465586511848,False
qwen3_1b7,nyc_place,last,ridge,6,0.07517366003375558,0.2678734745368829,0.20096486817296194,False
qwen3_1b7,nyc_place,last,ridge,7,0.06824828871758687,0.26152580195128616,0.2186138412584816,False
qwen3_1b7,nyc_place,last,ridge,8,0.07236148369682821,0.2627813162597443,0.1815130302866283,False
qwen3_1b7,nyc_place,last,ridge,9,0.06950175456074531,0.26438251683121106,0.1949628581558392,False
qwen3_1b7,nyc_place,last,ridge,10,0.06890395035668584,0.2655648019648172,0.20640961114268153,False
qwen3_1b7,nyc_place,last,ridge,11,0.056482665092102036,0.25085455796403244,0.22605246362416737,False
qwen3_1b7,nyc_place,last,ridge,12,0.04408194343923133,0.2468032580824352,0.23013218425137244,False
qwen3_1b7,nyc_place,last,ridge,13,0.038793013500398044,0.2444109739324412,0.23156409198590788,False
qwen3_1b7,nyc_place,last,ridge,14,0.03331200762477593,0.2438798576271386,0.24545485831089925,False
qwen3_1b7,nyc_place,last,ridge,15,0.04277183796482853,0.23530805036813673,0.20447389610238204,False
qwen3_1b7,nyc_place,last,ridge,16,0.037386256319805355,0.2329357990201068,0.21515292496863508,False
qwen3_1b7,nyc_place,last,ridge,17,0.02976576816423465,0.23514977063344983,0.228397476233762,False
qwen3_1b7,nyc_place,last,ridge,18,0.01686975491554571,0.2242751911474929,0.24855185141657055,False
qwen3_1b7,nyc_place,last,ridge,19,0.04936607032213891,0.24332643123132552,0.2253906333220449,False
qwen3_1b7,nyc_place,last,ridge,20,0.04839534580848248,0.2502848184658504,0.2447188822140109,False
qwen3_1b7,nyc_place,last,ridge,21,0.05020935288670503,0.2645398736458483,0.27255966447679164,False
qwen3_1b7,nyc_place,last,ridge,22,0.030479793297978175,0.2599078089328355,0.27759595651427565,False
qwen3_1b7,nyc_place,last,ridge,23,0.019154738940459937,0.27029154685123413,0.282888732338896,False
qwen3_1b7,nyc_place,last,ridge,24,0.0016834694537817274,0.2684181358077406,0.2895582945802163,False
qwen3_1b7,nyc_place,last,ridge,25,-0.011251196284253417,0.2534286464168013,0.29613507181711096,False
qwen3_1b7,nyc_place,last,ridge,26,-0.028237261211750964,0.2557172128959453,0.3021680438407047,False
qwen3_1b7,nyc_place,last,ridge,27,-0.014285820522140336,0.2716453137765334,0.3047587503126221,False
qwen3_1b7,nyc_place,last,ridge,28,0.07942107017429512,0.28387474852236083,0.21549233060759732,False
qwen3_1b7,world_place,last,ridge,1,0.3168391905359454,0.5652257987830076,0.391779553358522,False
qwen3_1b7,world_place,last,ridge,2,0.36903353984471177,0.6116234571600931,0.45019309566689963,False
qwen3_1b7,world_place,last,ridge,3,0.3509754894708774,0.5995089770502731,0.4377579436555199,False
qwen3_1b7,world_place,last,ridge,4,0.38845245547999896,0.6197334245629578,0.4591432377853653,False
qwen3_1b7,world_place,last,ridge,5,0.4324088010923486,0.6560989791871579,0.5017850500113681,False
qwen3_1b7,world_place,last,ridge,6,0.45941744786047434,0.6720109060102148,0.522872114203961,False
qwen3_1b7,world_place,last,ridge,7,0.4864253454109604,0.6887075049449598,0.5503023612956577,False
qwen3_1b7,world_place,last,ridge,8,0.5460267040594903,0.7295340997759732,0.5992750487534542,False
qwen3_1b7,world_place,last,ridge,9,0.6029474430242381,0.7665636792542644,0.6435199554050353,False
qwen3_1b7,world_place,last,ridge,10,0.6103445543992434,0.7680217731926329,0.6635666167573276,False
qwen3_1b7,world_place,last,ridge,11,0.6125437764669649,0.7683719293489686,0.6603503956087573,False
qwen3_1b7,world_place,last,ridge,12,0.6036629742996407,0.761477324774068,0.6516433970531476,False
qwen3_1b7,world_place,last,ridge,13,0.5977776814995746,0.7565826228327355,0.650774792163691,False
qwen3_1b7,world_place,last,ridge,14,0.5986871457048606,0.7565203423569475,0.6520550018053636,False
qwen3_1b7,world_place,last,ridge,15,0.5920543663258089,0.7521915639863375,0.6471671407452162,False
qwen3_1b7,world_place,last,ridge,16,0.5902148082146578,0.7511634379370644,0.6501455234624524,False
qwen3_1b7,world_place,last,ridge,17,0.5859275627730001,0.7478496611149326,0.6465330453853069,False
qwen3_1b7,world_place,last,ridge,18,0.5960783868096504,0.7569488089991696,0.6503855363917393,False
qwen3_1b7,world_place,last,ridge,19,0.6358149193615716,0.7792183670007191,0.68610763336359,False
qwen3_1b7,world_place,last,ridge,20,0.6256142503029778,0.7750078660630855,0.6725758120810411,False
qwen3_1b7,world_place,last,ridge,21,0.6538216594253415,0.7923914044227962,0.702737557506732,False
qwen3_1b7,world_place,last,ridge,22,0.6518814467346361,0.7948772609576176,0.7062244235398898,False
qwen3_1b7,world_place,last,ridge,23,0.6541953591994807,0.7953453912230812,0.7090348069822054,False
qwen3_1b7,world_place,last,ridge,24,0.6544451224648071,0.7951828435496107,0.7090192244661108,False
qwen3_1b7,world_place,last,ridge,25,0.6548539920326807,0.7951442176121215,0.7132555305621398,False
qwen3_1b7,world_place,last,ridge,26,0.6522656801446974,0.7945444689529082,0.7138534717294385,False
qwen3_1b7,world_place,last,ridge,27,0.6551243613036437,0.7962077339468121,0.714411537852792,True
qwen3_1b7,world_place,last,ridge,28,0.6546606926278016,0.8018125101136795,0.698487623896009,False
umt5_base,headline,last,ridge,1,0.23968546949935676,0.49043075339443326,0.3028217197404869,True
umt5_base,headline,last,ridge,2,0.17980140937782052,0.4244324357771135,0.23901222548368561,False
umt5_base,headline,last,ridge,3,0.17027701483511792,0.4119491078118779,0.22026114030236732,False
umt5_base,headline,last,ridge,4,0.1649930104079268,0.410020084643368,0.22731784084769735,False
umt5_base,headline,last,ridge,5,0.1722544265092556,0.4206015460638002,0.2277218647597975,False
umt5_base,headline,last,ridge,6,0.16146625334264897,0.4085668079185714,0.22769537938149098,False
umt5_base,headline,last,ridge,7,0.19203810929990206,0.44681516750083466,0.261296503997016,False
umt5_base,headline,last,ridge,8,0.16599264640803124,0.41796579438841625,0.23722845274375304,False
umt5_base,headline,last,ridge,9,0.16026132794535042,0.41131464786205196,0.22081868397840587,False
umt5_base,headline,last,ridge,10,0.14014622630306184,0.38328220424855364,0.19889085215366042,False
umt5_base,headline,last,ridge,11,0.1245663923194733,0.36104720361640386,0.18146665364119574,False
umt5_base,headline,last,ridge,12,0.11521768837956647,0.34496388002091144,0.1707577608080112,False
umt5_base,art,last,ridge,1,0.08153980220305157,0.2749887271302702,0.11559363013798063,False
umt5_base,art,last,ridge,2,0.08636060981605709,0.28649163119410664,0.1284372724841093,False
umt5_base,art,last,ridge,3,0.09772595268954809,0.30148870432814595,0.13505666405583794,True
umt5_base,art,last,ridge,4,0.09462657903728855,0.2935038727884451,0.14178649139534338,False
umt5_base,art,last,ridge,5,0.09745561552205295,0.28917430321211485,0.14692115352090696,False
umt5_base,art,last,ridge,6,0.0834172586765819,0.279658727575956,0.14528192948617835,False
umt5_base,art,last,ridge,7,0.08354872349646336,0.2769205231809164,0.1426569033026941,False
umt5_base,art,last,ridge,8,0.08004327311074899,0.2748415493481543,0.132787766589605,False
umt5_base,art,last,ridge,9,0.06456851697493426,0.25219091100531354,0.12938629056939843,False
umt5_base,art,last,ridge,10,0.06866821276853041,0.2567762298528923,0.11986970260361107,False
umt5_base,art,last,ridge,11,0.06211345837535176,0.2429526827715274,0.11639297422825534,False
umt5_base,art,last,ridge,12,0.051039098540758276,0.21535838119351244,0.09234136796277892,False
umt5_base,us_place,last,ridge,1,0.07890573790391336,0.29052710181495134,0.1169183824541864,False
umt5_base,us_place,last,ridge,2,0.0981436443602352,0.33386306725904535,0.13758061264794136,False
umt5_base,us_place,last,ridge,3,0.1280934780076921,0.3812381022782881,0.16599791380793405,False
umt5_base,us_place,last,ridge,4,0.2172850839887029,0.46373918402053516,0.24622712752623616,False
umt5_base,us_place,last,ridge,5,0.2407180687153237,0.4752427577867574,0.271414539174795,False
umt5_base,us_place,last,ridge,6,0.2659794466302625,0.4941993100976966,0.28955778450997305,True
umt5_base,us_place,last,ridge,7,0.26549195062390746,0.49119260536463966,0.29348358707769484,False
umt5_base,us_place,last,ridge,8,0.2569893043149001,0.4791775245287433,0.2887154480314869,False
umt5_base,us_place,last,ridge,9,0.25051433720917904,0.4726698714379694,0.2779819487612088,False
umt5_base,us_place,last,ridge,10,0.23356189377458286,0.4607061627671884,0.26852181589344654,False
umt5_base,us_place,last,ridge,11,0.21608768668593203,0.44763023787432704,0.2516945345387588,False
umt5_base,us_place,last,ridge,12,0.10122589594033482,0.32000164996843194,0.14666774979730618,False
umt5_base,historical_figure,last,ridge,1,0.37086764313673437,0.5905415443648208,0.41202991343231166,False
umt5_base,historical_figure,last,ridge,2,0.39421234095691726,0.6137328810420116,0.43106630306799576,False
umt5_base,historical_figure,last,ridge,3,0.40145445161606963,0.6204818235635727,0.4385621821576666,True
umt5_base,historical_figure,last,ridge,4,0.39720300879044246,0.6201467465228119,0.4407918158610291,False
umt5_base,historical_figure,last,ridge,5,0.39316700771970314,0.6148134253754495,0.43344599490154,False
umt5_base,historical_figure,last,ridge,6,0.3873180610852778,0.6100375496951728,0.42753171834433945,False
umt5_base,historical_figure,last,ridge,7,0.38519408592265536,0.6104962185665007,0.4180519797665123,False
umt5_base,historical_figure,last,ridge,8,0.3747180622655588,0.6030514285215332,0.40462310347016395,False
umt5_base,historical_figure,last,ridge,9,0.36250736294570096,0.5897257068406642,0.3959182320897816,False
umt5_base,historical_figure,last,ridge,10,0.3522809146636564,0.5814882707945637,0.3922569371127703,False
umt5_base,historical_figure,last,ridge,11,0.3450260501458241,0.5718521422864334,0.3867401151007054,False
umt5_base,historical_figure,last,ridge,12,0.3060393367632753,0.5346286267834516,0.34364808892284626,False
umt5_base,art,mean,ridge,1,0.14450967170804352,0.3498123247651768,0.29164074729673306,False
umt5_base,art,mean,ridge,2,0.14584618100600377,0.3550689729417086,0.29310437573460135,False
umt5_base,art,mean,ridge,3,0.14366467678477612,0.3587665950406367,0.2814408104678321,False
umt5_base,art,mean,ridge,4,0.15331332435193357,0.35894638400068896,0.2610910979470543,True
umt5_base,art,mean,ridge,5,0.14393322354003213,0.3477149931728471,0.25703139022288213,False
umt5_base,art,mean,ridge,6,0.12306710437662183,0.3336500392731186,0.24526415359657816,False
umt5_base,art,mean,ridge,7,0.12478810797085371,0.33513219434224223,0.23274625942556337,False
umt5_base,art,mean,ridge,8,0.11994851592601263,0.3349716718244706,0.2220742953418534,False
umt5_base,art,mean,ridge,9,0.09673172772913263,0.3085426577062652,0.21397900669111491,False
umt5_base,art,mean,ridge,10,0.09230494346123286,0.3057236440182736,0.20565418062128615,False
umt5_base,art,mean,ridge,11,0.0811279113579556,0.28657410298815933,0.1984808738879601,False
umt5_base,art,mean,ridge,12,0.1035418914144498,0.2910368395998418,0.18277634266642673,False
umt5_base,nyc_place,last,ridge,1,0.03859586340997029,0.20509603800140777,0.1184666834188956,False
umt5_base,nyc_place,last,ridge,2,0.04420734605001919,0.22088745376724578,0.13107383824429591,False
umt5_base,nyc_place,last,ridge,3,0.04207158512748832,0.22033905330255404,0.13025506962222705,False
umt5_base,nyc_place,last,ridge,4,0.046637380824445684,0.22715333253388698,0.13548831352219964,True
umt5_base,nyc_place,last,ridge,5,0.030023913468538,0.22121410969370708,0.1372857471240541,False
umt5_base,nyc_place,last,ridge,6,0.03453357764451692,0.22897159000416906,0.13818471861083914,False
umt5_base,nyc_place,last,ridge,7,0.025794572260761983,0.2099758028316503,0.13020436822261766,False
umt5_base,nyc_place,last,ridge,8,0.015904613298282022,0.19764728820618865,0.12432185591087708,False
umt5_base,nyc_place,last,ridge,9,0.011728426466420638,0.192174333519831,0.11667935380473748,False
umt5_base,nyc_place,last,ridge,10,-0.00017620593195055712,0.17634855037131192,0.11295426135621822,False
umt5_base,nyc_place,last,ridge,11,-0.0049385275883987445,0.16553779773042626,0.10791922738524584,False
umt5_base,nyc_place,last,ridge,12,0.01653825088331956,0.1390118445419694,0.0762472825724057,False
umt5_base,nyc_place,mean,ridge,1,0.1303037682923593,0.35034919643355655,0.2599160985800499,False
umt5_base,nyc_place,mean,ridge,2,0.13260200309699638,0.36136306488487546,0.24827363578890754,True
umt5_base,nyc_place,mean,ridge,3,0.12718879047079457,0.3454087710325916,0.2214359945138653,False
umt5_base,nyc_place,mean,ridge,4,0.11428231096590691,0.33807860233349607,0.2102638769457626,False
umt5_base,nyc_place,mean,ridge,5,0.0840021143518267,0.2965365433739926,0.2014055222432613,False
umt5_base,nyc_place,mean,ridge,6,0.06050778487891545,0.2689624853641579,0.19277916152228258,False
umt5_base,nyc_place,mean,ridge,7,0.05993749963042144,0.27059078124607006,0.18433830535932122,False
umt5_base,nyc_place,mean,ridge,8,0.053872733537568496,0.26759458150047666,0.1699411704707533,False
umt5_base,nyc_place,mean,ridge,9,0.04440284345302398,0.2464951110638918,0.15791592046035713,False
umt5_base,nyc_place,mean,ridge,10,0.029211168702123314,0.22799567596991915,0.15194080752496392,False
umt5_base,nyc_place,mean,ridge,11,0.023695177736619943,0.22254559087448272,0.14624447941951413,False
umt5_base,nyc_place,mean,ridge,12,0.04449201581554474,0.22598544371237478,0.12914073069963622,False
umt5_base,us_place,mean,ridge,1,0.24824837082135515,0.49163830630262667,0.27889836237313576,False
umt5_base,us_place,mean,ridge,2,0.28654027122814013,0.5259008926051822,0.31742701647346505,False
umt5_base,us_place,mean,ridge,3,0.2924773633270247,0.530956985704298,0.32846075301199434,False
umt5_base,us_place,mean,ridge,4,0.30421435497209587,0.5345624516866427,0.3370045251622483,False
umt5_base,us_place,mean,ridge,5,0.30654995543075214,0.5338964917706475,0.3404056883752975,False
umt5_base,us_place,mean,ridge,6,0.3246305121737602,0.5473799715343958,0.35485123461801915,True
umt5_base,us_place,mean,ridge,7,0.3206780174876058,0.541748603114593,0.3478503642040971,False
umt5_base,us_place,mean,ridge,8,0.30853966383454956,0.5280461624991866,0.34261644760968707,False
umt5_base,us_place,mean,ridge,9,0.2977534261816928,0.5200481826992024,0.331324514496046,False
umt5_base,us_place,mean,ridge,10,0.28067290863595756,0.5051248843712047,0.31667134762227367,False
umt5_base,us_place,mean,ridge,11,0.27087253151520896,0.49866813911371377,0.305837399317009,False
umt5_base,us_place,mean,ridge,12,0.2605490199798151,0.49083714502011,0.2847909691311963,False
umt5_base,historical_figure,mean,ridge,1,0.47728513146598384,0.6902721012198041,0.5086506742303016,False
umt5_base,historical_figure,mean,ridge,2,0.4922406809110069,0.6997112272727124,0.5197413660769841,False
umt5_base,historical_figure,mean,ridge,3,0.4938452124239697,0.6983540472139472,0.5176922411924136,True
umt5_base,historical_figure,mean,ridge,4,0.48189770677160704,0.6927124324757755,0.5096144428499901,False
umt5_base,historical_figure,mean,ridge,5,0.4704863630373547,0.6846653452243009,0.49560324461922434,False
umt5_base,historical_figure,mean,ridge,6,0.45411559351277786,0.6767964037950716,0.4887098100204278,False
umt5_base,historical_figure,mean,ridge,7,0.4434389708048615,0.669386976963683,0.47917033102573403,False
umt5_base,historical_figure,mean,ridge,8,0.43648983986002143,0.6637005602030861,0.4689178289817173,False
umt5_base,historical_figure,mean,ridge,9,0.4288089584836231,0.6555922958199438,0.46369797865287943,False
umt5_base,historical_figure,mean,ridge,10,0.41876839731801085,0.6447490552784407,0.4562603366958481,False
umt5_base,historical_figure,mean,ridge,11,0.41439939622278454,0.6422924380127769,0.44962546162378403,False
umt5_base,historical_figure,mean,ridge,12,0.40597530096130696,0.6357848419274079,0.4388610658291193,False
umt5_base,headline,mean,ridge,1,0.3492070834149943,0.6018580930970552,0.387475600751751,True
umt5_base,headline,mean,ridge,2,0.3440091866094549,0.5959771446282445,0.38240486044105193,False
umt5_base,headline,mean,ridge,3,0.33451738130281927,0.587052590933442,0.36983659003575653,False
umt5_base,headline,mean,ridge,4,0.3119443955330168,0.5648273573005042,0.3573167522916436,False
umt5_base,headline,mean,ridge,5,0.3060158111236382,0.5593331655065656,0.35021449444727126,False
umt5_base,headline,mean,ridge,6,0.2900818463903543,0.545052600651948,0.33262008253719766,False
umt5_base,headline,mean,ridge,7,0.278145653808183,0.5350329936033058,0.3312559457313491,False
umt5_base,headline,mean,ridge,8,0.28063500342322134,0.5383160217523306,0.32989452142245135,False
umt5_base,headline,mean,ridge,9,0.2626073462289803,0.521066749906856,0.3194533365499719,False
umt5_base,headline,mean,ridge,10,0.24312360459057958,0.5020907388123874,0.30989962079910915,False
umt5_base,headline,mean,ridge,11,0.2372573041550382,0.4973710353314699,0.30615046481050634,False
umt5_base,headline,mean,ridge,12,0.23940949562321578,0.4988332796726053,0.29620751119941724,False
umt5_base,world_place,last,ridge,1,0.2349074445194227,0.5003884081145997,0.27961489216482427,False
umt5_base,world_place,last,ridge,2,0.23572816733463786,0.5011004095663216,0.28522594607861385,False
umt5_base,world_place,last,ridge,3,0.2492954663868686,0.507984741469903,0.30322034347302895,False
umt5_base,world_place,last,ridge,4,0.27777970257293283,0.5297354991700056,0.3253825585057605,False
umt5_base,world_place,last,ridge,5,0.28473266894622934,0.5341464815773487,0.33341274235836676,True
umt5_base,world_place,last,ridge,6,0.28260668340136536,0.5337402548780986,0.3311270183671407,False
umt5_base,world_place,last,ridge,7,0.2800031720682452,0.5253701200529521,0.32579110596636546,False
umt5_base,world_place,last,ridge,8,0.27003132847826256,0.5175241991145135,0.31606453776132004,False
umt5_base,world_place,last,ridge,9,0.2560923868666478,0.506489470348128,0.301749386811256,False
umt5_base,world_place,last,ridge,10,0.24003823237971583,0.4931400185707129,0.28787661906635703,False
umt5_base,world_place,last,ridge,11,0.21959276292072127,0.471487643410321,0.2735439273694129,False
umt5_base,world_place,last,ridge,12,0.18873893605627035,0.43170468767527126,0.23025364908245155,False
umt5_base,world_place,mean,ridge,1,0.43299917347472916,0.650012702769617,0.470188847567605,False
umt5_base,world_place,mean,ridge,2,0.436545438775618,0.6460718193702204,0.47535832140356477,False
umt5_base,world_place,mean,ridge,3,0.43791478649633947,0.644656868908519,0.4758228440136497,True
umt5_base,world_place,mean,ridge,4,0.42011730325182933,0.6294884247843049,0.4620469201604386,False
umt5_base,world_place,mean,ridge,5,0.4137255622174532,0.6264587634221314,0.45072312058144076,False
umt5_base,world_place,mean,ridge,6,0.39388732754582906,0.6114750702662566,0.43547390081923165,False
umt5_base,world_place,mean,ridge,7,0.3838640010871604,0.6023163456363954,0.4285234704305023,False
umt5_base,world_place,mean,ridge,8,0.3686792481937105,0.5934127761932635,0.4137346355818377,False
umt5_base,world_place,mean,ridge,9,0.356026348967161,0.5850228624494491,0.4015417315069851,False
umt5_base,world_place,mean,ridge,10,0.3452401891248357,0.5763838101519458,0.39067778431482547,False
umt5_base,world_place,mean,ridge,11,0.335901285624629,0.5713331975544229,0.38063860106908437,False
umt5_base,world_place,mean,ridge,12,0.31368902075803623,0.5550915339620861,0.35625427024312295,False
random,headline,last,ridge,1,0.19570470620839675,0.4419805570077588,0.329251004315121,True
random,headline,last,ridge,2,0.15359958990550093,0.39989488871731427,0.34457284584057957,False
random,headline,last,ridge,3,0.12073082050253114,0.36791547410379793,0.34473246833488624,False
random,headline,last,ridge,4,0.08822287795764083,0.3407373341398354,0.3418055401894491,False
random,headline,last,ridge,5,0.07295191665201795,0.32799706905465176,0.33857769514073,False
random,headline,last,ridge,6,0.06272411272334233,0.31837425759998433,0.3337807024708007,False
random,headline,last,ridge,7,0.04953508538202411,0.30897914534417587,0.33016164112942537,False
random,headline,last,ridge,8,0.036213054207794304,0.29726184201554195,0.3256546581056108,False
random,headline,last,ridge,9,0.025011122640948402,0.2891873927952636,0.32641849667973166,False
random,headline,last,ridge,10,0.02252242566378393,0.29003048125264247,0.32519033448274604,False
random,headline,last,ridge,11,0.024449021040310104,0.29277940273596903,0.3220561768065724,False
random,headline,last,ridge,12,0.015990934477588703,0.2868475575584285,0.3222896619486979,False
random,headline,last,ridge,13,0.012391203404093831,0.2807050257183375,0.3170124796880682,False
random,headline,last,ridge,14,0.0008616015949653999,0.27121623887453794,0.3148964887315855,False
random,headline,last,ridge,15,-0.002273134969074553,0.26437312306868926,0.3119417252633685,False
random,headline,last,ridge,16,-0.007545569738089508,0.2593002654394361,0.3098426501952586,False
random,headline,last,ridge,17,-0.012230491426957535,0.2560469039691979,0.308347688078366,False
random,headline,last,ridge,18,-0.01022476991042054,0.2631783058875211,0.3069915178296181,False
random,headline,last,ridge,19,-0.00858978148528644,0.26382419570585186,0.30491335783786455,False
random,headline,last,ridge,20,-0.010063410544066453,0.26124719326774026,0.3045666326040568,False
random,headline,last,ridge,21,-0.016821505717667717,0.25419462740960586,0.302210740018962,False
random,headline,last,ridge,22,-0.026277737353623598,0.24515736766889215,0.3019506318047771,False
random,headline,last,ridge,23,-0.02410542973918095,0.24774237174810126,0.3011184958601686,False
random,headline,last,ridge,24,-0.02785633201026738,0.2451832827779276,0.30230881543473653,False
random,headline,last,ridge,25,-0.03236686696344937,0.24281820920140731,0.3032083259913021,False
random,headline,last,ridge,26,-0.03192986120111341,0.24288998863745792,0.3017458429392962,False
random,headline,last,ridge,27,-0.030802440713568302,0.241636564945464,0.299331197958041,False
random,headline,last,ridge,28,-0.03648864288337905,0.2372240150557053,0.29943302429870733,False
random,headline,last,ridge,29,-0.037253599076312094,0.2364448178356333,0.29988742008712244,False
random,headline,last,ridge,30,-0.04535807517330448,0.2321927620117603,0.29904154907139746,False
random,headline,last,ridge,31,-0.04473571538859811,0.23289693686119492,0.29776044626886,False
random,headline,last,ridge,32,-0.04141829065112912,0.23789636206812723,0.29678885409934574,False
random,headline,last,ridge,33,-0.045838607383393626,0.23463244889424253,0.2962706003497412,False
random,headline,last,ridge,34,-0.04497574340523247,0.23211267279807254,0.2951613332889218,False
random,headline,last,ridge,35,-0.04524802816154172,0.23106776479926694,0.2956564904428237,False
random,headline,last,ridge,36,0.08572107188495104,0.27270836855663594,0.21299678258117272,False
random,art,last,ridge,1,0.0426847908476079,0.21211434678811572,0.2711532233624241,False
random,art,last,ridge,2,-0.005196017318998214,0.17995192695073767,0.31603935688859597,False
random,art,last,ridge,3,-0.04308291593006941,0.15597277141262544,0.33043791277593415,False
random,art,last,ridge,4,-0.08233706438204624,0.13108679638703294,0.3348175524510364,False
random,art,last,ridge,5,-0.1087139430949089,0.12352375519324421,0.3419502134800523,False
random,art,last,ridge,6,-0.10843455484554543,0.12568073912237257,0.3412893413567727,False
random,art,last,ridge,7,-0.09694453780812107,0.14503159055286347,0.3464263981049157,False
random,art,last,ridge,8,-0.09415662291946614,0.15400407551078577,0.34492590222375663,False
random,art,last,ridge,9,-0.09635684339751593,0.15184509960410206,0.3459962223282975,False
random,art,last,ridge,10,-0.10549524585749226,0.1433364268765322,0.34528731734859053,False
random,art,last,ridge,11,-0.10843625535555979,0.1409096975033743,0.34736012136172445,False
random,art,last,ridge,12,-0.11499575115682092,0.1345708860010734,0.3460693680385385,False
random,art,last,ridge,13,-0.11679644753468033,0.13255529009635172,0.34315701289545675,False
random,art,last,ridge,14,-0.11920404582022415,0.1322211514918637,0.343304592575149,False
random,art,last,ridge,15,-0.11899915379011028,0.13947808060783054,0.3436943005050258,False
random,art,last,ridge,16,-0.11462055073257993,0.14301902878703388,0.34380474813102735,False
random,art,last,ridge,17,-0.11876847717897188,0.14286245713310156,0.34333846094451903,False
random,art,last,ridge,18,-0.11929462678405978,0.14357038882349463,0.34421264216780856,False
random,art,last,ridge,19,-0.12806274238102633,0.13918615914325044,0.3440120541028272,False
random,art,last,ridge,20,-0.1405889730273191,0.1300367546935996,0.3451712109099069,False
random,art,last,ridge,21,-0.14261750585466548,0.1302942667729988,0.3439052357501715,False
random,art,last,ridge,22,-0.14022961136738954,0.13198514974134543,0.343707541265297,False
random,art,last,ridge,23,-0.13744735404968678,0.13424166548687877,0.34159437203029863,False
random,art,last,ridge,24,-0.14419540508262618,0.12956502299911457,0.34002156312030263,False
random,art,last,ridge,25,-0.13768120709585263,0.1340660782971904,0.3408883864343335,False
random,art,last,ridge,26,-0.1322172572110838,0.13834668237042394,0.34083876834196936,False
random,art,last,ridge,27,-0.12656535573256122,0.1394070451789595,0.341557974249302,False
random,art,last,ridge,28,-0.11405928175464553,0.14853771032814606,0.341402476142449,False
random,art,last,ridge,29,-0.1140693906089778,0.14773950280221337,0.3411829494297337,False
random,art,last,ridge,30,-0.12171227423061004,0.14647933245823933,0.3406037068246027,False
random,art,last,ridge,31,-0.1253379985046834,0.14186849902570337,0.3392463534680228,False
random,art,last,ridge,32,-0.11659154326121701,0.14897573339980247,0.33935378381038905,False
random,art,last,ridge,33,-0.11148429833027973,0.14963260483113283,0.3365870708226344,False
random,art,last,ridge,34,-0.11551647659938524,0.146767768554177,0.33583175278886157,False
random,art,last,ridge,35,-0.1201481659182535,0.14824292501438383,0.33651979814674515,False
random,art,last,ridge,36,0.05490385811495013,0.20159250888828917,0.2565163445080971,True
random,us_place,last,ridge,1,0.16901157150773571,0.36290968327210615,0.2831167860683214,False
random,us_place,last,ridge,2,0.3161556303309119,0.508409956219315,0.46470015682224114,False
random,us_place,last,ridge,3,0.3190552476313024,0.5160543820294855,0.4896722650359783,False
random,us_place,last,ridge,4,0.31327058136902325,0.5124510975406813,0.4954593169933941,False
random,us_place,last,ridge,5,0.3122522408843225,0.5107724591896774,0.503303205417951,False
random,us_place,last,ridge,6,0.31302734418681155,0.5128005172363174,0.5043013179561533,False
random,us_place,last,ridge,7,0.3068553243317379,0.509214310802088,0.5052191624354706,False
random,us_place,last,ridge,8,0.303452575471486,0.5061922455496216,0.5040709993524235,False
random,us_place,last,ridge,9,0.3002797962169241,0.5041674059184273,0.5034228326100003,False
random,us_place,last,ridge,10,0.29660747322825054,0.5023437794926855,0.5017046230839308,False
random,us_place,last,ridge,11,0.294176138275532,0.5029828770760647,0.5008385821586159,False
random,us_place,last,ridge,12,0.2933702044965586,0.5028702835081347,0.5007167316199874,False
random,us_place,last,ridge,13,0.2894408412181848,0.4992734714108502,0.5017184334100703,False
random,us_place,last,ridge,14,0.2905118213656703,0.49994098669147635,0.5011006095098465,False
random,us_place,last,ridge,15,0.29310771751395565,0.5036349096573292,0.5024697562950651,False
random,us_place,last,ridge,16,0.29398901655315085,0.5038198210999634,0.5017465013585215,False
random,us_place,last,ridge,17,0.2937915489147427,0.5032011523976678,0.5004164253964647,False
random,us_place,last,ridge,18,0.29161034712009465,0.502999289019307,0.5009977916895687,False
random,us_place,last,ridge,19,0.29197686745092477,0.5046909643090067,0.5015181863200047,False
random,us_place,last,ridge,20,0.28740551005999665,0.5011790387582336,0.5028771966040159,False
random,us_place,last,ridge,21,0.2871179324710471,0.5003089952149022,0.5027531597091077,False
random,us_place,last,ridge,22,0.2897159039863752,0.5027390629069615,0.5022169078313313,False
random,us_place,last,ridge,23,0.29179974336747555,0.5053707835698118,0.5022983600166926,False
random,us_place,last,ridge,24,0.29052540467050386,0.504632822727798,0.5033713059612309,False
random,us_place,last,ridge,25,0.2858272696311201,0.5002746618413021,0.503589652861832,False
random,us_place,last,ridge,26,0.2893447082366289,0.5035367121907066,0.5033063270421553,False
random,us_place,last,ridge,27,0.2903523993351587,0.5019633462989399,0.5023204802895822,False
random,us_place,last,ridge,28,0.2904068533388505,0.5035752160755822,0.5020198212896901,False
random,us_place,last,ridge,29,0.2934499494122955,0.505339318557726,0.500968182266702,False
random,us_place,last,ridge,30,0.2913289186439367,0.503203548967552,0.5011949164898891,False
random,us_place,last,ridge,31,0.2893632653801112,0.5003219331969608,0.500636547376564,False
random,us_place,last,ridge,32,0.2877992029922747,0.49874165789644703,0.5006604341349649,False
random,us_place,last,ridge,33,0.29039393989977996,0.4996220879245956,0.5000787555637366,False
random,us_place,last,ridge,34,0.2899696760472602,0.4988201953314706,0.5000302713160791,False
random,us_place,last,ridge,35,0.29079684101600595,0.5002335303516883,0.49938547065297273,False
random,us_place,last,ridge,36,0.3790229691095658,0.5417720610368658,0.4368672115530339,True
random,historical_figure,last,ridge,1,0.2759116581420802,0.5037974232295978,0.39366366944210307,True
random,historical_figure,last,ridge,2,0.2607856634164649,0.48686586170782303,0.40177665206612945,False
random,historical_figure,last,ridge,3,0.22107298871798775,0.45152605522339206,0.3978347123014597,False
random,historical_figure,last,ridge,4,0.20116809499161536,0.43690891837924123,0.39401121733986644,False
random,historical_figure,last,ridge,5,0.19604207824052688,0.43205619557944897,0.38878123503226836,False
random,historical_figure,last,ridge,6,0.18286797716926606,0.4261734410300554,0.3848826443651293,False
random,historical_figure,last,ridge,7,0.17914113000087384,0.42979876755157426,0.38419813733553665,False
random,historical_figure,last,ridge,8,0.1750854862735447,0.42588703390233235,0.37995249789355134,False
random,historical_figure,last,ridge,9,0.16434189821073875,0.41809300014317324,0.37836667270933066,False
random,historical_figure,last,ridge,10,0.16413692855432005,0.4127890127768587,0.3755453516205354,False
random,historical_figure,last,ridge,11,0.1647550929549405,0.4133372427376468,0.3710806182596367,False
random,historical_figure,last,ridge,12,0.1560413250012126,0.40497236062425934,0.36832577467998706,False
random,historical_figure,last,ridge,13,0.15546241306603148,0.40368874782240555,0.3681663643711818,False
random,historical_figure,last,ridge,14,0.15192871102059802,0.3999611796130309,0.3641394984299797,False
random,historical_figure,last,ridge,15,0.1459748540621768,0.3947349243844199,0.363524427951158,False
random,historical_figure,last,ridge,16,0.14310021750890778,0.39431221833456054,0.3609974870534144,False
random,historical_figure,last,ridge,17,0.13892351581978102,0.3916433203734806,0.3599704366876495,False
random,historical_figure,last,ridge,18,0.14223088098846914,0.3930206497773031,0.3593716744591925,False
random,historical_figure,last,ridge,19,0.13856028688644206,0.3901332329067581,0.35981580813707825,False
random,historical_figure,last,ridge,20,0.13469474068646314,0.3893004558059439,0.3585906687976562,False
random,historical_figure,last,ridge,21,0.13337559166126667,0.3868119523882614,0.3612694609733692,False
random,historical_figure,last,ridge,22,0.1338164301235617,0.3867307640606032,0.35985537695436776,False
random,historical_figure,last,ridge,23,0.13325418375909692,0.38427209062254447,0.3601125656501496,False
random,historical_figure,last,ridge,24,0.13108367218163297,0.3827217576373464,0.35860085199594505,False
random,historical_figure,last,ridge,25,0.12925059716690435,0.3837881186682567,0.35872464328291787,False
random,historical_figure,last,ridge,26,0.12331456075128566,0.3788681823253305,0.35837974311249265,False
random,historical_figure,last,ridge,27,0.12190480449762009,0.37861538389360344,0.3582395977309102,False
random,historical_figure,last,ridge,28,0.1223854334109079,0.3776080452182946,0.3568797752195466,False
random,historical_figure,last,ridge,29,0.12433078677640208,0.37933745775542116,0.35565128003777025,False
random,historical_figure,last,ridge,30,0.11806291250336187,0.3724960783043094,0.3551636292563183,False
random,historical_figure,last,ridge,31,0.11566853470821237,0.3713034749420315,0.3547730720312924,False
random,historical_figure,last,ridge,32,0.11444069584269556,0.37015916634110063,0.35465378304920525,False
random,historical_figure,last,ridge,33,0.11348751695229697,0.37092515295970924,0.3551172627705925,False
random,historical_figure,last,ridge,34,0.11306623771968871,0.3705321381362077,0.3548339048833109,False
random,historical_figure,last,ridge,35,0.10630553317020208,0.3647285318118716,0.3549832468364087,False
random,historical_figure,last,ridge,36,0.1825884053392305,0.4039717654775576,0.29123163361920446,False
random,nyc_place,last,ridge,1,0.059414245534894994,0.23984197807612762,0.29880584446138925,True
random,nyc_place,last,ridge,2,0.0445441458967783,0.2517286218542614,0.3537931660762312,False
random,nyc_place,last,ridge,3,0.02168920062415719,0.24519837055435195,0.3714142285369966,False
random,nyc_place,last,ridge,4,-0.004297412516573673,0.23023567550666407,0.383610003479764,False
random,nyc_place,last,ridge,5,-0.029429834530681487,0.22141444187448578,0.3914144690140739,False
random,nyc_place,last,ridge,6,-0.052854847937193083,0.20520639872481541,0.3921343929305284,False
random,nyc_place,last,ridge,7,-0.07888172326052079,0.19155618193122104,0.3944637816612616,False
random,nyc_place,last,ridge,8,-0.0841951449825592,0.19984033098850326,0.3963261618365786,False
random,nyc_place,last,ridge,9,-0.09482302111349128,0.1956413759491445,0.39674516479400007,False
random,nyc_place,last,ridge,10,-0.11230204980203262,0.17997311208164557,0.39638404261017485,False
random,nyc_place,last,ridge,11,-0.11307438561744165,0.18599550507629692,0.3954871242802667,False
random,nyc_place,last,ridge,12,-0.1204319523800621,0.18399558743500366,0.39589379944349945,False
random,nyc_place,last,ridge,13,-0.12208410986713125,0.17965096775402362,0.39186466655270163,False
random,nyc_place,last,ridge,14,-0.13738083344136487,0.17331940574248506,0.3905212290589,False
random,nyc_place,last,ridge,15,-0.16115443253223594,0.16242169951441343,0.38933550783537724,False
random,nyc_place,last,ridge,16,-0.17346992233315606,0.15485363685808307,0.38770790783167924,False
random,nyc_place,last,ridge,17,-0.18263826244284243,0.15138260377135138,0.38790390993506496,False
random,nyc_place,last,ridge,18,-0.17349353492711572,0.1596283894246382,0.3899157069707487,False
random,nyc_place,last,ridge,19,-0.18482105517040737,0.15103596089271992,0.38927555591958896,False
random,nyc_place,last,ridge,20,-0.19284959057633222,0.14460415014345085,0.3869709350949229,False
random,nyc_place,last,ridge,21,-0.19348633339826382,0.14984773316766212,0.38804698483526057,False
random,nyc_place,last,ridge,22,-0.20606312614441824,0.14367176426464062,0.39021481916479483,False
random,nyc_place,last,ridge,23,-0.20913560406652487,0.14560626790398157,0.3899203394460241,False
random,nyc_place,last,ridge,24,-0.20211042288795333,0.1552217179368819,0.390299074917172,False
random,nyc_place,last,ridge,25,-0.2142775445856352,0.14858840553366398,0.39070903788265704,False
random,nyc_place,last,ridge,26,-0.21072863744408943,0.15389154931132049,0.3895353137920747,False
random,nyc_place,last,ridge,27,-0.21192337673087636,0.149817507605807,0.38930519223134946,False
random,nyc_place,last,ridge,28,-0.2176119362122636,0.14508586066010537,0.38782427247693496,False
random,nyc_place,last,ridge,29,-0.21686088079922072,0.14559533639920466,0.3878374243390321,False
random,nyc_place,last,ridge,30,-0.21719150237096785,0.14521243860379668,0.38861602255574684,False
random,nyc_place,last,ridge,31,-0.22153620913948946,0.14573278202420897,0.38777085115213183,False
random,nyc_place,last,ridge,32,-0.2215704823740272,0.1469631628321788,0.3872134359167719,False
random,nyc_place,last,ridge,33,-0.2199075535538555,0.15024232431077658,0.38605760213211016,False
random,nyc_place,last,ridge,34,-0.2238872076089724,0.1454280331697687,0.38603938698253354,False
random,nyc_place,last,ridge,35,-0.22282497604019835,0.14487594100566376,0.3837654026965596,False
random,nyc_place,last,ridge,36,0.029394424226837357,0.17136166377060938,0.2323251952443614,False
random,world_place,last,ridge,1,0.3268882355731151,0.49929124892036936,0.4321223299140917,True
random,world_place,last,ridge,2,0.3131107194672598,0.4779919712119884,0.4525312297731932,False
random,world_place,last,ridge,3,0.2997585840530611,0.46197276368485535,0.4568419711891455,False
random,world_place,last,ridge,4,0.28779180690510275,0.45130739835731326,0.4534075085752309,False
random,world_place,last,ridge,5,0.27251590505823897,0.43846373352251256,0.4499430989643491,False
random,world_place,last,ridge,6,0.2641683633154987,0.429760211716825,0.44737361062146314,False
random,world_place,last,ridge,7,0.2593440322368516,0.4249741056345949,0.44317693154612353,False
random,world_place,last,ridge,8,0.2533978534025641,0.4207667330162882,0.4418070284415543,False
random,world_place,last,ridge,9,0.250365414393268,0.41769921085032746,0.4401497033388592,False
random,world_place,last,ridge,10,0.24682902091857012,0.4148557825863159,0.4387667992114007,False
random,world_place,last,ridge,11,0.24499420154135004,0.4138812224741558,0.43773300585903896,False
random,world_place,last,ridge,12,0.24124807226687955,0.40944300680255075,0.43612745077787934,False
random,world_place,last,ridge,13,0.24176896640652212,0.4098661791212741,0.43367229082335457,False
random,world_place,last,ridge,14,0.24315712304968556,0.41032994220243446,0.432097835999738,False
random,world_place,last,ridge,15,0.2403600746264683,0.40920696226002073,0.4296188930617891,False
random,world_place,last,ridge,16,0.23977598685571266,0.4083200272743144,0.42948098379268684,False
random,world_place,last,ridge,17,0.23871748741971982,0.4066565175205647,0.42888077629693977,False
random,world_place,last,ridge,18,0.23917299147733023,0.4066836285511818,0.42830911934719373,False
random,world_place,last,ridge,19,0.23697906110872763,0.4040275768170172,0.42757588542932545,False
random,world_place,last,ridge,20,0.23472038183173205,0.4022948646338652,0.4261757825000897,False
random,world_place,last,ridge,21,0.23170795802312066,0.4022400477707174,0.4249036604030933,False
random,world_place,last,ridge,22,0.23067291791779015,0.40280512250104833,0.42544486296669287,False
random,world_place,last,ridge,23,0.2343211996453738,0.40457865311342567,0.42445556463049616,False
random,world_place,last,ridge,24,0.2314169859441168,0.39992943840020667,0.4249406710996374,False
random,world_place,last,ridge,25,0.22880025638145302,0.3981193433145013,0.42419714037998607,False
random,world_place,last,ridge,26,0.2252179337588226,0.3950743556068292,0.42463003909031516,False
random,world_place,last,ridge,27,0.22571136122255686,0.39742514702096254,0.4235248851847598,False
random,world_place,last,ridge,28,0.22669856274619038,0.39664552293708166,0.4243420001580011,False
random,world_place,last,ridge,29,0.2242833704770994,0.39607731871716134,0.42341306823794456,False
random,world_place,last,ridge,30,0.2249665775406673,0.3970945660487103,0.42207090175208084,False
random,world_place,last,ridge,31,0.22190001611889765,0.3960300861773711,0.4213167659463076,False
random,world_place,last,ridge,32,0.2203445784132902,0.3932097253395003,0.42158469472369314,False
random,world_place,last,ridge,33,0.21977606442306852,0.3924001865869671,0.42150706210183103,False
random,world_place,last,ridge,34,0.2173169408249912,0.3895829124433272,0.4202260296325641,False
random,world_place,last,ridge,35,0.2142124768813085,0.38785499181760763,0.4200795677399144,False
random,world_place,last,ridge,36,0.28156290201157996,0.40007036765828097,0.3728640905742214,False
qwen3_32b,headline,last,ridge,1,0.35165041744811754,0.6044155959816669,0.4680131308116876,False
qwen3_32b,headline,last,ridge,3,0.4122980479265347,0.6525940318753474,0.5308448705846229,False
qwen3_32b,headline,last,ridge,5,0.43247947473932424,0.6658496925528778,0.5464886955574014,False
qwen3_32b,headline,last,ridge,7,0.4778663576562737,0.6986003862379206,0.5618985455140129,False
qwen3_32b,headline,last,ridge,9,0.4832604181156199,0.7028866481824317,0.5458953868567906,False
qwen3_32b,headline,last,ridge,11,0.47435184839181077,0.6964279182980058,0.569571064320768,False
qwen3_32b,headline,last,ridge,13,0.47201447559141574,0.6960883545252202,0.5738249615068771,False
qwen3_32b,headline,last,ridge,15,0.5205903027441267,0.7286852957366922,0.598265533197256,False
qwen3_32b,headline,last,ridge,17,0.519867410710761,0.7272456127256006,0.6064049770614064,False
qwen3_32b,headline,last,ridge,19,0.5247919566544073,0.731298367753591,0.613777109946301,False
qwen3_32b,headline,last,ridge,21,0.5255217003622662,0.7317971452308542,0.5879419932534097,False
qwen3_32b,headline,last,ridge,23,0.5284353023938345,0.7335276521758574,0.5955847768082538,False
qwen3_32b,headline,last,ridge,25,0.5448810028227125,0.7432452380692287,0.6133001314632656,False
qwen3_32b,headline,last,ridge,27,0.5472784237635464,0.7446820709435963,0.6144868437779084,False
qwen3_32b,headline,last,ridge,29,0.5475815837106918,0.7446102713680394,0.6167416557577037,False
qwen3_32b,headline,last,ridge,31,0.5467166349136077,0.7438286421399929,0.614434195983422,False
qwen3_32b,headline,last,ridge,33,0.5478579609754246,0.7443561337609967,0.6082790249517106,False
qwen3_32b,headline,last,ridge,35,0.5477328849563363,0.7447861867902144,0.6085621279372088,False
qwen3_32b,headline,last,ridge,37,0.5491726972152182,0.7455872894768885,0.6147776570062644,False
qwen3_32b,headline,last,ridge,39,0.5942252270979429,0.774879773126043,0.6526830451130179,False
qwen3_32b,headline,last,ridge,41,0.5957277092910401,0.774862883053525,0.6498824298270887,False
qwen3_32b,headline,last,ridge,43,0.5999837690990227,0.7778834038816689,0.6523329835690574,False
qwen3_32b,headline,last,ridge,45,0.6001215920301708,0.7784738342339583,0.6539020642694964,False
qwen3_32b,headline,last,ridge,47,0.5964916811666616,0.7756236348652139,0.656020380820511,False
qwen3_32b,headline,last,ridge,49,0.6051814503685172,0.7810676368816056,0.6696776317943696,False
qwen3_32b,headline,last,ridge,51,0.6054746858217979,0.7806677111030039,0.6542614771830222,True
qwen3_32b,headline,last,ridge,53,0.60355375601298,0.7796581985454131,0.6694905554730941,False
qwen3_32b,headline,last,ridge,55,0.6045767859336127,0.7811947984921873,0.6829942732017209,False
qwen3_32b,headline,last,ridge,57,0.603414191630079,0.7807663696649163,0.7007061254201503,False
qwen3_32b,headline,last,ridge,59,0.5977491569887425,0.7789793252817999,0.7104590496790799,False
qwen3_32b,headline,last,ridge,61,0.5769761105633103,0.7664922519259099,0.7151243158918446,False
qwen3_32b,headline,last,ridge,63,0.5659461297317088,0.7608627199912621,0.7150905771955063,False
qwen3_32b,headline,last,ridge,64,0.599336623199622,0.7761858236810295,0.6725652441905672,False
qwen3_32b,art,last,ridge,1,0.15278453360380073,0.3672314231048166,0.29508053734813444,False
qwen3_32b,art,last,ridge,3,0.15924952996956754,0.3855781818901252,0.3155237491742071,False
qwen3_32b,art,last,ridge,5,0.15558382459240838,0.3844419530919622,0.27123535426060486,False
qwen3_32b,art,last,ridge,7,0.22263930912421082,0.45251726227682926,0.3443628940920245,False
qwen3_32b,art,last,ridge,9,0.27607523155756275,0.5102777812848299,0.39357811587832503,False
qwen3_32b,art,last,ridge,11,0.26469722479057456,0.49660337488462647,0.4115343826404193,False
qwen3_32b,art,last,ridge,13,0.34073741735992746,0.5555560615840602,0.4236396496403666,False
qwen3_32b,art,last,ridge,15,0.5228447708898587,0.694367892081196,0.6433547726690301,False
qwen3_32b,art,last,ridge,17,0.5307405359734998,0.6994957408418525,0.650085816916904,False
qwen3_32b,art,last,ridge,19,0.593525276286099,0.7427482446527677,0.7027711413753872,False
qwen3_32b,art,last,ridge,21,0.5917754035004603,0.7389247473703465,0.6986177851600788,False
qwen3_32b,art,last,ridge,23,0.6073835555525837,0.7498190078342427,0.7130094748941553,False
qwen3_32b,art,last,ridge,25,0.6249471526742783,0.7587878782175268,0.7302537760541761,False
qwen3_32b,art,last,ridge,27,0.644698073932948,0.7734173632258136,0.710644692160338,False
qwen3_32b,art,last,ridge,29,0.6450594479416986,0.7708772402426068,0.7142852382497626,False
qwen3_32b,art,last,ridge,31,0.6460257240802224,0.7698277262686699,0.7146786759591408,False
qwen3_32b,art,last,ridge,33,0.6393388620690416,0.7669323651948158,0.7148278353522619,False
qwen3_32b,art,last,ridge,35,0.6277043666105537,0.7602686074187913,0.7094522291363028,False
qwen3_32b,art,last,ridge,37,0.6494924451155986,0.7721540987692361,0.7305757015711414,False
qwen3_32b,art,last,ridge,39,0.7001522466337315,0.8030920562519464,0.7633616241712936,False
qwen3_32b,art,last,ridge,41,0.6979495817255044,0.8026860248456623,0.7584857570639922,False
qwen3_32b,art,last,ridge,43,0.7174375528724241,0.8138846238484406,0.770393386342044,False
qwen3_32b,art,last,ridge,45,0.7120611766669236,0.8107654011585593,0.7669360328272399,False
qwen3_32b,art,last,ridge,47,0.7192928465550975,0.8144171460227961,0.7721549486599271,False
qwen3_32b,art,last,ridge,49,0.7257675509163433,0.8162521290937931,0.7787430646461712,False
qwen3_32b,art,last,ridge,51,0.7265609671558678,0.8151873574612789,0.787271926576028,True
qwen3_32b,art,last,ridge,53,0.7185518599848006,0.807306969382512,0.7971762804167182,False
qwen3_32b,art,last,ridge,55,0.709740182730043,0.8009065275897277,0.8038205862364737,False
qwen3_32b,art,last,ridge,57,0.6989280085015773,0.7931399437406463,0.8082498569609329,False
qwen3_32b,art,last,ridge,59,0.6896427401200991,0.7863451373226379,0.8076876422314835,False
qwen3_32b,art,last,ridge,61,0.6770262689046741,0.7795220965455307,0.806119243207697,False
qwen3_32b,art,last,ridge,63,0.6651860305497346,0.7731468831150683,0.8044687600208337,False
qwen3_32b,art,last,ridge,64,0.7112692662520067,0.8034723350455762,0.7753464978696298,False
qwen3_32b,us_place,last,ridge,1,0.2662332846756973,0.50032504049506,0.4430716870507304,False
qwen3_32b,us_place,last,ridge,3,0.35605546280959527,0.5694672667261506,0.4603465305524781,False
qwen3_32b,us_place,last,ridge,5,0.3640498668616863,0.5886392665866699,0.4932134480261698,False
qwen3_32b,us_place,last,ridge,7,0.3954045133274431,0.6202467736078148,0.48313702367536027,False
qwen3_32b,us_place,last,ridge,9,0.46240825176845335,0.6721001876451831,0.5562716284421758,False
qwen3_32b,us_place,last,ridge,11,0.5383290290652167,0.7165461141312461,0.6454626872277779,False
qwen3_32b,us_place,last,ridge,13,0.578077143153144,0.7487369791509241,0.6447000510901275,False
qwen3_32b,us_place,last,ridge,15,0.6249952328395827,0.7813067943780774,0.6887874702376569,False
qwen3_32b,us_place,last,ridge,17,0.627256018917824,0.7824645421099234,0.6938186043018135,False
qwen3_32b,us_place,last,ridge,19,0.623455622743454,0.7799201853576081,0.6901075537133037,False
qwen3_32b,us_place,last,ridge,21,0.6219005486532315,0.7790733929978773,0.6868565860525148,False
qwen3_32b,us_place,last,ridge,23,0.6181009436838274,0.7766232043312251,0.6841126934518633,False
qwen3_32b,us_place,last,ridge,25,0.6170093134937085,0.7758981800397542,0.6805764381119322,False
qwen3_32b,us_place,last,ridge,27,0.6441384292557664,0.7893430117107227,0.7368302468136328,False
qwen3_32b,us_place,last,ridge,29,0.6282518616203918,0.7847270559997861,0.6901679517317292,False
qwen3_32b,us_place,last,ridge,31,0.6195903403344816,0.7801759191732787,0.684932933697916,False
qwen3_32b,us_place,last,ridge,33,0.6353721520552055,0.785163938181373,0.7341391106077394,False
qwen3_32b,us_place,last,ridge,35,0.6534735739581276,0.8011665922922038,0.7160196535885917,False
qwen3_32b,us_place,last,ridge,37,0.6745444392207943,0.8121768858922724,0.7342654210079769,False
qwen3_32b,us_place,last,ridge,39,0.6664152330166111,0.8091881883322927,0.7227918477113271,False
qwen3_32b,us_place,last,ridge,41,0.6566657526077421,0.7972519756599544,0.7454369699915504,False
qwen3_32b,us_place,last,ridge,43,0.6503147522516182,0.7932072496353648,0.7323235234404154,False
qwen3_32b,us_place,last,ridge,45,0.6416314369435405,0.7889235819731606,0.7248647441798864,False
qwen3_32b,us_place,last,ridge,47,0.66608709130155,0.8013938813574422,0.7431742381977462,False
qwen3_32b,us_place,last,ridge,49,0.6756007942769028,0.8075394469467099,0.7514472133041588,False
qwen3_32b,us_place,last,ridge,51,0.6879222602899853,0.8146958621130269,0.7660331948193356,False
qwen3_32b,us_place,last,ridge,53,0.7015734742345823,0.8248217264282214,0.7655251493336117,True
qwen3_32b,us_place,last,ridge,55,0.688185679679396,0.8148342477180779,0.7813987572930143,False
qwen3_32b,us_place,last,ridge,57,0.6736297389831959,0.8061813564559241,0.793937058630664,False
qwen3_32b,us_place,last,ridge,59,0.6640191650681577,0.8008903641120253,0.8009091667111942,False
qwen3_32b,us_place,last,ridge,61,0.6487568471317425,0.7920211064433654,0.8020994471878939,False
qwen3_32b,us_place,last,ridge,63,0.6313132556490152,0.7840228544710897,0.8004202987241174,False
qwen3_32b,us_place,last,ridge,64,0.6509705941578463,0.7973682497755152,0.7129360747186824,False
qwen3_32b,historical_figure,last,ridge,1,0.5337702333543898,0.7199488432431758,0.6097331980023016,False
qwen3_32b,historical_figure,last,ridge,3,0.5784612082522105,0.7530048316491661,0.6542500590357117,False
qwen3_32b,historical_figure,last,ridge,5,0.5788629874871529,0.753607257235594,0.6475896017491815,False
qwen3_32b,historical_figure,last,ridge,7,0.6484686749048671,0.7933113953478146,0.7141378384781407,False
qwen3_32b,historical_figure,last,ridge,9,0.6874764491024172,0.8097442291607073,0.75004890941224,False
qwen3_32b,historical_figure,last,ridge,11,0.689955915623903,0.8143209882205132,0.7333218957240262,False
qwen3_32b,historical_figure,last,ridge,13,0.7136471793953177,0.8320386179850932,0.7556389130299165,False
qwen3_32b,historical_figure,last,ridge,15,0.7442097780343773,0.8544021347462589,0.7817399665492817,False
qwen3_32b,historical_figure,last,ridge,17,0.7516706228690198,0.8605260268578581,0.7876206895853232,False
qwen3_32b,historical_figure,last,ridge,19,0.7554432126589458,0.8639142098365287,0.7895665033027346,False
qwen3_32b,historical_figure,last,ridge,21,0.7544037973176265,0.8628567598617278,0.7901657036086918,False
qwen3_32b,historical_figure,last,ridge,23,0.755766352528511,0.8638898999262827,0.7921547018175195,False
qwen3_32b,historical_figure,last,ridge,25,0.7552908242758039,0.8635739802992038,0.7930879379489417,False
qwen3_32b,historical_figure,last,ridge,27,0.7627785348619837,0.8673880516126201,0.7989932904730539,False
qwen3_32b,historical_figure,last,ridge,29,0.778261458990404,0.8759012923972095,0.8094546046033754,False
qwen3_32b,historical_figure,last,ridge,31,0.7831193563405834,0.8775479145547053,0.8156106765944587,False
qwen3_32b,historical_figure,last,ridge,33,0.7905293677580868,0.8804069882151216,0.8194851865823611,False
qwen3_32b,historical_figure,last,ridge,35,0.789436773142574,0.8779346799609871,0.8217638458103214,False
qwen3_32b,historical_figure,last,ridge,37,0.7908680519081943,0.8792175148151004,0.8224416733992879,False
qwen3_32b,historical_figure,last,ridge,39,0.7976325185442453,0.886486212639759,0.8255186544622566,False
qwen3_32b,historical_figure,last,ridge,41,0.7964547590828402,0.8860834617348484,0.8203003259482328,False
qwen3_32b,historical_figure,last,ridge,43,0.7962139775286652,0.8844936848954197,0.831619973391657,False
qwen3_32b,historical_figure,last,ridge,45,0.7932716637456514,0.8824209602564635,0.8306742824296879,False
qwen3_32b,historical_figure,last,ridge,47,0.7947317514149559,0.8848132390481366,0.830835448550251,False
qwen3_32b,historical_figure,last,ridge,49,0.797358313725988,0.8868097401517508,0.8328945460673881,False
qwen3_32b,historical_figure,last,ridge,51,0.804895827636847,0.8907393042505836,0.8299770363390446,False
qwen3_32b,historical_figure,last,ridge,53,0.8058418887489247,0.8918649915607078,0.8390761054616034,True
qwen3_32b,historical_figure,last,ridge,55,0.8007157161902455,0.8885857140206442,0.8501585834571175,False
qwen3_32b,historical_figure,last,ridge,57,0.7961854665392774,0.8839632164110379,0.8543897743286476,False
qwen3_32b,historical_figure,last,ridge,59,0.789125746479626,0.8794861445215514,0.8553229824950541,False
qwen3_32b,historical_figure,last,ridge,61,0.775562286949387,0.8697194275289106,0.8533819940059233,False
qwen3_32b,historical_figure,last,ridge,63,0.7620585768150268,0.8614381179501267,0.848873215269045,False
qwen3_32b,historical_figure,last,ridge,64,0.7821505941030618,0.879123746044501,0.8220558619907958,False
qwen3_32b,nyc_place,last,ridge,1,0.08788084343359459,0.28036084409442175,0.24857752050877768,False
qwen3_32b,nyc_place,last,ridge,3,0.1012120097580474,0.3073538533271919,0.3021776684952258,False
qwen3_32b,nyc_place,last,ridge,5,0.09438469578765218,0.3092483611012551,0.3117430154627545,False
qwen3_32b,nyc_place,last,ridge,7,0.10888392011595205,0.31810524403962237,0.3003860752493891,False
qwen3_32b,nyc_place,last,ridge,9,0.10634187736392442,0.3261696466668644,0.34973822452806635,False
qwen3_32b,nyc_place,last,ridge,11,0.10840850011500791,0.3119375051618446,0.300936688880949,False
qwen3_32b,nyc_place,last,ridge,13,0.1036890748138885,0.31232787230825365,0.32118932490220975,False
qwen3_32b,nyc_place,last,ridge,15,0.11266145533802763,0.3354071579070716,0.3499311449283392,False
qwen3_32b,nyc_place,last,ridge,17,0.10650661785742982,0.32646710252311417,0.3462148892955842,False
qwen3_32b,nyc_place,last,ridge,19,0.1042087896465676,0.3326307922418802,0.3517434986004754,False
qwen3_32b,nyc_place,last,ridge,21,0.10143145284975197,0.3254765473613603,0.35533753768128673,False
qwen3_32b,nyc_place,last,ridge,23,0.08989389076869458,0.3086862388723174,0.35754816191127897,False
qwen3_32b,nyc_place,last,ridge,25,0.08615659119209468,0.3066452335346198,0.3537104845726394,False
qwen3_32b,nyc_place,last,ridge,27,0.13369849495452846,0.3704601637771273,0.38603705985750325,False
qwen3_32b,nyc_place,last,ridge,29,0.13324593256555772,0.3735019513535892,0.39490693291864637,False
qwen3_32b,nyc_place,last,ridge,31,0.11885029199826674,0.36524491208965104,0.3937400649688551,False
qwen3_32b,nyc_place,last,ridge,33,0.13942240159640862,0.38373460513226487,0.40203453428478153,False
qwen3_32b,nyc_place,last,ridge,35,0.11304054001077746,0.36424306960879715,0.40708219476072577,False
qwen3_32b,nyc_place,last,ridge,37,0.1226963065775517,0.3558524520737152,0.3086831784514485,False
qwen3_32b,nyc_place,last,ridge,39,0.10952649638663481,0.35362142829677334,0.3835070745076751,False
qwen3_32b,nyc_place,last,ridge,41,0.09645274123221559,0.3326443960019624,0.36524937650452677,False
qwen3_32b,nyc_place,last,ridge,43,0.0760200354992489,0.31091143257291104,0.35907462261604023,False
qwen3_32b,nyc_place,last,ridge,45,0.07719658736953672,0.3095632642512301,0.35420745647455054,False
qwen3_32b,nyc_place,last,ridge,47,0.0734255781147915,0.3129053678918533,0.3544600103638127,False
qwen3_32b,nyc_place,last,ridge,49,0.08077334557413512,0.31252264650826167,0.3544825460835708,False
qwen3_32b,nyc_place,last,ridge,51,0.13661649507312384,0.3796922010256657,0.4158804229606226,False
qwen3_32b,nyc_place,last,ridge,53,0.1359885530692752,0.36453226918339454,0.37427033430141127,False
qwen3_32b,nyc_place,last,ridge,55,0.1237860554914264,0.3730537050671385,0.4158775204220997,False
qwen3_32b,nyc_place,last,ridge,57,0.10656510724863444,0.3789551746459231,0.46290258562360626,False
qwen3_32b,nyc_place,last,ridge,59,0.06618356428983874,0.3574885078182032,0.4908090687122226,False
qwen3_32b,nyc_place,last,ridge,61,0.04585240063537338,0.37271255223074584,0.5259902572616113,False
qwen3_32b,nyc_place,last,ridge,63,-0.016747181676526557,0.3524877982502127,0.5378016281657625,False
qwen3_32b,nyc_place,last,ridge,64,0.18710795070412745,0.4250761884529001,0.337236965260419,True
qwen3_32b,world_place,last,ridge,1,0.4100297210078145,0.6319598780119845,0.544495834580782,False
qwen3_32b,world_place,last,ridge,3,0.4447549722025367,0.6548004841113944,0.5824985968879703,False
qwen3_32b,world_place,last,ridge,5,0.4471252185780285,0.6598456086130775,0.5673494162180672,False
qwen3_32b,world_place,last,ridge,7,0.6274928843177952,0.7828988788323209,0.6916102889176517,False
qwen3_32b,world_place,last,ridge,9,0.6644480524542284,0.8100380802702247,0.7297748804011912,False
qwen3_32b,world_place,last,ridge,11,0.6504593329970015,0.800879272913533,0.728558560703789,False
qwen3_32b,world_place,last,ridge,13,0.6519487469499646,0.8061428362681267,0.7149217669458512,False
qwen3_32b,world_place,last,ridge,15,0.7306366689227795,0.8494723386386052,0.7803338538538099,False
qwen3_32b,world_place,last,ridge,17,0.7359049206350401,0.8517218280042707,0.7838061248840735,False
qwen3_32b,world_place,last,ridge,19,0.7360669043030571,0.8511683631379441,0.7830986211374201,False
qwen3_32b,world_place,last,ridge,21,0.7328369858720827,0.845076274578392,0.7995354590448105,False
qwen3_32b,world_place,last,ridge,23,0.7307581095825626,0.8431222383020914,0.798872431007728,False
qwen3_32b,world_place,last,ridge,25,0.7360769824271312,0.8450946769931932,0.8026178541249135,False
qwen3_32b,world_place,last,ridge,27,0.797268118652113,0.8832683640447041,0.838342373912504,False
qwen3_32b,world_place,last,ridge,29,0.8065644194316466,0.8869379165257537,0.8462262366198695,False
qwen3_32b,world_place,last,ridge,31,0.8094400792173428,0.8877298141150669,0.8484805008818705,False
qwen3_32b,world_place,last,ridge,33,0.8223175335257666,0.8984551167592131,0.8580065322569417,False
qwen3_32b,world_place,last,ridge,35,0.8169762816232362,0.8945834349581521,0.8553061914205924,False
qwen3_32b,world_place,last,ridge,37,0.8097535305643311,0.8887221246500013,0.8497573172110251,False
qwen3_32b,world_place,last,ridge,39,0.8152307001254655,0.8885089329788867,0.8630390184096914,False
qwen3_32b,world_place,last,ridge,41,0.8058604983941304,0.8828783874809074,0.8524594993685655,False
qwen3_32b,world_place,last,ridge,43,0.7954992256046658,0.8772217202874314,0.8410216603099281,False
qwen3_32b,world_place,last,ridge,45,0.7860008036550922,0.8718254771488423,0.8321840684042374,False
qwen3_32b,world_place,last,ridge,47,0.7824125082717204,0.8693558302224567,0.8279463931849025,False
qwen3_32b,world_place,last,ridge,49,0.7863847033423754,0.8718459547899163,0.8326708023534979,False
qwen3_32b,world_place,last,ridge,51,0.8225086825674404,0.8935922881441885,0.866260625453899,False
qwen3_32b,world_place,last,ridge,53,0.8282834159145585,0.8985374094252551,0.8667387631194234,False
qwen3_32b,world_place,last,ridge,55,0.8279843529576939,0.8975603649532917,0.874218627133515,False
qwen3_32b,world_place,last,ridge,57,0.8380142552555736,0.9022675977873753,0.8890569632259282,True
qwen3_32b,world_place,last,ridge,59,0.8342650854171418,0.8990550641711028,0.890193187127037,False
qwen3_32b,world_place,last,ridge,61,0.8273831583827131,0.8943027519108859,0.8865365126007946,False
qwen3_32b,world_place,last,ridge,63,0.8174569919518989,0.8879660477606702,0.8795095171016736,False
qwen3_32b,world_place,last,ridge,64,0.8309784113159917,0.9030167380315264,0.8666790132600996,False
thalesian_akk300m,headline,last,ridge,1,0.16668561110405866,0.41874272158251397,0.2311074259150212,False
thalesian_akk300m,headline,last,ridge,2,0.203391994593489,0.4535810875820102,0.2354949651548921,False
thalesian_akk300m,headline,last,ridge,3,0.21467466144787273,0.46713975836671545,0.24462122784704465,True
thalesian_akk300m,headline,last,ridge,4,0.18255432121438053,0.4274801481344079,0.22248794222419221,False
thalesian_akk300m,headline,last,ridge,5,0.17497435001646855,0.41952263361986086,0.21168038780665788,False
thalesian_akk300m,headline,last,ridge,6,0.17112074615690231,0.4154985110805813,0.21257544329208722,False
thalesian_akk300m,headline,last,ridge,7,0.19947693247827147,0.450182778226359,0.2357981299716435,False
thalesian_akk300m,headline,last,ridge,8,0.16251494255272414,0.4192828389012734,0.19661956087479415,False
thalesian_akk300m,art,last,ridge,1,0.0468045613571918,0.21192065898318563,0.07585566967847734,False
thalesian_akk300m,art,last,ridge,2,0.08650018921008673,0.2712618678921131,0.10300938540971616,False
thalesian_akk300m,art,last,ridge,3,0.09454654811929442,0.28456873680792366,0.10279167314400794,False
thalesian_akk300m,art,last,ridge,4,0.09446732805985858,0.2821627521525425,0.10839779315664955,False
thalesian_akk300m,art,last,ridge,5,0.09700145984841912,0.28502622219253115,0.1149886972221641,False
thalesian_akk300m,art,last,ridge,6,0.10175885244049221,0.289147757305527,0.12590837594264614,True
thalesian_akk300m,art,last,ridge,7,0.09352377101316622,0.28161458419774466,0.12157530090042767,False
thalesian_akk300m,art,last,ridge,8,0.07678439665672476,0.2626800165062682,0.10671207788031023,False
thalesian_akk300m,us_place,last,ridge,1,0.047584319629389416,0.19814862186565127,0.06640576399319931,False
thalesian_akk300m,us_place,last,ridge,2,0.0963220125596746,0.32079815314498883,0.108320034935176,False
thalesian_akk300m,us_place,last,ridge,3,0.1464819600249399,0.37873386889984895,0.15662966747455975,False
thalesian_akk300m,us_place,last,ridge,4,0.15401945070334844,0.3819396611466206,0.17209045111297255,False
thalesian_akk300m,us_place,last,ridge,5,0.1804948763248282,0.4105389410018266,0.2066894969499687,False
thalesian_akk300m,us_place,last,ridge,6,0.23653600819315224,0.46092943645043005,0.2642913129588562,False
thalesian_akk300m,us_place,last,ridge,7,0.2505498060946818,0.4695687387538059,0.2778853575049794,False
thalesian_akk300m,us_place,last,ridge,8,0.2758693005074151,0.4874978614266303,0.2950108915660385,True
thalesian_akk300m,historical_figure,last,ridge,1,0.3156162819122714,0.5400179405471719,0.3477195850212683,False
thalesian_akk300m,historical_figure,last,ridge,2,0.330862035135831,0.5559918756029807,0.3649220294911244,False
thalesian_akk300m,historical_figure,last,ridge,3,0.34926896857412015,0.5735127698041006,0.37602720757111907,False
thalesian_akk300m,historical_figure,last,ridge,4,0.34568376983062643,0.5760743690079242,0.3802007855100953,False
thalesian_akk300m,historical_figure,last,ridge,5,0.3586777901832815,0.5871977479186176,0.38642148275000676,False
thalesian_akk300m,historical_figure,last,ridge,6,0.3587093313297638,0.5846905715976,0.3861344677650662,True
thalesian_akk300m,historical_figure,last,ridge,7,0.3506667653608929,0.5735767035762354,0.3786348309438319,False
thalesian_akk300m,historical_figure,last,ridge,8,0.31549832816142753,0.5415550421666111,0.33730466421745087,False
thalesian_akk300m,art,mean,ridge,1,0.1099215698072834,0.3048078743311762,0.23592407516637592,False
thalesian_akk300m,art,mean,ridge,2,0.12297758986252327,0.31284901967518713,0.22257698600105125,True
thalesian_akk300m,art,mean,ridge,3,0.11300049211648189,0.30249806278588526,0.22018414855802415,False
thalesian_akk300m,art,mean,ridge,4,0.10844373950244124,0.2898472165764298,0.2186423960695324,False
thalesian_akk300m,art,mean,ridge,5,0.10361830328767574,0.2721420535889023,0.20628100488529322,False
thalesian_akk300m,art,mean,ridge,6,0.10131414826217278,0.2772954003281536,0.20099890662305986,False
thalesian_akk300m,art,mean,ridge,7,0.09682630488254618,0.27400235077077967,0.18979302689438804,False
thalesian_akk300m,art,mean,ridge,8,0.09564081067937957,0.2775975752262033,0.16115231724859147,False
thalesian_akk300m,nyc_place,last,ridge,1,0.044794296999747185,0.19214437861296407,0.06858018726735238,False
thalesian_akk300m,nyc_place,last,ridge,2,0.046517031713924295,0.20191539213583995,0.08414056289603616,False
thalesian_akk300m,nyc_place,last,ridge,3,0.04776132689973439,0.2120491266493365,0.09929997690143255,True
thalesian_akk300m,nyc_place,last,ridge,4,0.03867177333317845,0.19489188144982184,0.10609248943118921,False
thalesian_akk300m,nyc_place,last,ridge,5,0.04490328127896703,0.20532304231392615,0.09309468882933963,False
thalesian_akk300m,nyc_place,last,ridge,6,0.04004547850062895,0.2051149029755479,0.11351692038287192,False
thalesian_akk300m,nyc_place,last,ridge,7,0.042630989527167706,0.19957807780423203,0.10331372702088493,False
thalesian_akk300m,nyc_place,last,ridge,8,0.03326575955768546,0.19213040900129308,0.09254090360691652,False
thalesian_akk300m,nyc_place,mean,ridge,1,0.12047039966882095,0.34341343165498195,0.2084275929072641,True
thalesian_akk300m,nyc_place,mean,ridge,2,0.10802132223143673,0.31791978776237,0.194573934718499,False
thalesian_akk300m,nyc_place,mean,ridge,3,0.08525841364507952,0.29173140903428385,0.18922854908542458,False
thalesian_akk300m,nyc_place,mean,ridge,4,0.06426718141214721,0.27406869286405794,0.1857138540098141,False
thalesian_akk300m,nyc_place,mean,ridge,5,0.05275788097741446,0.2472070309957159,0.17192586077097444,False
thalesian_akk300m,nyc_place,mean,ridge,6,0.05176175114482684,0.24481369686526094,0.16716878737786584,False
thalesian_akk300m,nyc_place,mean,ridge,7,0.05554411091152661,0.2364915112101543,0.14928022533921098,False
thalesian_akk300m,nyc_place,mean,ridge,8,0.03653542987000574,0.22940511118058238,0.14408842687942264,False
thalesian_akk300m,us_place,mean,ridge,1,0.16018627975834476,0.3754235563058564,0.1784561381582523,False
thalesian_akk300m,us_place,mean,ridge,2,0.19086756959072249,0.41757649155876464,0.2110167273841677,False
thalesian_akk300m,us_place,mean,ridge,3,0.2367735259800956,0.4643380917574622,0.26109524594119377,False
thalesian_akk300m,us_place,mean,ridge,4,0.26330055314385115,0.4844648870302119,0.28978777928258115,False
thalesian_akk300m,us_place,mean,ridge,5,0.27636618417408165,0.49662661748350534,0.301645212025467,False
thalesian_akk300m,us_place,mean,ridge,6,0.2880847331163131,0.5011692472256217,0.30772906546021644,False
thalesian_akk300m,us_place,mean,ridge,7,0.29805745217515034,0.5079067222900303,0.3152934959763558,False
thalesian_akk300m,us_place,mean,ridge,8,0.3122202127645682,0.5199099033912928,0.3289782863178297,True
thalesian_akk300m,historical_figure,mean,ridge,1,0.4480703205172505,0.6699473292048741,0.47771716361273564,True
thalesian_akk300m,historical_figure,mean,ridge,2,0.4475294889076261,0.6660670050273848,0.4793211198365427,False
thalesian_akk300m,historical_figure,mean,ridge,3,0.4314313035901408,0.652581924369968,0.46686107659151255,False
thalesian_akk300m,historical_figure,mean,ridge,4,0.4215591382787537,0.6409359122938403,0.452597260677994,False
thalesian_akk300m,historical_figure,mean,ridge,5,0.420573632746455,0.641848475622925,0.4479161054931786,False
thalesian_akk300m,historical_figure,mean,ridge,6,0.4122533967630829,0.6321130467114802,0.4416062677272734,False
thalesian_akk300m,historical_figure,mean,ridge,7,0.4047967194991514,0.6239630305727877,0.43508082808205506,False
thalesian_akk300m,historical_figure,mean,ridge,8,0.36797166910050405,0.593732893825433,0.39462858124614253,False
thalesian_akk300m,headline,mean,ridge,1,0.2980305240404112,0.5508157164242489,0.3393703120802688,False
thalesian_akk300m,headline,mean,ridge,2,0.29968063687053814,0.5534453523879604,0.33460173720984643,True
thalesian_akk300m,headline,mean,ridge,3,0.2800726428851601,0.5358184078421303,0.32112713132088266,False
thalesian_akk300m,headline,mean,ridge,4,0.26835639770805486,0.5244714960396637,0.31009864882075067,False
thalesian_akk300m,headline,mean,ridge,5,0.2594712344572464,0.5128287318009974,0.295949216043929,False
thalesian_akk300m,headline,mean,ridge,6,0.24574502511169583,0.49776368939448024,0.28268059833203574,False
thalesian_akk300m,headline,mean,ridge,7,0.24403019941142645,0.49730611284098125,0.2781627162551775,False
thalesian_akk300m,headline,mean,ridge,8,0.20961460166367274,0.46957006320965783,0.2439216324094925,False
thalesian_akk300m,world_place,last,ridge,1,0.17843314869166282,0.446083205968193,0.2115699635244087,False
thalesian_akk300m,world_place,last,ridge,2,0.21112716365261247,0.47611730427823074,0.23856938195449245,False
thalesian_akk300m,world_place,last,ridge,3,0.2278717164173633,0.4868646328729203,0.2570947255458352,False
thalesian_akk300m,world_place,last,ridge,4,0.23623434012055866,0.49256214130506504,0.26745645449816735,False
thalesian_akk300m,world_place,last,ridge,5,0.2387508242295836,0.49414344333957505,0.2717739430662169,False
thalesian_akk300m,world_place,last,ridge,6,0.250983438708384,0.5033255207466371,0.28513052081072726,True
thalesian_akk300m,world_place,last,ridge,7,0.2411931633437147,0.496117968025674,0.27064440756298963,False
thalesian_akk300m,world_place,last,ridge,8,0.23562589836490322,0.48842752905170417,0.26131447842629146,False
thalesian_akk300m,world_place,mean,ridge,1,0.3810419166591003,0.6171067349106636,0.41044337317245955,True
thalesian_akk300m,world_place,mean,ridge,2,0.36848978088531065,0.6043436252999785,0.40109640936536867,False
thalesian_akk300m,world_place,mean,ridge,3,0.3681556400808872,0.6004378662248344,0.39369732850338884,False
thalesian_akk300m,world_place,mean,ridge,4,0.36213148502995235,0.5910528027954858,0.3889285538305024,False
thalesian_akk300m,world_place,mean,ridge,5,0.3504498622167944,0.578693012365686,0.37824932818195234,False
thalesian_akk300m,world_place,mean,ridge,6,0.33758259833336435,0.5703951404884129,0.3662948443513776,False
thalesian_akk300m,world_place,mean,ridge,7,0.31891013440837623,0.5570823405625995,0.35278098889557064,False
thalesian_akk300m,world_place,mean,ridge,8,0.2901399164061811,0.5382233001508225,0.31801178911128386,False
llama2_13b_random,headline,last,ridge,1,0.2671206366371617,0.5255463434359596,0.4418447525333644,True
llama2_13b_random,headline,last,ridge,2,0.20559205928356983,0.4728859682588177,0.44590980478722486,False
llama2_13b_random,headline,last,ridge,3,0.1582462815320581,0.43735501311073127,0.44987061997104594,False
llama2_13b_random,headline,last,ridge,4,0.13838032160404234,0.42344182809635644,0.44291361947172747,False
llama2_13b_random,headline,last,ridge,5,0.10644595415198743,0.3994464266894585,0.4368169959547509,False
llama2_13b_random,headline,last,ridge,6,0.10074901927202018,0.3979590323515139,0.4333438702469865,False
llama2_13b_random,headline,last,ridge,7,0.08454604189475146,0.3894746810334356,0.43056481223247167,False
llama2_13b_random,headline,last,ridge,8,0.07248139831644118,0.37927129582835667,0.4252512307810874,False
llama2_13b_random,headline,last,ridge,9,0.06779232344510289,0.37601443501956977,0.4219694745606356,False
llama2_13b_random,headline,last,ridge,10,0.05937332761848435,0.3700686467344314,0.41731512923779146,False
llama2_13b_random,headline,last,ridge,11,0.05268627861910202,0.3649348936316771,0.4145984701371319,False
llama2_13b_random,headline,last,ridge,12,0.05019051067240465,0.36297809208317716,0.41325306094797676,False
llama2_13b_random,headline,last,ridge,13,0.03807081459113293,0.3498988405640988,0.40825626478829624,False
llama2_13b_random,headline,last,ridge,14,0.033285945655027516,0.35001870756105574,0.4069118457920414,False
llama2_13b_random,headline,last,ridge,15,0.023556511602034202,0.3420240254844511,0.40496652286383694,False
llama2_13b_random,headline,last,ridge,16,0.015274443885316957,0.3367532029184184,0.40281090964716515,False
llama2_13b_random,headline,last,ridge,17,0.012942487077811093,0.33415689225562767,0.40274827172281613,False
llama2_13b_random,headline,last,ridge,18,0.008083242802005453,0.3314265952198579,0.4003010157596658,False
llama2_13b_random,headline,last,ridge,19,0.008201649187655646,0.331127848510928,0.3989407777987407,False
llama2_13b_random,headline,last,ridge,20,0.009623336257049586,0.3296219037819408,0.3974344502033589,False
llama2_13b_random,headline,last,ridge,21,0.01304084131181349,0.33251670500511,0.39753285537970895,False
llama2_13b_random,headline,last,ridge,22,0.009314507885006318,0.3313730416435417,0.39757924042299286,False
llama2_13b_random,headline,last,ridge,23,0.007804715646776428,0.33022859324254067,0.39611532982386877,False
llama2_13b_random,headline,last,ridge,24,-0.002660194219635148,0.3241333752334802,0.3965182832707079,False
llama2_13b_random,headline,last,ridge,25,-0.010538400633865574,0.32073023124561356,0.39500719110340143,False
llama2_13b_random,headline,last,ridge,26,-0.01334714387762359,0.3157956993758218,0.39307497021605164,False
llama2_13b_random,headline,last,ridge,27,-0.005528869421180804,0.31958869277834917,0.3897572844568319,False
llama2_13b_random,headline,last,ridge,28,-0.0008432716900308446,0.320089952619516,0.38854140537628334,False
llama2_13b_random,headline,last,ridge,29,-0.0008137635421958667,0.3183219146855131,0.38917462895201316,False
llama2_13b_random,headline,last,ridge,30,-0.00561741083765166,0.31612282908513945,0.388007644394437,False
llama2_13b_random,headline,last,ridge,31,-0.009256272518922026,0.31311980223637126,0.3880366870458979,False
llama2_13b_random,headline,last,ridge,32,-0.007553672301605419,0.3138093377394804,0.38629300605945505,False
llama2_13b_random,headline,last,ridge,33,-0.007404118634519508,0.3147363655487062,0.3864745563619203,False
llama2_13b_random,headline,last,ridge,34,-0.008648645559687473,0.3162743147703632,0.386031513445956,False
llama2_13b_random,headline,last,ridge,35,-0.0007222068235721579,0.3219721259565589,0.38485314845656693,False
llama2_13b_random,headline,last,ridge,36,0.0005263087564518765,0.32264115303944346,0.3861877181102169,False
llama2_13b_random,headline,last,ridge,37,0.0004472202831565797,0.3231511173801285,0.38717141255998344,False
llama2_13b_random,headline,last,ridge,38,-0.0038651886129006385,0.3180617085409076,0.38854895932406697,False
llama2_13b_random,headline,last,ridge,39,-0.009310118175409388,0.3158062699791771,0.3877584787563745,False
llama2_13b_random,headline,last,ridge,40,0.14410941839548086,0.38509251589272075,0.2839543084544912,False
llama2_13b_random,art,last,ridge,1,-0.0029675658596537424,0.18629054616643326,0.2844555532934555,False
llama2_13b_random,art,last,ridge,2,-0.04534553494209459,0.1781362491456627,0.3221018946117169,False
llama2_13b_random,art,last,ridge,3,-0.08615109379058028,0.1604197365529013,0.33412624634947563,False
llama2_13b_random,art,last,ridge,4,-0.10458212454892646,0.15121938947781302,0.32931076532151893,False
llama2_13b_random,art,last,ridge,5,-0.11653769654401858,0.1442771019407565,0.3250211705238857,False
llama2_13b_random,art,last,ridge,6,-0.11617251282352159,0.15136524200063062,0.32295391587623956,False
llama2_13b_random,art,last,ridge,7,-0.11357908291611496,0.15739058553624435,0.32145652086819243,False
llama2_13b_random,art,last,ridge,8,-0.11278435477153992,0.16454129250334176,0.3204414134335021,False
llama2_13b_random,art,last,ridge,9,-0.12422472471084522,0.16006007384625992,0.322552784479341,False
llama2_13b_random,art,last,ridge,10,-0.11693733379214888,0.16266717031305758,0.3233721197275772,False
llama2_13b_random,art,last,ridge,11,-0.11229888014387046,0.1624950472876587,0.32452514418060385,False
llama2_13b_random,art,last,ridge,12,-0.123843291940813,0.1565223074681546,0.32607265836808874,False
llama2_13b_random,art,last,ridge,13,-0.13105586398326197,0.1483751411776856,0.32720644641328633,False
llama2_13b_random,art,last,ridge,14,-0.12432642821596018,0.1517564534776849,0.32722301445301993,False
llama2_13b_random,art,last,ridge,15,-0.12822571901644197,0.14983931854907864,0.32942614239126944,False
llama2_13b_random,art,last,ridge,16,-0.12269342388006077,0.15790445461328487,0.32932070769074084,False
llama2_13b_random,art,last,ridge,17,-0.13471991845828635,0.15393522998689638,0.3273881271703726,False
llama2_13b_random,art,last,ridge,18,-0.13554454839811414,0.1587819138409322,0.3277104270009692,False
llama2_13b_random,art,last,ridge,19,-0.13097746148692568,0.15916621030494854,0.32601529313566713,False
llama2_13b_random,art,last,ridge,20,-0.12752978201399157,0.16192327965496575,0.32483356574467503,False
llama2_13b_random,art,last,ridge,21,-0.14514904075814394,0.1507198114770512,0.32631351160595,False
llama2_13b_random,art,last,ridge,22,-0.155394620190058,0.14309191556274914,0.32770551266485015,False
llama2_13b_random,art,last,ridge,23,-0.1512731679847361,0.14388317621783925,0.3248498360136205,False
llama2_13b_random,art,last,ridge,24,-0.15822448228599773,0.13993845029023894,0.3258264476269025,False
llama2_13b_random,art,last,ridge,25,-0.15546328440184243,0.14050693702641207,0.3264118933075927,False
llama2_13b_random,art,last,ridge,26,-0.15573377108286257,0.14060596658134125,0.3250744501115028,False
llama2_13b_random,art,last,ridge,27,-0.16376312969976192,0.13417371704913322,0.3246511002164759,False
llama2_13b_random,art,last,ridge,28,-0.16319491420413645,0.13547922550853217,0.3247214751163142,False
llama2_13b_random,art,last,ridge,29,-0.16905417658653565,0.12659433286154292,0.32361135597786506,False
llama2_13b_random,art,last,ridge,30,-0.17188865779308649,0.12532795052699536,0.3236834155480244,False
llama2_13b_random,art,last,ridge,31,-0.17174885969273324,0.1279594245491399,0.3233891053258259,False
llama2_13b_random,art,last,ridge,32,-0.16433122292412872,0.13317849499614243,0.323536854216637,False
llama2_13b_random,art,last,ridge,33,-0.16425008585476664,0.1322084819891105,0.323585395030793,False
llama2_13b_random,art,last,ridge,34,-0.1679284787069366,0.13026703587652902,0.32390306257461454,False
llama2_13b_random,art,last,ridge,35,-0.17404565696480567,0.13001439162211664,0.32530271987013304,False
llama2_13b_random,art,last,ridge,36,-0.1742942966072063,0.12875221533903988,0.3255089013894805,False
llama2_13b_random,art,last,ridge,37,-0.17461941604445808,0.12800773205615626,0.32568664135955905,False
llama2_13b_random,art,last,ridge,38,-0.17609930092743098,0.12607906613383427,0.3251934249376507,False
llama2_13b_random,art,last,ridge,39,-0.17482960976351336,0.12986191433104888,0.3252668864043887,False
llama2_13b_random,art,last,ridge,40,0.03810570599387986,0.1793548896066966,0.22975929836091713,True
llama2_13b_random,us_place,last,ridge,1,0.19074745871252552,0.39952136931252663,0.366446090571352,False
llama2_13b_random,us_place,last,ridge,2,0.24375215748287282,0.46688502645236635,0.4620867868817692,False
llama2_13b_random,us_place,last,ridge,3,0.22695132873349294,0.4600967238402081,0.4836713326392736,False
llama2_13b_random,us_place,last,ridge,4,0.21701356731540095,0.4571302080063105,0.4894154704979423,False
llama2_13b_random,us_place,last,ridge,5,0.2097347532412283,0.45531072578477005,0.49258582803179934,False
llama2_13b_random,us_place,last,ridge,6,0.2013798908356072,0.44984794801377914,0.49278648291247956,False
llama2_13b_random,us_place,last,ridge,7,0.19160108124640485,0.44369449955880297,0.48827454865826825,False
llama2_13b_random,us_place,last,ridge,8,0.1904010388968761,0.44593405090674476,0.48826822881213655,False
llama2_13b_random,us_place,last,ridge,9,0.1912546716728844,0.44642731446887823,0.4851791343420573,False
llama2_13b_random,us_place,last,ridge,10,0.19166566224704173,0.44759409412797707,0.48594158240677926,False
llama2_13b_random,us_place,last,ridge,11,0.18847988219361994,0.44510934152767667,0.4856120370667981,False
llama2_13b_random,us_place,last,ridge,12,0.18684924831063054,0.4442485363806172,0.48598624210695146,False
llama2_13b_random,us_place,last,ridge,13,0.18764063263838715,0.44527042414398554,0.4869094281668795,False
llama2_13b_random,us_place,last,ridge,14,0.1881423111646391,0.44548287245608165,0.486568201772065,False
llama2_13b_random,us_place,last,ridge,15,0.18273125830916437,0.44247465880351544,0.48566968674160305,False
llama2_13b_random,us_place,last,ridge,16,0.18016477679844928,0.440776596940504,0.4848964035260934,False
llama2_13b_random,us_place,last,ridge,17,0.18572839877521508,0.4461616021480063,0.48459095471878366,False
llama2_13b_random,us_place,last,ridge,18,0.18301209404975,0.4439214809318607,0.48374471193751223,False
llama2_13b_random,us_place,last,ridge,19,0.18218509088019158,0.44319770514976936,0.48190116407155886,False
llama2_13b_random,us_place,last,ridge,20,0.18170223026898352,0.44283450826314447,0.48238739411779064,False
llama2_13b_random,us_place,last,ridge,21,0.1815363402898411,0.44308086256481105,0.4816313550766753,False
llama2_13b_random,us_place,last,ridge,22,0.17908151775693248,0.4412958137081654,0.48127491111511,False
llama2_13b_random,us_place,last,ridge,23,0.1773113016666184,0.44054495154054335,0.4809523329292142,False
llama2_13b_random,us_place,last,ridge,24,0.17496650450608414,0.438517946835914,0.47972143833337877,False
llama2_13b_random,us_place,last,ridge,25,0.1738553769877541,0.439779594612538,0.4792257982877914,False
llama2_13b_random,us_place,last,ridge,26,0.1732629019063857,0.4381087608040525,0.4786679329686779,False
llama2_13b_random,us_place,last,ridge,27,0.17751469519478968,0.4406448053229777,0.47797184230409906,False
llama2_13b_random,us_place,last,ridge,28,0.17956540446032904,0.44081038217188284,0.47722907213322296,False
llama2_13b_random,us_place,last,ridge,29,0.17907527685974256,0.4389223802331932,0.47734217916503463,False
llama2_13b_random,us_place,last,ridge,30,0.17391028191937308,0.43616922515734746,0.47705012508483746,False
llama2_13b_random,us_place,last,ridge,31,0.1647606581237051,0.43038463750139033,0.47707975716450923,False
llama2_13b_random,us_place,last,ridge,32,0.16153235736850952,0.42780490517985775,0.4767467870587123,False
llama2_13b_random,us_place,last,ridge,33,0.16296612698338908,0.42850451310995935,0.47688544660349513,False
llama2_13b_random,us_place,last,ridge,34,0.16345903018040137,0.4289725960505775,0.4762539036231047,False
llama2_13b_random,us_place,last,ridge,35,0.15977073772202466,0.4273928198439064,0.4760203452893252,False
llama2_13b_random,us_place,last,ridge,36,0.15890890192227536,0.4251626870880415,0.47543363427470664,False
llama2_13b_random,us_place,last,ridge,37,0.1565433849612572,0.42400113624345764,0.4743707995086289,False
llama2_13b_random,us_place,last,ridge,38,0.1532128638850741,0.4223722871698652,0.47393280636174934,False
llama2_13b_random,us_place,last,ridge,39,0.15191327966739326,0.42041843150261593,0.47375247024692685,False
llama2_13b_random,us_place,last,ridge,40,0.2896146514068736,0.4698721290580222,0.37809738648883234,True
llama2_13b_random,historical_figure,last,ridge,1,0.28436419314716255,0.5092800134586869,0.4412015932777871,True
llama2_13b_random,historical_figure,last,ridge,2,0.2298703491541766,0.4711881324715695,0.44036387751050243,False
llama2_13b_random,historical_figure,last,ridge,3,0.20342910676777892,0.453495166771585,0.4261413447413801,False
llama2_13b_random,historical_figure,last,ridge,4,0.18177266512781232,0.43417046888984456,0.4174305711269395,False
llama2_13b_random,historical_figure,last,ridge,5,0.1653302215384186,0.4226557308310594,0.41086011906078845,False
llama2_13b_random,historical_figure,last,ridge,6,0.15681295235607928,0.4132685868042539,0.4025779381481748,False
llama2_13b_random,historical_figure,last,ridge,7,0.14169889904462085,0.40520646465720955,0.39696654061590864,False
llama2_13b_random,historical_figure,last,ridge,8,0.12661360999528104,0.39707227218727376,0.3917313339316708,False
llama2_13b_random,historical_figure,last,ridge,9,0.12176921290279852,0.3915339709863598,0.38469995706119253,False
llama2_13b_random,historical_figure,last,ridge,10,0.11258289147027412,0.3849447015466462,0.38017655581604803,False
llama2_13b_random,historical_figure,last,ridge,11,0.10528491185308086,0.3786975322443395,0.3773643305781258,False
llama2_13b_random,historical_figure,last,ridge,12,0.09576787972906342,0.3673607522459305,0.37579797133092807,False
llama2_13b_random,historical_figure,last,ridge,13,0.09004767705422123,0.35785038701074723,0.3716335977825005,False
llama2_13b_random,historical_figure,last,ridge,14,0.09023565658123467,0.3586904974242812,0.3695645599710009,False
llama2_13b_random,historical_figure,last,ridge,15,0.08195265267233098,0.35137991087646003,0.36908007363508377,False
llama2_13b_random,historical_figure,last,ridge,16,0.07165648051793516,0.34351633683337296,0.36764449014849543,False
llama2_13b_random,historical_figure,last,ridge,17,0.06846453171485878,0.3400498928066197,0.36506326592860916,False
llama2_13b_random,historical_figure,last,ridge,18,0.0698873459763305,0.34147440572548476,0.36351787133140423,False
llama2_13b_random,historical_figure,last,ridge,19,0.06741952236569027,0.3377162792318966,0.3607611969123783,False
llama2_13b_random,historical_figure,last,ridge,20,0.06585702085117273,0.33546994685457343,0.3596775122471447,False
llama2_13b_random,historical_figure,last,ridge,21,0.06454050000880518,0.3356043380166675,0.35856406649731465,False
llama2_13b_random,historical_figure,last,ridge,22,0.0676040963182174,0.33745483579401286,0.35776220821404314,False
llama2_13b_random,historical_figure,last,ridge,23,0.06740348669810581,0.3357025102412642,0.3555656855797311,False
llama2_13b_random,historical_figure,last,ridge,24,0.06520469560335984,0.33622857677867557,0.3530834121665586,False
llama2_13b_random,historical_figure,last,ridge,25,0.0670119763610374,0.33926637394855497,0.35234471313477556,False
llama2_13b_random,historical_figure,last,ridge,26,0.06702333410219541,0.33829472937605665,0.35100802480467463,False
llama2_13b_random,historical_figure,last,ridge,27,0.06656824519140947,0.3368774211912392,0.3491843711038325,False
llama2_13b_random,historical_figure,last,ridge,28,0.06543210457997573,0.33788367413331766,0.3495589580273599,False
llama2_13b_random,historical_figure,last,ridge,29,0.062456462158614556,0.3361544906717703,0.3500111831684668,False
llama2_13b_random,historical_figure,last,ridge,30,0.06396175408750449,0.33832424480975304,0.35032529121014044,False
llama2_13b_random,historical_figure,last,ridge,31,0.06456793477536704,0.3385122901213869,0.34975843280221186,False
llama2_13b_random,historical_figure,last,ridge,32,0.06169273241850082,0.33786183624004557,0.3488702736163074,False
llama2_13b_random,historical_figure,last,ridge,33,0.05881566383660586,0.33509298329451515,0.34768503091951963,False
llama2_13b_random,historical_figure,last,ridge,34,0.05396561201765704,0.331400914405205,0.3484310243384635,False
llama2_13b_random,historical_figure,last,ridge,35,0.0610226538828631,0.3336842456291688,0.3473521220804333,False
llama2_13b_random,historical_figure,last,ridge,36,0.05889890723963387,0.33152451791383863,0.34649644726131335,False
llama2_13b_random,historical_figure,last,ridge,37,0.05601145609104785,0.32987713799020796,0.3466830811920739,False
llama2_13b_random,historical_figure,last,ridge,38,0.05632775437028115,0.33149289286825656,0.34518320379381584,False
llama2_13b_random,historical_figure,last,ridge,39,0.05372350249053959,0.330440329298223,0.34470626574109,False
llama2_13b_random,historical_figure,last,ridge,40,0.1402699416727513,0.3601413131292493,0.26496029216705563,False
llama2_13b_random,nyc_place,last,ridge,1,0.04384842164813457,0.2459743797469282,0.35352545848244693,True
llama2_13b_random,nyc_place,last,ridge,2,-0.020570087853173158,0.22110653704347738,0.4033005035146492,False
llama2_13b_random,nyc_place,last,ridge,3,-0.08798230593690726,0.18417017180529033,0.41540712184197326,False
llama2_13b_random,nyc_place,last,ridge,4,-0.1334450984867147,0.16296001459022427,0.4231727023734009,False
llama2_13b_random,nyc_place,last,ridge,5,-0.1548522064931509,0.17176921416107466,0.4282877910683157,False
llama2_13b_random,nyc_place,last,ridge,6,-0.17729887558359514,0.16583021247856722,0.4270095494215635,False
llama2_13b_random,nyc_place,last,ridge,7,-0.18482306975178875,0.1672976686139208,0.4285738764527759,False
llama2_13b_random,nyc_place,last,ridge,8,-0.19557746264954656,0.16695425072101105,0.4260952685874405,False
llama2_13b_random,nyc_place,last,ridge,9,-0.21504916470770452,0.15991285315936285,0.42494745287959224,False
llama2_13b_random,nyc_place,last,ridge,10,-0.2262506043214526,0.1563261106304983,0.42264050447569307,False
llama2_13b_random,nyc_place,last,ridge,11,-0.2364787738433145,0.1540176396120541,0.42246283701151593,False
llama2_13b_random,nyc_place,last,ridge,12,-0.2528311926073291,0.15527883829540956,0.42356084813580464,False
llama2_13b_random,nyc_place,last,ridge,13,-0.2596628420173869,0.14829078072804225,0.4204752746423227,False
llama2_13b_random,nyc_place,last,ridge,14,-0.27830915983820004,0.1377230530148616,0.4189020185767508,False
llama2_13b_random,nyc_place,last,ridge,15,-0.280229238525628,0.1385086133466379,0.4166636809081062,False
llama2_13b_random,nyc_place,last,ridge,16,-0.285700244192046,0.14127464757108782,0.41603751911819664,False
llama2_13b_random,nyc_place,last,ridge,17,-0.2956446878415042,0.1352266988150025,0.4163492622104992,False
llama2_13b_random,nyc_place,last,ridge,18,-0.28513612663135335,0.13883102922251742,0.41606276727891883,False
llama2_13b_random,nyc_place,last,ridge,19,-0.2953240009723592,0.13756517164592091,0.4159039974035169,False
llama2_13b_random,nyc_place,last,ridge,20,-0.3087951020289327,0.12978167401621346,0.4160064889964796,False
llama2_13b_random,nyc_place,last,ridge,21,-0.31058090118341874,0.1332744794745813,0.41434130299379035,False
llama2_13b_random,nyc_place,last,ridge,22,-0.31799793992667746,0.12808303786440933,0.414794431798753,False
llama2_13b_random,nyc_place,last,ridge,23,-0.3271480044387223,0.12444656952552882,0.4154794346355231,False
llama2_13b_random,nyc_place,last,ridge,24,-0.3238829437502315,0.12386405834566386,0.4120846754386298,False
llama2_13b_random,nyc_place,last,ridge,25,-0.30993977714989285,0.13812466277212698,0.41329413364269557,False
llama2_13b_random,nyc_place,last,ridge,26,-0.3192597689891795,0.1324506468507071,0.41130115144506574,False
llama2_13b_random,nyc_place,last,ridge,27,-0.30852135299578,0.1409446166693989,0.4114158921386013,False
llama2_13b_random,nyc_place,last,ridge,28,-0.30970489589567973,0.13832307897626897,0.4092789738268868,False
llama2_13b_random,nyc_place,last,ridge,29,-0.3041883919630991,0.13964332298053095,0.4087824595644072,False
llama2_13b_random,nyc_place,last,ridge,30,-0.3043643311467268,0.13830629024781332,0.4100971202545517,False
llama2_13b_random,nyc_place,last,ridge,31,-0.31687895257417786,0.13219110729833586,0.4104850289541854,False
llama2_13b_random,nyc_place,last,ridge,32,-0.30962005713123153,0.137346088850256,0.41044981152373383,False
llama2_13b_random,nyc_place,last,ridge,33,-0.32591497869178176,0.12860453459448842,0.40857572142496335,False
llama2_13b_random,nyc_place,last,ridge,34,-0.31948761369902545,0.13232777718194466,0.40861241412722926,False
llama2_13b_random,nyc_place,last,ridge,35,-0.3330678749535464,0.12225790661940475,0.40829824910969764,False
llama2_13b_random,nyc_place,last,ridge,36,-0.35219819417491827,0.11415629668498467,0.4084152215939612,False
llama2_13b_random,nyc_place,last,ridge,37,-0.35196951596833026,0.11070758869353495,0.40674121981806466,False
llama2_13b_random,nyc_place,last,ridge,38,-0.3558928095746712,0.10968115272529802,0.40560362804412164,False
llama2_13b_random,nyc_place,last,ridge,39,-0.3598416350948035,0.10585555044515454,0.4027519478265949,False
llama2_13b_random,nyc_place,last,ridge,40,0.02228900802093231,0.16067918790779723,0.21829943654383976,False
llama2_13b_random,world_place,last,ridge,1,0.282462024273934,0.480569632323291,0.43232237514106175,True
llama2_13b_random,world_place,last,ridge,2,0.2664991920833584,0.45768047297060116,0.4530991240322951,False
llama2_13b_random,world_place,last,ridge,3,0.25045932514039615,0.44285572825283204,0.45368053338196046,False
llama2_13b_random,world_place,last,ridge,4,0.23155109135265128,0.4272865387369437,0.44723985165807684,False
llama2_13b_random,world_place,last,ridge,5,0.22777531916988286,0.4274565870195016,0.4441405174106481,False
llama2_13b_random,world_place,last,ridge,6,0.21658676615024186,0.4136610796794289,0.44066618170848604,False
llama2_13b_random,world_place,last,ridge,7,0.21514398154566555,0.40917790950165217,0.4375421210389986,False
llama2_13b_random,world_place,last,ridge,8,0.20757086091725735,0.40733459594002897,0.4364702460836137,False
llama2_13b_random,world_place,last,ridge,9,0.1991106742759255,0.39980517202484345,0.4341428087592176,False
llama2_13b_random,world_place,last,ridge,10,0.19478127384598742,0.3929383724683447,0.4285492878091277,False
llama2_13b_random,world_place,last,ridge,11,0.19603739174586332,0.3940969261044175,0.42756215163406114,False
llama2_13b_random,world_place,last,ridge,12,0.1922937830721873,0.39317331945954287,0.4261418581624287,False
llama2_13b_random,world_place,last,ridge,13,0.18823278021677126,0.3904125057647636,0.42525544035400253,False
llama2_13b_random,world_place,last,ridge,14,0.1846997033392706,0.38392687785352186,0.4250242754412584,False
llama2_13b_random,world_place,last,ridge,15,0.18330727670591712,0.38232697711394337,0.42268965257961155,False
llama2_13b_random,world_place,last,ridge,16,0.1795485602700989,0.37779929871248275,0.4217384413619211,False
llama2_13b_random,world_place,last,ridge,17,0.17803621966442917,0.3769133884156437,0.4200731317314282,False
llama2_13b_random,world_place,last,ridge,18,0.17870482106286767,0.37825573135723156,0.41857240546943897,False
llama2_13b_random,world_place,last,ridge,19,0.17516491627179354,0.3743640113984952,0.4173587907251541,False
llama2_13b_random,world_place,last,ridge,20,0.170682282795953,0.37001105635732695,0.41540543969000326,False
llama2_13b_random,world_place,last,ridge,21,0.17125617243151808,0.3687599800830182,0.4159429297996496,False
llama2_13b_random,world_place,last,ridge,22,0.16978660224595993,0.3685049598306577,0.41484931794027247,False
llama2_13b_random,world_place,last,ridge,23,0.16762055309002738,0.36597471535264087,0.4143702179386975,False
llama2_13b_random,world_place,last,ridge,24,0.17023519423757166,0.3676908138607858,0.41276578732545927,False
llama2_13b_random,world_place,last,ridge,25,0.1708089123951136,0.36587516395853126,0.41290297118918823,False
llama2_13b_random,world_place,last,ridge,26,0.1741502384089582,0.3693269368578724,0.41199192456154277,False
llama2_13b_random,world_place,last,ridge,27,0.17364422813222824,0.36820943766053094,0.4111298901989033,False
llama2_13b_random,world_place,last,ridge,28,0.17433513003079548,0.36960994552061854,0.4106300271909506,False
llama2_13b_random,world_place,last,ridge,29,0.17311881699333537,0.36836030663507013,0.4105361618125966,False
llama2_13b_random,world_place,last,ridge,30,0.17298257993414795,0.36930210577836137,0.41152582687260203,False
llama2_13b_random,world_place,last,ridge,31,0.1715751027934569,0.36650628521217776,0.41087871508220003,False
llama2_13b_random,world_place,last,ridge,32,0.16868298839996015,0.36336154771103163,0.410080176406271,False
llama2_13b_random,world_place,last,ridge,33,0.16646484121086225,0.3603361747405221,0.4095766828866503,False
llama2_13b_random,world_place,last,ridge,34,0.16573799362972463,0.3601719513088443,0.4097628299256467,False
llama2_13b_random,world_place,last,ridge,35,0.16602482691272508,0.3606485296097002,0.40801461209858014,False
llama2_13b_random,world_place,last,ridge,36,0.1640567857834967,0.3594603296524113,0.4081994107161258,False
llama2_13b_random,world_place,last,ridge,37,0.16308997345607307,0.3589375437805655,0.40871756388141267,False
llama2_13b_random,world_place,last,ridge,38,0.16212639389072436,0.35731282309672924,0.40738012628907755,False
llama2_13b_random,world_place,last,ridge,39,0.15758116258468768,0.35477167403557774,0.40732243496255405,False
llama2_13b_random,world_place,last,ridge,40,0.23465937939714654,0.36945371007083827,0.3450388407452997,False
tfidf,art,text,ridge,0,0.11585874331848689,0.31789339573210107,0.8535587485197581,True
tfidf,headline,text,ridge,0,0.44774226259236916,0.6755028916515521,0.6885334641143849,True
tfidf,historical_figure,text,ridge,0,0.6454029804984398,0.7984889284901324,0.8379493149337776,True
tfidf,us_place,text,ridge,0,0.5361591095138876,0.6994396611821997,0.7635604798322688,True
tfidf,world_place,text,ridge,0,0.6421101682746069,0.7812470126317312,0.848583628178831,True
tfidf,nyc_place,text,ridge,0,0.38915658154715665,0.586281441944992,0.7650069937907578,True
qwen3_8b,headline,last,ridge,1,0.3522754277958908,0.6069463559282381,0.46786647715247964,False
qwen3_8b,headline,last,ridge,2,0.4095378175814698,0.6519448078895868,0.5091401983734738,False
qwen3_8b,headline,last,ridge,3,0.4332286125345651,0.6684027291800376,0.5166982755096972,False
qwen3_8b,headline,last,ridge,4,0.4528672099655656,0.6808380156497086,0.5215182398905475,False
qwen3_8b,headline,last,ridge,5,0.4567845849425448,0.6845963993862119,0.5142803940796237,False
qwen3_8b,headline,last,ridge,6,0.46612255884378995,0.6902773794218267,0.5340865681216018,False
qwen3_8b,headline,last,ridge,7,0.45906501830893587,0.6857763260516766,0.5303540811511765,False
qwen3_8b,headline,last,ridge,8,0.4607518522504104,0.6872251579391906,0.5453197953384017,False
qwen3_8b,headline,last,ridge,9,0.47270787629697464,0.6947150356433226,0.5413069644480726,False
qwen3_8b,headline,last,ridge,10,0.5158465870116465,0.7248118738991935,0.588855840912258,False
qwen3_8b,headline,last,ridge,11,0.527310260930099,0.7321041895522801,0.6038419163638095,False
qwen3_8b,headline,last,ridge,12,0.5256991434256955,0.7296270652198817,0.6099746195067901,False
qwen3_8b,headline,last,ridge,13,0.5239960393133817,0.7290764148595349,0.5835547915157724,False
qwen3_8b,headline,last,ridge,14,0.5210495699759652,0.727683751488713,0.5813438405725264,False
qwen3_8b,headline,last,ridge,15,0.5276867942541252,0.7325072337385095,0.5865526541400635,False
qwen3_8b,headline,last,ridge,16,0.5276695566297663,0.7327616932843943,0.5895745214832814,False
qwen3_8b,headline,last,ridge,17,0.5392773598353721,0.7407154462219873,0.6023978882457006,False
qwen3_8b,headline,last,ridge,18,0.5348700457285823,0.7375600180740346,0.603113000380813,False
qwen3_8b,headline,last,ridge,19,0.5352358394666893,0.7383322497509727,0.6033600332976965,False
qwen3_8b,headline,last,ridge,20,0.5299200037095086,0.73448686133111,0.6049367465173494,False
qwen3_8b,headline,last,ridge,21,0.5279760501927504,0.7332106633439814,0.6033587786221983,False
qwen3_8b,headline,last,ridge,22,0.5223173029170423,0.7298561909962176,0.5774422415570404,False
qwen3_8b,headline,last,ridge,23,0.5349349676591157,0.736870395043724,0.5957795226050414,False
qwen3_8b,headline,last,ridge,24,0.5359563269250225,0.7381138698844356,0.6024861847760967,False
qwen3_8b,headline,last,ridge,25,0.5418438241333736,0.740935078557517,0.6177779176578175,False
qwen3_8b,headline,last,ridge,26,0.5437877385714525,0.7419571374740171,0.5990204298435287,False
qwen3_8b,headline,last,ridge,27,0.5462786726675761,0.7434088474185658,0.6058507219604756,False
qwen3_8b,headline,last,ridge,28,0.5473143937333597,0.7441576773075316,0.6130206096008115,False
qwen3_8b,headline,last,ridge,29,0.5441954424463686,0.7419362895442603,0.6180495013110405,False
qwen3_8b,headline,last,ridge,30,0.5437009524702987,0.7416587404300757,0.5986662174904833,False
qwen3_8b,headline,last,ridge,31,0.5513442856482926,0.7467484978642861,0.6120749341552143,False
qwen3_8b,headline,last,ridge,32,0.5533765503475371,0.7481599531685735,0.6224475098016239,False
qwen3_8b,headline,last,ridge,33,0.5569559812299425,0.7510165864810903,0.6283574999374855,True
qwen3_8b,headline,last,ridge,34,0.5561709403381252,0.750001180773079,0.6347050599604835,False
qwen3_8b,headline,last,ridge,35,0.5530493185076897,0.748238847684054,0.6376076394397916,False
qwen3_8b,headline,last,ridge,36,0.5507873562748526,0.7474397001231475,0.6263714393878481,False
qwen3_8b,art,last,ridge,1,0.1268781803861383,0.3366868410077183,0.21997551846156815,False
qwen3_8b,art,last,ridge,2,0.15883486029148497,0.3792019538374085,0.2922372027823842,False
qwen3_8b,art,last,ridge,3,0.17591752268070915,0.4004463109340773,0.3331769315326377,False
qwen3_8b,art,last,ridge,4,0.22002545397652373,0.439769215242956,0.34158195501834077,False
qwen3_8b,art,last,ridge,5,0.20317661516918017,0.4354617368956958,0.3705984632594972,False
qwen3_8b,art,last,ridge,6,0.2115892238201753,0.435221352632589,0.3341753181041758,False
qwen3_8b,art,last,ridge,7,0.19468344777678193,0.41730962968595015,0.29339075360656586,False
qwen3_8b,art,last,ridge,8,0.21373570770623884,0.43219342046210335,0.32759588737926626,False
qwen3_8b,art,last,ridge,9,0.27815629864474634,0.4913110295030567,0.3864756461212726,False
qwen3_8b,art,last,ridge,10,0.4418046069058683,0.6278414406061332,0.5132148689309809,False
qwen3_8b,art,last,ridge,11,0.48679763965406264,0.6623419753843554,0.5637886804366719,False
qwen3_8b,art,last,ridge,12,0.5461170396650716,0.7044976348229149,0.6152606842528758,False
qwen3_8b,art,last,ridge,13,0.5998236796037205,0.7387057615436556,0.6561402019721516,False
qwen3_8b,art,last,ridge,14,0.605262423574312,0.7413745702133688,0.6610194856354812,False
qwen3_8b,art,last,ridge,15,0.6214773334457764,0.7502604260697575,0.6766976851844895,False
qwen3_8b,art,last,ridge,16,0.6243121115523279,0.7525534022339276,0.6797742188541965,False
qwen3_8b,art,last,ridge,17,0.6377640430965277,0.7579927799342705,0.7144682696993097,False
qwen3_8b,art,last,ridge,18,0.6550986041456286,0.7716556937426943,0.7013039540640733,False
qwen3_8b,art,last,ridge,19,0.6513068377197117,0.7703233114959753,0.7036271390579842,False
qwen3_8b,art,last,ridge,20,0.6514074365320563,0.7683011453204582,0.7068903454941013,False
qwen3_8b,art,last,ridge,21,0.6473469979989082,0.765382837305846,0.7074997892606216,False
qwen3_8b,art,last,ridge,22,0.6444695500604407,0.7613016767827604,0.7087279714013972,False
qwen3_8b,art,last,ridge,23,0.6567292578724763,0.7688454627624275,0.7251258859748759,False
qwen3_8b,art,last,ridge,24,0.6569510431940511,0.7716642226160081,0.7100996108956521,False
qwen3_8b,art,last,ridge,25,0.658027361672481,0.7706967446343151,0.722882423161642,True
qwen3_8b,art,last,ridge,26,0.6552672800955941,0.7710995958955189,0.707346294645012,False
qwen3_8b,art,last,ridge,27,0.6538057092561425,0.7692961180768718,0.7112741092358958,False
qwen3_8b,art,last,ridge,28,0.6512270915237226,0.7669777640570082,0.7145036725641666,False
qwen3_8b,art,last,ridge,29,0.650818911777178,0.7667475560909439,0.7198020340348297,False
qwen3_8b,art,last,ridge,30,0.646475488802581,0.7659497415339648,0.7232982573765829,False
qwen3_8b,art,last,ridge,31,0.6466251892536081,0.7650600630657863,0.7323846135592427,False
qwen3_8b,art,last,ridge,32,0.6428979039580802,0.7624518561441666,0.7350588801337758,False
qwen3_8b,art,last,ridge,33,0.6413891500982305,0.7601602373744977,0.7363830279372454,False
qwen3_8b,art,last,ridge,34,0.6366598269161499,0.75821928102557,0.7371569668226725,False
qwen3_8b,art,last,ridge,35,0.6323115158554291,0.7571273569490645,0.7387271099394919,False
qwen3_8b,art,last,ridge,36,0.647767894004037,0.7692496091360306,0.694981027639724,False
qwen3_8b,us_place,last,ridge,1,0.15547462096468595,0.4029809774809118,0.2689871560235829,False
qwen3_8b,us_place,last,ridge,2,0.3662190436874507,0.5768414478977533,0.450281272272981,False
qwen3_8b,us_place,last,ridge,3,0.38066170807225724,0.5889763673258037,0.48172107921408436,False
qwen3_8b,us_place,last,ridge,4,0.3615314486215466,0.5826884032454809,0.5066766352281217,False
qwen3_8b,us_place,last,ridge,5,0.3734038684914057,0.5887402473755818,0.4922757023263938,False
qwen3_8b,us_place,last,ridge,6,0.36075280882878225,0.5844965388956631,0.4478534603738327,False
qwen3_8b,us_place,last,ridge,7,0.4059438486657547,0.6224846860737601,0.5262661606446737,False
qwen3_8b,us_place,last,ridge,8,0.45750960151728665,0.6710430089860586,0.5328776909919601,False
qwen3_8b,us_place,last,ridge,9,0.4981604151416183,0.7007834261390151,0.5720325622202267,False
qwen3_8b,us_place,last,ridge,10,0.5247886734004361,0.7218078383778409,0.593876320014791,False
qwen3_8b,us_place,last,ridge,11,0.5580641406171905,0.7409479739342583,0.6551922577911311,False
qwen3_8b,us_place,last,ridge,12,0.5729011643659134,0.7505406908312876,0.6641052052128106,False
qwen3_8b,us_place,last,ridge,13,0.5665727650915855,0.7447740143816797,0.6623885800813778,False
qwen3_8b,us_place,last,ridge,14,0.5599884562514876,0.7399833161149649,0.6510176760786947,False
qwen3_8b,us_place,last,ridge,15,0.5605408189299931,0.7391209167463659,0.6471196760656109,False
qwen3_8b,us_place,last,ridge,16,0.5608217053426363,0.7399264674634966,0.6429422869823039,False
qwen3_8b,us_place,last,ridge,17,0.5560401850048395,0.7371531132344253,0.6350603756646085,False
qwen3_8b,us_place,last,ridge,18,0.5505124861440596,0.7331480919262827,0.6344850052331914,False
qwen3_8b,us_place,last,ridge,19,0.5527893672565853,0.7339077513947881,0.6329103012050281,False
qwen3_8b,us_place,last,ridge,20,0.5640472961241314,0.742725045447227,0.6450470454331888,False
qwen3_8b,us_place,last,ridge,21,0.5717867768534828,0.7464742349884335,0.6590268681766243,False
qwen3_8b,us_place,last,ridge,22,0.5965490052741099,0.7599569230415342,0.68341524300634,False
qwen3_8b,us_place,last,ridge,23,0.60689696751113,0.7656377078614673,0.6988121826169171,False
qwen3_8b,us_place,last,ridge,24,0.6234266331402087,0.7775311680123789,0.6931383857897311,False
qwen3_8b,us_place,last,ridge,25,0.6280812768124795,0.7795789187281388,0.7138697878783838,False
qwen3_8b,us_place,last,ridge,26,0.6242196283795549,0.7793507941464946,0.6877509674917027,False
qwen3_8b,us_place,last,ridge,27,0.6160275346683689,0.7733200694656717,0.6954586710696622,False
qwen3_8b,us_place,last,ridge,28,0.617393729685235,0.7737755958758452,0.706637921450344,False
qwen3_8b,us_place,last,ridge,29,0.6194400539157315,0.7780572228235043,0.6787672390051243,False
qwen3_8b,us_place,last,ridge,30,0.6249547056486304,0.7809232599343117,0.6925089679656511,False
qwen3_8b,us_place,last,ridge,31,0.623608460583713,0.780100255190807,0.7010605465926223,False
qwen3_8b,us_place,last,ridge,32,0.6336189354183138,0.7848824644858478,0.7185335563985495,True
qwen3_8b,us_place,last,ridge,33,0.6324703663487647,0.7836881117224712,0.7231427194748379,False
qwen3_8b,us_place,last,ridge,34,0.6273809880004351,0.7800188446711076,0.7244388791410351,False
qwen3_8b,us_place,last,ridge,35,0.6263855845927038,0.7796801914136,0.7328045282792439,False
qwen3_8b,us_place,last,ridge,36,0.5919429129039276,0.7663771805044661,0.665066499565623,False
qwen3_8b,historical_figure,last,ridge,1,0.502773226570284,0.6953437036415069,0.5924899960179715,False
qwen3_8b,historical_figure,last,ridge,2,0.5698942407657976,0.749837866188157,0.6344473883974246,False
qwen3_8b,historical_figure,last,ridge,3,0.6034349590038497,0.7689978736294326,0.6681177803950772,False
qwen3_8b,historical_figure,last,ridge,4,0.6179232312626011,0.7774293899855425,0.6714482217838487,False
qwen3_8b,historical_figure,last,ridge,5,0.6186285961531248,0.776052510592033,0.6931102197209382,False
qwen3_8b,historical_figure,last,ridge,6,0.6164607254360527,0.7727296448713347,0.6806357694206778,False
qwen3_8b,historical_figure,last,ridge,7,0.6058107087064402,0.7716573702626129,0.6655340244077017,False
qwen3_8b,historical_figure,last,ridge,8,0.6098532555131806,0.7750005329572454,0.6784349662535147,False
qwen3_8b,historical_figure,last,ridge,9,0.6610117060549535,0.8027390384904848,0.7159842945998622,False
qwen3_8b,historical_figure,last,ridge,10,0.7096918814493669,0.8257716539869766,0.7513658140096905,False
qwen3_8b,historical_figure,last,ridge,11,0.7314060509976841,0.8425053126736985,0.76906576828086,False
qwen3_8b,historical_figure,last,ridge,12,0.7411277359688245,0.8503279599539044,0.7748582818115382,False
qwen3_8b,historical_figure,last,ridge,13,0.7467332662462347,0.85435742128011,0.7793507847576118,False
qwen3_8b,historical_figure,last,ridge,14,0.749293689112102,0.8564360701991759,0.78312626088916,False
qwen3_8b,historical_figure,last,ridge,15,0.7527674869624978,0.8601240897085961,0.7835692701091159,False
qwen3_8b,historical_figure,last,ridge,16,0.7522700683813177,0.8560898801161572,0.7967412976509645,False
qwen3_8b,historical_figure,last,ridge,17,0.75239557907266,0.8570279900293323,0.7943459706567594,False
qwen3_8b,historical_figure,last,ridge,18,0.7509028342320885,0.8588473189313578,0.7821987405508855,False
qwen3_8b,historical_figure,last,ridge,19,0.7511263977937687,0.8591792428506938,0.7818002173465121,False
qwen3_8b,historical_figure,last,ridge,20,0.75347940974503,0.8597787826423932,0.7838591256632265,False
qwen3_8b,historical_figure,last,ridge,21,0.7527356423587556,0.8591665447169551,0.7852836057867405,False
qwen3_8b,historical_figure,last,ridge,22,0.7539413793895151,0.8607421540185326,0.7876861718784751,False
qwen3_8b,historical_figure,last,ridge,23,0.7612264196331319,0.8642627930936819,0.7960987916281084,False
qwen3_8b,historical_figure,last,ridge,24,0.7630531118844934,0.8656737153003015,0.8031764645775343,False
qwen3_8b,historical_figure,last,ridge,25,0.7692542538978473,0.8719197601929887,0.7987201633095856,False
qwen3_8b,historical_figure,last,ridge,26,0.7685523521288952,0.8718554449261356,0.8041221424219606,False
qwen3_8b,historical_figure,last,ridge,27,0.770215077447857,0.871204970528326,0.8109123792771893,False
qwen3_8b,historical_figure,last,ridge,28,0.7715676880715125,0.8727644244020276,0.7988389666609086,False
qwen3_8b,historical_figure,last,ridge,29,0.7736380817278471,0.8727588973786656,0.8053130724974102,True
qwen3_8b,historical_figure,last,ridge,30,0.7714012721802341,0.8709554897596382,0.8091099649996634,False
qwen3_8b,historical_figure,last,ridge,31,0.7716415723056731,0.8706735609658415,0.8122362894865798,False
qwen3_8b,historical_figure,last,ridge,32,0.7701798438262898,0.8692989364989644,0.8164229938061726,False
qwen3_8b,historical_figure,last,ridge,33,0.7673881872748732,0.8682178365400941,0.8165427858623517,False
qwen3_8b,historical_figure,last,ridge,34,0.7625229969276037,0.8642010240654521,0.8177316902818154,False
qwen3_8b,historical_figure,last,ridge,35,0.758573124195939,0.8625909034332686,0.8173529247258888,False
qwen3_8b,historical_figure,last,ridge,36,0.7540445339801106,0.8604888345662168,0.8005704645007163,False
qwen3_8b,nyc_place,last,ridge,1,0.07410909085410605,0.2382614551093586,0.16019158407376471,False
qwen3_8b,nyc_place,last,ridge,2,0.08236953440386025,0.28637258288571166,0.2912563302927558,False
qwen3_8b,nyc_place,last,ridge,3,0.11285316536320655,0.30959158581752955,0.2583217246283988,False
qwen3_8b,nyc_place,last,ridge,4,0.10924062894360048,0.31713012538124746,0.3017609919732778,False
qwen3_8b,nyc_place,last,ridge,5,0.11469221771195431,0.3166960098289222,0.27218003571891697,False
qwen3_8b,nyc_place,last,ridge,6,0.09361739823696419,0.2975210161587589,0.30576969813587335,False
qwen3_8b,nyc_place,last,ridge,7,0.0969409871678884,0.2849640544833964,0.27360875304952664,False
qwen3_8b,nyc_place,last,ridge,8,0.07441531659909789,0.2617453914217529,0.2966540669691133,False
qwen3_8b,nyc_place,last,ridge,9,0.09138528020666808,0.2733139335621458,0.23260131356045288,False
qwen3_8b,nyc_place,last,ridge,10,0.07231567246647436,0.2825529884031487,0.31921990992711147,False
qwen3_8b,nyc_place,last,ridge,11,0.08102208145792028,0.2908848913029519,0.32229560737415414,False
qwen3_8b,nyc_place,last,ridge,12,0.07524059607192651,0.2856523536180955,0.32364502991411376,False
qwen3_8b,nyc_place,last,ridge,13,0.06855623540469569,0.2858277613531874,0.31361900390300607,False
qwen3_8b,nyc_place,last,ridge,14,0.057396444604536245,0.28007370300038814,0.31378071038556726,False
qwen3_8b,nyc_place,last,ridge,15,0.06405521773424666,0.2819279829015913,0.3270310287292646,False
qwen3_8b,nyc_place,last,ridge,16,0.04902766995460417,0.26740534364752255,0.3287949398724637,False
qwen3_8b,nyc_place,last,ridge,17,0.047517009221990036,0.2661178641070283,0.32957425846731236,False
qwen3_8b,nyc_place,last,ridge,18,0.04475502465781217,0.2604270648908795,0.32792802562652307,False
qwen3_8b,nyc_place,last,ridge,19,0.04415160802751561,0.2608864621438417,0.3285675158867384,False
qwen3_8b,nyc_place,last,ridge,20,0.0663170139137697,0.26674704169339636,0.2612618901973463,False
qwen3_8b,nyc_place,last,ridge,21,0.060304733574100766,0.2591676494040549,0.2638992837159037,False
qwen3_8b,nyc_place,last,ridge,22,0.05995216314094076,0.26234556846073465,0.27277232575362853,False
qwen3_8b,nyc_place,last,ridge,23,0.04641744899272948,0.25668146451870005,0.28648890856375414,False
qwen3_8b,nyc_place,last,ridge,24,0.049246158328330125,0.2718921571683993,0.3177339790123601,False
qwen3_8b,nyc_place,last,ridge,25,0.06635336489654481,0.29134034206782655,0.34833864013255694,False
qwen3_8b,nyc_place,last,ridge,26,0.08151225618768221,0.28520229691664656,0.29490931593109354,False
qwen3_8b,nyc_place,last,ridge,27,0.08326652195888756,0.29371882177523895,0.31912308979525145,False
qwen3_8b,nyc_place,last,ridge,28,0.07548627920229378,0.28676841245633045,0.3336922385726536,False
qwen3_8b,nyc_place,last,ridge,29,0.08943449782620155,0.27887377618503184,0.2773578800646824,False
qwen3_8b,nyc_place,last,ridge,30,0.09777512119546722,0.2947708358806499,0.30981106103802925,False
qwen3_8b,nyc_place,last,ridge,31,0.08444617517916203,0.2844202642642737,0.32658722246097033,False
qwen3_8b,nyc_place,last,ridge,32,0.09588744280521294,0.30856029899718534,0.3537545153906261,False
qwen3_8b,nyc_place,last,ridge,33,0.09698844740236473,0.3160555766660983,0.37248714202492833,False
qwen3_8b,nyc_place,last,ridge,34,0.08782403442779219,0.31869808671462474,0.3902960644185167,False
qwen3_8b,nyc_place,last,ridge,35,0.07232478925144309,0.3142254107396285,0.4095730796128771,False
qwen3_8b,nyc_place,last,ridge,36,0.11676192829151288,0.3267221598336595,0.310738682372013,True
qwen3_8b,world_place,last,ridge,1,0.3385042006461843,0.5867525057089432,0.44977123810114916,False
qwen3_8b,world_place,last,ridge,2,0.4369663769630445,0.6528417864953903,0.5529008890911318,False
qwen3_8b,world_place,last,ridge,3,0.4913076727548208,0.689199207578918,0.5785413449839882,False
qwen3_8b,world_place,last,ridge,4,0.5186696066819084,0.7027134515598294,0.6149114391316222,False
qwen3_8b,world_place,last,ridge,5,0.548830817778734,0.7300863414670582,0.6283925655382763,False
qwen3_8b,world_place,last,ridge,6,0.5345349703067882,0.7192851929150381,0.6128845518917079,False
qwen3_8b,world_place,last,ridge,7,0.5114539706878025,0.7021734827384739,0.6099075420425706,False
qwen3_8b,world_place,last,ridge,8,0.5072168768927531,0.7027464623579089,0.5898044135297144,False
qwen3_8b,world_place,last,ridge,9,0.550078114721771,0.7302767486880299,0.6316978293482268,False
qwen3_8b,world_place,last,ridge,10,0.6204850847478331,0.7815640177656376,0.6860528752117584,False
qwen3_8b,world_place,last,ridge,11,0.7032515121622188,0.8369418693873105,0.7543380832104268,False
qwen3_8b,world_place,last,ridge,12,0.7337120554630743,0.8427442980802857,0.7926737396984499,False
qwen3_8b,world_place,last,ridge,13,0.7364738408068188,0.845727828861202,0.794455539372339,False
qwen3_8b,world_place,last,ridge,14,0.7314232250006814,0.8419958337795992,0.792752460859248,False
qwen3_8b,world_place,last,ridge,15,0.7320698024906274,0.8415791291471508,0.7911197514886871,False
qwen3_8b,world_place,last,ridge,16,0.7284476034400771,0.8382213078431158,0.7869906706012362,False
qwen3_8b,world_place,last,ridge,17,0.7252808882445515,0.8360097092052872,0.7835756521011248,False
qwen3_8b,world_place,last,ridge,18,0.7192683752771033,0.8318568988831913,0.7814252464118516,False
qwen3_8b,world_place,last,ridge,19,0.7158501632276716,0.8301565614422459,0.7785108765482776,False
qwen3_8b,world_place,last,ridge,20,0.717838128209243,0.8300492279087561,0.7812982969157558,False
qwen3_8b,world_place,last,ridge,21,0.7161423393173455,0.8290571259551387,0.7790836353333213,False
qwen3_8b,world_place,last,ridge,22,0.7138904638600178,0.8276708390495577,0.7808737717036427,False
qwen3_8b,world_place,last,ridge,23,0.7221334313179425,0.8320017557011898,0.7902923888503366,False
qwen3_8b,world_place,last,ridge,24,0.7423520439144482,0.848234728010747,0.7950202804365627,False
qwen3_8b,world_place,last,ridge,25,0.770560953015803,0.8638549981884673,0.8248479316879613,False
qwen3_8b,world_place,last,ridge,26,0.7749634348974351,0.870798894092698,0.8193376293205825,False
qwen3_8b,world_place,last,ridge,27,0.7751003067307567,0.8700114628737434,0.8240738950746846,False
qwen3_8b,world_place,last,ridge,28,0.7743319116151298,0.8688935684054271,0.8279024565505549,False
qwen3_8b,world_place,last,ridge,29,0.7749194160287132,0.8727379747609127,0.818694454161901,False
qwen3_8b,world_place,last,ridge,30,0.7825138240960007,0.877258020923328,0.8288902245601166,False
qwen3_8b,world_place,last,ridge,31,0.7882013133824899,0.8799718795250073,0.8350382741942487,False
qwen3_8b,world_place,last,ridge,32,0.7966205850917398,0.8831403231036458,0.8440221593065544,True
qwen3_8b,world_place,last,ridge,33,0.7955723717914689,0.8804612409010519,0.8451771542473179,False
qwen3_8b,world_place,last,ridge,34,0.7910796719267411,0.8773832259109511,0.8437983792777907,False
qwen3_8b,world_place,last,ridge,35,0.7856349676279883,0.8724135423137307,0.8433031539727677,False
qwen3_8b,world_place,last,ridge,36,0.7826956119930072,0.8771798298886799,0.8309042336347702,False
thalesian_cunei400m,headline,last,ridge,1,0.2915699650473992,0.5542392866789156,0.3421581819955889,False
thalesian_cunei400m,headline,last,ridge,2,0.26165583743334175,0.5202861694812163,0.3188438257898708,False
thalesian_cunei400m,headline,last,ridge,3,0.2639196929943103,0.5210630377798677,0.31741081901204016,False
thalesian_cunei400m,headline,last,ridge,4,0.29116503855010156,0.5448853158600616,0.3296266171349902,False
thalesian_cunei400m,headline,last,ridge,5,0.2984881186635412,0.552720046664493,0.33944023926326927,True
thalesian_cunei400m,headline,last,ridge,6,0.2889154753716858,0.544704476506093,0.3379112651595292,False
thalesian_cunei400m,headline,last,ridge,7,0.29118022671693755,0.5460191342995296,0.3308122097555882,False
thalesian_cunei400m,headline,last,ridge,8,0.28612511534861684,0.5429523177722904,0.3300933958319978,False
thalesian_cunei400m,headline,last,ridge,9,0.28163756741411894,0.5384398136379461,0.32558864012513433,False
thalesian_cunei400m,headline,last,ridge,10,0.27722541378395227,0.5356897004113126,0.32465676158113566,False
thalesian_cunei400m,headline,last,ridge,11,0.26834515540759407,0.5277447798166307,0.32240664483338355,False
thalesian_cunei400m,headline,last,ridge,12,0.26187847463213787,0.5235934968127854,0.3144573617091856,False
thalesian_cunei400m,art,last,ridge,1,0.03568857962369476,0.2085706069494529,0.0896887157836469,False
thalesian_cunei400m,art,last,ridge,2,0.052597131883850956,0.22495023845495382,0.10736085264455208,False
thalesian_cunei400m,art,last,ridge,3,0.07056124385776885,0.2600384712790049,0.12879181270986462,False
thalesian_cunei400m,art,last,ridge,4,0.07601866899098109,0.2627135522181355,0.13291380483354187,False
thalesian_cunei400m,art,last,ridge,5,0.08113903148157031,0.27079089291998454,0.1415085361338526,False
thalesian_cunei400m,art,last,ridge,6,0.07258841641769809,0.26361936220868043,0.1443950258449307,False
thalesian_cunei400m,art,last,ridge,7,0.07893711455319796,0.27457147506102203,0.14901883070785427,False
thalesian_cunei400m,art,last,ridge,8,0.08369860502111737,0.27450888662496575,0.151286546770679,False
thalesian_cunei400m,art,last,ridge,9,0.09053610770104537,0.27762932834314485,0.15028405490413932,True
thalesian_cunei400m,art,last,ridge,10,0.09036693443554145,0.27847040068284507,0.15748091232672168,False
thalesian_cunei400m,art,last,ridge,11,0.0901704674195224,0.2829781738817373,0.16204554078884392,False
thalesian_cunei400m,art,last,ridge,12,0.08761263741840242,0.2751705717196448,0.15666184621720058,False
thalesian_cunei400m,us_place,last,ridge,1,0.055973623458970334,0.26942442174597225,0.09192302709565137,False
thalesian_cunei400m,us_place,last,ridge,2,0.07522765227443057,0.3061543023127141,0.10951710293044753,False
thalesian_cunei400m,us_place,last,ridge,3,0.2634615277570999,0.4959017115204116,0.29362919645847907,False
thalesian_cunei400m,us_place,last,ridge,4,0.27456355830696894,0.5003857105962682,0.30409620731817333,False
thalesian_cunei400m,us_place,last,ridge,5,0.2787716964326308,0.5042929415565705,0.3105859494459068,False
thalesian_cunei400m,us_place,last,ridge,6,0.28874208768388127,0.5083168112113936,0.31239232231652025,False
thalesian_cunei400m,us_place,last,ridge,7,0.29286005838816065,0.5139354461650929,0.3165432330482294,False
thalesian_cunei400m,us_place,last,ridge,8,0.2970895222801206,0.5174442740424136,0.3193644972109945,False
thalesian_cunei400m,us_place,last,ridge,9,0.2949580404516372,0.5135652411729279,0.3217023459607398,False
thalesian_cunei400m,us_place,last,ridge,10,0.29907692689487064,0.5145946341454781,0.3158613996699691,True
thalesian_cunei400m,us_place,last,ridge,11,0.29728527559987883,0.513162994994356,0.31869855894278354,False
thalesian_cunei400m,us_place,last,ridge,12,0.29827356197580407,0.5115092689310761,0.3192182867437479,False
thalesian_cunei400m,historical_figure,last,ridge,1,0.28013777320501865,0.5160734432883248,0.325569881450849,False
thalesian_cunei400m,historical_figure,last,ridge,2,0.3115628177954509,0.5374414951243717,0.36298309902105563,False
thalesian_cunei400m,historical_figure,last,ridge,3,0.3512116141705943,0.5745865585691943,0.3954628935953364,False
thalesian_cunei400m,historical_figure,last,ridge,4,0.363386987968643,0.5884831774658391,0.4120616086027833,False
thalesian_cunei400m,historical_figure,last,ridge,5,0.37510325355372653,0.6002644775666243,0.41989624523680147,False
thalesian_cunei400m,historical_figure,last,ridge,6,0.3831709554238767,0.6072794258959006,0.42847219248061885,False
thalesian_cunei400m,historical_figure,last,ridge,7,0.3929220722642157,0.6150518261019827,0.4349170554572437,False
thalesian_cunei400m,historical_figure,last,ridge,8,0.3924518095920042,0.6139016170606854,0.43817644322318006,False
thalesian_cunei400m,historical_figure,last,ridge,9,0.3972738919836868,0.61494487484428,0.4426815346260087,False
thalesian_cunei400m,historical_figure,last,ridge,10,0.394935365074204,0.6143021259866074,0.4420367126709043,False
thalesian_cunei400m,historical_figure,last,ridge,11,0.3982948095261596,0.6165572975210367,0.439673966270657,False
thalesian_cunei400m,historical_figure,last,ridge,12,0.4011336076542875,0.6164824971884544,0.43997011398590036,True
thalesian_cunei400m,art,mean,ridge,1,0.08429792211617848,0.30237372679147184,0.25616230726961997,False
thalesian_cunei400m,art,mean,ridge,2,0.08138283236003241,0.28715749477109975,0.2567363434537856,False
thalesian_cunei400m,art,mean,ridge,3,0.08823953895340952,0.2930053547689677,0.2577220010830237,False
thalesian_cunei400m,art,mean,ridge,4,0.1036680891479409,0.3167299029028799,0.2587890670856976,False
thalesian_cunei400m,art,mean,ridge,5,0.10861389641366126,0.322582556943257,0.25358150468937213,False
thalesian_cunei400m,art,mean,ridge,6,0.10818122413047193,0.32112965307308416,0.25236995755627567,False
thalesian_cunei400m,art,mean,ridge,7,0.1106116339237776,0.3250593100156423,0.25196292797702957,False
thalesian_cunei400m,art,mean,ridge,8,0.11358492436903445,0.32116629068577146,0.24356016758406362,False
thalesian_cunei400m,art,mean,ridge,9,0.11257980452891503,0.3252904796571291,0.23807295750808466,False
thalesian_cunei400m,art,mean,ridge,10,0.12498838823307878,0.33018421291389505,0.23414203245419762,False
thalesian_cunei400m,art,mean,ridge,11,0.1262910589351146,0.3263847253763276,0.2274015539053731,True
thalesian_cunei400m,art,mean,ridge,12,0.11521291188008242,0.3155834836767711,0.22163811529671995,False
thalesian_cunei400m,nyc_place,last,ridge,1,0.0401175774820246,0.18798758183703873,0.08925987803054547,False
thalesian_cunei400m,nyc_place,last,ridge,2,0.045503814784227437,0.2089884251402661,0.10746275508538566,False
thalesian_cunei400m,nyc_place,last,ridge,3,0.04427971894681887,0.2121370143272418,0.10484941062757758,False
thalesian_cunei400m,nyc_place,last,ridge,4,0.044181379415023814,0.2119688412039022,0.12256686119078186,False
thalesian_cunei400m,nyc_place,last,ridge,5,0.04628433470991339,0.21768939696266884,0.13346158269076275,False
thalesian_cunei400m,nyc_place,last,ridge,6,0.0485063216446458,0.22405882145402212,0.1422162751501324,False
thalesian_cunei400m,nyc_place,last,ridge,7,0.045567552233925,0.2268343884468205,0.14767914154966588,False
thalesian_cunei400m,nyc_place,last,ridge,8,0.05880880208126127,0.2318498501974499,0.13054521241796224,False
thalesian_cunei400m,nyc_place,last,ridge,9,0.06234265260457211,0.24186763911753262,0.13392364340760993,True
thalesian_cunei400m,nyc_place,last,ridge,10,0.05680800684853815,0.22916884305106214,0.1399010073906734,False
thalesian_cunei400m,nyc_place,last,ridge,11,0.055702823144293534,0.22684541024845373,0.14067223568289627,False
thalesian_cunei400m,nyc_place,last,ridge,12,0.04660789547338323,0.21358001890634049,0.1376484291524877,False
thalesian_cunei400m,nyc_place,mean,ridge,1,0.1140020114870271,0.3398709338410283,0.24839626786949842,True
thalesian_cunei400m,nyc_place,mean,ridge,2,0.10222910368374144,0.3282565289235715,0.24847991888240145,False
thalesian_cunei400m,nyc_place,mean,ridge,3,0.07568946221928513,0.28162831890120077,0.23459785021791613,False
thalesian_cunei400m,nyc_place,mean,ridge,4,0.0784493022540591,0.2905952145481506,0.23606648340865488,False
thalesian_cunei400m,nyc_place,mean,ridge,5,0.0930026199444215,0.29688682995582766,0.2211698808843855,False
thalesian_cunei400m,nyc_place,mean,ridge,6,0.09118171210598869,0.29522622840452917,0.23023994623490984,False
thalesian_cunei400m,nyc_place,mean,ridge,7,0.08783969024681193,0.29151589429027647,0.23475169285366215,False
thalesian_cunei400m,nyc_place,mean,ridge,8,0.08181344085457298,0.274619353595146,0.2204219355267213,False
thalesian_cunei400m,nyc_place,mean,ridge,9,0.07719580739149101,0.26942364140989505,0.21759032360820546,False
thalesian_cunei400m,nyc_place,mean,ridge,10,0.06718878463617084,0.2576284589306751,0.21828820269719706,False
thalesian_cunei400m,nyc_place,mean,ridge,11,0.07097204766666954,0.2715455069287912,0.2165866024548606,False
thalesian_cunei400m,nyc_place,mean,ridge,12,0.07395119913316672,0.28078593095525883,0.2057947527722923,False
thalesian_cunei400m,us_place,mean,ridge,1,0.20173960506447508,0.4310928629743087,0.24003066219463598,False
thalesian_cunei400m,us_place,mean,ridge,2,0.28067895046640196,0.5025622966279675,0.31976669572771976,False
thalesian_cunei400m,us_place,mean,ridge,3,0.32064316664871034,0.5312093759741658,0.3544405348593467,False
thalesian_cunei400m,us_place,mean,ridge,4,0.33419009211618467,0.541827177115155,0.37437144873786876,False
thalesian_cunei400m,us_place,mean,ridge,5,0.3365718747078285,0.5414109600705673,0.36678744300529614,False
thalesian_cunei400m,us_place,mean,ridge,6,0.3407611498388125,0.5450878460348674,0.37160461047987176,False
thalesian_cunei400m,us_place,mean,ridge,7,0.3433990978963576,0.547333852978405,0.37156725962026693,False
thalesian_cunei400m,us_place,mean,ridge,8,0.3440709735413299,0.5481855176529506,0.370563393534036,True
thalesian_cunei400m,us_place,mean,ridge,9,0.33857886761348077,0.5403682977328426,0.35764144168452666,False
thalesian_cunei400m,us_place,mean,ridge,10,0.3403678319197239,0.5397802392325752,0.35973641441056664,False
thalesian_cunei400m,us_place,mean,ridge,11,0.33198477235208473,0.5347296490004447,0.35857041857604305,False
thalesian_cunei400m,us_place,mean,ridge,12,0.3165035848249641,0.5246756303666629,0.34456656365113986,False
thalesian_cunei400m,historical_figure,mean,ridge,1,0.4449090334323027,0.6727033175925878,0.4859858047252609,False
thalesian_cunei400m,historical_figure,mean,ridge,2,0.4599980379707691,0.6744132506774839,0.4942900140962868,True
thalesian_cunei400m,historical_figure,mean,ridge,3,0.4571967486372326,0.6741198123926662,0.4976099067087363,False
thalesian_cunei400m,historical_figure,mean,ridge,4,0.4546059223252523,0.6742638015055215,0.4987039376801041,False
thalesian_cunei400m,historical_figure,mean,ridge,5,0.45678949501963173,0.6742455449762543,0.49910403739059905,False
thalesian_cunei400m,historical_figure,mean,ridge,6,0.45748610442404347,0.675508025408676,0.49903865428573924,False
thalesian_cunei400m,historical_figure,mean,ridge,7,0.4572679639327364,0.6727310943193407,0.5003478605035967,False
thalesian_cunei400m,historical_figure,mean,ridge,8,0.4502396161930282,0.666890874467404,0.4946691516576256,False
thalesian_cunei400m,historical_figure,mean,ridge,9,0.45132595011995624,0.6650378934948828,0.49154873956569245,False
thalesian_cunei400m,historical_figure,mean,ridge,10,0.44792692453579086,0.6603180317299396,0.4834624434066841,False
thalesian_cunei400m,historical_figure,mean,ridge,11,0.4475180566073681,0.6608865472097593,0.4798962406138312,False
thalesian_cunei400m,historical_figure,mean,ridge,12,0.4415358649253729,0.6572243312782773,0.4705136020774856,False
thalesian_cunei400m,headline,mean,ridge,1,0.3354906486666973,0.5903707988708922,0.3762292283654244,False
thalesian_cunei400m,headline,mean,ridge,2,0.3427962981349485,0.5939208978416689,0.38459849382447664,True
thalesian_cunei400m,headline,mean,ridge,3,0.34098138487504104,0.5940196578159904,0.39360669484142874,False
thalesian_cunei400m,headline,mean,ridge,4,0.3390316441391833,0.5930864675615122,0.3895835062354154,False
thalesian_cunei400m,headline,mean,ridge,5,0.33687047164721307,0.5928081581229838,0.3908640150790904,False
thalesian_cunei400m,headline,mean,ridge,6,0.3371228057719332,0.5932540897612892,0.38536105700278245,False
thalesian_cunei400m,headline,mean,ridge,7,0.33850465363196525,0.5935112141293136,0.3872839321711379,False
thalesian_cunei400m,headline,mean,ridge,8,0.3341822862015271,0.5891521683914767,0.3865996765484495,False
thalesian_cunei400m,headline,mean,ridge,9,0.32955975376001256,0.5853415309796415,0.3817777234461406,False
thalesian_cunei400m,headline,mean,ridge,10,0.3270364253468435,0.5840050935597363,0.3729066488203656,False
thalesian_cunei400m,headline,mean,ridge,11,0.3213924329851139,0.5784614771670031,0.3714537117039751,False
thalesian_cunei400m,headline,mean,ridge,12,0.3096567679451775,0.5692148780771108,0.356709973336387,False
thalesian_cunei400m,world_place,last,ridge,1,0.17071263482449,0.43604176984287585,0.22028163193007988,False
thalesian_cunei400m,world_place,last,ridge,2,0.20354702864067498,0.4661016256440349,0.2516482867189619,False
thalesian_cunei400m,world_place,last,ridge,3,0.22342111353480998,0.480401012374533,0.2743235064941505,False
thalesian_cunei400m,world_place,last,ridge,4,0.2464774252945413,0.49368040047637907,0.29605673404668337,False
thalesian_cunei400m,world_place,last,ridge,5,0.2514841232250227,0.49820482131534527,0.29845266659485775,False
thalesian_cunei400m,world_place,last,ridge,6,0.25370826378567285,0.499504212604427,0.30036578322397617,False
thalesian_cunei400m,world_place,last,ridge,7,0.2601449499875128,0.504183163656963,0.30545203570766855,False
thalesian_cunei400m,world_place,last,ridge,8,0.2635160629895171,0.5044331269329417,0.309627118287128,False
thalesian_cunei400m,world_place,last,ridge,9,0.26457364451168397,0.5049210506688139,0.3105127560313425,False
thalesian_cunei400m,world_place,last,ridge,10,0.27879983531556957,0.5129119015625491,0.3218001122341725,False
thalesian_cunei400m,world_place,last,ridge,11,0.28141656201307186,0.5164174876557784,0.32356060163435174,True
thalesian_cunei400m,world_place,last,ridge,12,0.27507113491832114,0.5080790654622264,0.31829768745123255,False
thalesian_cunei400m,world_place,mean,ridge,1,0.38786019760101326,0.6138605979230151,0.4243756905144486,False
thalesian_cunei400m,world_place,mean,ridge,2,0.3991717410204445,0.6148943278795985,0.43108268798152216,True
thalesian_cunei400m,world_place,mean,ridge,3,0.3906762025086955,0.6084294758358573,0.4174028907323228,False
thalesian_cunei400m,world_place,mean,ridge,4,0.3816347837903511,0.5985320937186953,0.41298891475832633,False
thalesian_cunei400m,world_place,mean,ridge,5,0.37409358569725853,0.5892867049480764,0.40767174749579765,False
thalesian_cunei400m,world_place,mean,ridge,6,0.3718604778645221,0.5858312153190067,0.4077972839507172,False
thalesian_cunei400m,world_place,mean,ridge,7,0.3714228113847165,0.5834899392388297,0.40717750521118273,False
thalesian_cunei400m,world_place,mean,ridge,8,0.37012581626928487,0.5837890601112794,0.40458036989262575,False
thalesian_cunei400m,world_place,mean,ridge,9,0.36480861508036594,0.5803070068346767,0.4015783404400101,False
thalesian_cunei400m,world_place,mean,ridge,10,0.3672464215174571,0.5831979159323399,0.39673425939293716,False
thalesian_cunei400m,world_place,mean,ridge,11,0.36044593378773265,0.5762933203897945,0.39032561487624984,False
thalesian_cunei400m,world_place,mean,ridge,12,0.33723413133325914,0.5616117876847632,0.37183043397160254,False
llama2_13b,headline,last,ridge,1,0.3964888521809318,0.6393496217200314,0.4410679983534711,False
llama2_13b,headline,last,ridge,2,0.4099795293360674,0.6506545614592301,0.5069880020143538,False
llama2_13b,headline,last,ridge,3,0.4307398198656226,0.6681059237511112,0.5196296612944793,False
llama2_13b,headline,last,ridge,4,0.46846716408741684,0.6931018979506551,0.5510877106541251,False
llama2_13b,headline,last,ridge,5,0.4854559166571908,0.7045416101262675,0.5630647257041197,False
llama2_13b,headline,last,ridge,6,0.49958302364044205,0.7158993455517474,0.5671034460888645,False
llama2_13b,headline,last,ridge,7,0.544133678649143,0.7467567480512178,0.6229651112340131,False
llama2_13b,headline,last,ridge,8,0.5808247102068738,0.768942160821245,0.6351471863425069,False
llama2_13b,headline,last,ridge,9,0.584215762831003,0.7703328553706268,0.6510140923433969,False
llama2_13b,headline,last,ridge,10,0.5871159779520975,0.7722951415212478,0.6616369031603562,False
llama2_13b,headline,last,ridge,11,0.5901557393357357,0.7740409832424655,0.6712225158533766,False
llama2_13b,headline,last,ridge,12,0.5894060824375521,0.7729183612310482,0.6777751752575698,False
llama2_13b,headline,last,ridge,13,0.590822596743632,0.7748390825099122,0.6489679368530267,False
llama2_13b,headline,last,ridge,14,0.6117024774584845,0.7870222618027697,0.6708438239681118,False
llama2_13b,headline,last,ridge,15,0.6430279400361656,0.8056601063587496,0.7002040811650379,False
llama2_13b,headline,last,ridge,16,0.6476023476600836,0.8077955728123741,0.7097239630251344,False
llama2_13b,headline,last,ridge,17,0.6490503460790797,0.8085936129326776,0.7131942967813861,False
llama2_13b,headline,last,ridge,18,0.6512789400655175,0.8096090441995403,0.7197947174142338,False
llama2_13b,headline,last,ridge,19,0.6529492410666037,0.8105739575531091,0.696204434010862,False
llama2_13b,headline,last,ridge,20,0.6592237027047398,0.8140339296428701,0.7036246577540455,False
llama2_13b,headline,last,ridge,21,0.6594220732444602,0.8144490144017766,0.7060518337526613,False
llama2_13b,headline,last,ridge,22,0.6600491611882172,0.8145771348109534,0.7100794295282622,False
llama2_13b,headline,last,ridge,23,0.6596835073567003,0.8143557792155622,0.7131208289322298,False
llama2_13b,headline,last,ridge,24,0.6606743079569588,0.8149089672423205,0.7159078128803974,False
llama2_13b,headline,last,ridge,25,0.6588353827180949,0.8136471285078852,0.7184670376158846,False
llama2_13b,headline,last,ridge,26,0.6591679916565453,0.8139670587453046,0.7222034767717335,False
llama2_13b,headline,last,ridge,27,0.6604588248450464,0.8149819163136651,0.7003965024365182,False
llama2_13b,headline,last,ridge,28,0.6621213944960658,0.8160123117321569,0.7029343791328134,False
llama2_13b,headline,last,ridge,29,0.6620489784237725,0.8161150376566884,0.7053944599164649,False
llama2_13b,headline,last,ridge,30,0.6626864590101849,0.8164972089789222,0.7077328263613977,True
llama2_13b,headline,last,ridge,31,0.6620636663399706,0.8160817454357627,0.7095340323080096,False
llama2_13b,headline,last,ridge,32,0.6612938721767849,0.8156928334156679,0.7112573552620653,False
llama2_13b,headline,last,ridge,33,0.6601247632239511,0.8149232992565292,0.7135832182107383,False
llama2_13b,headline,last,ridge,34,0.6594636918707287,0.8143981760192267,0.7143766493592465,False
llama2_13b,headline,last,ridge,35,0.6582089823683577,0.8135993452484848,0.7163315310109922,False
llama2_13b,headline,last,ridge,36,0.6585386108890701,0.8139697326052574,0.7175449112250649,False
llama2_13b,headline,last,ridge,37,0.6565214918083051,0.8126620276705666,0.7194484141551789,False
llama2_13b,headline,last,ridge,38,0.6559547940131372,0.8121777525067833,0.6950393555405205,False
llama2_13b,headline,last,ridge,39,0.6555798728137044,0.8118389862924875,0.6974325203767261,False
llama2_13b,headline,last,ridge,40,0.6528192142514155,0.8102282714215934,0.6991098216544964,False
llama2_13b,art,last,ridge,1,0.10638542808205442,0.3332374122620544,0.27261888227105,False
llama2_13b,art,last,ridge,2,0.13658011429175687,0.3530144008468774,0.2653408177383798,False
llama2_13b,art,last,ridge,3,0.14858229486268393,0.3732323893514026,0.2910478112052025,False
llama2_13b,art,last,ridge,4,0.21661117248434414,0.4491452107541556,0.3792933897165337,False
llama2_13b,art,last,ridge,5,0.2913292633107075,0.5119258476011725,0.39598191710301245,False
llama2_13b,art,last,ridge,6,0.3952849320059846,0.596832827500244,0.4913166442019693,False
llama2_13b,art,last,ridge,7,0.5321268319052435,0.6994044920200186,0.6190355389673261,False
llama2_13b,art,last,ridge,8,0.6252615347189483,0.7537457754916674,0.7083062766974235,False
llama2_13b,art,last,ridge,9,0.6833220776813884,0.7931167537917061,0.7654711027015055,False
llama2_13b,art,last,ridge,10,0.711175989406402,0.8097180032328558,0.7933772112300705,False
llama2_13b,art,last,ridge,11,0.7203914271338554,0.8203492204491395,0.778701830699157,False
llama2_13b,art,last,ridge,12,0.7313348604855712,0.8297188153526086,0.7893110154702367,False
llama2_13b,art,last,ridge,13,0.73907860339433,0.8343785402274378,0.7946355323711283,False
llama2_13b,art,last,ridge,14,0.7563184018202374,0.8406535436696182,0.812555649083491,False
llama2_13b,art,last,ridge,15,0.7629275939676468,0.8438980399622176,0.8215426379923412,False
llama2_13b,art,last,ridge,16,0.7691843381272537,0.8474137508392714,0.8296094603564937,False
llama2_13b,art,last,ridge,17,0.7722639725651541,0.8482496425840824,0.8366026193226588,False
llama2_13b,art,last,ridge,18,0.7733085558608561,0.849166615183865,0.8404950854991042,False
llama2_13b,art,last,ridge,19,0.7802013464915097,0.854948985894436,0.8299666981132743,True
llama2_13b,art,last,ridge,20,0.7799361160839011,0.8531939049132788,0.8340064813869505,False
llama2_13b,art,last,ridge,21,0.7772915683797111,0.8496508263979644,0.8358892160454761,False
llama2_13b,art,last,ridge,22,0.7765076279480244,0.8500679064195967,0.8425357270936149,False
llama2_13b,art,last,ridge,23,0.7733427743839063,0.8480765574279837,0.844434125608239,False
llama2_13b,art,last,ridge,24,0.7778648992135633,0.8526798391124244,0.8272754059794183,False
llama2_13b,art,last,ridge,25,0.7765458926904368,0.8513623123590731,0.8281963500206635,False
llama2_13b,art,last,ridge,26,0.7748248951043883,0.8512468780048982,0.8299676546294892,False
llama2_13b,art,last,ridge,27,0.7751878889269422,0.8512314887607275,0.831362749441121,False
llama2_13b,art,last,ridge,28,0.7743862905496263,0.8507343562780052,0.8319818089825088,False
llama2_13b,art,last,ridge,29,0.7722763188087839,0.8490377627016219,0.8322441725963805,False
llama2_13b,art,last,ridge,30,0.7707163771762775,0.8485744673806712,0.8331818299744855,False
llama2_13b,art,last,ridge,31,0.7683403054700078,0.8457678302365469,0.833326324129857,False
llama2_13b,art,last,ridge,32,0.7663635626826923,0.8453360166356773,0.8334944754479287,False
llama2_13b,art,last,ridge,33,0.7643829228164112,0.8432039333128096,0.8345252841601468,False
llama2_13b,art,last,ridge,34,0.7663527075822276,0.8462172725542099,0.813751277181391,False
llama2_13b,art,last,ridge,35,0.7663613448567408,0.8457175422346243,0.814760688989842,False
llama2_13b,art,last,ridge,36,0.7670623434865456,0.8454777949616185,0.8172180869391884,False
llama2_13b,art,last,ridge,37,0.7657584717498541,0.8453978587085683,0.8188991228228787,False
llama2_13b,art,last,ridge,38,0.7655865906543156,0.8448251779519894,0.8196934430556285,False
llama2_13b,art,last,ridge,39,0.7682621845891944,0.8461130348021058,0.8231824938463476,False
llama2_13b,art,last,ridge,40,0.7678734705138923,0.8453859970080041,0.8300046751861577,False
llama2_13b,us_place,last,ridge,1,0.17690647787525715,0.3853344298588285,0.2899245958282019,False
llama2_13b,us_place,last,ridge,2,0.21578055221921172,0.4401124266027866,0.32707525149239974,False
llama2_13b,us_place,last,ridge,3,0.3521589691420241,0.5839651050653906,0.49276238915312576,False
llama2_13b,us_place,last,ridge,4,0.48424797222629506,0.6855951914439002,0.5768859095872024,False
llama2_13b,us_place,last,ridge,5,0.6259052653838137,0.7766656863951729,0.7145871167967823,False
llama2_13b,us_place,last,ridge,6,0.6609298694528951,0.8040764343814177,0.7132480858039519,False
llama2_13b,us_place,last,ridge,7,0.7026251865464896,0.8282473977927403,0.7592428876944666,False
llama2_13b,us_place,last,ridge,8,0.7214546742495023,0.8400771057313143,0.7840920232259136,False
llama2_13b,us_place,last,ridge,9,0.738671372232885,0.8500492757676172,0.7995262790243746,False
llama2_13b,us_place,last,ridge,10,0.7435491539129904,0.849786713201127,0.8095026330216009,False
llama2_13b,us_place,last,ridge,11,0.7483295949786808,0.8542963519386845,0.7859611257507979,False
llama2_13b,us_place,last,ridge,12,0.7525027349641336,0.8568676953663888,0.7917750222047248,False
llama2_13b,us_place,last,ridge,13,0.760707027374224,0.8619783114684642,0.7999244580145952,False
llama2_13b,us_place,last,ridge,14,0.7745881791850344,0.870783424409876,0.8130982245647986,False
llama2_13b,us_place,last,ridge,15,0.7845296870890758,0.8755481958113014,0.8252636560950145,False
llama2_13b,us_place,last,ridge,16,0.785270235777901,0.8743512407053483,0.8296731573884961,False
llama2_13b,us_place,last,ridge,17,0.7979324075850518,0.881941768224211,0.8412087590518762,False
llama2_13b,us_place,last,ridge,18,0.8021580660898543,0.8853084271800278,0.8502957830766555,False
llama2_13b,us_place,last,ridge,19,0.8036546082360558,0.8853195222537648,0.8558850133043099,False
llama2_13b,us_place,last,ridge,20,0.8052210388818212,0.887258766646466,0.8387507664911524,False
llama2_13b,us_place,last,ridge,21,0.8075430457489972,0.8881481965407534,0.8460749863868893,False
llama2_13b,us_place,last,ridge,22,0.8070495017214555,0.8873679946848265,0.851877987839804,False
llama2_13b,us_place,last,ridge,23,0.8080385920078172,0.8881363595115694,0.856092024455733,True
llama2_13b,us_place,last,ridge,24,0.8070828501195232,0.8870018837603244,0.8593538286309268,False
llama2_13b,us_place,last,ridge,25,0.8031872919253501,0.8850117481692594,0.8621149852436356,False
llama2_13b,us_place,last,ridge,26,0.8031308478791355,0.8873524675948254,0.8384773925564954,False
llama2_13b,us_place,last,ridge,27,0.8027600259061491,0.8870002553133507,0.8411042343073015,False
llama2_13b,us_place,last,ridge,28,0.801684812809843,0.8857723478993862,0.8432650883431072,False
llama2_13b,us_place,last,ridge,29,0.8014233355340982,0.8850802945434408,0.8450318492501212,False
llama2_13b,us_place,last,ridge,30,0.7996166833536203,0.8835054234584327,0.8460259160936086,False
llama2_13b,us_place,last,ridge,31,0.7994008722905857,0.8836374144111436,0.8473957192225579,False
llama2_13b,us_place,last,ridge,32,0.798105278929086,0.8825753605474878,0.8487872719071702,False
llama2_13b,us_place,last,ridge,33,0.7990281733047376,0.8831053201848544,0.8509114503449154,False
llama2_13b,us_place,last,ridge,34,0.7987545660739983,0.8825538687394434,0.852334489034537,False
llama2_13b,us_place,last,ridge,35,0.7968369246204308,0.8810540908773422,0.8531030685010318,False
llama2_13b,us_place,last,ridge,36,0.7954884330131602,0.8803856105847058,0.8540408706345097,False
llama2_13b,us_place,last,ridge,37,0.7947829393407084,0.879552939579012,0.8547066816235056,False
llama2_13b,us_place,last,ridge,38,0.7947339813204024,0.8823009395251589,0.8257552529782988,False
llama2_13b,us_place,last,ridge,39,0.795099968583401,0.882189610352803,0.8276867976677442,False
llama2_13b,us_place,last,ridge,40,0.7937905323531178,0.8796848670140128,0.8364723133655154,False
llama2_13b,historical_figure,last,ridge,1,0.4980728861572664,0.6966596173879465,0.5981589280749019,False
llama2_13b,historical_figure,last,ridge,2,0.5275602576392064,0.7177969582445469,0.6279861691375745,False
llama2_13b,historical_figure,last,ridge,3,0.5531552456571787,0.7316253140074088,0.6590376624101466,False
llama2_13b,historical_figure,last,ridge,4,0.6140228769976528,0.7832083739564353,0.6865065969322395,False
llama2_13b,historical_figure,last,ridge,5,0.6657091804345021,0.8146725024601088,0.7268112940413112,False
llama2_13b,historical_figure,last,ridge,6,0.7045493279467734,0.840281483764194,0.7443005322860338,False
llama2_13b,historical_figure,last,ridge,7,0.7368740491454377,0.8611750434255433,0.7735390523919335,False
llama2_13b,historical_figure,last,ridge,8,0.7546878607918748,0.8740383933819977,0.7947052025510186,False
llama2_13b,historical_figure,last,ridge,9,0.7639048531946406,0.8793101461848376,0.8051947175387211,False
llama2_13b,historical_figure,last,ridge,10,0.7664671971142389,0.8796949503153906,0.808643869621471,False
llama2_13b,historical_figure,last,ridge,11,0.7704257936459967,0.8822668106366136,0.8147730913031846,False
llama2_13b,historical_figure,last,ridge,12,0.771239285950765,0.8823508827602665,0.8178710482001237,False
llama2_13b,historical_figure,last,ridge,13,0.7702269359411507,0.8860237392490103,0.8037658873102688,False
llama2_13b,historical_figure,last,ridge,14,0.7820216501869144,0.8902546710129771,0.8146709455441643,False
llama2_13b,historical_figure,last,ridge,15,0.7882883917992572,0.8953338781039991,0.8227851802348507,False
llama2_13b,historical_figure,last,ridge,16,0.7878062247983494,0.8947973274041628,0.8247769409724816,False
llama2_13b,historical_figure,last,ridge,17,0.7921125204891383,0.8967070477899879,0.8310193814517777,False
llama2_13b,historical_figure,last,ridge,18,0.795506139637621,0.8973491682372903,0.8350688556605123,False
llama2_13b,historical_figure,last,ridge,19,0.7942547201418828,0.895914845615935,0.8384549793924182,False
llama2_13b,historical_figure,last,ridge,20,0.7969628957011701,0.898739250071765,0.8263895977919437,False
llama2_13b,historical_figure,last,ridge,21,0.798446925937442,0.8993492811090348,0.830734693900953,False
llama2_13b,historical_figure,last,ridge,22,0.8010722703975691,0.900314301959033,0.8360504905111396,False
llama2_13b,historical_figure,last,ridge,23,0.8001895418931362,0.8989906805911203,0.8391500305420551,False
llama2_13b,historical_figure,last,ridge,24,0.8011731267665402,0.8987959781838968,0.842954620815791,False
llama2_13b,historical_figure,last,ridge,25,0.8011206452836873,0.9001063382655421,0.8275133342249875,False
llama2_13b,historical_figure,last,ridge,26,0.8017952363734211,0.9000986439273754,0.8298566009915946,False
llama2_13b,historical_figure,last,ridge,27,0.8024699982102571,0.8995713238141159,0.831439808132901,True
llama2_13b,historical_figure,last,ridge,28,0.8005467325892442,0.8978946472665396,0.8325475819984498,False
llama2_13b,historical_figure,last,ridge,29,0.7998479259846325,0.8973589250848653,0.8335347914825524,False
llama2_13b,historical_figure,last,ridge,30,0.7997282038919834,0.896964525942366,0.8345898541036953,False
llama2_13b,historical_figure,last,ridge,31,0.7993043666367259,0.8970171417927626,0.8351448148676028,False
llama2_13b,historical_figure,last,ridge,32,0.7984327012563516,0.8966413384775811,0.8360960561220329,False
llama2_13b,historical_figure,last,ridge,33,0.7979312122106277,0.8961947632836097,0.8372946900865789,False
llama2_13b,historical_figure,last,ridge,34,0.7962280143312205,0.8941210725974741,0.8382237790647955,False
llama2_13b,historical_figure,last,ridge,35,0.7941307983143618,0.8947982123346224,0.8195965729737598,False
llama2_13b,historical_figure,last,ridge,36,0.7937944295658024,0.8944852795446904,0.8203994375675119,False
llama2_13b,historical_figure,last,ridge,37,0.7928614511326378,0.8934430338474028,0.821495673254172,False
llama2_13b,historical_figure,last,ridge,38,0.7920399613008443,0.893319433153991,0.8222082523454359,False
llama2_13b,historical_figure,last,ridge,39,0.7916949207263944,0.8931365521191992,0.823626290117785,False
llama2_13b,historical_figure,last,ridge,40,0.7919576041978085,0.8904602741166684,0.8304511444245117,False
llama2_13b,nyc_place,last,ridge,1,0.06871903873545848,0.2650648024012219,0.22038972384780775,False
llama2_13b,nyc_place,last,ridge,2,0.07651870071496175,0.300670145834367,0.28959297900312125,False
llama2_13b,nyc_place,last,ridge,3,0.0866407072184493,0.27726472532188584,0.28139067520942856,False
llama2_13b,nyc_place,last,ridge,4,0.11158564207103155,0.30007187799072366,0.27787817564789125,False
llama2_13b,nyc_place,last,ridge,5,0.10950147559907147,0.31094858062518993,0.3329568928649388,False
llama2_13b,nyc_place,last,ridge,6,0.11565026156668784,0.32935539405243686,0.3718037478088303,False
llama2_13b,nyc_place,last,ridge,7,0.13864411080267658,0.35285045854447683,0.3189770362859272,False
llama2_13b,nyc_place,last,ridge,8,0.14497932603608038,0.3653129296180832,0.34647617580999895,False
llama2_13b,nyc_place,last,ridge,9,0.1500475925755962,0.3732566547881676,0.37890154046903324,False
llama2_13b,nyc_place,last,ridge,10,0.13587133528989354,0.3610850815772494,0.3865828525325808,False
llama2_13b,nyc_place,last,ridge,11,0.12983996313253676,0.3537998233233619,0.39879154953351,False
llama2_13b,nyc_place,last,ridge,12,0.12172087156188172,0.3449433732941103,0.40210601364621706,False
llama2_13b,nyc_place,last,ridge,13,0.11967917422259444,0.3506211292422975,0.4095450229127038,False
llama2_13b,nyc_place,last,ridge,14,0.12672772236930974,0.3625425494076221,0.4276884441146353,False
llama2_13b,nyc_place,last,ridge,15,0.15188969931398627,0.368158928851199,0.35635067710017077,False
llama2_13b,nyc_place,last,ridge,16,0.1583611607019298,0.37838555880813984,0.3706500220421415,False
llama2_13b,nyc_place,last,ridge,17,0.21430212553476385,0.4500981789479971,0.4171656594552868,False
llama2_13b,nyc_place,last,ridge,18,0.20927397582590368,0.44558662855669134,0.4270168090252601,False
llama2_13b,nyc_place,last,ridge,19,0.1998239520322832,0.4378673481303939,0.4308452206054912,False
llama2_13b,nyc_place,last,ridge,20,0.22727513178815173,0.46573483478329186,0.4561815473684777,False
llama2_13b,nyc_place,last,ridge,21,0.22413260556395398,0.4632875094750908,0.4681240839848541,False
llama2_13b,nyc_place,last,ridge,22,0.2593918561687502,0.49241702067667104,0.41600719792285473,False
llama2_13b,nyc_place,last,ridge,23,0.26396404572918364,0.4954056994977276,0.43438662430525593,False
llama2_13b,nyc_place,last,ridge,24,0.25529523156642975,0.4897870667099615,0.4443235037151381,False
llama2_13b,nyc_place,last,ridge,25,0.2468708802761555,0.4823732633505581,0.4511647512389227,False
llama2_13b,nyc_place,last,ridge,26,0.2475069830064,0.48354954759324026,0.4613986204642414,False
llama2_13b,nyc_place,last,ridge,27,0.2444701302772152,0.47985032094893226,0.47331496974573795,False
llama2_13b,nyc_place,last,ridge,28,0.2547714348698916,0.48766243536282966,0.4025465966546105,False
llama2_13b,nyc_place,last,ridge,29,0.2586655398180125,0.49209926297785866,0.41151776597978434,False
llama2_13b,nyc_place,last,ridge,30,0.2566486487092316,0.48938556157559554,0.4201633580204358,False
llama2_13b,nyc_place,last,ridge,31,0.2534664158644671,0.4862601327047224,0.42822832024931917,False
llama2_13b,nyc_place,last,ridge,32,0.2539892177601124,0.48829073884944696,0.43481349356623356,False
llama2_13b,nyc_place,last,ridge,33,0.2648165263831633,0.5004072433655686,0.4509473729188906,False
llama2_13b,nyc_place,last,ridge,34,0.2604542463962315,0.49534619705789923,0.4552191404172267,False
llama2_13b,nyc_place,last,ridge,35,0.2583181157549442,0.4940432438192436,0.4613875482860527,False
llama2_13b,nyc_place,last,ridge,36,0.2607825535857576,0.4965135007666716,0.4687027455133687,False
llama2_13b,nyc_place,last,ridge,37,0.2566807640541863,0.4904894664731321,0.47676680393204035,False
llama2_13b,nyc_place,last,ridge,38,0.2564775540018228,0.48960520820886777,0.48341986819661964,False
llama2_13b,nyc_place,last,ridge,39,0.2583963894051626,0.4970556002809539,0.49396194759539425,False
llama2_13b,nyc_place,last,ridge,40,0.27244868145180423,0.5094569138069469,0.4289011168315972,True
llama2_13b,world_place,last,ridge,1,0.32432392055571824,0.5879569114976515,0.4628979801676036,False
llama2_13b,world_place,last,ridge,2,0.39012016492692075,0.6240941512927249,0.5062098197955482,False
llama2_13b,world_place,last,ridge,3,0.45732472620731907,0.6668097829796886,0.5812143533183058,False
llama2_13b,world_place,last,ridge,4,0.5608440715831445,0.7428041676398953,0.6458163968950411,False
llama2_13b,world_place,last,ridge,5,0.5944506362451625,0.7634388905344408,0.6833893115313702,False
llama2_13b,world_place,last,ridge,6,0.6319941556774626,0.7891915441386983,0.6978032592638993,False
llama2_13b,world_place,last,ridge,7,0.6890666447887115,0.826524903227102,0.7538128595017348,False
llama2_13b,world_place,last,ridge,8,0.7556413947972065,0.861923092490819,0.8078491307838384,False
llama2_13b,world_place,last,ridge,9,0.7917284868553253,0.8848884251470076,0.8398658387061901,False
llama2_13b,world_place,last,ridge,10,0.8039324006294282,0.8880170790223763,0.8512686148652071,False
llama2_13b,world_place,last,ridge,11,0.8031340116723928,0.8863064038931421,0.8519813297538279,False
llama2_13b,world_place,last,ridge,12,0.8051207877372574,0.8860029524716966,0.8542388115275943,False
llama2_13b,world_place,last,ridge,13,0.8045084905191265,0.884447745075498,0.8542648443399952,False
llama2_13b,world_place,last,ridge,14,0.8164850842137845,0.8928320736308514,0.8662220039482913,False
llama2_13b,world_place,last,ridge,15,0.8275391253910054,0.8976357343099719,0.874422175294768,False
llama2_13b,world_place,last,ridge,16,0.8380815956430822,0.9012152826690794,0.8827716609710314,False
llama2_13b,world_place,last,ridge,17,0.8594620504507022,0.9195144707379582,0.8928871696583355,False
llama2_13b,world_place,last,ridge,18,0.8687651767018488,0.9238924818492791,0.9004353298027153,False
llama2_13b,world_place,last,ridge,19,0.8715765062976272,0.9235593472607433,0.9049565489915982,False
llama2_13b,world_place,last,ridge,20,0.8756523846180817,0.9258384073793092,0.90919617081428,False
llama2_13b,world_place,last,ridge,21,0.8771896975902914,0.9290773059730539,0.9034668265826599,False
llama2_13b,world_place,last,ridge,22,0.8786547845911601,0.9313173756938888,0.9070499049857618,False
llama2_13b,world_place,last,ridge,23,0.8821539948971295,0.9321338465261473,0.911033215912616,False
llama2_13b,world_place,last,ridge,24,0.8826313822274116,0.931720851806358,0.9131932406909282,True
llama2_13b,world_place,last,ridge,25,0.8825979625359712,0.9318226557526759,0.9147592323704004,False
llama2_13b,world_place,last,ridge,26,0.8813103100897668,0.9329090990348097,0.9068251385515012,False
llama2_13b,world_place,last,ridge,27,0.8806587620435196,0.9321918081179936,0.9074151068266378,False
llama2_13b,world_place,last,ridge,28,0.8805365409258177,0.9319229666911766,0.9079331381525405,False
llama2_13b,world_place,last,ridge,29,0.880136801277331,0.931599173275814,0.9080677601861518,False
llama2_13b,world_place,last,ridge,30,0.8777317322016693,0.929311458929348,0.9077453724069194,False
llama2_13b,world_place,last,ridge,31,0.8762351355051434,0.9280231821924587,0.9073747937629457,False
llama2_13b,world_place,last,ridge,32,0.8756333311329147,0.9272684410091653,0.9069242671055138,False
llama2_13b,world_place,last,ridge,33,0.8741127287997934,0.9260799504173309,0.9066762683097895,False
llama2_13b,world_place,last,ridge,34,0.8722517240447472,0.9241977573718314,0.9057389798166786,False
llama2_13b,world_place,last,ridge,35,0.8705162833539657,0.9227270881957077,0.9049677138100034,False
llama2_13b,world_place,last,ridge,36,0.8685087721538332,0.9211170553116979,0.9044001496460987,False
llama2_13b,world_place,last,ridge,37,0.8672886954794132,0.9200284114235127,0.9036273046302117,False
llama2_13b,world_place,last,ridge,38,0.8648139764772806,0.9218201452732095,0.8927796320417116,False
llama2_13b,world_place,last,ridge,39,0.864411733748691,0.9209211254372696,0.8933590876866409,False
llama2_13b,world_place,last,ridge,40,0.8665844010874724,0.9208087955799772,0.8991605179452199,False
llama2_7b_random,headline,last,ridge,1,0.2603484908505874,0.5117035600053227,0.3618462927424062,True
llama2_7b_random,headline,last,ridge,2,0.23346440916758338,0.4839589658684718,0.38071057057216684,False
llama2_7b_random,headline,last,ridge,3,0.20417817859653753,0.4565644698450848,0.3856313664521097,False
llama2_7b_random,headline,last,ridge,4,0.18663880966345536,0.44336939606456643,0.3803466611681241,False
llama2_7b_random,headline,last,ridge,5,0.1694108347761577,0.4337701712528102,0.3790880251762889,False
llama2_7b_random,headline,last,ridge,6,0.16639578595131066,0.4317178596628809,0.3730412672993314,False
llama2_7b_random,headline,last,ridge,7,0.1533432332691489,0.42028733391498674,0.36875563289608126,False
llama2_7b_random,headline,last,ridge,8,0.14043442211643986,0.4102028093751498,0.3680060801242092,False
llama2_7b_random,headline,last,ridge,9,0.12083728286120232,0.39459187975745735,0.3663247175597143,False
llama2_7b_random,headline,last,ridge,10,0.11310526894062056,0.3867441576543311,0.3655574857238346,False
llama2_7b_random,headline,last,ridge,11,0.11329265909813935,0.3920841722783463,0.36096225024480577,False
llama2_7b_random,headline,last,ridge,12,0.10494876390043517,0.3856735447459912,0.36353523644989594,False
llama2_7b_random,headline,last,ridge,13,0.09786639449046541,0.37716950657695997,0.36159981788617757,False
llama2_7b_random,headline,last,ridge,14,0.09597877613464789,0.37283430123240385,0.360304670824362,False
llama2_7b_random,headline,last,ridge,15,0.09029985620561776,0.3702235919318783,0.3599492724392461,False
llama2_7b_random,headline,last,ridge,16,0.0935209444422791,0.3735660449991506,0.3578887898198344,False
llama2_7b_random,headline,last,ridge,17,0.09271775172473318,0.37192051639009294,0.35571372653106004,False
llama2_7b_random,headline,last,ridge,18,0.08679410696523404,0.365879985586832,0.3537177734087439,False
llama2_7b_random,headline,last,ridge,19,0.09141135401062939,0.36849032840827733,0.3527240407085267,False
llama2_7b_random,headline,last,ridge,20,0.09117896705399542,0.3674967374302247,0.35292157048298733,False
llama2_7b_random,headline,last,ridge,21,0.08337270539605324,0.36172700855704054,0.3518734116598722,False
llama2_7b_random,headline,last,ridge,22,0.07702146386066322,0.3552129675816942,0.3520321640458698,False
llama2_7b_random,headline,last,ridge,23,0.07974082489615952,0.35637214197122014,0.35173712179269545,False
llama2_7b_random,headline,last,ridge,24,0.08242824655046344,0.35839575319089423,0.3508451135255277,False
llama2_7b_random,headline,last,ridge,25,0.08257339362829874,0.3571631091097892,0.3499152518650871,False
llama2_7b_random,headline,last,ridge,26,0.08143355493527926,0.3555465803075435,0.35036838360381495,False
llama2_7b_random,headline,last,ridge,27,0.07914978277324536,0.3558335550318557,0.35064410798412593,False
llama2_7b_random,headline,last,ridge,28,0.07369478303912835,0.35229974533222363,0.3499744014231697,False
llama2_7b_random,headline,last,ridge,29,0.07202851332544924,0.35052250974867905,0.3506580416901882,False
llama2_7b_random,headline,last,ridge,30,0.07188130848339958,0.3539097008365296,0.3501516203628414,False
llama2_7b_random,headline,last,ridge,31,0.06424579507352479,0.34779031062751153,0.34943173835644337,False
llama2_7b_random,headline,last,ridge,32,0.15990089235473803,0.40124063917511277,0.2589302984302121,False
llama2_7b_random,art,last,ridge,1,0.03738904707443369,0.20120044878995508,0.22152027809508157,False
llama2_7b_random,art,last,ridge,2,0.013370308166616107,0.1906803048912758,0.2749523040579984,False
llama2_7b_random,art,last,ridge,3,-0.02151033367780486,0.16918102204124363,0.2903772864481827,False
llama2_7b_random,art,last,ridge,4,-0.05415054685284093,0.15016057453529388,0.30111145481719115,False
llama2_7b_random,art,last,ridge,5,-0.05857234445433135,0.15402033335811421,0.30170612700582444,False
llama2_7b_random,art,last,ridge,6,-0.060712421296124974,0.16064753461507544,0.30454488019202974,False
llama2_7b_random,art,last,ridge,7,-0.07651805806946399,0.1488139710054095,0.3063165235111913,False
llama2_7b_random,art,last,ridge,8,-0.09232366569342387,0.1396213883983847,0.3071213916961256,False
llama2_7b_random,art,last,ridge,9,-0.09377496822742981,0.136772462364186,0.30805276583743946,False
llama2_7b_random,art,last,ridge,10,-0.09954651388368796,0.1393229032414552,0.30802466143842566,False
llama2_7b_random,art,last,ridge,11,-0.11138959203546261,0.13015233049303723,0.30733021482249234,False
llama2_7b_random,art,last,ridge,12,-0.10917319537104975,0.1368996600836363,0.30983853186509336,False
llama2_7b_random,art,last,ridge,13,-0.12438261929645922,0.12558703028843818,0.3112701178412851,False
llama2_7b_random,art,last,ridge,14,-0.12832760272373545,0.12353462298762806,0.3103913360725078,False
llama2_7b_random,art,last,ridge,15,-0.135771393760447,0.11763266814327894,0.3099008924082125,False
llama2_7b_random,art,last,ridge,16,-0.1265996898355557,0.12534841059319135,0.30801319804055105,False
llama2_7b_random,art,last,ridge,17,-0.1261254993419605,0.13088807601561459,0.30570841874004906,False
llama2_7b_random,art,last,ridge,18,-0.12434875632188769,0.13767693132588907,0.3084156030468471,False
llama2_7b_random,art,last,ridge,19,-0.12423289947769689,0.13783408881455125,0.3043771403324934,False
llama2_7b_random,art,last,ridge,20,-0.12258937217060728,0.1425658147859087,0.3040778861064086,False
llama2_7b_random,art,last,ridge,21,-0.11705747057682792,0.14323944335648328,0.30396844284897795,False
llama2_7b_random,art,last,ridge,22,-0.1172314580648326,0.14410639644469986,0.30269955171390617,False
llama2_7b_random,art,last,ridge,23,-0.11529116139775564,0.14421661187451384,0.30170050735308473,False
llama2_7b_random,art,last,ridge,24,-0.11309465690636511,0.14729382204652153,0.3004440374299867,False
llama2_7b_random,art,last,ridge,25,-0.11630221320877432,0.14164622851218692,0.30070954174452214,False
llama2_7b_random,art,last,ridge,26,-0.11546165955638088,0.14056993403365226,0.30116892577639764,False
llama2_7b_random,art,last,ridge,27,-0.12647312573007596,0.13327542214030455,0.30138659128219514,False
llama2_7b_random,art,last,ridge,28,-0.12170214301075721,0.13695739167572232,0.29955269293733267,False
llama2_7b_random,art,last,ridge,29,-0.120668889598607,0.13649502017850046,0.2997852507501938,False
llama2_7b_random,art,last,ridge,30,-0.12469627649324089,0.13669973452105527,0.2999307642736768,False
llama2_7b_random,art,last,ridge,31,-0.12169125144950521,0.13766079550838994,0.29925816177415043,False
llama2_7b_random,art,last,ridge,32,0.04585606162613842,0.18526137368234388,0.2187274943025711,True
llama2_7b_random,us_place,last,ridge,1,0.1875590262747595,0.3835713876341507,0.28671507334201335,False
llama2_7b_random,us_place,last,ridge,2,0.2551370009535404,0.4545753810969315,0.39275534596739053,False
llama2_7b_random,us_place,last,ridge,3,0.26918162653754424,0.4712905895595907,0.4265703005877143,False
llama2_7b_random,us_place,last,ridge,4,0.2631932652887936,0.46947539226864254,0.43688292012699803,False
llama2_7b_random,us_place,last,ridge,5,0.25782622074246675,0.46845956259015376,0.44601279091573787,False
llama2_7b_random,us_place,last,ridge,6,0.2569690545035911,0.46758472244403704,0.44813815913863836,False
llama2_7b_random,us_place,last,ridge,7,0.25085491531505144,0.4655774808601649,0.45085280953080087,False
llama2_7b_random,us_place,last,ridge,8,0.24711667616792415,0.4637930926836502,0.45209579421464147,False
llama2_7b_random,us_place,last,ridge,9,0.24748949240757023,0.464302104590118,0.4535436673449344,False
llama2_7b_random,us_place,last,ridge,10,0.24668181305036008,0.46297589232069086,0.4513309420377,False
llama2_7b_random,us_place,last,ridge,11,0.24374383292059992,0.46272694907394324,0.45069895599543197,False
llama2_7b_random,us_place,last,ridge,12,0.24359273652322988,0.4637046027601768,0.4530198797537532,False
llama2_7b_random,us_place,last,ridge,13,0.23751944997907032,0.4595259604189186,0.4525818094037714,False
llama2_7b_random,us_place,last,ridge,14,0.23250081850686521,0.45526417750792103,0.4524274198088401,False
llama2_7b_random,us_place,last,ridge,15,0.23007500067463998,0.45237886408612127,0.4505316193436402,False
llama2_7b_random,us_place,last,ridge,16,0.22524910562531902,0.45124017912589476,0.4499838598532553,False
llama2_7b_random,us_place,last,ridge,17,0.2282600628597738,0.4534979523577487,0.45180720078302616,False
llama2_7b_random,us_place,last,ridge,18,0.23025509589095872,0.45465947508297555,0.4508302817122938,False
llama2_7b_random,us_place,last,ridge,19,0.22314218500690558,0.4486576337704432,0.4496069675652146,False
llama2_7b_random,us_place,last,ridge,20,0.2211989196517541,0.44736957070419847,0.45044577009698494,False
llama2_7b_random,us_place,last,ridge,21,0.22082392170878995,0.4484696338498495,0.45028744150940936,False
llama2_7b_random,us_place,last,ridge,22,0.22059170886370955,0.4479196921378191,0.4501599396779743,False
llama2_7b_random,us_place,last,ridge,23,0.22045213798284247,0.4452380117535769,0.4486923486452672,False
llama2_7b_random,us_place,last,ridge,24,0.21653987440873296,0.442207039354781,0.4490205240894727,False
llama2_7b_random,us_place,last,ridge,25,0.2133645528267607,0.4408674494447653,0.44922979671625046,False
llama2_7b_random,us_place,last,ridge,26,0.21713619401059608,0.44227700962686445,0.4496000304099043,False
llama2_7b_random,us_place,last,ridge,27,0.21451539225288185,0.4414467446655938,0.4493442095522248,False
llama2_7b_random,us_place,last,ridge,28,0.20988544125217984,0.4375163221009798,0.45049291752488285,False
llama2_7b_random,us_place,last,ridge,29,0.21252464995120957,0.44008580661145436,0.4494872881371151,False
llama2_7b_random,us_place,last,ridge,30,0.21256779338455262,0.44038044729766646,0.4487873286765678,False
llama2_7b_random,us_place,last,ridge,31,0.21491875828717555,0.442599518547689,0.44913861325541427,False
llama2_7b_random,us_place,last,ridge,32,0.2968826759098004,0.47205207446939157,0.36365545134420096,True
llama2_7b_random,historical_figure,last,ridge,1,0.28097394701757417,0.5127390493097138,0.39326705402847595,True
llama2_7b_random,historical_figure,last,ridge,2,0.2566694688027742,0.4865391673854702,0.401044205388009,False
llama2_7b_random,historical_figure,last,ridge,3,0.23178394543307146,0.4604691288495915,0.4009519992226577,False
llama2_7b_random,historical_figure,last,ridge,4,0.2198148135103868,0.45562209401425335,0.39728340091923775,False
llama2_7b_random,historical_figure,last,ridge,5,0.1994192818746997,0.44092786006137497,0.39078964261110716,False
llama2_7b_random,historical_figure,last,ridge,6,0.1895504204730526,0.4327451324827696,0.3850766491466494,False
llama2_7b_random,historical_figure,last,ridge,7,0.18005978499351727,0.4243180945382394,0.3817754775118676,False
llama2_7b_random,historical_figure,last,ridge,8,0.18028854189525612,0.4261429641743254,0.37977998240248934,False
llama2_7b_random,historical_figure,last,ridge,9,0.17152430309754996,0.41664753098759444,0.3748692405692875,False
llama2_7b_random,historical_figure,last,ridge,10,0.1692115622097926,0.4110144564771565,0.3694580530930768,False
llama2_7b_random,historical_figure,last,ridge,11,0.16097945596620722,0.4018268573023865,0.36602294921988976,False
llama2_7b_random,historical_figure,last,ridge,12,0.15568693115821375,0.3994396596405608,0.36643747511519487,False
llama2_7b_random,historical_figure,last,ridge,13,0.14767971154551018,0.39363550518608903,0.3628100602472303,False
llama2_7b_random,historical_figure,last,ridge,14,0.1430793634152514,0.38276975938943075,0.36060301523441174,False
llama2_7b_random,historical_figure,last,ridge,15,0.1412429717681769,0.380821420735298,0.35654170400272545,False
llama2_7b_random,historical_figure,last,ridge,16,0.13680929655320806,0.3759255955749785,0.3531225689826899,False
llama2_7b_random,historical_figure,last,ridge,17,0.13594940168817382,0.3770645574801922,0.35203951778634457,False
llama2_7b_random,historical_figure,last,ridge,18,0.14076740561641476,0.38380140928412926,0.35108117872277855,False
llama2_7b_random,historical_figure,last,ridge,19,0.14467192361400183,0.3880685215943795,0.3496401243370333,False
llama2_7b_random,historical_figure,last,ridge,20,0.13913970460658254,0.38359450967498365,0.3488931815190951,False
llama2_7b_random,historical_figure,last,ridge,21,0.1353968595196834,0.38180364580008186,0.3477822596862227,False
llama2_7b_random,historical_figure,last,ridge,22,0.1310310610987564,0.37925962061642254,0.3464573304792786,False
llama2_7b_random,historical_figure,last,ridge,23,0.12596997769912222,0.37399863482174395,0.34636287451618386,False
llama2_7b_random,historical_figure,last,ridge,24,0.1251112374942166,0.3731260419912779,0.34498386808184434,False
llama2_7b_random,historical_figure,last,ridge,25,0.12420161343980018,0.3708128068870656,0.3424539518821025,False
llama2_7b_random,historical_figure,last,ridge,26,0.12384415587356212,0.3703019118594849,0.3403597678655482,False
llama2_7b_random,historical_figure,last,ridge,27,0.12501710403515487,0.3700519476577481,0.33897790543746087,False
llama2_7b_random,historical_figure,last,ridge,28,0.12163133113324454,0.36601964446012475,0.33859204730958115,False
llama2_7b_random,historical_figure,last,ridge,29,0.1138051049376454,0.3606390907887756,0.33803854494439833,False
llama2_7b_random,historical_figure,last,ridge,30,0.1118741393207312,0.35882941166258936,0.33717170781571004,False
llama2_7b_random,historical_figure,last,ridge,31,0.11176719634743093,0.35881545749943644,0.3367565378583077,False
llama2_7b_random,historical_figure,last,ridge,32,0.16485830611807006,0.3859889438288126,0.26438452398405543,False
llama2_7b_random,nyc_place,last,ridge,1,0.0698395008587448,0.24570801952130977,0.26672637217647144,True
llama2_7b_random,nyc_place,last,ridge,2,0.05039179383771669,0.2500372286790635,0.3205482965201943,False
llama2_7b_random,nyc_place,last,ridge,3,0.021735426841290817,0.24636692183866427,0.3455480896844375,False
llama2_7b_random,nyc_place,last,ridge,4,-0.001847445183061569,0.23101285377618166,0.3552572362809637,False
llama2_7b_random,nyc_place,last,ridge,5,-0.024388076762723143,0.22326762776547376,0.3622558370256412,False
llama2_7b_random,nyc_place,last,ridge,6,-0.03676828997814463,0.2159900855375268,0.36327127321510555,False
llama2_7b_random,nyc_place,last,ridge,7,-0.07190582831856562,0.193080561458297,0.36795957040606597,False
llama2_7b_random,nyc_place,last,ridge,8,-0.0761650244493598,0.19608967461511786,0.3699683287235208,False
llama2_7b_random,nyc_place,last,ridge,9,-0.07826930402978782,0.20000347952050807,0.36904095548838495,False
llama2_7b_random,nyc_place,last,ridge,10,-0.0908436744249872,0.19379508550428698,0.37019366911582463,False
llama2_7b_random,nyc_place,last,ridge,11,-0.10608928986465327,0.18276215958284178,0.36996719744480244,False
llama2_7b_random,nyc_place,last,ridge,12,-0.11749323011847157,0.17817928649642967,0.36878219645871524,False
llama2_7b_random,nyc_place,last,ridge,13,-0.1312927243528107,0.16804127061953145,0.36761763686555743,False
llama2_7b_random,nyc_place,last,ridge,14,-0.13621964731419822,0.16822629324999336,0.3689871520810654,False
llama2_7b_random,nyc_place,last,ridge,15,-0.14401897765002558,0.16166078877736323,0.3691750986855232,False
llama2_7b_random,nyc_place,last,ridge,16,-0.14179260295588614,0.16648530078848117,0.36949883088934365,False
llama2_7b_random,nyc_place,last,ridge,17,-0.1472298642414197,0.16412511565413715,0.36996921829771046,False
llama2_7b_random,nyc_place,last,ridge,18,-0.1618638224292307,0.1599210225244168,0.3694961797220587,False
llama2_7b_random,nyc_place,last,ridge,19,-0.16846173934025543,0.15675918733163066,0.37097443712205286,False
llama2_7b_random,nyc_place,last,ridge,20,-0.1756432452565173,0.15121512183833768,0.37241174693349505,False
llama2_7b_random,nyc_place,last,ridge,21,-0.17586788665891884,0.1505075069183358,0.37226261542164724,False
llama2_7b_random,nyc_place,last,ridge,22,-0.17797528202374502,0.1518046840130602,0.3696796125423192,False
llama2_7b_random,nyc_place,last,ridge,23,-0.1938323638089956,0.14238307865654365,0.3691083462339218,False
llama2_7b_random,nyc_place,last,ridge,24,-0.19726222280280326,0.14114887626090747,0.3697525747694666,False
llama2_7b_random,nyc_place,last,ridge,25,-0.2030558278405592,0.13756305907098454,0.36952976970384144,False
llama2_7b_random,nyc_place,last,ridge,26,-0.20373089616022544,0.1411003765149775,0.3710888007881296,False
llama2_7b_random,nyc_place,last,ridge,27,-0.2053233786543397,0.14151186345934588,0.3710317588179685,False
llama2_7b_random,nyc_place,last,ridge,28,-0.20349749139255124,0.1400021900763832,0.3688962383624166,False
llama2_7b_random,nyc_place,last,ridge,29,-0.2161660158796027,0.13426986623490883,0.3702605691950629,False
llama2_7b_random,nyc_place,last,ridge,30,-0.21911008141243715,0.13602614989995415,0.36986646121172545,False
llama2_7b_random,nyc_place,last,ridge,31,-0.22396461959752545,0.13117441295318172,0.3687395130090692,False
llama2_7b_random,nyc_place,last,ridge,32,0.036921957146367146,0.18485069176152885,0.20673694249575936,False
llama2_7b_random,world_place,last,ridge,1,0.29171616497796965,0.4940998442029467,0.3890981242748364,False
llama2_7b_random,world_place,last,ridge,2,0.29817937662511707,0.48084281296872533,0.42534289608740916,True
llama2_7b_random,world_place,last,ridge,3,0.29217434517670016,0.4734127181332711,0.43242141159601055,False
llama2_7b_random,world_place,last,ridge,4,0.28115043203482365,0.46039319779756727,0.43319693977861023,False
llama2_7b_random,world_place,last,ridge,5,0.2725672268343942,0.4557503084778165,0.42839491080139985,False
llama2_7b_random,world_place,last,ridge,6,0.2640279203856207,0.44655758354917396,0.42433973232001154,False
llama2_7b_random,world_place,last,ridge,7,0.26639849003726995,0.44703287486114485,0.42273428754569875,False
llama2_7b_random,world_place,last,ridge,8,0.2563888774645118,0.4375798091566052,0.4204284098693067,False
llama2_7b_random,world_place,last,ridge,9,0.2537406983324393,0.43784942363371776,0.41811937653882747,False
llama2_7b_random,world_place,last,ridge,10,0.24731783327322,0.43044497108157925,0.41543306029728355,False
llama2_7b_random,world_place,last,ridge,11,0.24221102642482945,0.4233086280999109,0.4140574931877993,False
llama2_7b_random,world_place,last,ridge,12,0.2421600941391776,0.4211474779745509,0.41250328204995707,False
llama2_7b_random,world_place,last,ridge,13,0.24076774844633653,0.42204194236475945,0.41019815600689624,False
llama2_7b_random,world_place,last,ridge,14,0.2379963444264444,0.41964407844566765,0.4097297233200229,False
llama2_7b_random,world_place,last,ridge,15,0.23428791904846746,0.41337462616663284,0.408177963749287,False
llama2_7b_random,world_place,last,ridge,16,0.2328624007205763,0.41136550183430604,0.4066128165143607,False
llama2_7b_random,world_place,last,ridge,17,0.23098160905015735,0.4079412818794591,0.4045211429059637,False
llama2_7b_random,world_place,last,ridge,18,0.22889231302931512,0.40561332848777476,0.4032858120873089,False
llama2_7b_random,world_place,last,ridge,19,0.22619177849865285,0.4039894833418907,0.40248562655015274,False
llama2_7b_random,world_place,last,ridge,20,0.2237122605784938,0.4005337415303166,0.4022158111786737,False
llama2_7b_random,world_place,last,ridge,21,0.22070843133835438,0.39819383993245666,0.4016044203073756,False
llama2_7b_random,world_place,last,ridge,22,0.2175559427882524,0.3958165827244559,0.4020949890100198,False
llama2_7b_random,world_place,last,ridge,23,0.21627590775030175,0.39518216151367774,0.4020040344967831,False
llama2_7b_random,world_place,last,ridge,24,0.2136403150946804,0.39182551153343087,0.40126105085069336,False
llama2_7b_random,world_place,last,ridge,25,0.20972424437449744,0.38842166434936337,0.40029063420064187,False
llama2_7b_random,world_place,last,ridge,26,0.21008950809981958,0.3875955342420522,0.4001080195066088,False
llama2_7b_random,world_place,last,ridge,27,0.20945899535630402,0.3891297194675013,0.3991439434965546,False
llama2_7b_random,world_place,last,ridge,28,0.20465381040268982,0.3847348006365938,0.3981918260893679,False
llama2_7b_random,world_place,last,ridge,29,0.20452694337202665,0.38548140451595864,0.3965020986835303,False
llama2_7b_random,world_place,last,ridge,30,0.20227738895611475,0.38223328906678167,0.39516617003302423,False
llama2_7b_random,world_place,last,ridge,31,0.20231084729530086,0.38231629739231826,0.3946912278540139,False
llama2_7b_random,world_place,last,ridge,32,0.2534749533577756,0.387492206695908,0.33735728592292846,False
llama2_7b,headline,last,ridge,1,0.39911176490855593,0.6422278931573089,0.44371692276746977,False
llama2_7b,headline,last,ridge,2,0.41969347880291663,0.6575414692871748,0.5040175666504727,False
llama2_7b,headline,last,ridge,3,0.4417646071039143,0.6748319726983403,0.5352081171083077,False
llama2_7b,headline,last,ridge,4,0.4646277266431923,0.6904208752944394,0.548803872685862,False
llama2_7b,headline,last,ridge,5,0.4864926621447372,0.708337561298206,0.5506155529539192,False
llama2_7b,headline,last,ridge,6,0.5039124575392373,0.719127236841186,0.5840621233685599,False
llama2_7b,headline,last,ridge,7,0.5091028559928379,0.7224617646118257,0.598984018554517,False
llama2_7b,headline,last,ridge,8,0.5185434609327515,0.7312168934758965,0.5812926187378409,False
llama2_7b,headline,last,ridge,9,0.5370596454633509,0.7437047127768343,0.6027375580801989,False
llama2_7b,headline,last,ridge,10,0.5439517117530451,0.7481795772829456,0.6143509920469712,False
llama2_7b,headline,last,ridge,11,0.5479803115899484,0.7507157945598664,0.6205270094715185,False
llama2_7b,headline,last,ridge,12,0.5595633774427204,0.7582828626170847,0.6321245842711927,False
llama2_7b,headline,last,ridge,13,0.5616045379900789,0.7595278758046856,0.639110836170208,False
llama2_7b,headline,last,ridge,14,0.5631276308813966,0.7611728475449695,0.6458539764586675,False
llama2_7b,headline,last,ridge,15,0.5671627309076777,0.7642384287361549,0.6188376974389764,False
llama2_7b,headline,last,ridge,16,0.569485126206773,0.7654502330759547,0.6246187809887791,False
llama2_7b,headline,last,ridge,17,0.5693908478711497,0.7652582963725175,0.6286721964414277,False
llama2_7b,headline,last,ridge,18,0.5718901683562532,0.7662649454100756,0.6340000761006013,False
llama2_7b,headline,last,ridge,19,0.5762346676927701,0.768939295646044,0.6412361296957623,False
llama2_7b,headline,last,ridge,20,0.5747946100307326,0.7675983709449257,0.6458026650609412,False
llama2_7b,headline,last,ridge,21,0.578760536979475,0.7700024207564067,0.6526008451722765,False
llama2_7b,headline,last,ridge,22,0.5870069952899472,0.7741542606925469,0.6611228392872379,False
llama2_7b,headline,last,ridge,23,0.586757280288742,0.7755320918153354,0.6364250117214578,False
llama2_7b,headline,last,ridge,24,0.5848307013540401,0.7747156140956285,0.6391610712889824,False
llama2_7b,headline,last,ridge,25,0.5870971812234997,0.775542412499874,0.646217978423241,False
llama2_7b,headline,last,ridge,26,0.5861484004943216,0.7748411186373747,0.6500026927241727,False
llama2_7b,headline,last,ridge,27,0.5867948363605695,0.7742464780128592,0.6580423309127873,False
llama2_7b,headline,last,ridge,28,0.5836776529540246,0.7723534181697483,0.6608414911530196,False
llama2_7b,headline,last,ridge,29,0.5861606333896402,0.7745412195339654,0.6380222707409946,False
llama2_7b,headline,last,ridge,30,0.5873149248619887,0.7745372979019578,0.6421137084215984,False
llama2_7b,headline,last,ridge,31,0.591881913895861,0.7772486576133046,0.6511065266284624,True
llama2_7b,headline,last,ridge,32,0.5912608473105143,0.7764253829713885,0.6442213146182973,False
llama2_7b,art,last,ridge,1,0.10389397746157092,0.31568637053565013,0.23702063676552299,False
llama2_7b,art,last,ridge,2,-6.091258722745928,0.34950527130853565,0.2836510500447643,False
llama2_7b,art,last,ridge,3,-10.370875216698277,0.3601990460976323,0.2938278742061625,False
llama2_7b,art,last,ridge,4,-6.23388185460368,0.39606021011071757,0.2942731976149451,False
llama2_7b,art,last,ridge,5,-10.881795045795728,0.5165842653820326,0.41598859826885315,False
llama2_7b,art,last,ridge,6,0.37536619269573124,0.6342754336572988,0.5494048816234511,False
llama2_7b,art,last,ridge,7,-2.648456514417592,0.7061974140038064,0.642672081016776,False
llama2_7b,art,last,ridge,8,-1.9864126828519204,0.7388742920141116,0.653726585997809,False
llama2_7b,art,last,ridge,9,0.26409725475522305,0.7932677128195883,0.735043476199921,False
llama2_7b,art,last,ridge,10,0.24273703497993016,0.8071649957708289,0.757062277340833,False
llama2_7b,art,last,ridge,11,-0.005505782835918849,0.8273690197302224,0.7875497535423732,False
llama2_7b,art,last,ridge,12,0.3009307139622134,0.8316659736266642,0.7996964846246272,False
llama2_7b,art,last,ridge,13,0.5779636615271927,0.8315436415404087,0.8007242807127247,False
llama2_7b,art,last,ridge,14,0.6044292143878403,0.8327601868808017,0.8036141551667731,False
llama2_7b,art,last,ridge,15,0.6510907669293817,0.8298196427109774,0.8046883639822902,False
llama2_7b,art,last,ridge,16,0.7586855026083968,0.8380354900044675,0.7955847174249298,False
llama2_7b,art,last,ridge,17,0.7223710835208965,0.8411488289383895,0.8118867275861821,False
llama2_7b,art,last,ridge,18,0.7640178737385384,0.8382830601799892,0.8155087471079607,False
llama2_7b,art,last,ridge,19,0.750038523995496,0.8382485962602219,0.8185096185650642,False
llama2_7b,art,last,ridge,20,0.7623450632615001,0.8427775936533585,0.8054333973076709,False
llama2_7b,art,last,ridge,21,0.7697973170293628,0.8433010621797643,0.810014123463572,True
llama2_7b,art,last,ridge,22,0.7686005039255607,0.8422608277178417,0.8120226244608205,False
llama2_7b,art,last,ridge,23,0.7663195187265324,0.8405404950814972,0.8136568756707895,False
llama2_7b,art,last,ridge,24,0.7653749335812305,0.8397944113693059,0.8143472444606953,False
llama2_7b,art,last,ridge,25,0.7651115999821075,0.8408629174410002,0.7980168724435968,False
llama2_7b,art,last,ridge,26,0.7635646621339632,0.8409706172257453,0.7992670840525897,False
llama2_7b,art,last,ridge,27,0.7642881486415753,0.8412703459486016,0.801729807434343,False
llama2_7b,art,last,ridge,28,0.7584113699514016,0.8399722898557617,0.8032894367988391,False
llama2_7b,art,last,ridge,29,0.7619775148639163,0.8390122325972965,0.8050423173889248,False
llama2_7b,art,last,ridge,30,0.7549700030726477,0.8378944247268111,0.8064430062192758,False
llama2_7b,art,last,ridge,31,0.7606499143901837,0.8362054551470816,0.8087594449393405,False
llama2_7b,art,last,ridge,32,0.7648208743892609,0.8378751728487174,0.8008222096658992,False
llama2_7b,us_place,last,ridge,1,0.1375566430100445,0.35193549339633157,0.24666081616201113,False
llama2_7b,us_place,last,ridge,2,0.21726310080950406,0.45461065409675216,0.35698370585596517,False
llama2_7b,us_place,last,ridge,3,0.32605555431763744,0.560688891562296,0.4231546011460688,False
llama2_7b,us_place,last,ridge,4,0.47967835506137946,0.6790784388669523,0.5959849855104038,False
llama2_7b,us_place,last,ridge,5,0.5827025556505425,0.7552485203907504,0.6516299419404781,False
llama2_7b,us_place,last,ridge,6,0.6895601850066929,0.8218747343098379,0.7528479057480708,False
llama2_7b,us_place,last,ridge,7,0.7021033759194755,0.8310052298170887,0.7367185067620118,False
llama2_7b,us_place,last,ridge,8,0.7117049258378432,0.8336531819277364,0.7520413379413304,False
llama2_7b,us_place,last,ridge,9,0.7360573586320622,0.8483591954780704,0.7744389722592424,False
llama2_7b,us_place,last,ridge,10,0.7498624365394614,0.8546994882062714,0.7908845404989677,False
llama2_7b,us_place,last,ridge,11,0.752814839771462,0.855357000454166,0.796051438769553,False
llama2_7b,us_place,last,ridge,12,0.757505863358011,0.8592597194455367,0.7987486960601766,False
llama2_7b,us_place,last,ridge,13,0.756263846277216,0.8588654567188392,0.799257235760465,False
llama2_7b,us_place,last,ridge,14,0.7617871376787357,0.8622977575141295,0.8047794949736197,False
llama2_7b,us_place,last,ridge,15,0.7788544146719921,0.8705912156481652,0.8223809007975336,False
llama2_7b,us_place,last,ridge,16,0.7803665968909228,0.8709020877400865,0.832095199440325,False
llama2_7b,us_place,last,ridge,17,0.7814457848285825,0.8739036078560426,0.8158234596414902,False
llama2_7b,us_place,last,ridge,18,0.7821646875077517,0.8736508500171845,0.8228827623074042,False
llama2_7b,us_place,last,ridge,19,0.7824149864316896,0.8731130840462638,0.8313289182667202,False
llama2_7b,us_place,last,ridge,20,0.7840447251434439,0.8738610607992304,0.8394041894094151,False
llama2_7b,us_place,last,ridge,21,0.7861088430290317,0.8764467688302711,0.8211113593891237,False
llama2_7b,us_place,last,ridge,22,0.7882159107334981,0.877317618881843,0.8273887910425961,True
llama2_7b,us_place,last,ridge,23,0.7881994634716893,0.8769507644469767,0.8304007864243248,False
llama2_7b,us_place,last,ridge,24,0.7874200204963641,0.8754561617974213,0.8332721251017838,False
llama2_7b,us_place,last,ridge,25,0.7875165280474901,0.8749640194894976,0.835681089984414,False
llama2_7b,us_place,last,ridge,26,0.7864083113852042,0.8738429467369859,0.8374589542070451,False
llama2_7b,us_place,last,ridge,27,0.784739717742913,0.8725214131679995,0.8398005649517369,False
llama2_7b,us_place,last,ridge,28,0.7833345401386846,0.8742235694919018,0.8144904442716557,False
llama2_7b,us_place,last,ridge,29,0.7840556158344192,0.8738830996496953,0.8169438197856281,False
llama2_7b,us_place,last,ridge,30,0.7837526859771735,0.8728244249071389,0.8195207075070479,False
llama2_7b,us_place,last,ridge,31,0.7817498652723675,0.8708704391589477,0.8219040545397076,False
llama2_7b,us_place,last,ridge,32,0.7768662422736997,0.8666282168795483,0.8342480166757524,False
llama2_7b,historical_figure,last,ridge,1,0.48828201697024787,0.6939545680127693,0.5771289586700884,False
llama2_7b,historical_figure,last,ridge,2,0.5315592661058086,0.7159273924297839,0.6306579252132363,False
llama2_7b,historical_figure,last,ridge,3,0.5455391275479032,0.7313376253605358,0.6251736584343393,False
llama2_7b,historical_figure,last,ridge,4,0.5890837996140371,0.7712396401765769,0.6481810597340782,False
llama2_7b,historical_figure,last,ridge,5,0.6578282075205889,0.8065157597066949,0.7095007833924243,False
llama2_7b,historical_figure,last,ridge,6,0.6920697028468559,0.8296856568778955,0.7459113128154421,False
llama2_7b,historical_figure,last,ridge,7,0.7207920416270657,0.8473741356596318,0.7717921847237629,False
llama2_7b,historical_figure,last,ridge,8,0.7302332037590623,0.8584190833189888,0.7672389436767874,False
llama2_7b,historical_figure,last,ridge,9,0.7504546117478427,0.8665528555052198,0.7850091737501895,False
llama2_7b,historical_figure,last,ridge,10,0.7559226327838473,0.8717745233790587,0.7928016468067526,False
llama2_7b,historical_figure,last,ridge,11,0.7587594163212582,0.8743309674078491,0.7975332936741987,False
llama2_7b,historical_figure,last,ridge,12,0.7627090402253813,0.876404845878095,0.8026885802654897,False
llama2_7b,historical_figure,last,ridge,13,0.7632332005433387,0.8771473618590201,0.8039631244088813,False
llama2_7b,historical_figure,last,ridge,14,0.7635555619233199,0.8775912280331377,0.8053682344692858,False
llama2_7b,historical_figure,last,ridge,15,0.769165130005463,0.8807335686555539,0.8104168479523991,False
llama2_7b,historical_figure,last,ridge,16,0.7682906267565726,0.8810835737416405,0.8008955760177991,False
llama2_7b,historical_figure,last,ridge,17,0.7756815296066177,0.8834690752412747,0.8090598065098644,False
llama2_7b,historical_figure,last,ridge,18,0.7746139620968308,0.8817370781586399,0.8115622190043532,False
llama2_7b,historical_figure,last,ridge,19,0.7761610101683245,0.8814642251140432,0.8147840510064905,False
llama2_7b,historical_figure,last,ridge,20,0.7835433649179799,0.8853250193528417,0.8230180648164998,True
llama2_7b,historical_figure,last,ridge,21,0.7806893351396884,0.8852172703196067,0.8121075892415194,False
llama2_7b,historical_figure,last,ridge,22,0.7789139742265287,0.8837075778493301,0.8169031735127306,False
llama2_7b,historical_figure,last,ridge,23,0.7794327632473517,0.8842256364644691,0.8191373943900615,False
llama2_7b,historical_figure,last,ridge,24,0.7781492420843275,0.882663406880255,0.8210052758463955,False
llama2_7b,historical_figure,last,ridge,25,0.7776019759501296,0.8817066709064868,0.8219819800655954,False
llama2_7b,historical_figure,last,ridge,26,0.7753845116229827,0.8802010090076821,0.8227734716582775,False
llama2_7b,historical_figure,last,ridge,27,0.7737431951239269,0.8809191824657328,0.8069345883603926,False
llama2_7b,historical_figure,last,ridge,28,0.7730609073118463,0.8806579857298139,0.8085098317969139,False
llama2_7b,historical_figure,last,ridge,29,0.7727685811311427,0.8800159528316136,0.8102642491536299,False
llama2_7b,historical_figure,last,ridge,30,0.7722058509261567,0.8794286316017992,0.8107950664400791,False
llama2_7b,historical_figure,last,ridge,31,0.7691873721262648,0.8769202933900783,0.8116064890565162,False
llama2_7b,historical_figure,last,ridge,32,0.7642771720220655,0.8738360502424861,0.801806903517818,False
llama2_7b,nyc_place,last,ridge,1,0.07480353157398134,0.29736624490238617,0.2580446093058186,False
llama2_7b,nyc_place,last,ridge,2,0.09312592511317186,0.30052031523165246,0.26141149264317526,False
llama2_7b,nyc_place,last,ridge,3,0.09195879248276073,0.28054663493213317,0.22433019349694083,False
llama2_7b,nyc_place,last,ridge,4,0.09373746469044236,0.29534725036095516,0.2813817285196809,False
llama2_7b,nyc_place,last,ridge,5,0.1052530007399568,0.2975525456815108,0.25938946997879736,False
llama2_7b,nyc_place,last,ridge,6,0.12974423024684745,0.34268227916960314,0.32239261749966297,False
llama2_7b,nyc_place,last,ridge,7,0.10994902359762487,0.32605416994417763,0.3473916481387894,False
llama2_7b,nyc_place,last,ridge,8,0.10282504492087924,0.32489914165541645,0.3585411571169516,False
llama2_7b,nyc_place,last,ridge,9,0.09967625245643258,0.3311379387431144,0.37609975700714343,False
llama2_7b,nyc_place,last,ridge,10,0.12746533463366122,0.3536329069163039,0.3070488347416028,False
llama2_7b,nyc_place,last,ridge,11,0.12790959104432953,0.35334907183912767,0.3269708472298809,False
llama2_7b,nyc_place,last,ridge,12,0.13289789285705295,0.35740151095865946,0.33549753480474587,False
llama2_7b,nyc_place,last,ridge,13,0.13014770834198264,0.353526268831331,0.34192787365951793,False
llama2_7b,nyc_place,last,ridge,14,0.12338061305096765,0.34998422214504266,0.34421575753254496,False
llama2_7b,nyc_place,last,ridge,15,0.1570813296213609,0.3964583648914792,0.37772799766702114,False
llama2_7b,nyc_place,last,ridge,16,0.1552875351969294,0.3895195793171843,0.3818760439499664,False
llama2_7b,nyc_place,last,ridge,17,0.17106233355864947,0.41518008586250255,0.41327607029905805,False
llama2_7b,nyc_place,last,ridge,18,0.19545485167645654,0.42800816876524855,0.36134512546812175,False
llama2_7b,nyc_place,last,ridge,19,0.1919993492059745,0.42335454075608125,0.37909884827496626,False
llama2_7b,nyc_place,last,ridge,20,0.19429524460394332,0.4315526013030808,0.4022825463443002,False
llama2_7b,nyc_place,last,ridge,21,0.20725248777840316,0.4425800273786415,0.4299642288836094,False
llama2_7b,nyc_place,last,ridge,22,0.21768953246451628,0.45626239406639324,0.45515983682496314,False
llama2_7b,nyc_place,last,ridge,23,0.23528694147366636,0.4655929825765361,0.3995340997763301,False
llama2_7b,nyc_place,last,ridge,24,0.23213330443219937,0.4603596522796284,0.40994751396968143,False
llama2_7b,nyc_place,last,ridge,25,0.23853871128358595,0.4694595202348384,0.4286153287150243,False
llama2_7b,nyc_place,last,ridge,26,0.24149517730413178,0.4708025430656172,0.43708726608659915,False
llama2_7b,nyc_place,last,ridge,27,0.24714566418416667,0.47819086548976586,0.44647570239511636,False
llama2_7b,nyc_place,last,ridge,28,0.24662929793112637,0.48258671797199076,0.45111747668819346,False
llama2_7b,nyc_place,last,ridge,29,0.24944075016484712,0.48217924377630283,0.39022136761834025,True
llama2_7b,nyc_place,last,ridge,30,0.24778235415984606,0.4793930950666392,0.4008512154631734,False
llama2_7b,nyc_place,last,ridge,31,0.24223000316392745,0.4736237791652602,0.40982700997596344,False
llama2_7b,nyc_place,last,ridge,32,0.23284193035622613,0.46966893714239544,0.427811644573754,False
llama2_7b,world_place,last,ridge,1,0.32674093178320535,0.5859440891098091,0.4439934540286512,False
llama2_7b,world_place,last,ridge,2,0.42572416455815465,0.6470422740344801,0.5378949620383393,False
llama2_7b,world_place,last,ridge,3,0.4188694157798968,0.6402765295802599,0.5209412116150012,False
llama2_7b,world_place,last,ridge,4,0.5024316278301031,0.6999801527839833,0.601232710780937,False
llama2_7b,world_place,last,ridge,5,0.5756910655517149,0.7500968528438579,0.6537481029070273,False
llama2_7b,world_place,last,ridge,6,0.6805056034326845,0.8189871660686846,0.7456610136631963,False
llama2_7b,world_place,last,ridge,7,0.70568591507586,0.8290256731018439,0.7695890717429557,False
llama2_7b,world_place,last,ridge,8,0.7203296603523393,0.8368070246435719,0.7851899924275174,False
llama2_7b,world_place,last,ridge,9,0.7311314672422768,0.8417159026670452,0.7947404825632431,False
llama2_7b,world_place,last,ridge,10,0.7523025693627419,0.8614532883191377,0.801854589229477,False
llama2_7b,world_place,last,ridge,11,0.7923121923317071,0.8792213737206445,0.8371138239902559,False
llama2_7b,world_place,last,ridge,12,0.8006484761662311,0.8853310838501209,0.8461258855513782,False
llama2_7b,world_place,last,ridge,13,0.8109688352108546,0.8898182021643417,0.855056137053922,False
llama2_7b,world_place,last,ridge,14,0.8091488509571872,0.8893673140731039,0.854268403872153,False
llama2_7b,world_place,last,ridge,15,0.8204249576552864,0.8950310279369106,0.865286927586473,False
llama2_7b,world_place,last,ridge,16,0.8209399264968609,0.8951833643548204,0.8694894642445292,False
llama2_7b,world_place,last,ridge,17,0.8334492949663463,0.9069000405089294,0.8711642705562272,False
llama2_7b,world_place,last,ridge,18,0.843402665703689,0.9123170158777147,0.8821727275143536,False
llama2_7b,world_place,last,ridge,19,0.8520395828550584,0.9170204718282875,0.8909790914799918,False
llama2_7b,world_place,last,ridge,20,0.8529988530650767,0.9172881996357249,0.8934921444215522,False
llama2_7b,world_place,last,ridge,21,0.8578841679016002,0.9227560161655138,0.8909169849834031,False
llama2_7b,world_place,last,ridge,22,0.8592081361837942,0.9225616467468744,0.8937434494060261,True
llama2_7b,world_place,last,ridge,23,0.8590477356487966,0.9221632398202788,0.8951552599671877,False
llama2_7b,world_place,last,ridge,24,0.8577786221745856,0.9208125174309685,0.8956991520669395,False
llama2_7b,world_place,last,ridge,25,0.8564581111061429,0.9189938787185683,0.8955953708585489,False
llama2_7b,world_place,last,ridge,26,0.855238877897779,0.9174423782638719,0.8954237971521244,False
llama2_7b,world_place,last,ridge,27,0.8526840273493799,0.914837631044028,0.8949905518208016,False
llama2_7b,world_place,last,ridge,28,0.8508451376610431,0.9167158304911914,0.8855429138670667,False
llama2_7b,world_place,last,ridge,29,0.8498572499236492,0.9154355633695197,0.8856148673582208,False
llama2_7b,world_place,last,ridge,30,0.8481104458167135,0.9134831965578739,0.8851943456829432,False
llama2_7b,world_place,last,ridge,31,0.8470461191917806,0.9119077817580452,0.8843651889415901,False
llama2_7b,world_place,last,ridge,32,0.8457886114799971,0.9120550778645411,0.8798149954480029,False
