fragment_id,year_true,ruler,period,provenance,domain,sub_genre,pred_tfidf,pred_thalesian_cunei400m,pred_qwen3_32b,ndraws_tfidf,ndraws_thalesian_cunei400m,ndraws_qwen3_32b
Q003230,672.0,Esarhaddon,Neo-Assyrian,Kuyunjik (Nineveh),ORCC,prism,685.7269753479617,695.4269750240811,721.0082453575889,24,24,24
Q003231,676.0,Esarhaddon,Neo-Assyrian,Kuyunjik (Nineveh),ORCC,prism,687.9959794676698,712.2467651674745,743.3041272168484,23,23,23
Q003232,669.0,Esarhaddon,Neo-Assyrian,Kuyunjik (Nineveh),ORCC,prism,644.7716094390004,647.8061596155727,656.4390370301005,19,19,19
Q003233,669.0,Esarhaddon,Neo-Assyrian,Kuyunjik (Nineveh),ORCC,prism,657.5917440663973,697.2240421288457,670.1515319208271,27,27,27
Q003234,670.0,Esarhaddon,Neo-Assyrian,Kuyunjik (Nineveh),ORCC,prism,645.2507420359979,617.8862581297649,640.2327726074041,25,25,25
Q003235,670.0,Esarhaddon,Neo-Assyrian,Kuyunjik (Nineveh),ORCC,prism,646.1289493974112,635.6484102377958,678.3590562892343,29,29,29
Q003236,670.0,Esarhaddon,Neo-Assyrian,Kuyunjik (Nineveh),ORCC,prism,649.6863259781148,693.9912201901097,685.9264375047957,18,18,18
Q003237,670.0,Esarhaddon,Neo-Assyrian,Kuyunjik (Nineveh),ORCC,prism,660.134410165236,694.3612193389743,659.3242444634266,19,19,19
Q003238,670.0,Esarhaddon,Neo-Assyrian,Kuyunjik (Nineveh),ORCC,prism,652.2439005401208,685.7920120706849,632.2837666300546,34,34,34
Q003239,677.0,Esarhaddon,Neo-Assyrian,Kuyunjik (Nineveh),ORCC,cylinder,622.9482180710773,616.8190310369183,669.1523146889531,17,17,17
Q003240,669.0,Esarhaddon,Neo-Assyrian,Kuyunjik (Nineveh),ORCC,cylinder,639.2809824130057,642.1592094073076,717.1080978088526,24,24,24
Q003241,669.0,Esarhaddon,Neo-Assyrian,Kuyunjik (Nineveh),ORCC,cylinder,650.0362712801029,639.8092782500408,705.236651721887,31,31,31
Q003242,681.0,Esarhaddon,Neo-Assyrian,Kuyunjik (Nineveh),ORCC,cylinder,657.3568873831583,668.9049448013443,730.297816201894,18,18,18
Q003243,681.0,Esarhaddon,Neo-Assyrian,Kuyunjik (Nineveh),ORCC,cylinder,663.9130099414904,626.6143885043327,653.4414182606033,19,19,19
Q003244,670.0,Esarhaddon,Neo-Assyrian,Kuyunjik (Nineveh),ORCC,cylinder,667.9299542965838,672.4857410374842,689.5403234647308,16,16,16
Q003245,670.0,Esarhaddon,Neo-Assyrian,Kuyunjik (Nineveh),ORCC,cylinder,664.8874205032215,701.3110271501004,713.5611848018733,31,31,31
Q003246,669.0,Esarhaddon,Neo-Assyrian,Kuyunjik (Nineveh),ORCC,cylinder,673.9142320195781,667.4662092535852,689.5077892684277,28,28,28
Q003247,669.0,Esarhaddon,Neo-Assyrian,Kuyunjik (Nineveh),ORCC,cylinder,653.2209976589698,641.5889313567553,697.8972742784426,18,18,18
Q003248,669.0,Esarhaddon,Neo-Assyrian,Kuyunjik (Nineveh),ORCC,uncertain,660.1202635301663,672.7831472515328,668.8957303858396,12,12,12
Q003249,670.0,Esarhaddon,Neo-Assyrian,Kuyunjik (Nineveh),ORCC,slab,655.483588448685,721.5373746948715,668.3097067774253,27,27,27
Q003250,669.0,Esarhaddon,Neo-Assyrian,Kuyunjik (Nineveh),ORCC,slab,688.5479604657256,728.4018150676727,679.2091873913714,28,28,28
Q003251,669.0,Esarhaddon,Neo-Assyrian,Kuyunjik (Nineveh),ORCC,slab,668.0523647484061,662.4037202430192,654.5303044869894,24,24,24
Q003252,669.0,Esarhaddon,Neo-Assyrian,Kuyunjik (Nineveh),ORCC,brick,618.0245046071497,620.6419277126811,627.3469657400893,21,21,21
Q003253,669.0,Esarhaddon,Neo-Assyrian,Kuyunjik (Nineveh),ORCC,gaming board,676.6386308176063,681.1455963419422,676.6132416097927,29,29,29
Q003254,669.0,Esarhaddon,Neo-Assyrian,Kuyunjik (Nineveh),ORCC,vessel,683.2222918779751,704.5623994801372,712.671602643241,18,18,18
Q003255,670.0,Esarhaddon,Neo-Assyrian,Kuyunjik (Nineveh),ORCC,vessel,667.9575999292315,721.0597781281735,659.1833256205978,29,29,29
Q003256,669.0,Esarhaddon,Neo-Assyrian,Kuyunjik (Nineveh),ORCC,vessel,679.5730269210254,705.6763383982717,670.7889387072286,28,28,28
Q003257,669.0,Esarhaddon,Neo-Assyrian,Kuyunjik (Nineveh),ORCC,vessel,681.0441696998151,696.8866560961685,686.709989382421,23,23,23
Q003258,669.0,Esarhaddon,Neo-Assyrian,Kuyunjik (Nineveh),ORCC,vessel,687.306313449691,746.7549054702441,678.0511122561478,22,22,22
Q003259,669.0,Esarhaddon,Neo-Assyrian,Kuyunjik (Nineveh),ORCC,None,640.0244665098952,629.0189032183862,601.4685714807966,22,22,22
Q003260,669.0,Esarhaddon,Neo-Assyrian,Kuyunjik (Nineveh),ORCC,None,645.6901206897636,645.64786012245,657.9516087828658,25,25,25
Q003261,669.0,Esarhaddon,Neo-Assyrian,Kuyunjik (Nineveh),ORCC,None,641.9541411088013,626.2216236461915,680.9106686397796,25,25,25
Q003262,672.0,Esarhaddon,Neo-Assyrian,Kuyunjik (Nineveh),ORCC,None,647.9053567546455,642.0013019591213,642.8454474889919,24,24,24
Q003263,670.0,Esarhaddon,Neo-Assyrian,Kuyunjik (Nineveh),ORCC,None,674.0726611248673,693.4417729137481,669.5396696499946,27,27,27
Q003264,670.0,Esarhaddon,Neo-Assyrian,Kuyunjik (Nineveh),ORCC,None,673.0337090164996,702.0751725558227,718.4033253448216,26,26,26
Q003265,670.0,Esarhaddon,Neo-Assyrian,Kuyunjik (Nineveh),ORCC,None,634.1506157427262,637.4933922710587,635.4804491916819,19,19,19
Q003266,670.0,Esarhaddon,Neo-Assyrian,Kuyunjik (Nineveh),ORCC,None,648.2787196959945,631.499582330941,628.1617404175562,23,23,23
Q003267,670.0,Esarhaddon,Neo-Assyrian,Kuyunjik (Nineveh),ORCC,None,617.7975689056077,614.9529108814907,636.7600703747887,30,30,30
Q003268,670.0,Esarhaddon,Neo-Assyrian,Kuyunjik (Nineveh),ORCC,None,656.7146470179225,677.4399713767656,662.4010954113859,18,18,18
Q003269,669.0,Esarhaddon,Neo-Assyrian,Kuyunjik (Nineveh),ORCC,None,642.723922558845,659.1067169014154,640.5957218602915,17,17,17
Q003270,669.0,Esarhaddon,Neo-Assyrian,Kuyunjik (Nineveh),ORCC,None,643.9529846204343,651.8511394840799,632.408402362026,18,18,18
Q003271,669.0,Esarhaddon,Neo-Assyrian,Kuyunjik (Nineveh),ORCC,None,663.5506210927012,708.6362711461891,668.2578709946756,26,26,26
Q003272,669.0,Esarhaddon,Neo-Assyrian,Kuyunjik (Nineveh),ORCC,None,631.159622833368,628.376909780489,672.4406102057194,30,30,30
Q003273,669.0,Esarhaddon,Neo-Assyrian,Kuyunjik (Nineveh),ORCC,None,612.2607189525095,622.7732165974563,626.6049519614327,23,23,23
Q003274,669.0,Esarhaddon,Neo-Assyrian,Kuyunjik (Nineveh),ORCC,None,632.2595807199966,634.7584702137178,613.4853924796014,30,30,30
Q003275,669.0,Esarhaddon,Neo-Assyrian,Kuyunjik (Nineveh),ORCC,None,684.6414381694748,692.4091059541951,699.8397651769899,30,30,30
Q003276,669.0,Esarhaddon,Neo-Assyrian,Kuyunjik (Nineveh),ORCC,None,658.9195647134225,652.7378471345926,690.4489472399712,25,25,25
Q003277,669.0,Esarhaddon,Neo-Assyrian,Kuyunjik (Nineveh),ORCC,None,628.2308909486205,630.7486630724328,628.3453460016767,20,20,20
Q003278,669.0,Esarhaddon,Neo-Assyrian,Kuyunjik (Nineveh),ORCC,None,646.6717017652522,623.7874785619471,650.5651498881042,31,31,31
Q003279,669.0,Esarhaddon,Neo-Assyrian,Kuyunjik (Nineveh),ORCC,None,687.0280407212431,689.1472783270516,666.6809876144017,32,32,32
Q003280,669.0,Esarhaddon,Neo-Assyrian,Kuyunjik (Nineveh),ORCC,None,644.3245747215364,645.667279050755,646.775939412116,31,31,31
Q003281,669.0,Esarhaddon,Neo-Assyrian,Kuyunjik (Nineveh),ORCC,None,645.5360427856887,652.3799874407767,622.88689853672,28,28,28
Q003282,669.0,Esarhaddon,Neo-Assyrian,Kuyunjik (Nineveh),ORCC,None,628.861330313316,633.1752049873321,631.9012749925007,25,25,25
Q003283,669.0,Esarhaddon,Neo-Assyrian,Kuyunjik (Nineveh),ORCC,None,657.8488204785491,659.2624656068641,686.2587957764732,22,22,22
Q003284,669.0,Esarhaddon,Neo-Assyrian,Kuyunjik (Nineveh),ORCC,None,659.8861372168247,640.143014060843,641.0171682312432,25,25,25
Q003285,669.0,Esarhaddon,Neo-Assyrian,Kuyunjik (Nineveh),ORCC,None,635.4812296643903,642.3488306978867,642.7403654800167,19,19,19
Q003286,679.0,Esarhaddon,Neo-Assyrian,Qalat Sherqat (Assur),ORCC,"prism, tablet",689.1428710040962,702.5271116170179,773.8515797155274,31,31,31
Q003287,680.0,Esarhaddon,Neo-Assyrian,Qalat Sherqat (Assur),ORCC,prism,636.2158409511258,655.9916421323462,722.4310632373291,28,28,28
Q003288,680.0,Esarhaddon,Neo-Assyrian,Qalat Sherqat (Assur),ORCC,cylinder,633.3096261861389,652.0487935863483,715.7638705464741,19,19,19
Q003289,669.0,Esarhaddon,Neo-Assyrian,Kuyunjik (Nineveh),ORCC,None,668.2263731198549,698.0387298480889,682.2960276765283,19,19,19
Q003290,669.0,Esarhaddon,Neo-Assyrian,Qalat Sherqat (Assur),ORCC,brick,675.9158944428817,700.041055231075,687.6467481801969,20,20,20
Q003291,669.0,Esarhaddon,Neo-Assyrian,Qalat Sherqat (Assur),ORCC,block,677.9271241234579,714.0545243805059,708.7531571270147,23,23,23
Q003292,669.0,Esarhaddon,Neo-Assyrian,Qalat Sherqat (Assur),ORCC,series of blocks,690.1649281248558,715.9134349740789,732.3009420801814,20,20,20
Q003293,669.0,Esarhaddon,Neo-Assyrian,Qalat Sherqat (Assur),ORCC,series of blocks,659.3641700067305,647.2060951049319,687.065285016726,31,31,31
Q003294,669.0,Esarhaddon,Neo-Assyrian,Qalat Sherqat (Assur),ORCC,block,665.1585896868617,644.8633568116938,689.9112770568398,28,28,28
Q003295,669.0,Esarhaddon,Neo-Assyrian,Qalat Sherqat (Assur),ORCC,block,679.5163300179853,693.6540430304885,690.0411119649269,33,33,33
Q003297,669.0,Esarhaddon,Neo-Assyrian,Qalat Sherqat (Assur),ORCC,door socket,674.9788663882916,714.8363243971158,717.926375201911,18,18,18
Q003298,669.0,Esarhaddon,Neo-Assyrian,Qalat Sherqat (Assur),ORCC,door socket,668.0349956142112,716.9666509112969,709.8141576145723,20,20,20
Q003299,669.0,Esarhaddon,Neo-Assyrian,Qalat Sherqat (Assur),ORCC,vessel,678.8595010206685,702.1366124126089,676.9139704546309,18,18,18
Q003300,669.0,Esarhaddon,Neo-Assyrian,Qalat Sherqat (Assur),ORCC,vessel,669.7451992869619,694.0183343712699,674.9306132483035,16,16,16
Q003302,669.0,Esarhaddon,Neo-Assyrian,Qalat Sherqat (Assur),ORCC,vessel,665.0692622780332,679.8471174956043,652.7476872210503,20,20,20
Q003303,669.0,Esarhaddon,Neo-Assyrian,Qalat Sherqat (Assur),ORCC,bead,636.7212155910328,624.285250787546,656.7529356630424,30,30,30
Q003304,669.0,Esarhaddon,Neo-Assyrian,Qalat Sherqat (Assur),ORCC,amulet,630.387810558374,625.3571381465989,653.6433076287574,20,20,20
Q003305,669.0,Esarhaddon,Neo-Assyrian,Qalat Sherqat (Assur),ORCC,None,647.6500264113962,640.9341575553894,683.3616142470283,25,25,25
Q003306,672.0,Esarhaddon,Neo-Assyrian,Nimrud (Kalhu),ORCC,cylinder,659.1056556314268,657.8546035454832,700.489996778162,28,28,28
Q003307,676.0,Esarhaddon,Neo-Assyrian,Nimrud (Kalhu),ORCC,cylinder,662.2182926190524,664.3352470376635,698.5529136100022,25,25,25
Q003308,672.0,Esarhaddon,Neo-Assyrian,Nimrud (Kalhu),ORCC,cylinder,658.8391059931373,655.2617725413529,693.813681243505,24,24,24
Q003309,669.0,Esarhaddon,Neo-Assyrian,Nimrud (Kalhu),ORCC,cylinder,678.1526474603322,657.5332563951944,720.9531713000474,27,27,27
Q003310,669.0,Esarhaddon,Neo-Assyrian,Nimrud (Kalhu),ORCC,series of blocks,686.0310108263668,713.1754441739442,694.6624993191717,25,25,25
Q003311,669.0,Esarhaddon,Neo-Assyrian,Nimrud (Kalhu),ORCC,series of blocks,687.8240403117347,733.6865155015719,756.973072630544,26,26,26
Q003312,669.0,Esarhaddon,Neo-Assyrian,Nimrud (Kalhu),ORCC,bull colossus,669.0593279857753,732.4067623115996,707.7609830363103,22,22,22
Q003313,669.0,Esarhaddon,Neo-Assyrian,Nimrud (Kalhu),ORCC,bull colossus,652.6296982419584,657.2817506106701,686.7903665192994,23,23,23
Q003314,669.0,Esarhaddon,Neo-Assyrian,Nimrud (Kalhu),ORCC,human-headed lion colossus,652.6204976164411,660.7529631821083,686.4622887234052,26,26,26
Q003315,669.0,Esarhaddon,Neo-Assyrian,Negub Tunnel,ORCC,slab,653.2551543764869,686.5685285563312,673.7304313439238,29,29,29
Q003316,669.0,Esarhaddon,Neo-Assyrian,Nimrud (Kalhu),ORCC,slab,660.0714260764735,688.3654526092506,687.3735642429377,23,23,23
Q003317,669.0,Esarhaddon,Neo-Assyrian,Nimrud (Kalhu),ORCC,brick,667.9732592420191,670.6991764348747,658.6551809384688,18,18,18
Q003319,669.0,Esarhaddon,Neo-Assyrian,Nimrud (Kalhu),ORCC,seal (impression),673.4939385947832,664.0761704170726,657.5937034177492,34,34,34
Q003320,669.0,Esarhaddon,Neo-Assyrian,Nimrud (Kalhu),ORCC,vessel,669.6210861453876,664.7429625356879,641.6398295066158,26,26,26
Q003321,669.0,Esarhaddon,Neo-Assyrian,Nimrud (Kalhu),ORCC,lump,668.2067571680911,680.0709875441016,697.9544227656264,21,21,21
Q003322,672.0,Esarhaddon,Neo-Assyrian,Qalat Sherqat (Assur),ORCC,cylinder,661.5377312391319,660.0416798831432,713.3928420990215,19,19,19
Q003323,669.0,Esarhaddon,Neo-Assyrian,Tell Sherif Khan (Tarbisu),ORCC,slab,662.9072628224388,653.7716965601757,643.3370465409042,23,23,23
Q003324,669.0,Esarhaddon,Neo-Assyrian,Tell Sherif Khan (Tarbisu),ORCC,slab,661.3733330798934,706.2741456224634,674.1047522866444,31,31,31
Q003325,669.0,Esarhaddon,Neo-Assyrian,Tell Sherif Khan (Tarbisu),ORCC,brick,683.6033110434036,696.230040473521,696.2865553550907,26,26,26
Q003326,669.0,Esarhaddon,Neo-Assyrian,Tell Ahmar (Til Barsip),ORCC,stele,656.3217052742385,646.0422292263136,691.6686767830778,21,21,21
Q003327,669.0,Esarhaddon,Neo-Assyrian,Zinčirli (Samal),ORCC,stele,627.5999609440786,631.6451347451432,630.6588904880143,23,23,23
Q003328,669.0,Esarhaddon,Neo-Assyrian,Kuyunjik (Nineveh),ORCC,None,647.644468603052,672.7260325932829,669.0656053799883,20,20,20
Q003329,669.0,Esarhaddon,Neo-Assyrian,Kuyunjik (Nineveh),ORCC,None,664.0906271315276,690.390197656304,666.760481807447,18,18,18
Q003330,669.0,Esarhaddon,Neo-Assyrian,Kuyunjik (Nineveh),ORCC,None,632.2650798386073,640.3423676378652,621.3578904163154,17,17,17
Q003332,669.0,Esarhaddon,Neo-Assyrian,Nahr el-Kelb,ORCC,rock face,663.1476665195684,678.1765442355039,685.9221247707582,24,24,24
Q003333,673.0,Esarhaddon,Neo-Assyrian,Babylon,ORCC,prism,684.209003205215,659.1785551071318,659.6162465025221,25,25,25
Q003334,672.0,Esarhaddon,Neo-Assyrian,Babylon,ORCC,prism,680.0253692430784,683.5437299653498,697.8799239790255,25,25,25
Q003335,670.0,Esarhaddon,Neo-Assyrian,Babylon,ORCC,"prism, tablet",680.0164943063232,684.3665534792408,721.768318598797,27,27,27
Q003336,672.0,Esarhaddon,Neo-Assyrian,Babylon,ORCC,prism,672.9529766830641,648.8272614470848,697.1508622698192,23,23,23
Q003337,678.0,Esarhaddon,Neo-Assyrian,Nineveh,ORCC,prism,643.7705124539995,632.5779494027073,667.2127670317303,39,39,39
Q003338,678.0,Esarhaddon,Neo-Assyrian,Nineveh,ORCC,prism,659.1902813083358,612.197034353461,595.4183123907633,28,28,28
Q003339,672.0,Esarhaddon,Neo-Assyrian,Babylon,ORCC,prism,662.4082779150115,663.8513390165277,668.8554867115051,19,19,19
Q003340,674.0,Esarhaddon,Neo-Assyrian,Babylon,ORCC,prism,653.2170647500918,639.2536782563062,601.1044811981574,18,18,18
Q003341,669.0,Esarhaddon,Neo-Assyrian,Sippar,ORCC,prism,666.7780779271487,671.2642976428863,653.6282460998033,16,16,16
Q003342,669.0,Esarhaddon,Neo-Assyrian,Babylon,ORCC,cylinder,685.0981981941133,666.6472956769237,677.2208155316383,16,16,16
Q003343,672.0,Esarhaddon,Neo-Assyrian,Babylon,ORCC,cubiod monument,684.1364882594155,691.5472925866757,720.1582931390561,27,27,27
Q003345,677.0,Esarhaddon,Neo-Assyrian,Nineveh,ORCC,None,645.1436816816743,626.5350826995357,602.2065395769133,25,25,25
Q003346,677.0,Esarhaddon,Neo-Assyrian,Nineveh,ORCC,None,624.6667659420913,613.7090139663877,630.0263743417656,27,27,27
Q003347,669.0,Esarhaddon,Neo-Assyrian,Babylon,ORCC,seal,637.219783531731,615.6897556611318,619.1849933323631,20,20,20
Q003348,669.0,Esarhaddon,Neo-Assyrian,Babylon,ORCC,brick,664.0374546174685,665.8913055693109,664.9276222639028,25,25,25
Q003349,669.0,Esarhaddon,Neo-Assyrian,Babylon,ORCC,brick,674.6168795846552,680.7083661377936,692.297854040586,24,24,24
Q003350,669.0,Esarhaddon,Neo-Assyrian,Babylon,ORCC,brick,674.2381722985831,690.723276098045,701.9539772867874,19,19,19
Q003351,669.0,Esarhaddon,Neo-Assyrian,Babylon,ORCC,brick,678.4514667671666,685.9137148918157,697.3414323084681,27,27,27
Q003352,669.0,Esarhaddon,Neo-Assyrian,Babylon,ORCC,brick,670.7137852978715,682.877322486562,691.9377224271957,29,29,29
Q003353,669.0,Esarhaddon,Neo-Assyrian,Babylon,ORCC,brick,669.7893701716221,701.693190181188,702.2159566430691,17,17,17
Q003354,669.0,Esarhaddon,Neo-Assyrian,Babylon,ORCC,brick,676.2255464972234,684.3692844198532,703.3433759786614,19,19,19
Q003355,669.0,Esarhaddon,Neo-Assyrian,Babylon,ORCC,brick,648.3156478199081,599.4385687176606,632.5422101263916,23,23,23
Q003356,669.0,Esarhaddon,Neo-Assyrian,Borsippa,ORCC,cylinder,635.9551160540684,612.878742564119,624.5717617263999,18,18,18
Q003357,669.0,Esarhaddon,Neo-Assyrian,Nippur,ORCC,cylinder,650.4833136806693,627.2756644830544,611.2937936221243,31,31,31
Q003358,669.0,Esarhaddon,Neo-Assyrian,Nippur,ORCC,cylinder,635.7191867325761,592.4652586099717,611.4773965840843,25,25,25
Q003359,669.0,Esarhaddon,Neo-Assyrian,Nippur,ORCC,cylinder,656.0509832426061,623.0941552681934,629.7939627699525,29,29,29
Q003360,669.0,Esarhaddon,Neo-Assyrian,Nippur,ORCC,brick,653.2448087777958,655.9639247498452,646.1210117589674,26,26,26
Q003361,669.0,Esarhaddon,Neo-Assyrian,Nippur,ORCC,brick,679.4790293915958,686.1885226735425,702.8051526250355,28,28,28
Q003362,669.0,Esarhaddon,Neo-Assyrian,Uruk,ORCC,cylinder,646.1053957337742,637.8856333563733,636.2716863257489,19,19,19
Q003363,669.0,Esarhaddon,Neo-Assyrian,Uruk,ORCC,cylinder,643.2810702605482,598.5743997046529,584.4463815188516,19,19,19
Q003364,669.0,Esarhaddon,Neo-Assyrian,Uruk,ORCC,cylinder,636.8433717172576,618.7505755967769,546.1787778288566,24,24,24
Q003365,669.0,Esarhaddon,Neo-Assyrian,Uruk,ORCC,cylinder,656.3116061180099,612.4491104233573,619.7465996962839,21,21,21
Q003366,669.0,Esarhaddon,Neo-Assyrian,Uruk,ORCC,brick,644.9088143887382,629.675140151532,625.5290276590607,19,19,19
Q003367,669.0,Esarhaddon,Neo-Assyrian,Uruk,ORCC,brick,663.5239335975981,656.0133942869774,645.6756314040001,22,22,22
Q003368,669.0,Esarhaddon,Neo-Assyrian,Uruk,ORCC,brick,642.6830395752926,595.294451207709,603.4546103231243,26,26,26
Q003369,669.0,Esarhaddon,Neo-Assyrian,Cave Kalm-karra,ORCC,vessel,664.1580610670568,696.2943265116481,674.5718787440403,23,23,23
Q003370,669.0,Esarhaddon,Neo-Assyrian,Kuyunjik (Nineveh),ORCC,lion weight,671.4138063075933,740.1833963393285,694.7273691587145,27,27,27
Q003371,669.0,Esarhaddon,Neo-Assyrian,Assyria,ORCC,bead,639.3375705517939,591.1972301453931,641.7181142760875,22,22,22
Q003372,669.0,Esarhaddon,Neo-Assyrian,Persepolis (Pārśa),ORCC,bead,655.1525728334291,634.8638394324909,651.8503769732124,23,23,23
Q003373,669.0,Esarhaddon,Neo-Assyrian,Sippar,ORCC,prism,637.4670563009831,624.0438332825422,616.4305896145557,19,19,19
Q003374,669.0,Esarhaddon,Neo-Assyrian,Sippar,ORCC,prism,652.7103356947275,646.4740446142018,676.6135016911537,20,20,20
Q003375,669.0,Esarhaddon,Neo-Assyrian,Babylon,ORCC,prism,653.5737886453995,650.3548148886115,594.1812315993366,21,21,21
Q003376,669.0,Esarhaddon,Neo-Assyrian,Nineveh,ORCC,prism,648.0390163061178,615.4860110163743,657.5430088633908,18,18,18
Q003377,669.0,Esarhaddon,Neo-Assyrian,Kuyunjik (Nineveh),ORCC,cylinder,635.3937986380992,617.1327037937739,666.3836166788649,18,18,18
Q003378,669.0,Esarhaddon,Neo-Assyrian,Qalat Sherqat (Assur),ORCC,cylinder,658.8793840451009,652.4800184076881,615.2503929425736,32,32,32
Q003379,669.0,Esarhaddon,Neo-Assyrian,Ben Shemen,ORCC,stele,648.1741579620066,645.4341254977714,662.6896242932378,33,33,33
Q003380,669.0,Esarhaddon,Neo-Assyrian,el-Ghab,ORCC,stele,654.9565572910722,631.7202686991919,641.6844301096911,26,26,26
Q003381,669.0,Esarhaddon,Neo-Assyrian,Syria,ORCC,brick,680.4816364106731,673.6458630995578,654.0738280664058,28,28,28
Q003382,669.0,Esarhaddon,Neo-Assyrian,Uruk,ORCC,None,657.6789607366155,637.0038084691213,624.1009714154633,22,22,22
Q003383,669.0,Esarhaddon,Neo-Assyrian,Kuyunjik (Nineveh),ORCC,None,645.4272967687647,654.3876032991936,650.77456208633,18,18,18
Q003384,669.0,Esarhaddon,Neo-Assyrian,Kuyunjik (Nineveh),ORCC,None,654.5297908567237,656.9577040834786,665.7269727600161,26,26,26
Q003385,669.0,Esarhaddon,Neo-Assyrian,Kuyunjik (Nineveh),ORCC,None,649.1913529015901,606.5293725594086,681.0394228704907,14,14,14
Q003386,669.0,Esarhaddon,Neo-Assyrian,Kuyunjik (Nineveh),ORCC,None,648.5182246251969,668.6426161689675,648.0646349230855,24,24,24
Q003387,669.0,Esarhaddon,Neo-Assyrian,Kuyunjik (Nineveh),ORCC,None,655.5839897030836,641.7271869862491,633.959260883636,26,26,26
Q003388,669.0,Esarhaddon,Neo-Assyrian,Kuyunjik (Nineveh),ORCC,None,653.0690788495243,641.1667789559154,650.5612702673724,26,26,26
Q003389,669.0,Esarhaddon,Neo-Assyrian,Kuyunjik (Nineveh),ORCC,None,646.3674845488937,647.6758714266921,674.5643552559949,27,27,27
Q003390,669.0,Esarhaddon,Neo-Assyrian,Kuyunjik (Nineveh),ORCC,None,633.2381060747335,607.4771689917301,632.4295038215083,27,27,27
Q003391,669.0,Esarhaddon,Neo-Assyrian,Kuyunjik (Nineveh),ORCC,None,649.4579795935747,633.2561435792585,662.0651981695294,21,21,21
Q003392,669.0,Esarhaddon,Neo-Assyrian,Kuyunjik (Nineveh),ORCC,None,629.5944737298079,660.852158121718,646.3407619315136,24,24,24
Q003394,669.0,Esarhaddon,Neo-Assyrian,Kuyunjik (Nineveh),ORCC,vessel,686.5706269046846,713.1840788104753,676.4194110719856,26,26,26
Q003395,669.0,Esarhaddon,Neo-Assyrian,Kuyunjik (Nineveh),ORCC,vessel,667.3702021718294,681.7590100283314,653.3483289186785,19,19,19
Q003396,669.0,Esarhaddon,Neo-Assyrian,Kuyunjik (Nineveh),ORCC,vessel,688.8260630318557,739.0624712442165,667.9047851739881,23,23,23
Q003397,669.0,Esarhaddon,Neo-Assyrian,Kuyunjik (Nineveh),ORCC,vessel,692.205491025123,750.1379821457298,669.8449791167712,24,24,24
Q003398,669.0,Esarhaddon,Neo-Assyrian,Kuyunjik (Nineveh),ORCC,vessel,664.2064938130188,670.9043417555371,648.089554202684,28,28,28
Q003399,669.0,Esarhaddon,Neo-Assyrian,Kuyunjik (Nineveh),ORCC,vessel,664.9693107389804,683.3521381750969,648.9110643999572,28,28,28
Q003400,669.0,Esarhaddon,Neo-Assyrian,Kuyunjik (Nineveh),ORCC,vessel,657.4469375550065,675.302277189118,644.3506237249891,22,22,22
Q003401,669.0,Esarhaddon,Neo-Assyrian,Kuyunjik (Nineveh),ORCC,vessel,669.3931786550186,680.2465849339746,657.3669980679244,25,25,25
Q003403,669.0,Esarhaddon,Neo-Assyrian,Assyria,ORCC,bead,670.578846355594,713.7433261019013,657.2675973695927,24,24,24
Q003404,669.0,Esarhaddon,Neo-Assyrian,Qalat Sherqat (Assur),ORCC,block,673.0315638506643,684.8423341885023,662.973219749709,22,22,22
Q003405,669.0,Esarhaddon,Neo-Assyrian,Kuyunjik (Nineveh),ORCC,prism,687.8641096580543,704.1573812146092,770.9550909520952,21,21,21
Q003406,669.0,Esarhaddon,Neo-Assyrian,Kuyunjik (Nineveh),ORCC,cylinder,692.8714321450091,716.505617870436,779.1711963125754,28,28,28
Q003407,669.0,Esarhaddon,Neo-Assyrian,Kuyunjik (Nineveh),ORCC,None,652.8764212676333,669.5651754159823,661.286550842329,23,23,23
Q003408,669.0,Esarhaddon,Neo-Assyrian,Kuyunjik (Nineveh),ORCC,None,683.78342400936,711.2924879643346,672.6597613366268,31,31,31
Q003409,669.0,Esarhaddon,Neo-Assyrian,Assyria,ORCC,bead,656.4812053043833,657.9744933884296,645.5528296099259,21,21,21
Q003410,669.0,Esarhaddon,Neo-Assyrian,Assyria,ORCC,bead,657.4003889583696,656.8576728488774,649.527062368731,22,22,22
Q003411,669.0,Esarhaddon,Neo-Assyrian,Assyria,ORCC,bead,662.2152507899827,720.3770320713344,642.0777746179527,30,30,30
Q003412,669.0,Esarhaddon,Neo-Assyrian,Assyria,ORCC,plating,653.2797661570957,658.1300898026855,622.7886195314098,23,23,23
Q003414,727.0,Tiglath-pileser III,Neo-Assyrian,Nimrud (Kalhu),ORCC,wall slab (with reliefs),647.3609375066203,638.797795320602,633.6454008948677,62,62,62
Q003415,727.0,Tiglath-pileser III,Neo-Assyrian,Nimrud (Kalhu),ORCC,wall slab (with reliefs),645.0999351766741,656.0387084878095,656.7848986387413,59,59,59
Q003416,727.0,Tiglath-pileser III,Neo-Assyrian,Nimrud (Kalhu),ORCC,wall slab (with reliefs),653.0948334072565,671.9289795075534,663.7174590726038,42,42,42
Q003417,727.0,Tiglath-pileser III,Neo-Assyrian,Nimrud (Kalhu),ORCC,wall slab (with reliefs),648.2230018148122,664.0664780151385,645.0535732086215,59,59,59
Q003418,727.0,Tiglath-pileser III,Neo-Assyrian,Nimrud (Kalhu),ORCC,wall slab (with reliefs),656.0955933267692,654.1806210120313,663.062862239003,44,44,44
Q003419,727.0,Tiglath-pileser III,Neo-Assyrian,Nimrud (Kalhu),ORCC,wall slab (with reliefs),664.9452134186618,684.9301394423878,676.7156219031484,59,59,59
Q003420,727.0,Tiglath-pileser III,Neo-Assyrian,Nimrud (Kalhu),ORCC,wall slab (with reliefs),651.3216367468954,669.1564968550264,623.8603365441248,58,58,58
Q003421,727.0,Tiglath-pileser III,Neo-Assyrian,Nimrud (Kalhu),ORCC,wall slab (with reliefs),659.5635872795664,676.38303112927,650.3465418392389,53,53,53
Q003422,727.0,Tiglath-pileser III,Neo-Assyrian,Nimrud (Kalhu),ORCC,wall slab (with reliefs),651.6279064501427,681.7453276687885,667.4616535772418,53,53,53
Q003423,727.0,Tiglath-pileser III,Neo-Assyrian,Nimrud (Kalhu),ORCC,wall slab (with reliefs),639.4759432626228,656.242638449677,637.4489340834439,64,64,64
Q003424,727.0,Tiglath-pileser III,Neo-Assyrian,Nimrud (Kalhu),ORCC,wall slab (with reliefs),648.3788282392194,689.6308129716849,648.8557830968659,59,59,59
Q003425,727.0,Tiglath-pileser III,Neo-Assyrian,Nimrud (Kalhu),ORCC,wall slab (with reliefs),660.4103539864368,680.6589048082017,666.6420737577417,58,58,58
Q003426,727.0,Tiglath-pileser III,Neo-Assyrian,Nimrud (Kalhu),ORCC,wall slab (with reliefs),654.391834959227,674.2247135149719,648.9807682016755,66,66,66
Q003427,727.0,Tiglath-pileser III,Neo-Assyrian,Nimrud (Kalhu),ORCC,wall slab (with reliefs),649.9006019621478,678.3629877101547,650.7368691867254,65,65,65
Q003428,727.0,Tiglath-pileser III,Neo-Assyrian,Nimrud (Kalhu),ORCC,wall slab (with reliefs),646.6188820643224,673.5115183035767,644.3492927767659,58,58,58
Q003429,727.0,Tiglath-pileser III,Neo-Assyrian,Nimrud (Kalhu),ORCC,wall slab (with reliefs),657.6210302001505,676.3407698121554,659.1062815410477,54,54,54
Q003430,727.0,Tiglath-pileser III,Neo-Assyrian,Nimrud (Kalhu),ORCC,wall slab (with reliefs),654.4526542711809,675.1294443350946,648.5816610748886,50,50,50
Q003431,727.0,Tiglath-pileser III,Neo-Assyrian,Nimrud (Kalhu),ORCC,wall slab (with reliefs),651.5455809987512,667.0870299858876,627.3159567781244,52,52,52
Q003432,727.0,Tiglath-pileser III,Neo-Assyrian,Nimrud (Kalhu),ORCC,wall slab (with reliefs),662.3361482630918,647.3339805425871,669.3193250483295,50,50,50
Q003433,727.0,Tiglath-pileser III,Neo-Assyrian,Nimrud (Kalhu),ORCC,wall slab (with reliefs),656.5407748523921,668.3823503651947,662.941300542963,51,51,51
Q003434,727.0,Tiglath-pileser III,Neo-Assyrian,Nimrud (Kalhu),ORCC,wall slab (with reliefs),645.9053765435351,678.967687358927,668.1240280704328,60,60,60
Q003435,727.0,Tiglath-pileser III,Neo-Assyrian,Nimrud (Kalhu),ORCC,wall slab (with reliefs),650.7362838134375,682.192221365775,653.8070392406784,68,68,68
Q003436,727.0,Tiglath-pileser III,Neo-Assyrian,Nimrud (Kalhu),ORCC,wall slab (with reliefs),649.1786205025978,680.8506130926436,651.3165565648378,51,51,51
Q003437,727.0,Tiglath-pileser III,Neo-Assyrian,Nimrud (Kalhu),ORCC,wall slab (with reliefs),660.8512777585851,682.2044725822083,650.697468968419,54,54,54
Q003438,727.0,Tiglath-pileser III,Neo-Assyrian,Nimrud (Kalhu),ORCC,wall slab (with reliefs),656.4113590230418,678.5504488070754,653.0219858054843,48,48,48
Q003439,727.0,Tiglath-pileser III,Neo-Assyrian,Nimrud (Kalhu),ORCC,wall slab (with reliefs),645.2639572331778,674.7533266653643,648.3914830130859,58,58,58
Q003440,727.0,Tiglath-pileser III,Neo-Assyrian,Nimrud (Kalhu),ORCC,wall slab (with reliefs),661.4223510624623,679.4453477156866,661.6441189394292,47,47,47
Q003441,727.0,Tiglath-pileser III,Neo-Assyrian,Nimrud (Kalhu),ORCC,wall slab (with reliefs),659.6390223235461,678.9188735218636,642.267623129258,71,71,71
Q003443,727.0,Tiglath-pileser III,Neo-Assyrian,Nimrud (Kalhu),ORCC,wall slab (with reliefs),660.5564966292247,688.747715706583,639.3778241302883,67,67,67
Q003444,727.0,Tiglath-pileser III,Neo-Assyrian,Nimrud (Kalhu),ORCC,wall slab (with reliefs),655.9974780669058,673.1181562601233,636.3544445705533,54,54,54
Q003445,727.0,Tiglath-pileser III,Neo-Assyrian,Nimrud (Kalhu),ORCC,wall slab (with reliefs),649.6340754842666,680.5229801572024,644.8818802457353,60,60,60
Q003448,727.0,Tiglath-pileser III,Neo-Assyrian,Luristan,ORCC,stele,648.5757389698572,663.7013025664248,682.4433971190466,55,55,55
Q003449,727.0,Tiglath-pileser III,Neo-Assyrian,Nimrud (Kalhu),ORCC,anthropomorphic statue,651.3179871485235,674.7045431641056,649.0108959225697,57,57,57
Q003450,727.0,Tiglath-pileser III,Neo-Assyrian,Mila Mergi,ORCC,rock face,646.507674677693,635.6082067306098,657.0318698382345,62,62,62
Q003451,727.0,Tiglath-pileser III,Neo-Assyrian,Qalat Sherqat (Assur),ORCC,uncertain,654.6438865617886,685.4546286479243,645.3731810120628,58,58,58
Q003452,727.0,Tiglath-pileser III,Neo-Assyrian,Nimrud (Kalhu),ORCC,slab,656.3135848327236,690.6414985249626,677.5665516591437,59,59,59
Q003453,727.0,Tiglath-pileser III,Neo-Assyrian,Nimrud (Kalhu),ORCC,slab,656.2367170899782,673.7322367713704,663.3527586088704,51,51,51
Q003454,727.0,Tiglath-pileser III,Neo-Assyrian,Nimrud (Kalhu),ORCC,slab,664.2997544526274,671.9993630537132,649.7589518085761,54,54,54
Q003455,727.0,Tiglath-pileser III,Neo-Assyrian,Nimrud (Kalhu),ORCC,slab,642.1710973874235,661.0596701739021,635.634565513185,52,52,52
Q003456,727.0,Tiglath-pileser III,Neo-Assyrian,Nimrud (Kalhu),ORCC,slab,641.4436100086118,661.2756621923194,631.8219303746882,59,59,59
Q003457,727.0,Tiglath-pileser III,Neo-Assyrian,Nimrud (Kalhu),ORCC,slab,648.3271396933384,667.931975840331,657.1264025176705,54,54,54
Q003458,727.0,Tiglath-pileser III,Neo-Assyrian,Nimrud (Kalhu),ORCC,slab,654.4736135829735,680.9722135322185,640.3210523892717,61,61,61
Q003459,727.0,Tiglath-pileser III,Neo-Assyrian,Nimrud (Kalhu),ORCC,None,646.5164338338817,653.1212140411017,671.9863597133208,51,51,51
Q003460,727.0,Tiglath-pileser III,Neo-Assyrian,Nimrud (Kalhu),ORCC,None,665.3960541490286,682.461137110996,673.1253266219288,43,43,43
Q003461,727.0,Tiglath-pileser III,Neo-Assyrian,Nimrud (Kalhu),ORCC,None,650.6163989390824,656.8422334265964,651.8206680726164,50,50,50
Q003462,727.0,Tiglath-pileser III,Neo-Assyrian,Nimrud (Kalhu),ORCC,None,640.1967252830459,671.7949126228815,648.2432964947827,60,60,60
Q003463,727.0,Tiglath-pileser III,Neo-Assyrian,Nimrud (Kalhu),ORCC,None,654.9636427999411,671.7170809229982,636.8022312331825,60,60,60
Q003464,727.0,Tiglath-pileser III,Neo-Assyrian,Nimrud (Kalhu),ORCC,None,661.3561246760108,673.6643442801851,669.8914379992046,51,51,51
Q003465,727.0,Tiglath-pileser III,Neo-Assyrian,Nimrud (Kalhu),ORCC,None,661.9039770659164,676.5808537663828,672.8938513563389,51,51,51
Q003466,727.0,Tiglath-pileser III,Neo-Assyrian,Arslan Tash (Ḫadatu),ORCC,bull colossus,657.9513642504158,685.0206425085182,673.7055598086315,45,45,45
Q003467,727.0,Tiglath-pileser III,Neo-Assyrian,Qalat Sherqat (Assur),ORCC,block,656.252749598836,665.6691668903308,650.7819712027542,64,64,64
Q003468,727.0,Tiglath-pileser III,Neo-Assyrian,Nimrud (Kalhu),ORCC,wall slab (with reliefs),658.7869745100718,669.7799567018195,650.2660965463352,66,66,66
Q003469,727.0,Tiglath-pileser III,Neo-Assyrian,Nimrud (Kalhu),ORCC,wall slab (with reliefs),653.5087905410908,634.8007882860744,651.7235116674057,69,69,69
Q003470,727.0,Tiglath-pileser III,Neo-Assyrian,Nimrud (Kalhu),ORCC,wall slab (with reliefs),657.4146209406416,629.8209318080761,645.7373885383892,61,61,61
Q003471,727.0,Tiglath-pileser III,Neo-Assyrian,Qalat Sherqat (Assur),ORCC,brick,661.193419355435,681.1502110022775,674.1523953756459,43,43,43
Q003472,727.0,Tiglath-pileser III,Neo-Assyrian,Qalat Sherqat (Assur),ORCC,brick,652.8408909808431,678.9465331508917,659.1236207567906,58,58,58
Q003473,727.0,Tiglath-pileser III,Neo-Assyrian,Qalat Sherqat (Assur),ORCC,brick,660.388071158366,690.680418201272,664.8096715697994,68,68,68
Q003474,727.0,Tiglath-pileser III,Neo-Assyrian,Nimrud (Kalhu),ORCC,duck weight,655.2652257034002,672.6858912838596,656.9792521109483,50,50,50
Q003475,681.0,Sennacherib,Neo-Assyrian,Kuyunjik (Nineveh),ORCC,cylinder,633.2314491484547,630.1121032642293,650.5907336675417,14,14,14
Q003476,681.0,Sennacherib,Neo-Assyrian,Kuyunjik (Nineveh),ORCC,cylinder,626.6493095948879,635.7255635067213,651.007623393529,23,23,23
Q003477,681.0,Sennacherib,Neo-Assyrian,Kuyunjik (Nineveh),ORCC,cylinder,621.2296527496774,637.4650478237568,651.013010096197,17,17,17
Q003478,681.0,Sennacherib,Neo-Assyrian,Kuyunjik (Nineveh),ORCC,cylinder,631.2189668519072,642.9976555742417,652.43488989496,13,13,13
Q003479,681.0,Sennacherib,Neo-Assyrian,Kuyunjik (Nineveh),ORCC,cylinder,640.3574532528016,652.5790852998163,649.5604760141846,13,13,13
Q003481,681.0,Sennacherib,Neo-Assyrian,Kuyunjik (Nineveh),ORCC,cylinder,622.91454857434,631.9648401390044,615.7508727856858,23,23,23
Q003482,681.0,Sennacherib,Neo-Assyrian,Kuyunjik (Nineveh),ORCC,cylinder,629.7792039524195,630.0213819139384,648.9025320202649,22,22,22
Q003483,681.0,Sennacherib,Neo-Assyrian,Kuyunjik (Nineveh),ORCC,cylinder,627.4219041201279,627.8257706466369,653.274505562201,20,20,20
Q003484,681.0,Sennacherib,Neo-Assyrian,Kuyunjik (Nineveh),ORCC,cylinder,659.0454930036816,690.0377427718796,679.1783918453441,17,17,17
Q003485,681.0,Sennacherib,Neo-Assyrian,Kuyunjik (Nineveh),ORCC,cylinder,660.5428415574738,689.0933550806858,678.0292737309098,32,32,32
Q003486,681.0,Sennacherib,Neo-Assyrian,Kuyunjik (Nineveh),ORCC,cylinder,660.8522849585604,697.1968508775609,677.6137690391546,16,16,16
Q003487,681.0,Sennacherib,Neo-Assyrian,Kuyunjik (Nineveh),ORCC,cylinder,660.4993228682097,684.8621851615582,678.1724887064439,20,20,20
Q003489,681.0,Sennacherib,Neo-Assyrian,Kuyunjik (Nineveh),ORCC,prism,647.9373797232942,664.4130309953982,662.2158242500443,14,14,14
Q003490,681.0,Sennacherib,Neo-Assyrian,Kuyunjik (Nineveh),ORCC,prism,643.126346579242,637.900274462042,658.7198087834322,17,17,17
Q003491,681.0,Sennacherib,Neo-Assyrian,Kuyunjik (Nineveh),ORCC,prism,644.5985596842628,648.9842180741464,666.262311928073,18,18,18
Q003492,681.0,Sennacherib,Neo-Assyrian,Kuyunjik (Nineveh),ORCC,prism,641.8393080710406,667.4190500462578,595.326356191214,18,18,18
Q003493,681.0,Sennacherib,Neo-Assyrian,Kuyunjik (Nineveh),ORCC,prism,659.1213417186397,669.6671054225029,655.199589157203,19,19,19
Q003494,681.0,Sennacherib,Neo-Assyrian,Kuyunjik (Nineveh),ORCC,prism,660.2247740446275,669.4968065049795,634.4638366676965,24,24,24
Q003495,681.0,Sennacherib,Neo-Assyrian,Kuyunjik (Nineveh),ORCC,prism,655.4459105559222,673.6477672974823,669.8143680114363,21,21,21
Q003496,681.0,Sennacherib,Neo-Assyrian,Kuyunjik (Nineveh),ORCC,prism,643.0031838431926,638.7203010921246,662.7076447910629,20,20,20
Q003497,681.0,Sennacherib,Neo-Assyrian,Kuyunjik (Nineveh),ORCC,prism,645.5174802269144,643.8449568353387,658.0664448762601,26,26,26
Q003498,681.0,Sennacherib,Neo-Assyrian,Kuyunjik (Nineveh),ORCC,prism,643.1155597837063,634.4508421797781,659.8602342791443,18,18,18
Q003499,681.0,Sennacherib,Neo-Assyrian,Kuyunjik (Nineveh),ORCC,prism,640.127707686576,695.192225784439,626.9393251165521,21,21,21
Q003500,681.0,Sennacherib,Neo-Assyrian,Kuyunjik (Nineveh),ORCC,prism,667.7476600611205,685.6602332300304,675.9402056401801,15,15,15
Q003501,681.0,Sennacherib,Neo-Assyrian,Kuyunjik (Nineveh),ORCC,prism,640.3197572238629,649.8137124097201,662.8288484102287,16,16,16
Q003502,681.0,Sennacherib,Neo-Assyrian,Kuyunjik (Nineveh),ORCC,prism,672.8517751925325,672.3862009955492,649.4860808331332,19,19,19
Q003503,681.0,Sennacherib,Neo-Assyrian,Kuyunjik (Nineveh),ORCC,prism,649.4118468107841,653.2524852658966,693.7299621809209,17,17,17
Q003504,681.0,Sennacherib,Neo-Assyrian,Kuyunjik (Nineveh),ORCC,prism,651.5053450153407,617.1089198776727,626.6933732524345,14,14,14
Q003505,681.0,Sennacherib,Neo-Assyrian,Kuyunjik (Nineveh),ORCC,prism,638.3105234558602,649.3416977864595,619.8063151850655,13,13,13
Q003506,681.0,Sennacherib,Neo-Assyrian,Kuyunjik (Nineveh),ORCC,prism,659.7189979247474,656.197049034042,632.3204314123074,14,14,14
Q003508,681.0,Sennacherib,Neo-Assyrian,Kuyunjik (Nineveh),ORCC,None,648.5438013951391,654.3596568114621,686.6759115767128,14,14,14
Q003509,681.0,Sennacherib,Neo-Assyrian,Kuyunjik (Nineveh),ORCC,None,664.9521241015416,680.0900338067167,698.5158804467208,13,13,13
Q003510,681.0,Sennacherib,Neo-Assyrian,Kuyunjik (Nineveh),ORCC,None,648.4149301969773,633.2339923367903,686.2627266762548,17,17,17
Q003511,681.0,Sennacherib,Neo-Assyrian,Kuyunjik (Nineveh),ORCC,None,669.272020488981,653.9727815719216,697.6236909624773,12,12,12
Q003512,681.0,Sennacherib,Neo-Assyrian,Kuyunjik (Nineveh),ORCC,stele,648.4893138683402,642.644159675714,680.5963180907308,20,20,20
Q003513,681.0,Sennacherib,Neo-Assyrian,Kuyunjik (Nineveh),ORCC,human-headed bull colossus,674.1215909354834,683.3792731550488,702.3917612381562,21,21,21
Q003514,681.0,Sennacherib,Neo-Assyrian,Kuyunjik (Nineveh),ORCC,human-headed lion colossus,624.4197480225581,607.2887810492217,643.5345228081519,21,21,21
Q003515,681.0,Sennacherib,Neo-Assyrian,Kuyunjik (Nineveh),ORCC,human-headed bull colossus,648.650130009637,664.647861331688,635.0608119829081,19,19,19
Q003516,681.0,Sennacherib,Neo-Assyrian,Kuyunjik (Nineveh),ORCC,human-headed bull colossus,670.7647017719287,678.6143702620492,674.2264495756258,17,17,17
Q003517,681.0,Sennacherib,Neo-Assyrian,Kuyunjik (Nineveh),ORCC,human-headed bull colossus,650.2856891481765,657.2476267030297,687.6700925020729,19,19,19
Q003518,681.0,Sennacherib,Neo-Assyrian,Kuyunjik (Nineveh),ORCC,human-headed bull colossus,673.7916035855092,687.0123378434137,701.9937351957482,19,19,19
Q003519,681.0,Sennacherib,Neo-Assyrian,Kuyunjik (Nineveh),ORCC,human-headed bull colossus,651.8820436890885,687.3678385197961,639.4884193199638,14,14,14
Q003520,681.0,Sennacherib,Neo-Assyrian,Kuyunjik (Nineveh),ORCC,human-headed bull colossus,659.6557834906474,703.2148147025497,681.03747485146,18,18,18
Q003521,681.0,Sennacherib,Neo-Assyrian,Kuyunjik (Nineveh),ORCC,human-headed bull colossus,658.6151038971925,659.1767699502303,647.69466324423,19,19,19
Q003523,681.0,Sennacherib,Neo-Assyrian,Kuyunjik (Nineveh),ORCC,human-headed bull colossus,654.4689010894779,653.8452614236847,690.8823124461205,24,24,24
Q003524,681.0,Sennacherib,Neo-Assyrian,Kuyunjik (Nineveh),ORCC,human-headed bull colossus,647.2449278237059,650.4016232328011,681.1093265227267,19,19,19
Q003525,681.0,Sennacherib,Neo-Assyrian,Kuyunjik (Nineveh),ORCC,human-headed lion colossus,638.3077474730261,657.7954311070979,681.6902837156177,14,14,14
Q003526,681.0,Sennacherib,Neo-Assyrian,Kuyunjik (Nineveh),ORCC,human-headed bull colossus,651.743534341367,643.3152153106789,655.9934908292096,16,16,16
Q003527,681.0,Sennacherib,Neo-Assyrian,Kuyunjik (Nineveh),ORCC,wall slab (with reliefs),642.8494380808468,703.0521438836345,669.1005646197206,11,11,11
Q003528,681.0,Sennacherib,Neo-Assyrian,Kuyunjik (Nineveh),ORCC,wall slab (with reliefs),654.550738585902,671.0160097236175,656.7544232238511,15,15,15
Q003529,681.0,Sennacherib,Neo-Assyrian,Kuyunjik (Nineveh),ORCC,wall slab (with reliefs),692.2366319253501,658.7385868899463,665.7808232950226,13,13,13
Q003530,681.0,Sennacherib,Neo-Assyrian,Kuyunjik (Nineveh),ORCC,wall slab (with reliefs),681.4554792995742,667.9608663374283,660.563413190096,18,18,18
Q003531,681.0,Sennacherib,Neo-Assyrian,Kuyunjik (Nineveh),ORCC,wall slab (with reliefs),676.7079084910167,690.8337255968794,663.5744716132023,12,12,12
Q003532,681.0,Sennacherib,Neo-Assyrian,Kuyunjik (Nineveh),ORCC,wall slab (with reliefs),683.1801188477382,697.5858296284653,655.5600704169358,20,20,20
Q003533,681.0,Sennacherib,Neo-Assyrian,Kuyunjik (Nineveh),ORCC,wall slab (with reliefs),693.2943538464729,696.2745081645345,664.8904367516487,23,23,23
Q003534,681.0,Sennacherib,Neo-Assyrian,Kuyunjik (Nineveh),ORCC,wall slab (with reliefs),679.8591817188072,705.6937153183945,655.0774119294467,17,17,17
Q003535,681.0,Sennacherib,Neo-Assyrian,Kuyunjik (Nineveh),ORCC,wall slab (with reliefs),635.632335131006,692.448272424795,666.3867577423287,19,19,19
Q003536,681.0,Sennacherib,Neo-Assyrian,Kuyunjik (Nineveh),ORCC,wall slab (with reliefs),648.1777350522774,677.3733132221398,667.8816433231294,19,19,19
Q003537,681.0,Sennacherib,Neo-Assyrian,Kuyunjik (Nineveh),ORCC,wall slab (with reliefs),645.838598717017,674.0908561805987,671.7280754233356,18,18,18
Q003538,681.0,Sennacherib,Neo-Assyrian,Kuyunjik (Nineveh),ORCC,wall slab (with reliefs),648.987035076224,695.7122368794628,665.2001044004439,22,22,22
Q003539,681.0,Sennacherib,Neo-Assyrian,Kuyunjik (Nineveh),ORCC,wall slab (with reliefs),645.9413144835438,649.5374458163901,642.809347769908,18,18,18
Q003540,681.0,Sennacherib,Neo-Assyrian,Kuyunjik (Nineveh),ORCC,wall slab (with reliefs),649.2369240483274,683.045323800712,671.7215213592843,15,15,15
Q003541,681.0,Sennacherib,Neo-Assyrian,Kuyunjik (Nineveh),ORCC,wall slab (with reliefs),654.5441289289723,685.3222456335258,649.5212310211492,19,19,19
Q003542,681.0,Sennacherib,Neo-Assyrian,Kuyunjik (Nineveh),ORCC,wall slab (with reliefs),653.7308969397892,700.4441199040067,656.3789508993978,26,26,26
Q003547,681.0,Sennacherib,Neo-Assyrian,Kuyunjik (Nineveh),ORCC,wall slab (with reliefs),621.1287136455833,636.2887327095915,657.1476604188692,16,16,16
Q003548,681.0,Sennacherib,Neo-Assyrian,Kuyunjik (Nineveh),ORCC,wall slab (with reliefs),626.8213866657826,668.7399799230845,641.0718563268323,15,15,15
Q003549,681.0,Sennacherib,Neo-Assyrian,Kuyunjik (Nineveh),ORCC,wall slab (with reliefs),658.1867331202629,672.3512625770732,658.7197871720558,16,16,16
Q003550,681.0,Sennacherib,Neo-Assyrian,Kuyunjik (Nineveh),ORCC,wall slab (with reliefs),662.6513589200891,693.414686989748,674.1873182895151,21,21,21
Q003552,681.0,Sennacherib,Neo-Assyrian,Kuyunjik (Nineveh),ORCC,threshold slab,655.9002654424389,648.8057075019574,670.2083988436075,18,18,18
Q003553,681.0,Sennacherib,Neo-Assyrian,Kuyunjik (Nineveh),ORCC,threshold slab,658.0299207403618,655.6915248635964,674.6376660799747,13,13,13
Q003554,681.0,Sennacherib,Neo-Assyrian,Kuyunjik (Nineveh),ORCC,human-headed lion colossus,675.460913183526,698.2156159503733,670.6785687711011,24,24,24
Q003556,681.0,Sennacherib,Neo-Assyrian,Kuyunjik (Nineveh),ORCC,slab,650.0416145727878,657.197641577005,677.4341632088912,19,19,19
Q003557,681.0,Sennacherib,Neo-Assyrian,Kuyunjik (Nineveh),ORCC,slab,649.7831908501606,656.1185429485209,670.431587113299,20,20,20
Q003558,681.0,Sennacherib,Neo-Assyrian,Kuyunjik (Nineveh),ORCC,slab,663.3244639611838,651.338095492677,661.7886070309677,16,16,16
Q003559,681.0,Sennacherib,Neo-Assyrian,Kuyunjik (Nineveh),ORCC,slab,658.6247157959464,676.6107977334211,662.5384854479686,16,16,16
Q003560,681.0,Sennacherib,Neo-Assyrian,Kuyunjik (Nineveh),ORCC,door socket,646.2876275486435,662.8154207778297,667.4669785374315,19,19,19
Q003561,681.0,Sennacherib,Neo-Assyrian,Kuyunjik (Nineveh),ORCC,door socket,656.2897416737453,686.1703777163458,643.3393889864344,20,20,20
Q003562,681.0,Sennacherib,Neo-Assyrian,Kuyunjik (Nineveh),ORCC,brick,649.3648042274982,659.2895004526557,639.409070861015,18,18,18
Q003563,681.0,Sennacherib,Neo-Assyrian,Kuyunjik (Nineveh),ORCC,brick,663.0402597094168,696.5668133771916,654.74376676402,11,11,11
Q003564,681.0,Sennacherib,Neo-Assyrian,Kuyunjik (Nineveh),ORCC,brick,655.5335593653335,648.3633780530006,653.1724533170578,24,24,24
Q003565,681.0,Sennacherib,Neo-Assyrian,Kuyunjik (Nineveh),ORCC,brick,641.1199173804996,637.432217031611,641.2240265495101,19,19,19
Q003566,681.0,Sennacherib,Neo-Assyrian,Kuyunjik (Nineveh),ORCC,brick,652.9804026266008,672.7580269229474,665.5419876507311,18,18,18
Q003567,681.0,Sennacherib,Neo-Assyrian,Kuyunjik (Nineveh),ORCC,brick,650.4646991431159,671.8955606300154,642.3210600913598,18,18,18
Q003568,681.0,Sennacherib,Neo-Assyrian,Kuyunjik (Nineveh),ORCC,brick,655.1806022472722,671.5343105517144,679.8310911287848,17,17,17
Q003569,681.0,Sennacherib,Neo-Assyrian,Kuyunjik (Nineveh),ORCC,brick,643.5713585844005,642.1156130277825,649.5405947581717,19,19,19
Q003570,681.0,Sennacherib,Neo-Assyrian,Kuyunjik (Nineveh),ORCC,brick,651.0790385819574,671.047045985099,663.7293535667227,22,22,22
Q003571,681.0,Sennacherib,Neo-Assyrian,Kuyunjik (Nineveh),ORCC,brick,665.3685207954261,691.0088957597852,671.9228482690812,20,20,20
Q003572,681.0,Sennacherib,Neo-Assyrian,Kuyunjik (Nineveh),ORCC,brick,630.0504506625597,628.4294199710237,636.0738556424951,13,13,13
Q003573,681.0,Sennacherib,Neo-Assyrian,Kuyunjik (Nineveh),ORCC,brick,653.835624288566,664.1593709881054,658.7937221830199,19,19,19
Q003574,681.0,Sennacherib,Neo-Assyrian,Kuyunjik (Nineveh),ORCC,brick,647.1318331690438,650.0562339479504,650.2456372976275,16,16,16
Q003576,681.0,Sennacherib,Neo-Assyrian,Kuyunjik (Nineveh),ORCC,bead,654.4763127130842,706.1682375188417,669.7039115253668,19,19,19
Q003577,681.0,Sennacherib,Neo-Assyrian,Kuyunjik (Nineveh),ORCC,bead,650.1072979813891,714.3347379776643,693.1716621111264,21,21,21
Q003578,681.0,Sennacherib,Neo-Assyrian,Kuyunjik (Nineveh),ORCC,bead,663.8834890123445,717.2470235858034,678.6591521642401,15,15,15
Q003579,681.0,Sennacherib,Neo-Assyrian,Kuyunjik (Nineveh),ORCC,bead,650.809404890188,696.6977703360124,682.4640564729118,25,25,25
Q003608,727.0,Tiglath-pileser III,Neo-Assyrian,Nimrud (Kalhu),ORCC,duck weight,660.8071398821763,680.6836757517061,656.908846683169,51,51,51
Q003609,727.0,Tiglath-pileser III,Neo-Assyrian,Nimrud (Kalhu),ORCC,lion weight,658.1196920376913,668.7450023128603,660.5937292760325,60,60,60
Q003610,727.0,Tiglath-pileser III,Neo-Assyrian,Qalat Sherqat (Assur),ORCC,vessel,656.3861791603725,667.5153165217877,652.8949247940774,54,54,54
Q003611,727.0,Tiglath-pileser III,Neo-Assyrian,Qalat Sherqat (Assur),ORCC,enameled tile,655.5598903304536,667.4174419116592,652.857399756716,65,65,65
Q003612,727.0,Tiglath-pileser III,Neo-Assyrian,Qalat Sherqat (Assur),ORCC,enameled tile,657.8188663204987,679.8419815796348,658.2509002900966,60,60,60
Q003613,727.0,Tiglath-pileser III,Neo-Assyrian,Qalat Sherqat (Assur),ORCC,bead,663.1619554467047,677.4386117593754,662.9886716656612,49,49,49
Q003617,727.0,Tiglath-pileser III,Neo-Assyrian,Arslan Tash (Ḫadatu),ORCC,lion colossus,658.4335021958826,664.4640801684236,634.7045434269768,52,52,52
Q003618,727.0,Tiglath-pileser III,Neo-Assyrian,Tell Tayinat (Unqi),ORCC,disk,652.5377871541315,667.25408835958,661.7404237886966,56,56,56
Q003619,727.0,Tiglath-pileser III,Neo-Assyrian,Nimrud (Kalhu),ORCC,None,653.7127189985214,647.2597792515145,650.2505189877053,52,52,52
Q003620,727.0,Tiglath-pileser III,Neo-Assyrian,Nimrud (Kalhu),ORCC,vessel,656.9800958647052,660.9014234747717,654.0760565393617,47,47,47
Q003621,727.0,Tiglath-pileser III,Neo-Assyrian,Nimrud (Kalhu),ORCC,vessel,659.7541100196695,670.8013243126048,652.7307215965545,51,51,51
Q003700,631.0,Ashurbanipal,Neo-Assyrian,Kuyunjik (Nineveh),ORCC,prism,662.6927352271398,707.32196936936,643.1868410498718,16,16,16
Q003701,631.0,Ashurbanipal,Neo-Assyrian,Kuyunjik (Nineveh),ORCC,prism,616.7892672974282,624.6194811067662,632.0546362502497,19,19,19
Q003702,631.0,Ashurbanipal,Neo-Assyrian,Kuyunjik (Nineveh),ORCC,prism,638.4278214011957,636.1583337602418,627.8399134823545,21,21,21
Q003703,631.0,Ashurbanipal,Neo-Assyrian,Kuyunjik (Nineveh),ORCC,prism,633.680575524008,635.3265613708417,628.4416085822982,17,17,17
Q003704,631.0,Ashurbanipal,Neo-Assyrian,Kuyunjik (Nineveh),ORCC,prism,634.1170743524118,622.5241657917448,623.0378219317986,11,11,11
Q003705,631.0,Ashurbanipal,Neo-Assyrian,Kuyunjik (Nineveh),ORCC,prism,635.0152408840017,639.6153676246141,668.8909297074453,13,13,13
Q003706,631.0,Ashurbanipal,Neo-Assyrian,Nimrud (Kalhu),ORCC,prism,637.0310286949905,637.9274029988871,643.835920927588,8,8,8
Q003707,631.0,Ashurbanipal,Neo-Assyrian,Kuyunjik (Nineveh),ORCC,prism,632.288547240947,622.3684034300712,621.9423745471923,11,11,11
Q003708,631.0,Ashurbanipal,Neo-Assyrian,Kuyunjik (Nineveh),ORCC,"prism, vertical cylinder",625.0922863094373,615.8109041101842,619.4268864737023,14,14,14
Q003709,631.0,Ashurbanipal,Neo-Assyrian,Kuyunjik (Nineveh),ORCC,prism,633.8335857030936,624.3641843119708,617.8168091151805,17,17,17
Q003710,631.0,Ashurbanipal,Neo-Assyrian,Kuyunjik (Nineveh),ORCC,prism,624.226253567524,617.6691469420557,619.2519849186563,13,13,13
Q003711,631.0,Ashurbanipal,Neo-Assyrian,Babylon (Bābili),ORCC,prism,642.7808190721872,644.0187905661196,611.4940231801801,21,21,21
Q003712,631.0,Ashurbanipal,Neo-Assyrian,Kuyunjik (Nineveh),ORCC,prism,623.9846262570388,614.8151245390086,609.9162436644974,19,19,19
Q003713,631.0,Ashurbanipal,Neo-Assyrian,Kuyunjik (Nineveh),ORCC,prism,659.2349563048257,667.4918577590232,627.0966075613783,10,10,10
Q003714,631.0,Ashurbanipal,Neo-Assyrian,Kuyunjik (Nineveh),ORCC,prism,639.5041789741031,630.2888049400311,620.4308038964098,20,20,20
Q003715,631.0,Ashurbanipal,Neo-Assyrian,Kuyunjik (Nineveh),ORCC,prism,639.8404330110981,645.555834963542,654.6486091489332,11,11,11
Q003716,631.0,Ashurbanipal,Neo-Assyrian,Kuyunjik (Nineveh),ORCC,prism,646.4312322046635,645.3715493189417,645.0385198152184,18,18,18
Q003717,631.0,Ashurbanipal,Neo-Assyrian,Kuyunjik (Nineveh),ORCC,prism,638.209757699846,627.2171016968006,638.1832569513398,15,15,15
Q003718,631.0,Ashurbanipal,Neo-Assyrian,Kuyunjik (Nineveh),ORCC,prism,644.4513781636426,677.0710736986226,657.1138907794932,13,13,13
Q003719,631.0,Ashurbanipal,Neo-Assyrian,Kuyunjik (Nineveh),ORCC,prism,659.8795557009105,686.3764530828064,664.3332797445987,17,17,17
Q003720,631.0,Ashurbanipal,Neo-Assyrian,Kuyunjik (Nineveh),ORCC,cylinder,622.9115511573972,638.8611217708492,630.0928106272029,13,13,13
Q003721,631.0,Ashurbanipal,Neo-Assyrian,Kuyunjik (Nineveh),ORCC,slab,626.2117650876353,620.5439750915808,633.3142114946884,14,14,14
Q003722,631.0,Ashurbanipal,Neo-Assyrian,Kuyunjik (Nineveh),ORCC,slab,637.6583172793103,615.9884630278541,649.0106192248419,19,19,19
Q003723,631.0,Ashurbanipal,Neo-Assyrian,Kuyunjik (Nineveh),ORCC,slab (sculptured),664.5886245063716,682.24599780572,667.3897889421745,18,18,18
Q003724,631.0,Ashurbanipal,Neo-Assyrian,Kuyunjik (Nineveh),ORCC,slab (sculptured),622.3853645925229,623.3006879982328,635.8973933871489,15,15,15
Q003725,631.0,Ashurbanipal,Neo-Assyrian,Kuyunjik (Nineveh),ORCC,slab (sculptured),656.8601650052485,681.1933265544559,652.356466391669,13,13,13
Q003726,631.0,Ashurbanipal,Neo-Assyrian,Kuyunjik (Nineveh),ORCC,slab (sculptured),644.3426236869501,639.7552225190218,637.3020210176951,18,18,18
Q003727,631.0,Ashurbanipal,Neo-Assyrian,Kuyunjik (Nineveh),ORCC,slab (sculptured),637.4751272603128,656.5173051878621,635.3844190617759,17,17,17
Q003728,631.0,Ashurbanipal,Neo-Assyrian,Kuyunjik (Nineveh),ORCC,slab (sculptured),650.3172822620132,671.0646588309025,679.4514532272266,21,21,21
Q003730,631.0,Ashurbanipal,Neo-Assyrian,Kuyunjik (Nineveh),ORCC,slab (sculptured),651.06144045567,657.8046245593284,650.0212175280153,16,16,16
Q003731,631.0,Ashurbanipal,Neo-Assyrian,Kuyunjik (Nineveh),ORCC,slab (sculptured),642.4753787043572,684.9552638229685,636.956659037576,12,12,12
Q003732,631.0,Ashurbanipal,Neo-Assyrian,Kuyunjik (Nineveh),ORCC,slab (sculptured),663.0037671756762,659.1101344787941,655.1962572468296,11,11,11
Q003733,631.0,Ashurbanipal,Neo-Assyrian,Kuyunjik (Nineveh),ORCC,slab (sculptured),659.1160858352175,674.941849087061,646.9246987510039,14,14,14
Q003734,631.0,Ashurbanipal,Neo-Assyrian,Kuyunjik (Nineveh),ORCC,slab (sculptured),658.4979744890472,669.5072834810494,642.662032615224,17,17,17
Q003735,631.0,Ashurbanipal,Neo-Assyrian,Kuyunjik (Nineveh),ORCC,slab (sculptured),644.7869085233662,653.990697899915,642.944551802873,14,14,14
Q003736,631.0,Ashurbanipal,Neo-Assyrian,Kuyunjik (Nineveh),ORCC,slab (sculptured),649.1808224589178,632.2664254410107,638.8298261979096,20,20,20
Q003737,631.0,Ashurbanipal,Neo-Assyrian,Kuyunjik (Nineveh),ORCC,slab (sculptured),653.7580631484644,667.3082606582093,657.6590144388346,14,14,14
Q003738,631.0,Ashurbanipal,Neo-Assyrian,Kuyunjik (Nineveh),ORCC,slab (sculptured),652.3296633363229,636.1499476210506,647.5589204749157,8,8,8
Q003739,631.0,Ashurbanipal,Neo-Assyrian,Kuyunjik (Nineveh),ORCC,slab (sculptured),672.9684891902918,688.7578296298713,653.6014794089479,14,14,14
Q003740,631.0,Ashurbanipal,Neo-Assyrian,Kuyunjik (Nineveh),ORCC,slab (sculptured),685.7464879025478,692.489870708338,657.0439629764485,20,20,20
Q003741,631.0,Ashurbanipal,Neo-Assyrian,Kuyunjik (Nineveh),ORCC,slab (sculptured),645.6204881608884,692.8070148603649,649.8910093560429,11,11,11
Q003742,631.0,Ashurbanipal,Neo-Assyrian,Kuyunjik (Nineveh),ORCC,slab (sculptured),650.6646953506181,648.5683264929022,634.6104693776967,13,13,13
Q003743,631.0,Ashurbanipal,Neo-Assyrian,Kuyunjik (Nineveh),ORCC,slab (sculptured),677.983800611515,679.7013770982142,672.2583386101426,13,13,13
Q003744,631.0,Ashurbanipal,Neo-Assyrian,Kuyunjik (Nineveh),ORCC,slab (sculptured),680.4178601364667,669.7919192174538,662.1719414369228,14,14,14
Q003745,631.0,Ashurbanipal,Neo-Assyrian,Kuyunjik (Nineveh),ORCC,slab (sculptured),602.9935926078763,553.9969661775958,628.6165573122835,20,20,20
Q003746,631.0,Ashurbanipal,Neo-Assyrian,Kuyunjik (Nineveh),ORCC,slab (sculptured),658.5304626822999,642.2560271224902,653.3808751358521,13,13,13
Q003748,631.0,Ashurbanipal,Neo-Assyrian,Kuyunjik (Nineveh),ORCC,slab (sculptured),653.1291439404677,649.4109160881319,698.1421124230759,17,17,17
Q003749,631.0,Ashurbanipal,Neo-Assyrian,Kuyunjik (Nineveh),ORCC,slab (sculptured),654.9228027729176,682.7695792124841,662.4625627250995,20,20,20
Q003750,631.0,Ashurbanipal,Neo-Assyrian,Kuyunjik (Nineveh),ORCC,slab (sculptured),654.3673958002884,660.1495973986456,643.6700398215805,11,11,11
Q003751,631.0,Ashurbanipal,Neo-Assyrian,Kuyunjik (Nineveh),ORCC,slab (sculptured),663.5895865227554,659.504845475573,669.7941564651234,7,7,7
Q003753,631.0,Ashurbanipal,Neo-Assyrian,Kuyunjik (Nineveh),ORCC,slab (sculptured),645.5444877233552,650.5028196673481,636.1260115901321,14,14,14
Q003754,631.0,Ashurbanipal,Neo-Assyrian,Kuyunjik (Nineveh),ORCC,slab (sculptured),636.8278843903864,650.294937002329,628.4678090127771,18,18,18
Q003755,631.0,Ashurbanipal,Neo-Assyrian,Kuyunjik (Nineveh),ORCC,slab (sculptured),645.2526063290617,658.8497851615035,641.6923898721242,20,20,20
Q003756,631.0,Ashurbanipal,Neo-Assyrian,Kuyunjik (Nineveh),ORCC,slab (sculptured),643.9548804304857,658.99214802201,613.7089366881661,19,19,19
Q003757,631.0,Ashurbanipal,Neo-Assyrian,Kuyunjik (Nineveh),ORCC,slab (sculptured),643.5359708647068,649.2235828319382,623.5324008630366,17,17,17
Q003758,631.0,Ashurbanipal,Neo-Assyrian,Kuyunjik (Nineveh),ORCC,paving stone,631.1936226750516,649.6676609949859,662.598743415398,18,18,18
Q003759,631.0,Ashurbanipal,Neo-Assyrian,Kuyunjik (Nineveh),ORCC,paving stone,624.0209566144722,654.44529641542,634.4824564069993,23,23,23
Q003760,631.0,Ashurbanipal,Neo-Assyrian,Qalat Sherqat (Assur),ORCC,None,631.9992942302888,643.7558799239725,685.1147319167432,16,16,16
Q003761,631.0,Ashurbanipal,Neo-Assyrian,Kuyunjik (Nineveh),ORCC,None,633.0796803685938,616.3140830292579,641.7712670272604,23,23,23
Q003762,631.0,Ashurbanipal,Neo-Assyrian,Kuyunjik (Nineveh),ORCC,anthropomorphic statue,653.0140298356091,653.4467440160079,666.6296642861815,14,14,14
Q003763,631.0,Ashurbanipal,Neo-Assyrian,Kuyunjik (Nineveh),ORCC,"human-headed bull colossus, slab",656.9814025894063,662.1354247111941,671.9303964969814,13,13,13
Q003764,631.0,Ashurbanipal,Neo-Assyrian,Kuyunjik (Nineveh),ORCC,seal (impression),655.4142463653463,655.677000659671,645.7484600380355,21,21,21
Q003765,631.0,Ashurbanipal,Neo-Assyrian,Kuyunjik (Nineveh),ORCC,seal (impression),650.9258503967177,663.4887233473562,661.0792958094816,12,12,12
Q003766,631.0,Ashurbanipal,Neo-Assyrian,Kuyunjik (Nineveh),ORCC,seal (impression),655.318164983409,645.4198152839501,644.3540288382086,20,20,20
Q003767,631.0,Ashurbanipal,Neo-Assyrian,Kuyunjik (Nineveh),ORCC,vessel,646.346325733583,654.48538214587,645.0613654124471,11,11,11
Q003768,631.0,Ashurbanipal,Neo-Assyrian,Kuyunjik (Nineveh),ORCC,vessel,652.2600866981969,642.5451872111944,642.5653379403208,12,12,12
Q003769,631.0,Ashurbanipal,Neo-Assyrian,Kuyunjik (Nineveh),ORCC,vessel,657.9310861381746,655.5784182076496,647.5497344763035,17,17,17
Q003770,631.0,Ashurbanipal,Neo-Assyrian,Kuyunjik (Nineveh),ORCC,glazed brick,656.4580972762797,640.4580693464076,655.8183143735274,18,18,18
Q003771,631.0,Ashurbanipal,Neo-Assyrian,Kuyunjik (Nineveh),ORCC,None,649.8270113592722,646.1413543139948,632.5123064116375,12,12,12
Q003772,631.0,Ashurbanipal,Neo-Assyrian,Kuyunjik (Nineveh),ORCC,None,663.4568142734202,682.6002283417874,666.6922246891343,13,13,13
Q003773,631.0,Ashurbanipal,Neo-Assyrian,Kuyunjik (Nineveh),ORCC,None,649.1828064121075,633.2525468955264,650.0473192661387,14,14,14
Q003774,631.0,Ashurbanipal,Neo-Assyrian,Kuyunjik (Nineveh),ORCC,None,648.3033024097547,656.2640925765927,634.97390710601,12,12,12
Q003775,631.0,Ashurbanipal,Neo-Assyrian,Kuyunjik (Nineveh),ORCC,None,667.0136459061113,710.6245201475317,679.1262260855077,12,12,12
Q003776,631.0,Ashurbanipal,Neo-Assyrian,Kuyunjik (Nineveh),ORCC,None,634.2079450167015,658.3699051643543,645.571679148581,11,11,11
Q003777,631.0,Ashurbanipal,Neo-Assyrian,Kuyunjik (Nineveh),ORCC,None,658.070733212229,693.4547972892967,628.9636993957836,14,14,14
Q003778,631.0,Ashurbanipal,Neo-Assyrian,Kuyunjik (Nineveh),ORCC,None,635.9457589442811,619.7271528824243,643.5700103233771,18,18,18
Q003779,631.0,Ashurbanipal,Neo-Assyrian,Kuyunjik (Nineveh),ORCC,None,655.4459255796845,663.3158659752614,683.9730300874814,19,19,19
Q003780,631.0,Ashurbanipal,Neo-Assyrian,Kuyunjik (Nineveh),ORCC,None,655.7695117207412,640.8821489338388,653.0692339314817,22,22,22
Q003781,631.0,Ashurbanipal,Neo-Assyrian,Kuyunjik (Nineveh),ORCC,None,654.2404249488142,663.663329533122,660.6599316731329,13,13,13
Q003782,631.0,Ashurbanipal,Neo-Assyrian,Kuyunjik (Nineveh),ORCC,None,638.0919837840327,662.9065251644051,648.4936759766997,12,12,12
Q003783,631.0,Ashurbanipal,Neo-Assyrian,Kuyunjik (Nineveh),ORCC,None,633.9413909621395,631.3278078104818,653.6925618854887,20,20,20
Q003784,631.0,Ashurbanipal,Neo-Assyrian,Kuyunjik (Nineveh),ORCC,None,649.701946705124,659.1429707993908,638.1574775284655,20,20,20
Q003785,631.0,Ashurbanipal,Neo-Assyrian,Kuyunjik (Nineveh),ORCC,None,654.2098596699619,671.9811418277968,680.249797500999,15,15,15
Q003786,631.0,Ashurbanipal,Neo-Assyrian,Kuyunjik (Nineveh),ORCC,None,656.5073823162694,647.9071004189663,666.0332889132225,16,16,16
Q003787,631.0,Ashurbanipal,Neo-Assyrian,Kuyunjik (Nineveh),ORCC,None,655.6539407566663,633.8675723948096,675.7060984769861,9,9,9
Q003788,631.0,Ashurbanipal,Neo-Assyrian,Kuyunjik (Nineveh),ORCC,None,649.5756433499972,676.0005562549525,660.2713010643321,14,14,14
Q003789,631.0,Ashurbanipal,Neo-Assyrian,Kuyunjik (Nineveh),ORCC,None,666.1488419624643,710.0870388015845,654.7012725778443,13,13,13
Q003790,631.0,Ashurbanipal,Neo-Assyrian,Kuyunjik (Nineveh),ORCC,None,636.1644932398419,656.8618036058682,624.625032440076,13,13,13
Q003791,631.0,Ashurbanipal,Neo-Assyrian,Kuyunjik (Nineveh),ORCC,None,636.9630372697701,658.8422675376538,651.7585549138839,17,17,17
Q003792,631.0,Ashurbanipal,Neo-Assyrian,Kuyunjik (Nineveh),ORCC,None,663.2418061430601,665.4848010705706,656.1331278681968,14,14,14
Q003793,631.0,Ashurbanipal,Neo-Assyrian,Kuyunjik (Nineveh),ORCC,None,650.9260681365577,650.3329723584927,611.9818718628467,17,17,17
Q003794,631.0,Ashurbanipal,Neo-Assyrian,Kuyunjik (Nineveh),ORCC,None,651.8437610646243,638.6673866521619,687.9551552367722,18,18,18
Q003795,631.0,Ashurbanipal,Neo-Assyrian,Kuyunjik (Nineveh),ORCC,None,664.2317957513906,675.5167835697542,653.3187272384221,19,19,19
Q003796,631.0,Ashurbanipal,Neo-Assyrian,Kuyunjik (Nineveh),ORCC,None,640.4672626241739,626.4793112510164,627.0352729517552,17,17,17
Q003797,631.0,Ashurbanipal,Neo-Assyrian,Kuyunjik (Nineveh),ORCC,None,642.4311946492197,612.0319065820571,633.623974620237,16,16,16
Q003798,631.0,Ashurbanipal,Neo-Assyrian,Kuyunjik (Nineveh),ORCC,None,645.4178868237901,626.3028359032095,613.4117534323535,17,17,17
Q003799,631.0,Ashurbanipal,Neo-Assyrian,Babylon,ORCC,cylinder,630.290784533292,613.4144185284138,598.8868882429904,14,14,14
Q003800,631.0,Ashurbanipal,Neo-Assyrian,Babylon,ORCC,stele,650.3422318465151,657.4496625950443,655.7036826910687,11,11,11
Q003801,631.0,Ashurbanipal,Neo-Assyrian,Babylon,ORCC,cylinder,671.5876489582869,675.1652290875119,672.3572518651292,18,18,18
Q003802,631.0,Ashurbanipal,Neo-Assyrian,Babylon,ORCC,cylinder,670.7901466097519,707.2233320188991,686.1454834823566,20,20,20
Q003803,631.0,Ashurbanipal,Neo-Assyrian,Babylon,ORCC,cylinder,670.6589582433134,693.0584608285418,686.9820444427345,7,7,7
Q003804,631.0,Ashurbanipal,Neo-Assyrian,Babylon,ORCC,stele,644.4571630970161,628.4071796812055,626.3364615721193,20,20,20
Q003805,631.0,Ashurbanipal,Neo-Assyrian,Babylon,ORCC,brick,641.0810548962517,636.1013907052089,642.7207845729702,19,19,19
Q003806,631.0,Ashurbanipal,Neo-Assyrian,Babylon,ORCC,brick,649.9480400303139,647.0267525827979,656.4155351860834,18,18,18
Q003807,631.0,Ashurbanipal,Neo-Assyrian,Babylon,ORCC,brick,655.0705248906954,649.6917003373032,691.1743422295225,20,20,20
Q003808,631.0,Ashurbanipal,Neo-Assyrian,Babylon,ORCC,brick,644.0477414727504,634.8781373754266,641.2712046429172,14,14,14
Q003809,631.0,Ashurbanipal,Neo-Assyrian,Babylon,ORCC,brick,623.2072262266284,608.9952815607722,655.9871725432796,13,13,13
Q003810,631.0,Ashurbanipal,Neo-Assyrian,Sippar,ORCC,cylinder,641.5661252857396,633.2293513878448,629.592600356752,17,17,17
Q003811,631.0,Ashurbanipal,Neo-Assyrian,Borsippa,ORCC,stele,644.2893296004725,630.9165611860113,623.8100904015048,19,19,19
Q003812,631.0,Ashurbanipal,Neo-Assyrian,Borsippa,ORCC,cylinder,669.3107934444058,674.8554471059881,670.4236873977492,13,13,13
Q003813,631.0,Ashurbanipal,Neo-Assyrian,Nippur,ORCC,cylinder,654.2884215864382,621.547451704217,603.1136225267174,15,15,15
Q003814,631.0,Ashurbanipal,Neo-Assyrian,Nippur,ORCC,brick,630.9570276689255,616.76798512517,601.4099116238597,14,14,14
Q003815,631.0,Ashurbanipal,Neo-Assyrian,Nippur,ORCC,brick,664.6405304523217,629.1127007726371,624.0530041984982,15,15,15
Q003816,631.0,Ashurbanipal,Neo-Assyrian,Nippur,ORCC,brick,667.2329701779238,677.0650153313549,692.4318992105075,18,18,18
Q003817,631.0,Ashurbanipal,Neo-Assyrian,Uruk,ORCC,brick,642.4544892672125,643.0652504441587,593.0038230106035,11,11,11
Q003818,631.0,Ashurbanipal,Neo-Assyrian,Nineveh,ORCC,cylinder,645.8327726633421,638.2005952163191,664.5352875363935,15,15,15
Q003819,631.0,Ashurbanipal,Neo-Assyrian,Dur-Kurigalzu,ORCC,brick,651.1834336465122,657.7358294195066,653.8984218546834,11,11,11
Q003820,631.0,Ashurbanipal,Neo-Assyrian,Me-Turran,ORCC,brick,642.7586509347409,651.829783593474,644.2015359828765,19,19,19
Q003821,631.0,Ashurbanipal,Neo-Assyrian,Babylonia,ORCC,None,641.8190333568342,676.1099150775733,695.6099033113669,21,21,21
Q003822,631.0,Ashurbanipal,Neo-Assyrian,Kuyunjik (Nineveh),ORCC,None,653.2393161847247,658.8326931013337,625.0869703800365,8,8,8
Q003823,631.0,Ashurbanipal,Neo-Assyrian,Kuyunjik (Nineveh),ORCC,None,643.0437932999922,670.4482799767469,638.2296798504843,19,19,19
Q003824,631.0,Ashurbanipal,Neo-Assyrian,Kuyunjik (Nineveh),ORCC,None,661.3654842321088,666.1308364295209,660.8420473222346,20,20,20
Q003825,631.0,Ashurbanipal,Neo-Assyrian,Kuyunjik (Nineveh),ORCC,None,673.1623695969811,701.1273631035691,649.1737039099266,18,18,18
Q003826,631.0,Ashurbanipal,Neo-Assyrian,Kuyunjik (Nineveh),ORCC,None,662.2776932792733,660.8083973211169,676.5604469792903,10,10,10
Q003827,631.0,Ashurbanipal,Neo-Assyrian,Kuyunjik (Nineveh),ORCC,None,652.1798070009917,627.9513850342196,659.3057213385831,13,13,13
Q003828,631.0,Ashurbanipal,Neo-Assyrian,Kuyunjik (Nineveh),ORCC,None,664.6142814466016,692.812789348109,665.5216154106156,16,16,16
Q003829,631.0,Ashurbanipal,Neo-Assyrian,Kuyunjik (Nineveh),ORCC,None,644.1416261200634,625.9574605322546,669.3985951644313,18,18,18
Q003840,631.0,Ashurbanipal,Neo-Assyrian,Ur,ORCC,door socket,676.3469144194605,683.6763931557524,667.5350660809198,12,12,12
Q003841,631.0,Ashurbanipal,Neo-Assyrian,Ur,ORCC,cone,644.7016962697921,625.2481639847483,683.3551808494813,10,10,10
Q003845,631.0,Ashurbanipal,Neo-Assyrian,Ur,ORCC,brick,638.4351602398677,615.0686085631296,619.8708475814836,16,16,16
Q003846,631.0,Ashurbanipal,Neo-Assyrian,Ur,ORCC,brick,614.3042553590368,620.7548050355529,610.8364573377859,14,14,14
Q003854,631.0,Ashurbanipal,Neo-Assyrian,Ur,ORCC,disk,644.5069720974403,620.2968521121179,629.030148392488,23,23,23
Q003855,631.0,Ashurbanipal,Neo-Assyrian,Ur,ORCC,uncertain,602.2798146114199,608.9423151550031,607.6433364695732,15,15,15
Q003862,612.0,Sîn-šarru-iškun,Neo-Assyrian,Kuyunjik (Nineveh),ORCC,cylinder,632.7965237605247,624.4441049971078,624.6691502556157,200,200,200
Q003863,612.0,Sîn-šarru-iškun,Neo-Assyrian,Kuyunjik (Nineveh),ORCC,cylinder,649.0840725300214,638.9161646772766,596.6063567838783,200,200,200
Q003864,612.0,Sîn-šarru-iškun,Neo-Assyrian,Kuyunjik (Nineveh),ORCC,cylinder,634.6727849999809,638.8519089279605,624.477249403429,200,200,200
Q003865,612.0,Sîn-šarru-iškun,Neo-Assyrian,Kuyunjik (Nineveh),ORCC,cylinder,646.8591472778003,657.7961443712609,641.5619895357129,200,200,200
Q003866,612.0,Sîn-šarru-iškun,Neo-Assyrian,Kuyunjik (Nineveh),ORCC,cylinder,664.6825420274748,637.6394594628617,637.1714529667948,200,200,200
Q003867,612.0,Sîn-šarru-iškun,Neo-Assyrian,Kuyunjik (Nineveh),ORCC,None,632.7965237605247,624.4441049971078,624.7163993076341,200,200,200
Q003868,612.0,Sîn-šarru-iškun,Neo-Assyrian,Qalat Sherqat (Assur),ORCC,prism,648.0928791619629,637.611340578089,622.5838248388046,200,200,200
Q003869,612.0,Sîn-šarru-iškun,Neo-Assyrian,Qalat Sherqat (Assur),ORCC,prism,642.8786511324575,629.4977308229721,638.9898430152255,200,200,200
Q003870,612.0,Sîn-šarru-iškun,Neo-Assyrian,Qalat Sherqat (Assur),ORCC,prism,631.0104201227455,601.9189181182865,633.7066166898687,200,200,200
Q003871,612.0,Sîn-šarru-iškun,Neo-Assyrian,Qalat Sherqat (Assur),ORCC,cylinder,639.3814378246543,644.0431520240053,640.9269228793798,200,200,200
Q003872,612.0,Sîn-šarru-iškun,Neo-Assyrian,Qalat Sherqat (Assur),ORCC,cone,681.8771343416602,680.8807879275207,710.5994136766835,200,200,200
Q003873,612.0,Sîn-šarru-iškun,Neo-Assyrian,Qalat Sherqat (Assur),ORCC,block,684.9695700993927,701.5835600343189,733.2700663410367,200,200,200
Q003874,612.0,Sîn-šarru-iškun,Neo-Assyrian,Qalat Sherqat (Assur),ORCC,brick,679.7762707996687,679.1673134762245,694.3697913414019,200,200,200
Q003875,612.0,Sîn-šarru-iškun,Neo-Assyrian,Qalat Sherqat (Assur),ORCC,brick,690.4468863249845,722.9060024170444,740.5200611449411,200,200,200
Q003876,612.0,Sîn-šarru-iškun,Neo-Assyrian,Qalat Sherqat (Assur),ORCC,None,651.6221926751195,645.3366658818009,653.939585804508,200,200,200
Q003877,612.0,Sîn-šarru-iškun,Neo-Assyrian,Qalat Sherqat (Assur),ORCC,None,635.6660435969053,631.0523898882061,654.4998433028919,200,200,200
Q003878,612.0,Sîn-šarru-iškun,Neo-Assyrian,Qalat Sherqat (Assur),ORCC,None,679.4711979096813,704.9572977891169,705.4993374549882,200,200,200
Q003879,612.0,Sîn-šarru-iškun,Neo-Assyrian,Qalat Sherqat (Assur),ORCC,None,655.1654826719712,660.0161932105435,668.8499365640342,200,200,200
Q003880,612.0,Sîn-šarru-iškun,Neo-Assyrian,Nimrud (Kalhu),ORCC,cylinder,630.6684679253254,611.9825537767455,609.4797160265884,200,200,200
Q003911,681.0,Sennacherib,Neo-Assyrian,Kuyunjik (Nineveh),ORCC,bead,655.54587991777,695.5820104100582,682.4339822807998,17,17,17
Q003912,681.0,Sennacherib,Neo-Assyrian,Kuyunjik (Nineveh),ORCC,bead,645.2490667619132,702.8291559812935,680.2128988857369,20,20,20
Q003913,681.0,Sennacherib,Neo-Assyrian,Kuyunjik (Nineveh),ORCC,bead,661.9464694115519,715.6278702675725,673.6138061899267,19,19,19
Q003914,681.0,Sennacherib,Neo-Assyrian,Kuyunjik (Nineveh),ORCC,bead,650.2204039778466,696.0216403643648,673.1053254410009,17,17,17
Q003915,681.0,Sennacherib,Neo-Assyrian,Kuyunjik (Nineveh),ORCC,bead,649.7362567291026,703.6401509279839,671.7466475576884,16,16,16
Q003916,681.0,Sennacherib,Neo-Assyrian,Kuyunjik (Nineveh),ORCC,bead,654.7173805164132,688.2391371354757,665.894187805978,19,19,19
Q003917,681.0,Sennacherib,Neo-Assyrian,Kuyunjik (Nineveh),ORCC,bead,648.0476009243476,693.1457410045235,659.5592469127978,14,14,14
Q003918,681.0,Sennacherib,Neo-Assyrian,Kuyunjik (Nineveh),ORCC,bead,652.7734121721,698.2271300483003,663.5451323202213,18,18,18
Q003919,681.0,Sennacherib,Neo-Assyrian,Kuyunjik (Nineveh),ORCC,bead,650.0756889607244,692.1437103519162,659.87590030072,17,17,17
Q003920,681.0,Sennacherib,Neo-Assyrian,Kuyunjik (Nineveh),ORCC,bead,646.0447625914446,680.1118540429253,682.8725483904931,10,10,10
Q003921,681.0,Sennacherib,Neo-Assyrian,Kuyunjik (Nineveh),ORCC,bead,651.7397576737422,684.9978048468744,652.0474607953308,14,14,14
Q003922,681.0,Sennacherib,Neo-Assyrian,Kuyunjik (Nineveh),ORCC,bead,631.0039009753337,651.6404270646982,631.2060243881045,11,11,11
Q003923,681.0,Sennacherib,Neo-Assyrian,Kuyunjik (Nineveh),ORCC,bead,639.87595801943,683.4529887901093,676.1248166040132,22,22,22
Q003924,681.0,Sennacherib,Neo-Assyrian,Kuyunjik (Nineveh),ORCC,bead,620.4274770104926,661.1125670487613,640.0339458584333,16,16,16
Q003925,681.0,Sennacherib,Neo-Assyrian,Kuyunjik (Nineveh),ORCC,bead,644.0048493450138,682.7970650958794,668.7047832568167,21,21,21
Q003926,681.0,Sennacherib,Neo-Assyrian,Kuyunjik (Nineveh),ORCC,bead,645.6023995564354,689.2648743080687,667.2335653791478,13,13,13
Q003927,681.0,Sennacherib,Neo-Assyrian,Kuyunjik (Nineveh),ORCC,bead,650.1128269482067,672.808351204041,663.7099096249095,19,19,19
Q003928,681.0,Sennacherib,Neo-Assyrian,Kuyunjik (Nineveh),ORCC,bead,643.9321310058685,675.7239117205281,663.5385688458256,23,23,23
Q003929,681.0,Sennacherib,Neo-Assyrian,Kuyunjik (Nineveh),ORCC,bead,641.9308392482718,675.9954537309526,652.6103231165164,14,14,14
Q003930,681.0,Sennacherib,Neo-Assyrian,Kuyunjik (Nineveh),ORCC,bead,649.863131561353,649.6814538328559,642.3450517208213,19,19,19
Q003931,681.0,Sennacherib,Neo-Assyrian,Kuyunjik (Nineveh),ORCC,bead,645.5274023530171,679.4042697109,643.1095536673498,17,17,17
Q003932,681.0,Sennacherib,Neo-Assyrian,Kuyunjik (Nineveh),ORCC,bead,635.8704004348122,662.4163592802593,636.2353987697317,17,17,17
Q003933,681.0,Sennacherib,Neo-Assyrian,Kuyunjik (Nineveh),ORCC,bead,655.2815544224192,680.3128767600774,657.3889232330022,14,14,14
Q003934,681.0,Sennacherib,Neo-Assyrian,Kuyunjik (Nineveh),ORCC,bead,649.4341031179757,662.1385027561249,651.2578240718942,18,18,18
Q003935,681.0,Sennacherib,Neo-Assyrian,Kuyunjik (Nineveh),ORCC,bead,644.2585806339928,621.4419882055313,645.3095579767819,22,22,22
Q003936,681.0,Sennacherib,Neo-Assyrian,Kuyunjik (Nineveh),ORCC,bead,649.9311615565011,658.2630609297888,648.9251949400168,11,11,11
Q003937,681.0,Sennacherib,Neo-Assyrian,Kuyunjik (Nineveh),ORCC,horse trough,630.3865447869746,642.4323933528723,623.3136458852316,20,20,20
Q003938,681.0,Sennacherib,Neo-Assyrian,Kuyunjik (Nineveh),ORCC,vessel,639.9989978064558,690.6639654272828,628.7563373500208,25,25,25
Q003939,681.0,Sennacherib,Neo-Assyrian,Kuyunjik (Nineveh),ORCC,vessel,654.2330038371799,685.8467170049873,652.7137655262827,17,17,17
Q003940,681.0,Sennacherib,Neo-Assyrian,Kuyunjik (Nineveh),ORCC,None,670.2288917083614,701.3407146525137,670.732580496433,13,13,13
Q003941,681.0,Sennacherib,Neo-Assyrian,Kuyunjik (Nineveh),ORCC,None,638.0983231537966,643.5062521210509,662.6330968331694,21,21,21
Q003942,681.0,Sennacherib,Neo-Assyrian,Kuyunjik (Nineveh),ORCC,None,651.9246041569022,673.0890090230334,662.9752398070865,18,18,18
Q003943,681.0,Sennacherib,Neo-Assyrian,Kuyunjik (Nineveh),ORCC,None,669.5013691190559,699.3263793400137,649.4531686776446,17,17,17
Q003944,681.0,Sennacherib,Neo-Assyrian,Kuyunjik (Nineveh),ORCC,None,670.7287108693341,694.9288640410747,643.3619937564388,14,14,14
Q003945,681.0,Sennacherib,Neo-Assyrian,Kuyunjik (Nineveh),ORCC,None,660.9915564321224,697.7445150723938,643.64540818184,17,17,17
Q003946,681.0,Sennacherib,Neo-Assyrian,Kuyunjik (Nineveh),ORCC,None,648.0757405489577,670.3067787852096,626.2994104744384,14,14,14
Q003947,681.0,Sennacherib,Neo-Assyrian,Kuyunjik (Nineveh),ORCC,None,654.8976069250364,683.2794040600617,669.3199819255545,19,19,19
Q003948,681.0,Sennacherib,Neo-Assyrian,Kuyunjik (Nineveh),ORCC,None,670.4011974900909,714.4504481549711,672.1603480680614,16,16,16
Q003949,681.0,Sennacherib,Neo-Assyrian,Kuyunjik (Nineveh),ORCC,None,663.8538720116627,677.3416694078659,700.8167816486898,21,21,21
Q003950,681.0,Sennacherib,Neo-Assyrian,Kuyunjik (Nineveh),ORCC,None,641.8293709504209,654.0122158467296,632.4451128074124,18,18,18
Q003951,681.0,Sennacherib,Neo-Assyrian,Kuyunjik (Nineveh),ORCC,None,654.662584517137,675.2002534412462,628.4332743703737,15,15,15
Q003952,681.0,Sennacherib,Neo-Assyrian,Kuyunjik (Nineveh),ORCC,None,648.886574107657,667.1354826074416,615.62125688533,22,22,22
Q003953,681.0,Sennacherib,Neo-Assyrian,Kuyunjik (Nineveh),ORCC,None,645.9803717067925,599.246162304638,624.3498855727944,16,16,16
Q003954,681.0,Sennacherib,Neo-Assyrian,Kuyunjik (Nineveh),ORCC,None,659.301459937757,697.278420802671,638.8297630115251,15,15,15
Q003955,681.0,Sennacherib,Neo-Assyrian,Kuyunjik (Nineveh),ORCC,None,634.6755212338417,652.6508400126862,636.7947886871173,18,18,18
Q003956,681.0,Sennacherib,Neo-Assyrian,Kuyunjik (Nineveh),ORCC,None,632.3294980301879,678.16643219904,633.4828479042313,14,14,14
Q003957,681.0,Sennacherib,Neo-Assyrian,Kuyunjik (Nineveh),ORCC,None,670.4950296460784,701.1485572819037,710.8955535541259,12,12,12
Q003958,681.0,Sennacherib,Neo-Assyrian,Kuyunjik (Nineveh),ORCC,None,640.8963351892786,638.653341722719,635.8291878035656,17,17,17
Q003959,681.0,Sennacherib,Neo-Assyrian,Kuyunjik (Nineveh),ORCC,None,640.3298556506876,653.318635273352,628.3195883427194,12,12,12
Q003960,681.0,Sennacherib,Neo-Assyrian,Kuyunjik (Nineveh),ORCC,None,642.7452573270273,623.4937457311477,625.7780548544298,16,16,16
Q003961,681.0,Sennacherib,Neo-Assyrian,Kuyunjik (Nineveh),ORCC,None,645.3010995477691,682.6958271775396,683.7947657968942,14,14,14
Q003962,681.0,Sennacherib,Neo-Assyrian,Kuyunjik (Nineveh),ORCC,None,643.1471490435875,673.0035130891782,654.9855064314586,13,13,13
Q003963,681.0,Sennacherib,Neo-Assyrian,Kuyunjik (Nineveh),ORCC,None,613.8689480457152,631.4305618423413,596.5904453363121,18,18,18
Q003964,681.0,Sennacherib,Neo-Assyrian,Kuyunjik (Nineveh),ORCC,None,633.0182929636381,623.5042878492643,642.979367413064,22,22,22
Q003965,681.0,Sennacherib,Neo-Assyrian,Kuyunjik (Nineveh),ORCC,None,640.7643274389195,633.8135298650432,660.2097589824825,14,14,14
Q003966,681.0,Sennacherib,Neo-Assyrian,Kuyunjik (Nineveh),ORCC,None,636.5463160379596,646.2770024892303,621.4578981513165,24,24,24
Q003967,681.0,Sennacherib,Neo-Assyrian,Kuyunjik (Nineveh),ORCC,None,630.1011763935489,600.6064363396947,623.8469478455338,13,13,13
Q003968,681.0,Sennacherib,Neo-Assyrian,Kuyunjik (Nineveh),ORCC,None,641.1100068651181,649.702239633614,636.6975563520238,18,18,18
Q003969,681.0,Sennacherib,Neo-Assyrian,Qalat Sherqat (Assur),ORCC,prism,680.5028632812412,665.9653525796799,701.5886762468347,22,22,22
Q003970,681.0,Sennacherib,Neo-Assyrian,Qalat Sherqat (Assur),ORCC,prism,635.288651916898,648.2111719396391,623.0071774882807,26,26,26
Q003971,681.0,Sennacherib,Neo-Assyrian,Qalat Sherqat (Assur),ORCC,prismatic cylinder,660.1611115679555,688.0566004521781,676.0149656747775,20,20,20
Q003972,681.0,Sennacherib,Neo-Assyrian,Qalat Sherqat (Assur),ORCC,stele,649.7534647795017,663.2286844452105,683.0461880410952,22,22,22
Q003973,681.0,Sennacherib,Neo-Assyrian,Qalat Sherqat (Assur),ORCC,None,663.7608774920269,680.3638183794625,669.4356154884387,15,15,15
Q003974,681.0,Sennacherib,Neo-Assyrian,Qalat Sherqat (Assur),ORCC,block,646.6900865956615,664.8344547819652,655.9092012128276,15,15,15
Q003975,681.0,Sennacherib,Neo-Assyrian,Qalat Sherqat (Assur),ORCC,block,649.4705814936109,637.1157421549143,641.1653043754341,21,21,21
Q003976,681.0,Sennacherib,Neo-Assyrian,Qalat Sherqat (Assur),ORCC,block,645.5257054450416,656.7367994467484,648.9520274469743,24,24,24
Q003977,681.0,Sennacherib,Neo-Assyrian,Qalat Sherqat (Assur),ORCC,block,633.5236676247682,659.7662263385657,645.1127583753139,26,26,26
Q003978,681.0,Sennacherib,Neo-Assyrian,Qalat Sherqat (Assur),ORCC,block,639.786201177706,622.7290452250454,659.0244047294905,16,16,16
Q003979,681.0,Sennacherib,Neo-Assyrian,Qalat Sherqat (Assur),ORCC,series of blocks,640.1628642815442,643.7462115096764,655.3795005468583,26,26,26
Q003980,681.0,Sennacherib,Neo-Assyrian,Qalat Sherqat (Assur),ORCC,series of blocks,647.5485777304038,659.7337002687389,645.6005736042755,17,17,17
Q003981,681.0,Sennacherib,Neo-Assyrian,Qalat Sherqat (Assur),ORCC,series of blocks,659.4388410001966,670.586045845003,635.1078824995375,17,17,17
Q003982,681.0,Sennacherib,Neo-Assyrian,Qalat Sherqat (Assur),ORCC,block,626.0954727650432,643.5491556267015,628.7751207888479,11,11,11
Q003983,681.0,Sennacherib,Neo-Assyrian,Qalat Sherqat (Assur),ORCC,block,646.3471344993483,649.4314698255079,640.5297373655397,22,22,22
Q003984,681.0,Sennacherib,Neo-Assyrian,Qalat Sherqat (Assur),ORCC,block,663.8689436599631,673.3102165761651,656.0829655552373,15,15,15
Q003985,681.0,Sennacherib,Neo-Assyrian,Qalat Sherqat (Assur),ORCC,block,652.4298369007555,654.6485410770189,658.7158736165396,20,20,20
Q003986,681.0,Sennacherib,Neo-Assyrian,Qalat Sherqat (Assur),ORCC,block,635.3843445532511,654.7789328778301,631.0527574573096,13,13,13
Q003987,681.0,Sennacherib,Neo-Assyrian,Qalat Sherqat (Assur),ORCC,block,644.072411118422,649.148701974711,638.0063924547112,17,17,17
Q003989,681.0,Sennacherib,Neo-Assyrian,Qalat Sherqat (Assur),ORCC,block,640.3703620285299,638.108466143064,621.3442671089443,19,19,19
Q003990,681.0,Sennacherib,Neo-Assyrian,Qalat Sherqat (Assur),ORCC,block,642.0689081433943,647.2053705298232,640.6656001425596,21,21,21
Q003991,681.0,Sennacherib,Neo-Assyrian,Qalat Sherqat (Assur),ORCC,block,654.765481841444,653.2999284660539,650.4094487476027,16,16,16
Q003992,681.0,Sennacherib,Neo-Assyrian,Qalat Sherqat (Assur),ORCC,block,647.8722118384617,668.6376719798044,642.262256956223,17,17,17
Q003993,681.0,Sennacherib,Neo-Assyrian,Qalat Sherqat (Assur),ORCC,block,651.6799913297782,671.1073962104623,646.9570477409092,12,12,12
Q003995,681.0,Sennacherib,Neo-Assyrian,Qalat Sherqat (Assur),ORCC,door socket,653.9327028059347,640.2731184021704,661.5163492853443,23,23,23
Q003996,681.0,Sennacherib,Neo-Assyrian,Qalat Sherqat (Assur),ORCC,door socket,653.9839542992376,662.2652441189596,652.9457406864262,20,20,20
Q003998,681.0,Sennacherib,Neo-Assyrian,Qalat Sherqat (Assur),ORCC,plating,658.8272153718063,654.9844988095107,634.9511286464727,12,12,12
Q003999,681.0,Sennacherib,Neo-Assyrian,Qalat Sherqat (Assur),ORCC,plating,667.8084614054964,643.0213122560872,672.142266992294,26,26,26
Q004000,681.0,Sennacherib,Neo-Assyrian,Qalat Sherqat (Assur),ORCC,brick,663.3656673250731,687.4999399141832,653.650904102031,16,16,16
Q004001,681.0,Sennacherib,Neo-Assyrian,Qalat Sherqat (Assur),ORCC,brick,646.848185199642,626.0429512227983,668.0921635907622,14,14,14
Q004002,681.0,Sennacherib,Neo-Assyrian,Qalat Sherqat (Assur),ORCC,brick,644.9437952668881,629.8711876045232,662.083493761248,14,14,14
Q004003,681.0,Sennacherib,Neo-Assyrian,Qalat Sherqat (Assur),ORCC,brick,665.7612268694372,649.8187760175252,658.4535942561276,13,13,13
Q004004,681.0,Sennacherib,Neo-Assyrian,Qalat Sherqat (Assur),ORCC,brick,664.3642524427066,646.188642707176,674.9720270226427,20,20,20
Q004005,681.0,Sennacherib,Neo-Assyrian,Qalat Sherqat (Assur),ORCC,brick,663.0516558921283,673.7219776625994,682.9861816571939,20,20,20
Q004006,681.0,Sennacherib,Neo-Assyrian,Qalat Sherqat (Assur),ORCC,brick,656.9137184092987,667.0958280702625,684.0485889603066,17,17,17
Q004007,681.0,Sennacherib,Neo-Assyrian,Qalat Sherqat (Assur),ORCC,brick,651.3593099923207,654.6281722548476,672.5354586736482,20,20,20
Q004008,681.0,Sennacherib,Neo-Assyrian,Qalat Sherqat (Assur),ORCC,brick,654.3384851695209,659.2767165704169,673.8043612143358,14,14,14
Q004009,681.0,Sennacherib,Neo-Assyrian,Qalat Sherqat (Assur),ORCC,brick,639.0259595843304,641.9407206107933,642.940860745187,19,19,19
Q004010,681.0,Sennacherib,Neo-Assyrian,Qalat Sherqat (Assur),ORCC,brick,636.9101111434803,615.5653181008013,648.9885169290678,18,18,18
Q004014,681.0,Sennacherib,Neo-Assyrian,Qalat Sherqat (Assur),ORCC,None,631.5437868718162,591.8989434758959,643.2508894172005,13,13,13
Q004015,681.0,Sennacherib,Neo-Assyrian,Nimrud (Kalhu),ORCC,bead,638.5250484335158,665.2512559189219,672.8572010181093,10,10,10
Q004016,681.0,Sennacherib,Neo-Assyrian,Nimrud (Kalhu),ORCC,lion weight,652.8630833761105,665.5118802207217,646.1738475641541,19,19,19
Q004017,681.0,Sennacherib,Neo-Assyrian,Nimrud (Kalhu),ORCC,tablet (with seal impressions),629.2107269808737,630.1590663962511,594.2425929051032,18,18,18
Q004018,681.0,Sennacherib,Neo-Assyrian,Tell Sherif Khan (Tarbisu),ORCC,cylinder,644.609090424686,637.1147820402362,651.2472267457023,19,19,19
Q004019,681.0,Sennacherib,Neo-Assyrian,Tell Sherif Khan (Tarbisu),ORCC,cone,653.5034849142174,671.9993641239506,694.3390174513864,22,22,22
Q004020,681.0,Sennacherib,Neo-Assyrian,Tell Sherif Khan (Tarbisu),ORCC,slab,651.7390176220966,644.9619946109906,640.2254506354792,22,22,22
Q004021,681.0,Sennacherib,Neo-Assyrian,Tell Sherif Khan (Tarbisu),ORCC,brick,658.1038869614056,654.7059977729874,668.4763250126168,18,18,18
Q004023,681.0,Sennacherib,Neo-Assyrian,Qasr Shamamuk (Kilizu),ORCC,slab,659.2445130932297,670.7799605099273,693.2788159321532,20,20,20
Q004024,681.0,Sennacherib,Neo-Assyrian,Qasr Shamamuk (Kilizu),ORCC,brick,650.5407320876786,675.3708891296944,666.7963224790236,24,24,24
Q004027,681.0,Sennacherib,Neo-Assyrian,Judi Dagh,ORCC,rock face,665.5836834970194,682.3214728890282,667.9230899583583,20,20,20
Q004028,681.0,Sennacherib,Neo-Assyrian,Bavian,ORCC,rock face,642.3398186961506,630.7267098514006,653.009057515954,17,17,17
Q004029,681.0,Sennacherib,Neo-Assyrian,Jerwan Aqueduct,ORCC,block,652.0874658421219,659.0173043288347,646.8787537139746,14,14,14
Q004030,681.0,Sennacherib,Neo-Assyrian,Jerwan Aqueduct,ORCC,block,652.7460232656242,658.6047393804625,642.7372023527212,14,14,14
Q004031,681.0,Sennacherib,Neo-Assyrian,Jerwan Aqueduct,ORCC,series of blocks,652.8436954329696,689.6449066839847,674.3713482217418,16,16,16
Q004032,681.0,Sennacherib,Neo-Assyrian,Jerwan Aqueduct,ORCC,series of blocks,628.6250180233234,644.077144938371,615.5117726213597,19,19,19
Q004033,681.0,Sennacherib,Neo-Assyrian,Jerwan Aqueduct,ORCC,series of blocks,659.1114605909632,666.5245500585324,671.5473623267536,17,17,17
Q004034,681.0,Sennacherib,Neo-Assyrian,Wadi Bastura Tunnel,ORCC,series of blocks,662.0290396101335,670.7433546247552,704.0464589412792,19,19,19
Q004035,681.0,Sennacherib,Neo-Assyrian,Samarra (Sur-marrati),ORCC,None,650.9023533911163,661.3908226608563,655.4956529491055,17,17,17
Q004036,681.0,Sennacherib,Neo-Assyrian,Tikrit,ORCC,None,649.5573564151489,669.0710734948237,692.2445153319053,19,19,19
Q004037,681.0,Sennacherib,Neo-Assyrian,Babylon,ORCC,paving stone,645.5678651381488,619.4047364739266,637.9093478706608,14,14,14
Q004038,681.0,Sennacherib,Neo-Assyrian,Sippar,ORCC,lion-head finial,648.0930369507711,669.2811710084526,677.1193063814388,19,19,19
Q004058,681.0,Sennacherib,Neo-Assyrian,Kuyunjik (Nineveh),ORCC,vessel,648.189582555676,666.8050367562262,644.9265399930389,20,20,20
Q004059,681.0,Sennacherib,Neo-Assyrian,Kuyunjik (Nineveh),ORCC,vessel,647.7841969269529,664.1831380745812,643.458577279668,18,18,18
Q004060,681.0,Sennacherib,Neo-Assyrian,Kuyunjik (Nineveh),ORCC,vessel,646.1688172643035,678.4951740312574,645.3574652171512,16,16,16
Q004061,681.0,Sennacherib,Neo-Assyrian,Kuyunjik (Nineveh),ORCC,vessel,643.5604002623514,657.5947415718853,641.0904243305132,14,14,14
Q004062,681.0,Sennacherib,Neo-Assyrian,Kuyunjik (Nineveh),ORCC,vessel,657.4197599356385,701.7021993660485,636.1205216784208,19,19,19
Q004063,681.0,Sennacherib,Neo-Assyrian,Kuyunjik (Nineveh),ORCC,vessel,640.9783828573376,658.1965825622518,644.5129218647943,14,14,14
Q004064,681.0,Sennacherib,Neo-Assyrian,Kuyunjik (Nineveh),ORCC,vessel,642.0395538245306,664.4577594678542,641.048777545032,25,25,25
Q004065,681.0,Sennacherib,Neo-Assyrian,Kuyunjik (Nineveh),ORCC,vessel,643.0706092864256,654.3241085186861,636.8964917504472,15,15,15
Q004066,681.0,Sennacherib,Neo-Assyrian,Kuyunjik (Nineveh),ORCC,vessel,649.9079577763566,667.5279705312382,645.0377659654351,11,11,11
Q004067,681.0,Sennacherib,Neo-Assyrian,Kuyunjik (Nineveh),ORCC,bead,659.5652552125018,681.1390509786298,639.8046505620905,17,17,17
Q004070,681.0,Sennacherib,Neo-Assyrian,Kuyunjik (Nineveh),ORCC,bead,650.0130404675925,641.7278674805824,640.9392229186722,17,17,17
Q004071,681.0,Sennacherib,Neo-Assyrian,Kuyunjik (Nineveh),ORCC,None,665.0376383364927,696.5166500163792,682.7075050685752,18,18,18
Q004072,681.0,Sennacherib,Neo-Assyrian,Kuyunjik (Nineveh),ORCC,None,630.9988065694108,654.1380660918156,624.5446975372627,15,15,15
Q004073,681.0,Sennacherib,Neo-Assyrian,Kuyunjik (Nineveh),ORCC,None,651.9205833822538,675.2684256257977,645.071191870285,22,22,22
Q004074,681.0,Sennacherib,Neo-Assyrian,Kuyunjik (Nineveh),ORCC,None,637.879137741791,616.722720610385,639.4829221525255,16,16,16
Q004075,681.0,Sennacherib,Neo-Assyrian,Kuyunjik (Nineveh),ORCC,None,644.8685557420054,666.0985159869966,607.5793001689091,21,21,21
Q004077,681.0,Sennacherib,Neo-Assyrian,Kuyunjik (Nineveh),ORCC,None,650.3155525807414,660.7390644803315,642.9005440875901,10,10,10
Q004078,681.0,Sennacherib,Neo-Assyrian,Kuyunjik (Nineveh),ORCC,None,637.3469811367127,632.8063034942552,635.3951991367092,19,19,19
Q004079,681.0,Sennacherib,Neo-Assyrian,Kuyunjik (Nineveh),ORCC,None,645.916474099358,644.556219027447,635.403645324778,8,8,8
Q004080,681.0,Sennacherib,Neo-Assyrian,Kuyunjik (Nineveh),ORCC,tablet or prism,631.6108636325362,654.5629538176156,613.4601802534557,18,18,18
Q004081,681.0,Sennacherib,Neo-Assyrian,Kuyunjik (Nineveh),ORCC,tablet or prism,649.9723675197391,645.6172442261266,633.6419521004179,23,23,23
Q004082,681.0,Sennacherib,Neo-Assyrian,Kuyunjik (Nineveh),ORCC,tablet or prism,642.2961898045864,714.4420701805745,639.1074392836216,17,17,17
Q004088,681.0,Sennacherib,Neo-Assyrian,Qalat Sherqat (Assur),ORCC,stele,660.6198365275382,691.9485209630413,639.8635993955809,18,18,18
Q004089,681.0,Sennacherib,Neo-Assyrian,Qalat Sherqat (Assur),ORCC,vessel,672.1958442332691,703.0973738167501,668.1253310494814,20,20,20
Q004177,727.0,Tiglath-pileser III,Neo-Assyrian,Assyria,ORCC,bead,657.4310347915502,671.9307510433896,656.3193735951169,58,58,58
Q004178,727.0,Tiglath-pileser III,Neo-Assyrian,Assyria,ORCC,brick,655.3262665378463,648.1146515972982,637.9031146462572,67,67,67
Q005398,539.0,Nabonidus,Neo-Babylonian,Babylon,ORCC,cylinder,620.97807071918,599.51485549901,603.1329198930678,50,50,50
Q005399,539.0,Nabonidus,Neo-Babylonian,Babylon,ORCC,cylinder,625.4325190513647,617.8261616362798,627.4667722185978,64,64,64
Q005400,539.0,Nabonidus,Neo-Babylonian,Babylon,ORCC,stele,623.8384217289181,613.3833825598205,606.9640865321269,73,73,73
Q005401,539.0,Nabonidus,Neo-Babylonian,Babylon,ORCC,stele,632.9565532945539,625.0182482177626,644.764078107813,59,59,59
Q005402,539.0,Nabonidus,Neo-Babylonian,Babylon,ORCC,None,608.756740051168,583.1693915973937,585.1290300010139,65,65,65
Q005404,539.0,Nabonidus,Neo-Babylonian,Babylon,ORCC,brick,606.2279668155066,587.8133067403384,618.0928577576431,56,56,56
Q005405,539.0,Nabonidus,Neo-Babylonian,Babylon,ORCC,brick,626.4478917501401,600.028677249707,625.5426392643291,70,70,70
Q005407,539.0,Nabonidus,Neo-Babylonian,Babylon,ORCC,cylinder,637.8873377823276,619.329571714969,634.2314803330747,62,62,62
Q005408,539.0,Nabonidus,Neo-Babylonian,Babylon,ORCC,cylinder,640.1535420553254,617.5968884974731,628.3235007673534,71,71,71
Q005409,539.0,Nabonidus,Neo-Babylonian,Babylon,ORCC,cylinder,623.8151542515732,611.7263231399427,633.9559452826101,62,62,62
Q005410,539.0,Nabonidus,Neo-Babylonian,Borsippa,ORCC,cylinder,618.6081358214448,591.0551754606741,583.4844113808484,67,67,67
Q005411,539.0,Nabonidus,Neo-Babylonian,Kish,ORCC,cylinder,600.4707134188341,586.2916415948919,596.6950598384343,40,40,40
Q005412,539.0,Nabonidus,Neo-Babylonian,Kissik,ORCC,cylinder,605.2813384890015,587.6745715715625,589.398594053113,66,66,66
Q005413,539.0,Nabonidus,Neo-Babylonian,Larsa,ORCC,cylinder,606.8244643315322,590.168758128574,588.4790774147542,52,52,52
Q005414,539.0,Nabonidus,Neo-Babylonian,Larsa,ORCC,stele,647.1746426329595,647.4288846176981,633.1981936438335,76,76,76
Q005415,539.0,Nabonidus,Neo-Babylonian,Larsa,ORCC,brick,617.6310796618516,607.3455940595154,615.9355439576378,59,59,59
Q005416,539.0,Nabonidus,Neo-Babylonian,Marad,ORCC,cylinder,630.2736576218491,606.0660284619298,627.5773003554016,57,57,57
Q005417,539.0,Nabonidus,Neo-Babylonian,Seleucia,ORCC,brick,634.5516909540693,641.8885584349287,651.2241221063271,57,57,57
Q005418,539.0,Nabonidus,Neo-Babylonian,Sippar,ORCC,cylinder,635.0926048285677,602.7062294469208,618.2933410486304,64,64,64
Q005419,539.0,Nabonidus,Neo-Babylonian,Sippar,ORCC,cylinder,624.2450400289925,597.4843834086918,613.1452172719589,60,60,60
Q005420,539.0,Nabonidus,Neo-Babylonian,Sippar,ORCC,cylinder,616.3741255931283,594.2598999140246,620.4789738226623,61,61,61
Q005421,539.0,Nabonidus,Neo-Babylonian,Sippar,ORCC,cylinder,624.256087966647,607.8461597960625,611.7817477537849,64,64,64
Q005422,539.0,Nabonidus,Neo-Babylonian,Sippar,ORCC,cylinder,610.6325136211927,597.5282959331325,611.8428312275195,59,59,59
Q005423,539.0,Nabonidus,Neo-Babylonian,Sippar,ORCC,cylinder,641.2244325492134,627.5643520373021,620.2503754764591,68,68,68
Q005424,539.0,Nabonidus,Neo-Babylonian,Ur,ORCC,cylinder,620.251436258909,585.9114043478,648.9166054244718,61,61,61
Q005425,539.0,Nabonidus,Neo-Babylonian,Sippar,ORCC,cylinder,622.4863713684618,606.2114599935626,612.1284585042984,71,71,71
Q005426,539.0,Nabonidus,Neo-Babylonian,Sippar,ORCC,cylinder,632.2992947996682,610.8141884495748,644.4418640993684,61,61,61
Q005427,539.0,Nabonidus,Neo-Babylonian,Sippar,ORCC,None,613.3788729805129,591.1602814246788,623.7329312973937,56,56,56
Q005428,539.0,Nabonidus,Neo-Babylonian,Sippar,ORCC,brick,583.7058058339302,575.851432850913,633.089334272924,59,59,59
Q005429,539.0,Nabonidus,Neo-Babylonian,Ur,ORCC,cylinder,609.7071476315467,604.195818509001,644.0254697197302,69,69,69
Q005430,539.0,Nabonidus,Neo-Babylonian,Ur,ORCC,cylinder,610.1292798055466,601.5799093673032,642.6662771546335,66,66,66
Q005431,539.0,Nabonidus,Neo-Babylonian,Ur,ORCC,cylinder,619.0024817365812,591.3754427949784,591.753875936862,49,49,49
Q005432,539.0,Nabonidus,Neo-Babylonian,Ur,ORCC,cylinder,644.4402621292871,632.219680942695,638.9027240824934,56,56,56
Q005433,539.0,Nabonidus,Neo-Babylonian,Ur,ORCC,door socket,624.4343187833114,600.6351401922817,616.943668071811,56,56,56
Q005434,539.0,Nabonidus,Neo-Babylonian,Ur,ORCC,brick,639.7194876854904,614.7592636671967,628.663441058617,67,67,67
Q005435,539.0,Nabonidus,Neo-Babylonian,Ur,ORCC,brick,632.2544317664699,607.9330249484957,639.692393174801,59,59,59
Q005436,539.0,Nabonidus,Neo-Babylonian,Ur,ORCC,brick,598.7879827351295,596.8189655432151,618.9257623359907,69,69,69
Q005438,539.0,Nabonidus,Neo-Babylonian,Ur,ORCC,cylinder,649.5713844112845,633.6398723416962,612.166818711989,59,59,59
Q005439,539.0,Nabonidus,Neo-Babylonian,Babylonia,ORCC,cylinder,613.7073526805476,589.0188642915991,613.8135689841157,62,62,62
Q005440,539.0,Nabonidus,Neo-Babylonian,Babylonia,ORCC,stele,645.356451316189,637.0991274828839,638.0217489823743,68,68,68
Q005441,539.0,Nabonidus,Neo-Babylonian,Babylonia,ORCC,None,643.1490719181312,635.6473500843431,622.9939723953676,55,55,55
Q005442,539.0,Nabonidus,Neo-Babylonian,Babylonia,ORCC,None,630.8344175645012,631.799103292561,639.56604057984,64,64,64
Q005443,539.0,Nabonidus,Neo-Babylonian,Harran,ORCC,cylinder,641.2997618083214,620.526281459272,631.643715603074,68,68,68
Q005444,539.0,Nabonidus,Neo-Babylonian,Harran,ORCC,stele,654.2427802041068,635.0976937470922,665.751794702865,69,69,69
Q005445,539.0,Nabonidus,Neo-Babylonian,Harran,ORCC,uncertain,646.5567256991584,659.4262534985056,650.2922719174077,68,68,68
Q005446,539.0,Nabonidus,Neo-Babylonian,Harran,ORCC,uncertain,645.0559780519839,616.8883819121065,632.127996013523,67,67,67
Q005447,539.0,Nabonidus,Neo-Babylonian,Harran,ORCC,uncertain,654.7632485574497,648.8974909195448,646.8354981803452,61,61,61
Q005448,539.0,Nabonidus,Neo-Babylonian,Harran,ORCC,brick,632.6726446641419,626.8319657513557,622.4374177081867,62,62,62
Q005449,539.0,Nabonidus,Neo-Babylonian,Harran,ORCC,vessel,626.6176185183762,602.4671279042691,625.2926244271835,57,57,57
Q005450,539.0,Nabonidus,Neo-Babylonian,Harran,ORCC,bead,655.7744840834744,652.9934419642111,648.4295785074196,72,72,72
Q005451,539.0,Nabonidus,Neo-Babylonian,Padakku,ORCC,slab,641.2716812138602,626.7897177757345,637.049432900893,61,61,61
Q005452,539.0,Nabonidus,Neo-Babylonian,Selaʾ,ORCC,rock face,638.0312003232132,634.0354882998059,645.72460869127,64,64,64
Q005453,539.0,Nabonidus,Neo-Babylonian,Tayma,ORCC,stele,635.4023962498898,607.5723942007473,623.5962625267749,63,63,63
Q005454,539.0,Nabonidus,Neo-Babylonian,Tayma,ORCC,statue base,644.6127166436684,652.1806740858985,649.9234716058893,57,57,57
Q005455,539.0,Nabonidus,Neo-Babylonian,Tayma,ORCC,stele,620.220490256037,618.5772957583379,640.5754947366979,65,65,65
Q005456,539.0,Nabonidus,Neo-Babylonian,Tayma,ORCC,stele,656.173280843172,649.2082056462064,645.2081374112101,63,63,63
Q005457,539.0,Nabonidus,Neo-Babylonian,Tayma,ORCC,stele,620.9447511052603,596.548413343481,638.910063787909,47,47,47
Q005458,539.0,Nabonidus,Neo-Babylonian,Tayma,ORCC,stele,651.28480979991,611.0771544658116,645.5506524052481,61,61,61
Q005463,539.0,Nabonidus,Neo-Babylonian,Babylonia,ORCC,cylinder,648.473058646111,633.0287224979663,634.563878922105,51,51,51
Q005464,539.0,Nabonidus,Neo-Babylonian,Borsippa,ORCC,cylinder,630.1424568636739,608.4839466469609,621.5993220324063,65,65,65
Q005465,539.0,Nabonidus,Neo-Babylonian,Babylonia,ORCC,stele,629.3550782452022,604.9475162218833,645.9237244717523,60,60,60
Q005466,539.0,Nabonidus,Neo-Babylonian,Kish,ORCC,cylinder,634.2555658130805,613.0974839853943,645.4125067776512,64,64,64
Q005467,539.0,Nabonidus,Neo-Babylonian,Tell al-Lahm,ORCC,brick,660.2169331708981,671.0329992184911,651.7871197698311,67,67,67
Q005468,539.0,Nabonidus,Neo-Babylonian,Marad,ORCC,cylinder,636.710864015073,614.9202534273734,639.0333249240241,56,56,56
Q005469,539.0,Nabonidus,Neo-Babylonian,Sippar,ORCC,cylinder,631.0164136947301,602.4702811956481,609.9153744503634,66,66,66
Q005470,539.0,Nabonidus,Neo-Babylonian,Sippar,ORCC,cylinder,633.5556327715319,603.3976801555403,620.8181266264864,55,55,55
Q005471,539.0,Nabonidus,Neo-Babylonian,Harran,ORCC,stele,636.0691205292817,615.5104944153455,612.8058346771688,61,61,61
Q005472,562.0,Nebuchadnezzar II,Neo-Babylonian,Babylon,ORCC,stele,588.2184718379499,561.3351838651939,579.6774463150825,49,49,49
Q005473,562.0,Nebuchadnezzar II,Neo-Babylonian,Babylon,ORCC,None,598.757386226309,571.4181048785805,599.8457463503063,47,47,47
Q005474,562.0,Nebuchadnezzar II,Neo-Babylonian,Babylon,ORCC,block,621.4543289431766,589.521451231755,614.6146375538149,32,32,32
Q005475,562.0,Nebuchadnezzar II,Neo-Babylonian,Babylon,ORCC,block,640.7915129258175,615.6907463118387,602.5122327279751,48,48,48
Q005476,562.0,Nebuchadnezzar II,Neo-Babylonian,Babylon,ORCC,block,641.2787727540472,583.7675137904262,625.1518974140262,41,41,41
Q005477,562.0,Nebuchadnezzar II,Neo-Babylonian,Babylon,ORCC,block,635.1998792413785,584.7834747543366,623.5277936539967,40,40,40
Q005478,562.0,Nebuchadnezzar II,Neo-Babylonian,Babylon,ORCC,paving stone,632.37060187672,582.3075803653778,620.3030986862374,61,61,61
Q005479,562.0,Nebuchadnezzar II,Neo-Babylonian,Babylon,ORCC,paving stone,659.2674867924667,597.3236562317081,645.8241735501246,38,38,38
Q005481,562.0,Nebuchadnezzar II,Neo-Babylonian,Babylon,ORCC,paving stone,614.3509441489326,591.1230332405216,636.0255234177542,50,50,50
Q005482,562.0,Nebuchadnezzar II,Neo-Babylonian,Babylon,ORCC,prism,644.2534041928061,579.631469762789,608.3049390370686,41,41,41
Q005483,562.0,Nebuchadnezzar II,Neo-Babylonian,Babylon,ORCC,cylinder,594.4666193398924,546.3669605759923,547.459074440289,47,47,47
Q005484,562.0,Nebuchadnezzar II,Neo-Babylonian,Babylon,ORCC,cylinder,604.3529502248387,534.3874433537857,560.5222358338006,40,40,40
Q005485,562.0,Nebuchadnezzar II,Neo-Babylonian,Babylon,ORCC,cylinder,583.0894819382512,523.3620601432664,548.36045666902,47,47,47
Q005486,562.0,Nebuchadnezzar II,Neo-Babylonian,Babylon,ORCC,cylinder,603.280688023054,564.6269234909935,569.6579475819409,39,39,39
Q005487,562.0,Nebuchadnezzar II,Neo-Babylonian,Babylon,ORCC,cylinder,595.8810837887916,529.0010594092925,562.2376752881463,39,39,39
Q005488,562.0,Nebuchadnezzar II,Neo-Babylonian,Babylon,ORCC,cylinder,598.2974751086964,547.852507738926,600.6555872882892,43,43,43
Q005489,562.0,Nebuchadnezzar II,Neo-Babylonian,Babylon,ORCC,cylinder,581.6014134694078,522.4063266620091,537.9613352058155,42,42,42
Q005490,562.0,Nebuchadnezzar II,Neo-Babylonian,Babylon,ORCC,cylinder,593.1164224367404,552.3323157925635,568.9008679042602,44,44,44
Q005492,562.0,Nebuchadnezzar II,Neo-Babylonian,Babylon,ORCC,cylinder,599.6660877984556,547.5348507133561,554.9771259073718,46,46,46
Q005493,562.0,Nebuchadnezzar II,Neo-Babylonian,Babylon,ORCC,cylinder,636.1677882371307,589.0777471419215,610.2587940522153,55,55,55
Q005494,562.0,Nebuchadnezzar II,Neo-Babylonian,Babylon,ORCC,cylinder,591.2088293862237,551.012927463479,555.8700684611268,56,56,56
Q005495,562.0,Nebuchadnezzar II,Neo-Babylonian,Babylon,ORCC,cylinder,639.5082837441572,601.9902153254918,592.156752302715,53,53,53
Q005497,562.0,Nebuchadnezzar II,Neo-Babylonian,Babylon,ORCC,cylinder,578.669006552029,579.8527239706037,556.3891846743023,40,40,40
Q005498,562.0,Nebuchadnezzar II,Neo-Babylonian,Babylon,ORCC,cylinder,570.6658197149557,553.5273237022736,541.7558284122186,52,52,52
Q005499,562.0,Nebuchadnezzar II,Neo-Babylonian,Babylon,ORCC,cylinder,643.5794094404474,592.4533236143856,634.0117889847512,37,37,37
Q005500,562.0,Nebuchadnezzar II,Neo-Babylonian,Babylon,ORCC,cylinder,608.8298360880519,546.6522701285944,557.1733616695561,47,47,47
Q005501,562.0,Nebuchadnezzar II,Neo-Babylonian,Babylon,ORCC,cylinder,618.5437228499172,571.9458665374582,581.0463383281798,53,53,53
Q005502,562.0,Nebuchadnezzar II,Neo-Babylonian,Babylon,ORCC,cylinder,578.7836358045913,546.764692755887,584.8944374942772,50,50,50
Q005503,562.0,Nebuchadnezzar II,Neo-Babylonian,Babylon,ORCC,cylinder,616.6734121381191,576.0112804142803,578.013469260358,55,55,55
Q005504,562.0,Nebuchadnezzar II,Neo-Babylonian,Babylon,ORCC,cylinder,589.7563947482402,554.2192668561559,588.105442854681,35,35,35
Q005505,562.0,Nebuchadnezzar II,Neo-Babylonian,Babylon,ORCC,cylinder,590.6180412134267,535.727740109841,559.0443793417178,54,54,54
Q005506,562.0,Nebuchadnezzar II,Neo-Babylonian,Babylon,ORCC,cylinder,598.1030927636851,517.0879097748106,554.8467241780014,48,48,48
Q005507,562.0,Nebuchadnezzar II,Neo-Babylonian,Babylon,ORCC,cylinder,618.370304102226,554.7707391205074,618.6773693572926,53,53,53
Q005508,562.0,Nebuchadnezzar II,Neo-Babylonian,Babylon,ORCC,cylinder,641.2051313584539,624.7898644421965,597.4390060208184,50,50,50
Q005521,562.0,Nebuchadnezzar II,Neo-Babylonian,Babylon,ORCC,cylinder,600.1565440177404,570.4174656126837,597.3838434917609,40,40,40
Q005522,562.0,Nebuchadnezzar II,Neo-Babylonian,Babylon,ORCC,cylinder,581.5209544691309,556.1868557141341,633.1128365885858,43,43,43
Q005523,562.0,Nebuchadnezzar II,Neo-Babylonian,Babylon,ORCC,cylinder,592.0691310866758,544.246703985381,629.7426268055495,51,51,51
Q005524,562.0,Nebuchadnezzar II,Neo-Babylonian,Babylon,ORCC,cylinder,631.1302278833006,603.2151414598859,645.7913279246476,53,53,53
Q005525,562.0,Nebuchadnezzar II,Neo-Babylonian,Babylon,ORCC,cylinder,599.3887962492355,548.3418263823011,630.8263994203495,54,54,54
Q005526,562.0,Nebuchadnezzar II,Neo-Babylonian,Babylon,ORCC,cylinder,612.1950390449595,536.3725271997183,625.9974565834565,44,44,44
Q005528,562.0,Nebuchadnezzar II,Neo-Babylonian,Babylon,ORCC,glazed brick panel,604.200507056711,554.2848559058333,632.5727477803165,48,48,48
Q005531,562.0,Nebuchadnezzar II,Neo-Babylonian,Babylon,ORCC,brick,586.6950385887027,538.2388736090529,563.8050332533699,57,57,57
Q005532,562.0,Nebuchadnezzar II,Neo-Babylonian,Babylon,ORCC,brick,587.1840977681204,530.4013464536205,556.8656278827049,44,44,44
Q005533,562.0,Nebuchadnezzar II,Neo-Babylonian,Babylon,ORCC,brick,642.3622754987795,593.6318595507582,595.8219066651212,47,47,47
Q005534,562.0,Nebuchadnezzar II,Neo-Babylonian,Babylon,ORCC,brick,612.0629725324837,548.3031908939264,577.8111364204215,43,43,43
Q005535,562.0,Nebuchadnezzar II,Neo-Babylonian,Babylon,ORCC,brick,616.4572168429746,554.1355248837243,589.4329536167725,57,57,57
Q005536,562.0,Nebuchadnezzar II,Neo-Babylonian,Babylon,ORCC,brick,632.4333826519077,560.4834966110483,587.3070138823119,40,40,40
Q005537,562.0,Nebuchadnezzar II,Neo-Babylonian,Babylon,ORCC,brick,584.4087877124214,541.9330487698172,561.0438946457782,50,50,50
Q005538,562.0,Nebuchadnezzar II,Neo-Babylonian,Babylon,ORCC,brick,611.1189721323101,541.4823980030221,541.4414039746905,47,47,47
Q005540,562.0,Nebuchadnezzar II,Neo-Babylonian,Babylon,ORCC,brick,668.8348496692721,683.1888319362067,656.466906714057,41,41,41
Q005541,562.0,Nebuchadnezzar II,Neo-Babylonian,Babylon,ORCC,brick,664.8229306179716,652.8689896613434,655.1383886262751,41,41,41
Q005542,562.0,Nebuchadnezzar II,Neo-Babylonian,Babylon,ORCC,brick,576.331028526677,529.5465356771643,549.5543680766888,50,50,50
Q005545,562.0,Nebuchadnezzar II,Neo-Babylonian,Babylon,ORCC,eyestone,572.4527605052575,534.7429974463148,556.5917377672204,51,51,51
Q005550,562.0,Nebuchadnezzar II,Neo-Babylonian,Borsippa,ORCC,cylinder,609.5627210452076,551.1691591500877,589.498174337794,63,63,63
Q005551,562.0,Nebuchadnezzar II,Neo-Babylonian,Borsippa,ORCC,cylinder,612.1746411735137,562.3592526042754,584.3957499545276,62,62,62
Q005552,562.0,Nebuchadnezzar II,Neo-Babylonian,Borsippa,ORCC,cylinder,632.1303194958792,540.4917688036927,621.7119411719575,37,37,37
Q005554,562.0,Nebuchadnezzar II,Neo-Babylonian,Borsippa,ORCC,cylinder,634.8671644428559,607.5273744172184,627.520533808313,39,39,39
Q005555,562.0,Nebuchadnezzar II,Neo-Babylonian,Borsippa,ORCC,cylinder,610.3656791215575,579.8270263690904,588.120162333088,54,54,54
Q005556,562.0,Nebuchadnezzar II,Neo-Babylonian,Borsippa,ORCC,cylinder,614.5079177212589,589.1799556484584,576.3499097682827,48,48,48
Q005557,562.0,Nebuchadnezzar II,Neo-Babylonian,Borsippa,ORCC,cylinder,598.8537429480905,569.258584466692,562.2380555875147,52,52,52
Q005558,562.0,Nebuchadnezzar II,Neo-Babylonian,Borsippa,ORCC,block,577.9927893243126,547.2784759328721,567.6632249752474,44,44,44
Q005559,562.0,Nebuchadnezzar II,Neo-Babylonian,Borsippa,ORCC,paving stone,617.8797838438588,554.9947026973092,606.460739225335,51,51,51
Q005560,562.0,Nebuchadnezzar II,Neo-Babylonian,Borsippa,ORCC,block,627.0732140940094,604.8933919605387,617.3693777178801,64,64,64
Q005561,562.0,Nebuchadnezzar II,Neo-Babylonian,Borsippa,ORCC,door socket,577.3540316300248,549.277295046568,583.2442598067641,59,59,59
Q005562,562.0,Nebuchadnezzar II,Neo-Babylonian,Borsippa,ORCC,brick,592.2124707256735,517.5858352216563,598.8892109565224,38,38,38
Q005563,562.0,Nebuchadnezzar II,Neo-Babylonian,Borsippa,ORCC,brick,582.1326503266401,554.651281120353,611.1581584424111,44,44,44
Q005566,562.0,Nebuchadnezzar II,Neo-Babylonian,Borsippa,ORCC,eye stone,562.1041110593139,535.928807838228,545.7792266710958,50,50,50
Q005567,562.0,Nebuchadnezzar II,Neo-Babylonian,Borsippa,ORCC,eyestone,577.7830639301416,544.7319461494009,555.3287785453651,68,68,68
Q005568,562.0,Nebuchadnezzar II,Neo-Babylonian,Cutha,ORCC,eyestone,583.8164916092438,540.520146754947,555.8955191074557,44,44,44
Q005570,562.0,Nebuchadnezzar II,Neo-Babylonian,Isin,ORCC,brick,602.2588171707608,563.6485486988128,578.2982463165737,60,60,60
Q005571,562.0,Nebuchadnezzar II,Neo-Babylonian,Kish,ORCC,cylinder,613.0572720559161,592.5832325830078,579.732476191152,51,51,51
Q005575,562.0,Nebuchadnezzar II,Neo-Babylonian,Larsa,ORCC,brick,580.6354109492491,546.235578637861,568.835707800019,61,61,61
Q005576,562.0,Nebuchadnezzar II,Neo-Babylonian,Marad,ORCC,cylinder,578.586060993616,564.129562488925,610.4868464593784,47,47,47
Q005577,562.0,Nebuchadnezzar II,Neo-Babylonian,Marad,ORCC,cylinder,573.3422632949532,567.405655212158,603.2299842795046,53,53,53
Q005579,562.0,Nebuchadnezzar II,Neo-Babylonian,Sippar,ORCC,cylinder,597.2530403237342,536.4247987701871,562.7677125249652,40,40,40
Q005580,562.0,Nebuchadnezzar II,Neo-Babylonian,Sippar,ORCC,cylinder,589.7085202369739,565.4149640602684,577.3201060639103,53,53,53
Q005582,562.0,Nebuchadnezzar II,Neo-Babylonian,Sippar,ORCC,cylinder,607.0437301184992,551.10577328327,579.5728543740955,48,48,48
Q005584,562.0,Nebuchadnezzar II,Neo-Babylonian,Sippar,ORCC,brick,664.4105659236724,651.5486602381552,656.6584833774043,47,47,47
Q005585,562.0,Nebuchadnezzar II,Neo-Babylonian,Sippar,ORCC,brick,666.4509578822413,654.6449871904191,652.1101288373909,40,40,40
Q005586,562.0,Nebuchadnezzar II,Neo-Babylonian,Sippar,ORCC,brick,663.1902037084643,653.5344305019667,652.820786140549,59,59,59
Q005587,562.0,Nebuchadnezzar II,Neo-Babylonian,Ur,ORCC,brick,661.5550945593509,675.548238078558,650.7798738979446,53,53,53
Q005588,562.0,Nebuchadnezzar II,Neo-Babylonian,Ur,ORCC,brick,665.7888905251498,676.4222520974745,654.2562620405037,52,52,52
Q005589,562.0,Nebuchadnezzar II,Neo-Babylonian,Uruk,ORCC,cylinder,661.594638690938,681.5924541884765,649.3147751135614,50,50,50
Q005591,562.0,Nebuchadnezzar II,Neo-Babylonian,Babylonia,ORCC,cylinder,666.2027922556211,674.8889469277954,652.0566926166194,56,56,56
Q005592,562.0,Nebuchadnezzar II,Neo-Babylonian,Babylonia,ORCC,brick,662.6553198997464,681.6780037032566,650.0577862114912,53,53,53
Q005594,562.0,Nebuchadnezzar II,Neo-Babylonian,Babylonia,ORCC,eyestone,635.2121010405879,625.3564938223499,647.7473906643528,47,47,47
Q005597,562.0,Nebuchadnezzar II,Neo-Babylonian,Brissa,ORCC,rock face,662.2443346629719,665.3053023834025,662.8109686916158,40,40,40
Q006204,612.0,Sîn-šarru-iškun,Neo-Assyrian,Nimrud (Kalhu),ORCC,bulla,664.7975458495026,678.9151056278189,650.6411622506952,200,200,200
Q006323,705.0,Sargon II,Neo-Assyrian,Babylon,ORCC,brick,599.9803860548528,605.9666178242175,618.7790052527879,27,27,27
Q006325,705.0,Sargon II,Neo-Assyrian,Uruk,ORCC,cylinder,627.6784228414039,626.5319470363934,634.3301020990468,32,32,32
Q006326,705.0,Sargon II,Neo-Assyrian,Uruk,ORCC,brick,645.9073598474923,634.2292585350141,625.1011539821661,36,36,36
Q006329,727.0,Tiglath-pileser III,wall slab (with reliefs),Nimrud,ORCC,None,645.9943240097093,640.2571910070279,634.6683376183349,56,56,56
Q006330,727.0,Tiglath-pileser III,wall slab (with reliefs),Nimrud,ORCC,None,655.1499311624043,655.2185029301316,660.0178395957663,51,51,51
Q006331,727.0,Tiglath-pileser III,wall slab (with reliefs),Nimrud,ORCC,None,651.7415601174358,681.5778839286684,669.0728047902288,49,49,49
Q006333,727.0,Tiglath-pileser III,wall slab (with reliefs),Nimrud,ORCC,None,647.9471749102373,638.6436100507084,633.8078756006144,56,56,56
Q006482,705.0,Sargon II,Neo-Assyrian,Khorsabad (Dur-Šarrukin),ORCC,wall slab (with reliefs),641.1209621093557,682.1676639967733,664.6115667434143,33,33,33
Q006483,705.0,Sargon II,Neo-Assyrian,Khorsabad (Dur-Šarrukin),ORCC,wall slab (with reliefs),652.1446512457917,689.0369746019159,664.7359763969225,29,29,29
Q006484,705.0,Sargon II,Neo-Assyrian,Khorsabad (Dur-Šarrukin),ORCC,wall slab (with reliefs),652.7052993583085,665.507555452154,664.038359854951,21,21,21
Q006485,705.0,Sargon II,Neo-Assyrian,Khorsabad (Dur-Šarrukin),ORCC,wall slab (with reliefs),660.6744303530583,684.0001038144511,668.8091475244258,37,37,37
Q006486,705.0,Sargon II,Neo-Assyrian,Khorsabad (Dur-Šarrukin),ORCC,wall slab (with reliefs),648.4222941051629,644.0683198657388,661.4464141088434,27,27,27
Q006487,705.0,Sargon II,Neo-Assyrian,Khorsabad (Dur-Šarrukin),ORCC,wall slab (with reliefs),645.9115634416835,668.3402727444785,628.9592143166334,39,39,39
Q006488,705.0,Sargon II,Neo-Assyrian,Khorsabad (Dur-Šarrukin),ORCC,wall slab (with reliefs),643.452576995375,651.2925507593645,682.6573639834141,31,31,31
Q006489,705.0,Sargon II,Neo-Assyrian,Khorsabad (Dur-Šarrukin),ORCC,wall slab (with reliefs),658.5953049528053,664.0773666007351,672.2876399108394,32,32,32
Q006490,705.0,Sargon II,Neo-Assyrian,Khorsabad (Dur-Šarrukin),ORCC,human-headed bull colossus,643.9606463728076,644.9897187935237,660.1920146452532,28,28,28
Q006491,705.0,Sargon II,Neo-Assyrian,Khorsabad (Dur-Šarrukin),ORCC,slab,665.5119938268332,668.1191168379568,687.4270008766413,32,32,32
Q006492,705.0,Sargon II,Neo-Assyrian,Khorsabad (Dur-Šarrukin),ORCC,slab,665.3513379416058,673.1502049772623,701.6873723080594,31,31,31
Q006493,705.0,Sargon II,Neo-Assyrian,Khorsabad (Dur-Šarrukin),ORCC,slab,664.3123630004551,675.5690891760004,701.5820645832414,36,36,36
Q006494,705.0,Sargon II,Neo-Assyrian,Khorsabad (Dur-Šarrukin),ORCC,slab,643.0593269077524,634.2930935628644,658.6085647709599,32,32,32
Q006495,705.0,Sargon II,Neo-Assyrian,Khorsabad (Dur-Šarrukin),ORCC,slab,620.9679357764121,623.5296487002186,654.4264046463188,26,26,26
Q006496,705.0,Sargon II,Neo-Assyrian,Khorsabad (Dur-Šarrukin),ORCC,slab,641.0321600733662,635.4854410747326,653.4597833312456,30,30,30
Q006497,705.0,Sargon II,Neo-Assyrian,Khorsabad (Dur-Šarrukin),ORCC,slab,616.7643565757592,606.5279243325709,633.2609562353113,34,34,34
Q006498,705.0,Sargon II,Neo-Assyrian,Khorsabad (Dur-Šarrukin),ORCC,slab,613.3040470110969,604.0926116491792,622.5544977429536,24,24,24
Q006499,705.0,Sargon II,Neo-Assyrian,Khorsabad (Dur-Šarrukin),ORCC,slab,623.1234984107695,598.2802828131947,633.5351819600917,27,27,27
Q006500,705.0,Sargon II,Neo-Assyrian,Khorsabad (Dur-Šarrukin),ORCC,slab,627.481818094569,608.5972933343543,622.0921733337977,22,22,22
Q006501,705.0,Sargon II,Neo-Assyrian,Khorsabad (Dur-Šarrukin),ORCC,slab,617.2755394551834,605.1172038014732,610.5170666921719,28,28,28
Q006503,705.0,Sargon II,Neo-Assyrian,Khorsabad (Dur-Šarrukin),ORCC,slab,624.013513866068,609.1507319734872,617.169838138269,25,25,25
Q006504,705.0,Sargon II,Neo-Assyrian,Khorsabad (Dur-Šarrukin),ORCC,wall slab (with reliefs),652.1993106611527,654.9806691823154,625.5564956233878,33,33,33
Q006505,705.0,Sargon II,Neo-Assyrian,Khorsabad (Dur-Šarrukin),ORCC,wall slab (with reliefs),640.1479996710857,642.9545921276515,617.6133305968042,32,32,32
Q006506,705.0,Sargon II,Neo-Assyrian,Khorsabad (Dur-Šarrukin),ORCC,wall slab (with reliefs),645.8235742764755,616.7820780935781,621.3974082314315,28,28,28
Q006507,705.0,Sargon II,Neo-Assyrian,Khorsabad (Dur-Šarrukin),ORCC,wall slab (with reliefs),636.794998849534,648.9429048595588,622.1780226331659,36,36,36
Q006508,705.0,Sargon II,Neo-Assyrian,Khorsabad (Dur-Šarrukin),ORCC,wall slab (with reliefs),637.1194018112911,646.2331805892521,617.915222319833,22,22,22
Q006509,705.0,Sargon II,Neo-Assyrian,Khorsabad (Dur-Šarrukin),ORCC,wall slab (with reliefs),638.622424647005,645.574470018197,620.5765310369814,37,37,37
Q006510,705.0,Sargon II,Neo-Assyrian,Khorsabad (Dur-Šarrukin),ORCC,wall slab (with reliefs),653.6377982584856,681.8562893409977,631.3178003380146,29,29,29
Q006511,705.0,Sargon II,Neo-Assyrian,Khorsabad (Dur-Šarrukin),ORCC,wall slab (with reliefs),637.2772555170633,670.7118330434645,621.8268936825492,34,34,34
Q006512,705.0,Sargon II,Neo-Assyrian,Khorsabad (Dur-Šarrukin),ORCC,wall slab (with reliefs),636.1496102628724,648.760648852992,619.8627996733786,27,27,27
Q006513,705.0,Sargon II,Neo-Assyrian,Khorsabad (Dur-Šarrukin),ORCC,wall slab (with reliefs),638.327612335302,667.6242844222135,620.9216862469923,24,24,24
Q006515,705.0,Sargon II,Neo-Assyrian,Khorsabad (Dur-Šarrukin),ORCC,wall slab (with reliefs),655.1458481780753,718.9012784390866,651.3687724085837,35,35,35
Q006516,705.0,Sargon II,Neo-Assyrian,Khorsabad (Dur-Šarrukin),ORCC,wall slab (with reliefs),654.5069491866817,700.6932731811092,639.9989015990212,30,30,30
Q006517,705.0,Sargon II,Neo-Assyrian,Khorsabad (Dur-Šarrukin),ORCC,wall slab (with reliefs),663.8999274031481,654.5293021600412,627.0942340203782,25,25,25
Q006518,705.0,Sargon II,Neo-Assyrian,Khorsabad (Dur-Šarrukin),ORCC,wall slab (with reliefs),628.5016542859229,740.062311787108,644.046691088716,25,25,25
Q006519,705.0,Sargon II,Neo-Assyrian,Khorsabad (Dur-Šarrukin),ORCC,wall slab (with reliefs),641.0190013371189,665.0228701925844,639.18033066537,36,36,36
Q006520,705.0,Sargon II,Neo-Assyrian,Khorsabad (Dur-Šarrukin),ORCC,wall slab (with reliefs),648.4055201305496,637.6714288805921,629.1559774548004,33,33,33
Q006521,705.0,Sargon II,Neo-Assyrian,Khorsabad (Dur-Šarrukin),ORCC,wall slab (with reliefs),648.4969485627506,647.1097390523317,626.22447955202,22,22,22
Q006522,705.0,Sargon II,Neo-Assyrian,Khorsabad (Dur-Šarrukin),ORCC,wall slab (with reliefs); human-headed bull colossus,649.410480279207,645.3092651539541,706.0082820397248,26,26,26
Q006523,705.0,Sargon II,Neo-Assyrian,Khorsabad (Dur-Šarrukin),ORCC,wall slab (with reliefs),658.2660872394521,675.9301848725202,672.3872177739509,34,34,34
Q006524,705.0,Sargon II,Neo-Assyrian,Khorsabad (Dur-Šarrukin),ORCC,prismatic cylinder,636.6536039485671,669.9268939616483,673.9886862503009,30,30,30
Q006525,705.0,Sargon II,Neo-Assyrian,Khorsabad (Dur-Šarrukin),ORCC,None,648.3772725341892,669.1167011942628,679.1984352961781,29,29,29
Q006526,705.0,Sargon II,Neo-Assyrian,Khorsabad (Dur-Šarrukin),ORCC,None,651.3117050733323,672.59349099247,679.7982355360563,33,33,33
Q006527,705.0,Sargon II,Neo-Assyrian,Khorsabad (Dur-Šarrukin),ORCC,None,657.4718045289438,687.0808701064644,692.630419105199,22,22,22
Q006528,705.0,Sargon II,Neo-Assyrian,Khorsabad (Dur-Šarrukin),ORCC,None,651.8702309328411,709.3943793760923,680.0893779243585,40,40,40
Q006529,705.0,Sargon II,Neo-Assyrian,Khorsabad (Dur-Šarrukin),ORCC,None,635.5730241262097,623.6231306674578,615.4304457979206,38,38,38
Q006530,705.0,Sargon II,Neo-Assyrian,Khorsabad (Dur-Šarrukin),ORCC,altar,648.507263127829,640.6992071004598,635.1198930936348,34,34,34
Q006531,705.0,Sargon II,Neo-Assyrian,Khorsabad (Dur-Šarrukin),ORCC,brick,661.8566820451497,690.5374905152984,650.5609943554713,27,27,27
Q006532,705.0,Sargon II,Neo-Assyrian,Khorsabad (Dur-Šarrukin),ORCC,brick,644.9791105766031,620.2627630120066,628.6342965371248,31,31,31
Q006533,705.0,Sargon II,Neo-Assyrian,Khorsabad (Dur-Šarrukin),ORCC,brick,638.7954961570313,648.9479441380164,665.1636742940723,29,29,29
Q006535,705.0,Sargon II,Neo-Assyrian,Khorsabad (Dur-Šarrukin),ORCC,brick,632.9623980152095,624.9845284428814,645.2898578864402,40,40,40
Q006536,705.0,Sargon II,Neo-Assyrian,Khorsabad (Dur-Šarrukin),ORCC,brick,645.9469572970264,666.812182439051,713.8968289271587,31,31,31
Q006537,705.0,Sargon II,Neo-Assyrian,Khorsabad (Dur-Šarrukin),ORCC,brick,644.5142715400737,655.327309851946,657.2972841869359,21,21,21
Q006538,705.0,Sargon II,Neo-Assyrian,Khorsabad (Dur-Šarrukin),ORCC,glazed brick frieze,647.6281753215908,661.0950789067673,656.0709680457605,33,33,33
Q006540,705.0,Sargon II,Neo-Assyrian,Khorsabad (Dur-Šarrukin),ORCC,bowl,642.5600238687016,643.9309910345414,636.8583554894665,34,34,34
Q006541,705.0,Sargon II,Neo-Assyrian,Khorsabad (Dur-Šarrukin),ORCC,bowl,619.2460620615498,619.5856370561021,620.8001098681732,23,23,23
Q006542,705.0,Sargon II,Neo-Assyrian,Khorsabad (Dur-Šarrukin),ORCC,eyestone,612.7087407817708,574.4290202982564,626.0769452356625,22,22,22
Q006544,705.0,Sargon II,Neo-Assyrian,Qalat Sherqat (Assur),ORCC,prism,644.7184283260386,662.3496142542688,646.7784364417748,27,27,27
Q006545,705.0,Sargon II,Neo-Assyrian,Qalat Sherqat (Assur),ORCC,cylinder,642.9469620878575,629.9223377039832,623.2673662452099,27,27,27
Q006546,705.0,Sargon II,Neo-Assyrian,Qalat Sherqat (Assur),ORCC,None,637.6277325776517,653.1857202491868,655.8288841878198,31,31,31
Q006547,705.0,Sargon II,Neo-Assyrian,Qalat Sherqat (Assur),ORCC,glazed wall plaque,686.0900099413152,706.4202438727614,675.8871908351714,37,37,37
Q006548,705.0,Sargon II,Neo-Assyrian,Qalat Sherqat (Assur),ORCC,cone,658.9890593312896,676.1204464149681,676.2709423637594,34,34,34
Q006549,705.0,Sargon II,Neo-Assyrian,Qalat Sherqat (Assur),ORCC,brick,641.6065336058176,623.3203719329973,642.0797765937409,33,33,33
Q006550,705.0,Sargon II,Neo-Assyrian,Qalat Sherqat (Assur),ORCC,brick,625.036084316987,609.666948489973,644.2627055461496,26,26,26
Q006551,705.0,Sargon II,Neo-Assyrian,Qalat Sherqat (Assur),ORCC,brick,634.7814914950587,639.627127175934,626.0643328749522,20,20,20
Q006552,705.0,Sargon II,Neo-Assyrian,Qalat Sherqat (Assur),ORCC,grazed brick frieze,650.0731687612035,703.3109383372787,632.8181608838033,29,29,29
Q006553,705.0,Sargon II,Neo-Assyrian,Qalat Sherqat (Assur),ORCC,None,648.0023773348378,659.1032009907514,655.6690281122054,36,36,36
Q006554,705.0,Sargon II,Neo-Assyrian,Nimrud (Kalhu),ORCC,slab,645.2214461603962,670.5663615221747,666.9771984522376,32,32,32
Q006555,705.0,Sargon II,Neo-Assyrian,Nimrud (Kalhu),ORCC,prism,642.6572879695957,649.3946867873422,664.054605793011,26,26,26
Q006556,705.0,Sargon II,Neo-Assyrian,Nimrud (Kalhu),ORCC,prism,642.4949645513263,657.994825184225,614.2205805555811,31,31,31
Q006557,705.0,Sargon II,Neo-Assyrian,Nimrud (Kalhu),ORCC,prismatic cylinder,621.4503750472456,668.3288691944393,655.8859700707442,25,25,25
Q006558,705.0,Sargon II,Neo-Assyrian,Nimrud (Kalhu),ORCC,vase; jar,645.5545200283608,650.6331923077105,631.1452590269339,33,33,33
Q006559,705.0,Sargon II,Neo-Assyrian,Nimrud (Kalhu),ORCC,lion weight,647.7400011029237,666.97564031218,640.9882807875521,32,32,32
Q006560,705.0,Sargon II,Neo-Assyrian,Nimrud (Kalhu),ORCC,lion weight,648.5151901385253,660.5988767827778,633.4092268529002,26,26,26
Q006561,705.0,Sargon II,Neo-Assyrian,Nimrud (Kalhu),ORCC,writing board,644.4736419996718,656.0640447148928,666.7218458511869,26,26,26
Q006562,705.0,Sargon II,Neo-Assyrian,Kuyunjik (Nineveh),ORCC,wall slab (with reliefs),654.1256817716595,679.6863366921245,640.6175136905019,27,27,27
Q006563,705.0,Sargon II,Neo-Assyrian,Kuyunjik (Nineveh),ORCC,prism,643.394811919296,640.225044694478,650.84793188576,27,27,27
Q006564,705.0,Sargon II,Neo-Assyrian,Kuyunjik (Nineveh),ORCC,prism,638.0533366845981,682.4358962193497,634.6898781026831,28,28,28
Q006565,705.0,Sargon II,Neo-Assyrian,Kuyunjik (Nineveh),ORCC,cylinder,623.5992845209543,633.0007937635048,634.23652626638,27,27,27
Q006566,705.0,Sargon II,Neo-Assyrian,Kuyunjik (Nineveh),ORCC,prismatic cylinder,655.8197454273107,657.8169189630871,632.7725317667198,37,37,37
Q006567,705.0,Sargon II,Neo-Assyrian,Kuyunjik (Nineveh),ORCC,cylinder,637.1665798699448,632.5697879332051,627.8472244610309,23,23,23
Q006568,705.0,Sargon II,Neo-Assyrian,Kuyunjik (Nineveh),ORCC,cylinder,635.6482897475798,626.4040861574588,633.0542935400259,30,30,30
Q006569,705.0,Sargon II,Neo-Assyrian,Kuyunjik (Nineveh),ORCC,prismatic cylinder,637.9832012813014,629.2741879486764,660.936296291006,33,33,33
Q006570,705.0,Sargon II,Neo-Assyrian,Kuyunjik (Nineveh),ORCC,None,637.2647140169712,612.4008037926719,655.4123329666504,25,25,25
Q006571,705.0,Sargon II,Neo-Assyrian,Kuyunjik (Nineveh),ORCC,None,627.3114298741677,606.0353494699068,625.2544552381503,29,29,29
Q006572,705.0,Sargon II,Neo-Assyrian,Kuyunjik (Nineveh),ORCC,None,639.8002595772172,663.8214718565148,645.2828445513031,26,26,26
Q006573,705.0,Sargon II,Neo-Assyrian,Kuyunjik (Nineveh),ORCC,cone,638.1367982358946,638.0383944877352,625.1211430067709,28,28,28
Q006574,705.0,Sargon II,Neo-Assyrian,Kuyunjik (Nineveh),ORCC,slab,633.5904002647392,626.1122593216664,636.5162588097043,25,25,25
Q006575,705.0,Sargon II,Neo-Assyrian,Kuyunjik (Nineveh),ORCC,slab,647.5022255748376,654.6691073592871,631.4236783715259,31,31,31
Q006576,705.0,Sargon II,Neo-Assyrian,Kuyunjik (Nineveh),ORCC,brick; slab,644.2824679311973,658.5731489315718,707.8545136316635,26,26,26
Q006577,705.0,Sargon II,Neo-Assyrian,Kuyunjik (Nineveh),ORCC,brick,627.2072109955266,633.0715397641557,646.0232034897803,29,29,29
Q006578,705.0,Sargon II,Neo-Assyrian,Kuyunjik (Nineveh),ORCC,brick,639.7128242639385,641.8479135259272,631.8705008846787,37,37,37
Q006579,705.0,Sargon II,Neo-Assyrian,Kuyunjik (Nineveh),ORCC,brick,667.8731220756977,655.4111537703188,638.3484425902047,26,26,26
Q006580,705.0,Sargon II,Neo-Assyrian,Kuyunjik (Nineveh),ORCC,plating (for doorjamb),628.152804916705,612.3317088704489,630.4308995760209,34,34,34
Q006581,705.0,Sargon II,Neo-Assyrian,Kuyunjik (Nineveh),ORCC,eyestone,624.1681418274142,606.3935804724287,620.6990543694085,35,35,35
Q006582,705.0,Sargon II,Neo-Assyrian,Kuyunjik (Nineveh),ORCC,tablet ?,661.4696830844567,660.4356636492597,653.614663756465,30,30,30
Q006583,705.0,Sargon II,Neo-Assyrian,uncertain,ORCC,None,631.9874042704475,629.9512856519325,614.7412543049998,27,27,27
Q006584,705.0,Sargon II,Neo-Assyrian,Larnaka,ORCC,stele,660.5874143108156,648.3920191906642,633.5465146234403,30,30,30
Q006585,705.0,Sargon II,Neo-Assyrian,Ashdod (Asdūdu),ORCC,stele,657.0653740352157,681.8967028803503,717.310946883319,30,30,30
Q006586,705.0,Sargon II,Neo-Assyrian,uncertain,ORCC,stele,641.2200121928744,659.0609592187043,677.7566334208929,25,25,25
Q006587,705.0,Sargon II,Neo-Assyrian,Acharneh (Tunip),ORCC,stele,644.639892866202,653.1600978755407,633.5128055255819,25,25,25
Q006588,705.0,Sargon II,Neo-Assyrian, Ahmar (Til Barsip),ORCC,stele,622.4759784741269,632.2962687777047,633.7579503761774,31,31,31
Q006589,705.0,Sargon II,Neo-Assyrian,Tell Tayinat (Unqi),ORCC,stele,636.1304547288573,619.7751695669048,652.1417929310974,33,33,33
Q006590,705.0,Sargon II,Neo-Assyrian,Europos (Carchemish),ORCC,cylinder,657.8493222154884,681.7975577344703,686.9498937558164,33,33,33
Q006591,705.0,Sargon II,Neo-Assyrian,Europos (Carchemish),ORCC,brick,647.988071299793,650.3048009588425,634.7261904648702,28,28,28
Q006592,705.0,Sargon II,Neo-Assyrian,Arslantepe (Melidu),ORCC,cylinder,652.0823622537362,663.7840501212485,661.3309979381534,27,27,27
Q006593,705.0,Sargon II,Neo-Assyrian,Arslantepe (Melidu),ORCC,cylinder,663.1089219685092,683.139960267842,690.1656005747276,27,27,27
Q006594,705.0,Sargon II,Neo-Assyrian,Arslantepe (Melidu),ORCC,cylinder,652.0815800190153,709.1846953778745,681.9897287343778,36,36,36
Q006595,705.0,Sargon II,Neo-Assyrian,Arslantepe (Melidu),ORCC,cylinder,638.1528061695423,644.733489290513,624.2084000599834,29,29,29
Q006596,705.0,Sargon II,Neo-Assyrian,Najafabad (Kišesim),ORCC,stele,642.112274192689,621.5519931665629,634.7154405125549,23,23,23
Q006597,705.0,Sargon II,Neo-Assyrian,Tang-i Var,ORCC,rock cliff,643.3739655652031,663.2153693117538,646.9265967472932,24,24,24
Q006598,705.0,Sargon II,Neo-Assyrian,Persepolis (Pārśa),ORCC,bead,631.6052715648523,622.949638642863,628.101003457978,30,30,30
Q006599,705.0,Sargon II,Neo-Assyrian,Persepolis (Pārśa),ORCC,eyestone,631.8724961474669,597.0560548857635,624.3035057820586,27,27,27
Q006600,705.0,Sargon II,Neo-Assyrian,Persepolis (Pārśa),ORCC,eyestone,631.7524976478683,590.5492024095288,625.1175533964405,31,31,31
Q006601,705.0,Sargon II,Neo-Assyrian,Persepolis (Pārśa),ORCC,eyestone,644.387532157846,654.6712425751265,633.1196929152889,27,27,27
Q006602,705.0,Sargon II,Neo-Assyrian,Persepolis (Pārśa),ORCC,eyestone,633.7559912895648,596.6692690396856,635.3381138733645,28,28,28
Q006603,705.0,Sargon II,Neo-Assyrian,Babylon (Bābili),ORCC,brick,600.2594493077642,603.6642059816934,615.0710047322766,32,32,32
Q006604,705.0,Sargon II,Neo-Assyrian,Babylon (Bābili),ORCC,brick,620.7109875546911,596.7563123284943,630.4474149672188,27,27,27
Q006605,705.0,Sargon II,Neo-Assyrian,Warka (Uruk),ORCC,cylinder,633.0169492106329,629.2096322879856,643.1735857166525,37,37,37
Q006606,705.0,Sargon II,Neo-Assyrian,Warka (Uruk),ORCC,brick,644.7068103454502,631.7329588389844,622.8964974510014,30,30,30
Q006608,705.0,Sargon II,Neo-Assyrian,Warka (Uruk),ORCC,brick,628.4853622056172,645.042846236185,628.2969943278963,27,27,27
Q006609,705.0,Sargon II,Neo-Assyrian,Tell Haddad (Me-Turan),ORCC,cylinder,641.3027498230094,681.3918540024152,658.2990365149174,28,28,28
Q006610,705.0,Sargon II,Neo-Assyrian,uncertain,ORCC,bead,628.342429950638,619.5861234662142,624.8175879692436,26,26,26
Q006611,705.0,Sargon II,Neo-Assyrian,Qalʾeh-i Imam,ORCC,None,649.9786520313818,693.3141757078896,645.5582795904375,30,30,30
Q006633,705.0,Sargon II,Neo-Assyrian,Qalat Sherqat (Assur),ORCC,cone,659.6508449705995,729.426507508057,688.5343584561425,27,27,27
Q006634,705.0,Sargon II,Neo-Assyrian,Qalat Sherqat (Assur),ORCC,cone,639.2444407927012,660.9306817810624,623.4884614043021,30,30,30
Q006636,705.0,Sargon II,Neo-Assyrian,Nimrud (Kalhu),ORCC,prismatic cylinder,622.0103579642795,583.5235489631234,586.6374795983155,32,32,32
Q006637,705.0,Sargon II,Neo-Assyrian,Kuyunjik (Nineveh),ORCC,block,623.2153117120137,599.7424336015887,625.6668894882675,23,23,23
Q006638,705.0,Sargon II,Neo-Assyrian,Kuyunjik (Nineveh),ORCC,lion colossus,648.3708272863606,656.4445403087142,623.7047892767391,27,27,27
Q006639,705.0,Sargon II,Neo-Assyrian,Samaria (Sāmerīna),ORCC,stele ?,636.1791875310472,593.2686182045611,624.7034263379229,20,20,20
Q006640,705.0,Sargon II,Neo-Assyrian,Europos (Carchemish),ORCC,stele ?,626.9332213503048,665.656193354598,630.8049964358484,40,40,40
Q006643,705.0,Sargon II,Neo-Assyrian,Nimrud (Kalhu),ORCC,bowl; jar; mirror,654.2686122743721,685.057989637524,632.7052188531511,31,31,31
Q006644,705.0,Sargon II,Neo-Assyrian,Khorsabad (Dur-Šarrukin),ORCC,slab,639.5756614898038,647.9912863868939,669.5668438881705,25,25,25
Q006645,705.0,Sargon II,Neo-Assyrian,Khorsabad (Dur-Šarrukin),ORCC,macehead,647.0498425807745,652.0535561796335,640.8680124955762,27,27,27
Q006647,705.0,Sargon II,Neo-Assyrian,Qalat Sherqat (Assur),ORCC,coffer,641.3893670850565,658.5211726845253,636.1627441698686,23,23,23
Q006648,705.0,Sargon II,Neo-Assyrian,Nimrud (Kalhu),ORCC,cylinder seal (sealing),645.2602278694168,693.5494062421484,635.8291177084304,28,28,28
Q006649,705.0,Sargon II,Neo-Assyrian,uncertain,ORCC,cylinder seal,652.117525768473,680.0588481023826,627.9511895890604,21,21,21
Q006650,705.0,Sargon II,Neo-Assyrian,Tell Haddad (Me-Turan),ORCC,axehead,646.9730503069914,666.2648549585471,644.6920276997218,20,20,20
Q006651,705.0,Sargon II,Neo-Assyrian,Tell Baradan,ORCC,cylinder,630.702685835656,607.3824770651845,608.3093770706563,21,21,21
Q006652,705.0,Sargon II,Neo-Assyrian,Tell Ahmar (Til Barsip),ORCC,stele,656.4188085403154,679.2247350051737,650.6871084203585,19,19,19
Q007539,631.0,Ashurbanipal,Neo-Assyrian,Kuyunjik (Nineveh),ORCC,None,644.9591036443868,640.2708381727409,631.6613336808986,14,14,14
Q007540,631.0,Ashurbanipal,Neo-Assyrian,Kuyunjik (Nineveh),ORCC,None,641.2746157821032,639.2352539076612,629.5424620790578,15,15,15
Q007541,631.0,Ashurbanipal,Neo-Assyrian,Kuyunjik (Nineveh),ORCC,None,639.159907362182,655.2342747889465,667.4504428787528,15,15,15
Q007542,631.0,Ashurbanipal,Neo-Assyrian,Kuyunjik (Nineveh),ORCC,None,653.5259926278967,636.7964523092003,649.5235386222461,16,16,16
Q007543,631.0,Ashurbanipal,Neo-Assyrian,Kuyunjik (Nineveh),ORCC,None,652.7482498829808,660.3570794723341,675.1231912681405,16,16,16
Q007544,631.0,Ashurbanipal,Neo-Assyrian,Kuyunjik (Nineveh),ORCC,None,640.5839262892508,640.5243857834014,641.5580946650323,20,20,20
Q007545,631.0,Ashurbanipal,Neo-Assyrian,Kuyunjik (Nineveh),ORCC,None,629.8493181247346,638.5055510141881,619.0855686148093,15,15,15
Q007546,631.0,Ashurbanipal,Neo-Assyrian,Kuyunjik (Nineveh),ORCC,None,638.4330449700368,639.3285661986887,655.089002059756,16,16,16
Q007547,631.0,Ashurbanipal,Neo-Assyrian,Kuyunjik (Nineveh),ORCC,None,652.5587392146837,681.6152553783821,637.951596369715,13,13,13
Q007548,631.0,Ashurbanipal,Neo-Assyrian,Kuyunjik (Nineveh),ORCC,None,658.218730055331,634.0927528310827,638.5748060904092,17,17,17
Q007549,631.0,Ashurbanipal,Neo-Assyrian,Kuyunjik (Nineveh),ORCC,None,644.9029881649087,629.5178429661869,649.9778588189695,11,11,11
Q007550,631.0,Ashurbanipal,Neo-Assyrian,Kuyunjik (Nineveh),ORCC,None,647.2252560654553,655.1385154795937,678.7569108542464,16,16,16
Q007551,631.0,Ashurbanipal,Neo-Assyrian,Kuyunjik (Nineveh),ORCC,None,642.8469363476901,638.3802694832056,661.6852131821524,17,17,17
Q007552,631.0,Ashurbanipal,Neo-Assyrian,Kuyunjik (Nineveh),ORCC,None,648.4645395847283,651.1038008600937,651.6772452179513,14,14,14
Q007553,631.0,Ashurbanipal,Neo-Assyrian,Kuyunjik (Nineveh),ORCC,None,638.8608599339287,665.1993155392702,658.0292478957248,14,14,14
Q007554,631.0,Ashurbanipal,Neo-Assyrian,Kuyunjik (Nineveh),ORCC,None,651.8148510758293,662.0726864344962,644.7374532901107,22,22,22
Q007555,631.0,Ashurbanipal,Neo-Assyrian,Kuyunjik (Nineveh),ORCC,None,625.570674952069,663.0433295974101,613.0849681166283,14,14,14
Q007556,631.0,Ashurbanipal,Neo-Assyrian,Kuyunjik (Nineveh),ORCC,None,634.2867333458149,654.7340271864372,670.5670390560241,19,19,19
Q007557,631.0,Ashurbanipal,Neo-Assyrian,Kuyunjik (Nineveh),ORCC,None,652.518995376743,664.0388012523995,648.982728227432,18,18,18
Q007558,631.0,Ashurbanipal,Neo-Assyrian,Kuyunjik (Nineveh),ORCC,None,642.5563637562911,667.6116572272299,672.8465038117052,10,10,10
Q007559,631.0,Ashurbanipal,Neo-Assyrian,Kuyunjik (Nineveh),ORCC,None,641.3743590567622,652.9140290627408,653.4842504332398,18,18,18
Q007560,631.0,Ashurbanipal,Neo-Assyrian,Kuyunjik (Nineveh),ORCC,None,652.4428296998325,687.1121607593367,642.4414903388995,18,18,18
Q007561,631.0,Ashurbanipal,Neo-Assyrian,Kuyunjik (Nineveh),ORCC,None,648.3879268665204,645.6343137201964,638.109185583667,13,13,13
Q007562,631.0,Ashurbanipal,Neo-Assyrian,Kuyunjik (Nineveh),ORCC,None,647.5818092835794,662.8537350976341,638.3904966358866,17,17,17
Q007563,631.0,Ashurbanipal,Neo-Assyrian,Kuyunjik (Nineveh),ORCC,None,645.1158200098594,632.9349824585792,633.1596471650663,12,12,12
Q007564,631.0,Ashurbanipal,Neo-Assyrian,Kuyunjik (Nineveh),ORCC,None,657.2689862096136,647.1638463901894,668.0585654519997,18,18,18
Q007565,631.0,Ashurbanipal,Neo-Assyrian,Kuyunjik (Nineveh),ORCC,None,639.4625346353201,651.0461107208491,647.8485940127373,14,14,14
Q007566,631.0,Ashurbanipal,Neo-Assyrian,Kuyunjik (Nineveh),ORCC,None,648.146355562161,652.0857975127436,644.1471443039785,13,13,13
Q007567,631.0,Ashurbanipal,Neo-Assyrian,Kuyunjik (Nineveh),ORCC,None,640.1874024591383,667.0758256184218,636.6048828805208,19,19,19
Q007568,631.0,Ashurbanipal,Neo-Assyrian,Kuyunjik (Nineveh),ORCC,None,624.7041914630666,621.5065400888554,620.1089837602975,22,22,22
Q007569,631.0,Ashurbanipal,Neo-Assyrian,Kuyunjik (Nineveh),ORCC,None,662.3935865943624,655.7536337468671,692.5422192587611,16,16,16
Q007570,631.0,Ashurbanipal,Neo-Assyrian,Kuyunjik (Nineveh),ORCC,None,664.7481642144317,669.9539645318393,709.5973748676682,18,18,18
Q007571,631.0,Ashurbanipal,Neo-Assyrian,Kuyunjik (Nineveh),ORCC,None,644.0162695036641,656.4338122027114,690.8402289815517,12,12,12
Q007572,631.0,Ashurbanipal,Neo-Assyrian,Kuyunjik (Nineveh),ORCC,None,637.9199813261494,648.678979833928,634.1834478057452,14,14,14
Q007573,631.0,Ashurbanipal,Neo-Assyrian,Kuyunjik (Nineveh),ORCC,None,647.7984012648155,662.5701062444006,668.4768427521362,20,20,20
Q007574,631.0,Ashurbanipal,Neo-Assyrian,Kuyunjik (Nineveh),ORCC,None,662.9680512292387,679.7033534709474,680.1625930303028,13,13,13
Q007575,631.0,Ashurbanipal,Neo-Assyrian,Kuyunjik (Nineveh),ORCC,None,645.7249124973185,668.4777531020418,622.3135479739085,17,17,17
Q007576,631.0,Ashurbanipal,Neo-Assyrian,Kuyunjik (Nineveh),ORCC,None,636.680342388065,647.054082930661,641.2822446393175,17,17,17
Q007577,631.0,Ashurbanipal,Neo-Assyrian,Kuyunjik (Nineveh),ORCC,None,660.8274972376104,679.5946328433498,641.8501337085889,12,12,12
Q007578,631.0,Ashurbanipal,Neo-Assyrian,Kuyunjik (Nineveh),ORCC,None,647.674283410465,663.9858167835841,692.796647159433,13,13,13
Q007579,631.0,Ashurbanipal,Neo-Assyrian,Kuyunjik (Nineveh),ORCC,None,639.1974044896425,659.3943151739477,634.1554996316861,14,14,14
Q007580,631.0,Ashurbanipal,Neo-Assyrian,Kuyunjik (Nineveh),ORCC,None,652.2038479186316,632.0106708673528,647.151065141119,16,16,16
Q007581,631.0,Ashurbanipal,Neo-Assyrian,Kuyunjik (Nineveh),ORCC,None,652.3302942722701,641.2034191879926,661.6284623726762,14,14,14
Q007582,631.0,Ashurbanipal,Neo-Assyrian,Kuyunjik (Nineveh),ORCC,None,652.2297410226453,637.2848767297531,615.5432723354082,14,14,14
Q007583,631.0,Ashurbanipal,Neo-Assyrian,Kuyunjik (Nineveh),ORCC,None,649.5180056345205,644.6018743670504,635.3121285018922,16,16,16
Q007584,631.0,Ashurbanipal,Neo-Assyrian,Kuyunjik (Nineveh),ORCC,None,655.5875012236037,662.975795167057,663.4707666247177,14,14,14
Q007585,631.0,Ashurbanipal,Neo-Assyrian,Kuyunjik (Nineveh),ORCC,None,642.0045136912066,656.5181522276984,612.7434005174288,18,18,18
Q007586,631.0,Ashurbanipal,Neo-Assyrian,Kuyunjik (Nineveh),ORCC,None,655.800645890934,671.4797927966673,641.3829888948916,17,17,17
Q007587,631.0,Ashurbanipal,Neo-Assyrian,Kuyunjik (Nineveh),ORCC,None,645.3697942183122,659.4326170158494,645.6299745077013,19,19,19
Q007588,631.0,Ashurbanipal,Neo-Assyrian,Kuyunjik (Nineveh),ORCC,None,643.6606785180857,638.1736593119685,643.6858907858086,14,14,14
Q007589,631.0,Ashurbanipal,Neo-Assyrian,Qalat Sherqat (Assur),ORCC,None,656.9734291020433,657.531948700685,655.2373722267282,22,22,22
Q007590,631.0,Ashurbanipal,Neo-Assyrian,Qalat Sherqat (Assur),ORCC,None,646.4222431294596,632.7315639189407,651.7104676205566,14,14,14
Q007591,631.0,Ashurbanipal,Neo-Assyrian,Kuyunjik (Nineveh),ORCC,None,643.8841608495501,647.4443010292057,645.4856298380346,15,15,15
Q007592,631.0,Ashurbanipal,Neo-Assyrian,Kuyunjik (Nineveh),ORCC,None,650.92996759714,649.3619841291102,604.5148136317513,14,14,14
Q007593,631.0,Ashurbanipal,Neo-Assyrian,Kuyunjik (Nineveh),ORCC,None,636.2438350802054,618.4634756681322,653.4809130889537,13,13,13
Q007594,631.0,Ashurbanipal,Neo-Assyrian,Kuyunjik (Nineveh),ORCC,None,645.1695214318988,632.7204688787314,641.1815305522616,14,14,14
Q007595,631.0,Ashurbanipal,Neo-Assyrian,Kuyunjik (Nineveh),ORCC,None,649.6270787472907,656.3340492913044,638.8770460438914,18,18,18
Q007596,631.0,Ashurbanipal,Neo-Assyrian,Kuyunjik (Nineveh),ORCC,None,659.0348126941152,683.3285253753373,680.708639177258,11,11,11
Q007597,631.0,Ashurbanipal,Neo-Assyrian,Kuyunjik (Nineveh),ORCC,None,659.1768230323606,662.8593481997561,690.4407051220156,10,10,10
Q007598,631.0,Ashurbanipal,Neo-Assyrian,Kuyunjik (Nineveh),ORCC,None,625.2832031807086,579.1754832704187,614.1498466380093,9,9,9
Q007599,631.0,Ashurbanipal,Neo-Assyrian,Kuyunjik (Nineveh),ORCC,None,616.7815935955402,604.114358648642,610.4686668958984,16,16,16
Q007600,631.0,Ashurbanipal,Neo-Assyrian,Kuyunjik (Nineveh),ORCC,None,646.7314961280691,606.9511367183401,642.9107819434295,14,14,14
Q007601,631.0,Ashurbanipal,Neo-Assyrian,Kuyunjik (Nineveh),ORCC,None,639.272790203437,615.5739627174131,629.348497089862,22,22,22
Q007602,631.0,Ashurbanipal,Neo-Assyrian,Kuyunjik (Nineveh),ORCC,None,654.4734677909875,650.6494312990285,640.6951819525065,13,13,13
Q007603,631.0,Ashurbanipal,Neo-Assyrian,Kuyunjik (Nineveh),ORCC,None,654.7432104505194,655.9806287493412,671.76714913851,20,20,20
Q007604,631.0,Ashurbanipal,Neo-Assyrian,Kuyunjik (Nineveh),ORCC,None,645.6500394896174,667.2001032002462,661.7522559699039,14,14,14
Q007605,631.0,Ashurbanipal,Neo-Assyrian,Kuyunjik (Nineveh),ORCC,None,628.6497824980869,659.8629263236712,607.2966917127893,12,12,12
Q007606,631.0,Ashurbanipal,Neo-Assyrian,Kuyunjik (Nineveh),ORCC,None,647.4928680040643,667.009438995859,648.6084813706659,10,10,10
Q007607,631.0,Ashurbanipal,Neo-Assyrian,Kuyunjik (Nineveh),ORCC,None,649.4746038191138,652.0159767424287,620.5850036489952,19,19,19
Q007608,631.0,Ashurbanipal,Neo-Assyrian,Kuyunjik (Nineveh),ORCC,None,645.3816165273649,659.5782746558453,659.5346770955123,15,15,15
Q007609,631.0,Ashurbanipal,Neo-Assyrian,Kuyunjik (Nineveh),ORCC,None,641.8840209165558,610.7850068231448,608.9151166686764,13,13,13
Q007610,631.0,Ashurbanipal,Neo-Assyrian,Kuyunjik (Nineveh),ORCC,None,645.9468260939615,664.4322680773098,649.3257176307974,17,17,17
Q007611,631.0,Ashurbanipal,Neo-Assyrian,Kuyunjik (Nineveh),ORCC,None,634.7668360394158,645.5570566861154,608.9656802527487,16,16,16
Q007612,631.0,Ashurbanipal,Neo-Assyrian,Kuyunjik (Nineveh),ORCC,None,660.4233143896724,663.5825957533021,652.2282155299163,21,21,21
Q007613,631.0,Ashurbanipal,Neo-Assyrian,Kuyunjik (Nineveh),ORCC,None,657.8118747784122,653.3330735575556,669.5652944702975,21,21,21
Q007614,631.0,Ashurbanipal,Neo-Assyrian,Kuyunjik (Nineveh),ORCC,None,637.8618576805421,636.7334292428035,631.2872481251862,15,15,15
Q007615,631.0,Ashurbanipal,Neo-Assyrian,Kuyunjik (Nineveh),ORCC,None,627.1306321452798,630.4573250685975,655.5735849280013,8,8,8
Q007616,631.0,Ashurbanipal,Neo-Assyrian,Kuyunjik (Nineveh),ORCC,None,645.0283499256527,621.979633411597,607.5915762968882,17,17,17
Q007617,631.0,Ashurbanipal,Neo-Assyrian,Kuyunjik (Nineveh),ORCC,None,620.6886606769477,598.8684604781474,592.8841134765315,19,19,19
Q007618,631.0,Ashurbanipal,Neo-Assyrian,Kuyunjik (Nineveh),ORCC,None,640.4846616592207,645.6458053982388,612.2712743033358,19,19,19
Q007619,631.0,Ashurbanipal,Neo-Assyrian,Kuyunjik (Nineveh),ORCC,None,641.6201642541396,660.2265508869768,614.1811086273002,13,13,13
Q007620,631.0,Ashurbanipal,Neo-Assyrian,Kuyunjik (Nineveh),ORCC,None,625.5780639805155,633.46699844605,618.3186936738773,20,20,20
Q007621,631.0,Ashurbanipal,Neo-Assyrian,Kuyunjik (Nineveh),ORCC,None,644.0388766431023,630.0054851706906,621.2745041255507,13,13,13
Q007622,631.0,Ashurbanipal,Neo-Assyrian,Kuyunjik (Nineveh),ORCC,None,643.6757009346005,665.0128207442665,616.9877328625573,15,15,15
Q007623,631.0,Ashurbanipal,Neo-Assyrian,Kuyunjik (Nineveh),ORCC,None,634.4097979366172,629.1287943598405,627.9968103503224,17,17,17
Q007624,631.0,Ashurbanipal,Neo-Assyrian,Kuyunjik (Nineveh),ORCC,None,639.633912322855,599.9188807668753,636.4058046705278,17,17,17
Q007625,631.0,Ashurbanipal,Neo-Assyrian,Kuyunjik (Nineveh),ORCC,None,645.1250911299604,657.9726864146472,635.4266190860716,14,14,14
Q007626,631.0,Ashurbanipal,Neo-Assyrian,Kuyunjik (Nineveh),ORCC,None,662.7972714280348,686.8827587294746,655.9526925199362,20,20,20
Q007627,631.0,Ashurbanipal,Neo-Assyrian,Kuyunjik (Nineveh),ORCC,None,622.0211793043165,625.6509330048544,639.7464914224903,15,15,15
Q007628,631.0,Ashurbanipal,Neo-Assyrian,Kuyunjik (Nineveh),ORCC,None,653.6575086159337,653.4268299178614,645.5800899849689,9,9,9
Q007629,631.0,Ashurbanipal,Neo-Assyrian,Kuyunjik (Nineveh),ORCC,None,631.9881736242364,626.473968125108,619.8607699174125,18,18,18
Q007630,631.0,Ashurbanipal,Neo-Assyrian,Kuyunjik (Nineveh),ORCC,None,656.4376556277965,649.58614349824,655.4865262647261,11,11,11
Q007631,631.0,Ashurbanipal,Neo-Assyrian,Kuyunjik (Nineveh),ORCC,None,647.7360724852864,660.8079669304822,644.8053710126264,16,16,16
Q007632,631.0,Ashurbanipal,Neo-Assyrian,Kuyunjik (Nineveh),ORCC,None,640.5898234715839,623.1324949126631,614.2190599851637,16,16,16
Q007633,631.0,Ashurbanipal,Neo-Assyrian,Kuyunjik (Nineveh),ORCC,None,636.7171904781547,625.7551887636942,617.8302347939623,17,17,17
Q007634,631.0,Ashurbanipal,Neo-Assyrian,Kuyunjik (Nineveh),ORCC,None,625.189871554374,617.833277828804,645.066797366031,14,14,14
Q007635,631.0,Ashurbanipal,Neo-Assyrian,Kuyunjik (Nineveh),ORCC,None,644.123284495484,648.9058139359244,664.3025218896269,19,19,19
Q007636,631.0,Ashurbanipal,Neo-Assyrian,Kuyunjik (Nineveh),ORCC,None,630.9794483213722,615.9489927106538,612.5956305029961,18,18,18
Q007637,631.0,Ashurbanipal,Neo-Assyrian,Kuyunjik (Nineveh),ORCC,None,628.7921304792654,615.2713015769749,615.6229054328244,11,11,11
Q007638,631.0,Ashurbanipal,Neo-Assyrian,Kuyunjik (Nineveh),ORCC,None,626.4587236350778,612.4098256158106,638.5630876161289,19,19,19
Q007770,705.0,Sargon II,Neo-Assyrian,Turlu Höyük,ORCC,stele,627.1647323533488,613.8149694025667,623.3068151481401,30,30,30
Q008319,631.0,Ashurbanipal,Neo-Assyrian,Kuyunjik (Nineveh),ORCC,None,655.1151259581612,641.4284387505866,632.2729123643676,21,21,21
Q008320,631.0,Ashurbanipal,Neo-Assyrian,Kuyunjik (Nineveh),ORCC,None,635.0358002943708,627.5660900832013,625.6449612538648,18,18,18
Q008321,631.0,Ashurbanipal,Neo-Assyrian,Kuyunjik (Nineveh),ORCC,None,656.4701006070369,645.051508914783,636.4001968558449,15,15,15
Q008322,631.0,Ashurbanipal,Neo-Assyrian,Kuyunjik (Nineveh),ORCC,None,652.448934012582,644.2005168515367,654.304052785538,18,18,18
Q008323,631.0,Ashurbanipal,Neo-Assyrian,Kuyunjik (Nineveh),ORCC,None,655.2598570171748,641.3531247867074,660.1632435155482,20,20,20
Q008324,631.0,Ashurbanipal,Neo-Assyrian,Kuyunjik (Nineveh),ORCC,None,642.5338413585433,615.096373381211,598.3508336724553,9,9,9
Q008325,631.0,Ashurbanipal,Neo-Assyrian,Kuyunjik (Nineveh),ORCC,None,664.0916955269573,653.182918685151,653.4947176431921,19,19,19
Q008326,631.0,Ashurbanipal,Neo-Assyrian,Kuyunjik (Nineveh),ORCC,None,626.8742557712998,640.9266767831967,641.9714297774735,16,16,16
Q008327,631.0,Ashurbanipal,Neo-Assyrian,Kuyunjik (Nineveh),ORCC,None,636.7269952581873,641.9273796956231,690.9057553724477,9,9,9
Q008328,631.0,Ashurbanipal,Neo-Assyrian,Kuyunjik (Nineveh),ORCC,None,655.6906663554022,664.3798931761497,662.4795073887074,19,19,19
Q008329,631.0,Ashurbanipal,Neo-Assyrian,Babylon (Bābili),ORCC,cylinder,611.5938388883611,600.1393189550447,587.56718213886,21,21,21
Q008330,631.0,Ashurbanipal,Neo-Assyrian,Babylon (Bābili),ORCC,cylinder,665.671272114789,688.405456101823,681.5206324201639,15,15,15
Q008331,631.0,Ashurbanipal,Neo-Assyrian,Babylon (Bābili),ORCC,cylinder,657.3907741840517,681.3096585961625,684.7266659927805,15,15,15
Q008332,631.0,Ashurbanipal,Neo-Assyrian,Babylon (Bābili),ORCC,cylinder,662.2398840285557,676.8225609058481,700.0168611966717,10,10,10
Q008333,631.0,Ashurbanipal,Neo-Assyrian,Babylon (Bābili),ORCC,cylinder,668.4876542650808,668.2835127647506,694.8396937175684,20,20,20
Q008334,631.0,Ashurbanipal,Neo-Assyrian,Babylon (Bābili),ORCC,stele,656.8324967682191,652.0398590887991,653.6885652466522,20,20,20
Q008335,631.0,Ashurbanipal,Neo-Assyrian,Babylon (Bābili),ORCC,brick,635.2344798318563,600.3586740485979,650.2340509480348,19,19,19
Q008336,631.0,Ashurbanipal,Neo-Assyrian,Babylon (Bābili),ORCC,brick,644.3386480301332,612.0913742339495,652.8947104501334,16,16,16
Q008338,631.0,Ashurbanipal,Neo-Assyrian,Babylon (Bābili),ORCC,brick,644.5375122329,590.6559067156762,648.6656777755123,15,15,15
Q008339,631.0,Ashurbanipal,Neo-Assyrian,Babylon (Bābili),ORCC,brick,641.1798754542565,588.2354607101029,645.6383774325487,22,22,22
Q008340,631.0,Ashurbanipal,Neo-Assyrian,Babylon (Bābili),ORCC,brick,660.197000611075,644.3210638889093,683.7531652521491,18,18,18
Q008341,631.0,Ashurbanipal,Neo-Assyrian,Babylonia,ORCC,cylinder,626.2583974885735,586.4811555411375,633.6857668205708,16,16,16
Q008343,631.0,Ashurbanipal,Neo-Assyrian,Birs Nimrud (Borsippa),ORCC,stele,655.6888073852717,662.0084843570098,651.4669578136718,17,17,17
Q008344,631.0,Ashurbanipal,Neo-Assyrian,Babylonia,ORCC,None,621.222991965665,618.0080822830107,620.2143882555791,14,14,14
Q008345,631.0,Ashurbanipal,Neo-Assyrian,Aqar Quf (Dur-Kurigalzu),ORCC,brick,663.5999787620316,674.6316303060687,654.0930960442087,14,14,14
Q008346,631.0,Ashurbanipal,Neo-Assyrian,Tell Haddad (Me-Turan),ORCC,brick,650.2636100034757,638.5338219051457,671.4858286701193,19,19,19
Q008350,631.0,Ashurbanipal,Neo-Assyrian,Nuffar (Nippur),ORCC,brick,651.3195714994911,649.2568519031623,645.520590728241,14,14,14
Q008351,631.0,Ashurbanipal,Neo-Assyrian,Tell Abu Habbah (Sippar-Yahrurum),ORCC,cylinder,661.320816953763,679.3105205816518,688.9659746933784,16,16,16
Q008352,631.0,Ashurbanipal,Neo-Assyrian,Warka (Uruk),ORCC,cylinder,654.1578533280057,654.4651014291007,625.9659361604015,22,22,22
Q008353,631.0,Ashurbanipal,Neo-Assyrian,Warka (Uruk),ORCC,None,635.1379137285409,617.978955283343,639.6424590204842,12,12,12
Q008354,631.0,Ashurbanipal,Neo-Assyrian,Tell Aqar (Der),ORCC,cylinder,619.8476246683327,585.3697705534598,670.501832934581,13,13,13
Q008355,631.0,Ashurbanipal,Neo-Assyrian,Persepolis (Pārśa),ORCC,eyestone,653.4094052565879,672.5127219766022,644.469263299998,19,19,19
Q008356,631.0,Ashurbanipal,Neo-Assyrian,Persepolis (Pārśa),ORCC,bead,646.253036719596,665.1774765480757,647.0442055381434,14,14,14
Q008357,631.0,Ashurbanipal,Neo-Assyrian,Persepolis (Pārśa),ORCC,bead,670.0252198024201,662.912518096094,657.4386889663924,20,20,20
Q008358,631.0,Ashurbanipal,Neo-Assyrian,Persepolis (Pārśa),ORCC,bowl (with sculpture),643.6136049024506,626.7423642149153,635.173701013822,20,20,20
Q008368,612.0,Sîn-šarru-iškun,Neo-Assyrian,Kuyunjik (Nineveh),ORCC,vessel,655.3595504917737,668.7291694816586,652.0846564897696,200,200,200
Q009238,539.0,Nabonidus,Neo-Babylonian,Sippar,ORCC,None,634.4584376089658,641.189252362255,641.8329406205123,61,61,61
