fragment_id,year_true,ruler,period,provenance,domain,sub_genre,n_correct,err_tfidf,ok_tfidf,err_mlm,ok_mlm,err_thalesian_akk300m,ok_thalesian_akk300m,err_thalesian_cunei400m,ok_thalesian_cunei400m,err_qwen3_1b7,ok_qwen3_1b7,err_qwen3_8b,ok_qwen3_8b,err_qwen3_32b,ok_qwen3_32b,err_random,ok_random
Q005445,539.0,Nabonidus,Neo-Babylonian,Harran,ORCC,uncertain,0,106,0,104,0,129,0,112,0,113,0,115,0,118,0,123,0
Q005447,539.0,Nabonidus,Neo-Babylonian,Harran,ORCC,uncertain,0,113,0,142,0,103,0,117,0,110,0,110,0,114,0,124,0
Q005450,539.0,Nabonidus,Neo-Babylonian,Harran,ORCC,bead,0,116,0,144,0,150,0,113,0,126,0,106,0,115,0,110,0
Q005456,539.0,Nabonidus,Neo-Babylonian,Tayma,ORCC,stele,0,119,0,102,0,116,0,113,0,110,0,108,0,112,0,105,0
Q005417,539.0,Nabonidus,Neo-Babylonian,Seleucia,ORCC,brick,1,96,1,133,0,115,0,103,0,113,0,112,0,119,0,117,0
Q005454,539.0,Nabonidus,Neo-Babylonian,Tayma,ORCC,statue base,1,103,0,56,1,124,0,109,0,111,0,114,0,116,0,133,0
Q005458,539.0,Nabonidus,Neo-Babylonian,Tayma,ORCC,stele,1,113,0,116,0,125,0,74,1,109,0,115,0,112,0,118,0
Q005463,539.0,Nabonidus,Neo-Babylonian,Babylonia,ORCC,cylinder,1,112,0,113,0,110,0,103,0,109,0,101,0,100,0,85,1
Q005467,539.0,Nabonidus,Neo-Babylonian,Tell al-Lahm,ORCC,brick,1,123,0,167,0,75,1,135,0,111,0,111,0,120,0,129,0
Q009238,539.0,Nabonidus,Neo-Babylonian,Sippar,ORCC,None,1,97,1,104,0,108,0,107,0,130,0,119,0,112,0,135,0
Q005414,539.0,Nabonidus,Neo-Babylonian,Larsa,ORCC,stele,2,112,0,109,0,104,0,110,0,81,1,88,1,102,0,105,0
Q003875,612.0,Sîn-šarru-iškun,Neo-Assyrian,Qalat Sherqat (Assur),ORCC,brick,3,79,1,124,0,118,0,116,0,88,1,109,0,129,0,80,1
Q005401,539.0,Nabonidus,Neo-Babylonian,Babylon,ORCC,stele,3,99,1,108,0,105,0,84,1,115,0,87,1,110,0,112,0
Q005426,539.0,Nabonidus,Neo-Babylonian,Sippar,ORCC,cylinder,3,98,1,103,0,86,1,68,1,101,0,111,0,109,0,130,0
Q005440,539.0,Nabonidus,Neo-Babylonian,Babylonia,ORCC,stele,3,108,0,115,0,112,0,93,1,98,1,95,1,107,0,115,0
Q005444,539.0,Nabonidus,Neo-Babylonian,Harran,ORCC,stele,3,118,0,126,0,116,0,96,1,133,0,79,1,138,0,97,1
Q005466,539.0,Nabonidus,Neo-Babylonian,Kish,ORCC,cylinder,3,95,1,56,1,117,0,80,1,109,0,107,0,116,0,126,0
Q005540,562.0,Nebuchadnezzar II,Neo-Babylonian,Babylon,ORCC,brick,3,111,0,80,1,113,0,128,0,86,1,101,0,102,0,91,1
Q005541,562.0,Nebuchadnezzar II,Neo-Babylonian,Babylon,ORCC,brick,3,102,0,102,0,104,0,87,1,101,0,86,1,99,1,107,0
Q005585,562.0,Nebuchadnezzar II,Neo-Babylonian,Sippar,ORCC,brick,3,102,0,109,0,106,0,94,1,101,0,86,1,98,1,109,0
Q005588,562.0,Nebuchadnezzar II,Neo-Babylonian,Ur,ORCC,brick,3,104,0,82,1,105,0,109,0,102,0,94,1,96,1,109,0
Q005597,562.0,Nebuchadnezzar II,Neo-Babylonian,Brissa,ORCC,rock face,3,98,1,128,0,106,0,117,0,98,1,112,0,108,0,90,1
Q005432,539.0,Nabonidus,Neo-Babylonian,Ur,ORCC,cylinder,4,108,0,104,0,87,1,92,1,82,1,84,1,107,0,101,0
Q005442,539.0,Nabonidus,Neo-Babylonian,Babylonia,ORCC,None,4,93,1,94,1,86,1,93,1,107,0,116,0,108,0,112,0
Q005452,539.0,Nabonidus,Neo-Babylonian,Selaʾ,ORCC,rock face,4,97,1,67,1,93,1,92,1,112,0,113,0,109,0,105,0
Q005455,539.0,Nabonidus,Neo-Babylonian,Tayma,ORCC,stele,4,81,1,53,1,49,1,79,1,114,0,100,0,104,0,125,0
Q005457,539.0,Nabonidus,Neo-Babylonian,Tayma,ORCC,stele,4,84,1,69,1,56,1,57,1,114,0,110,0,104,0,120,0
Q005465,539.0,Nabonidus,Neo-Babylonian,Babylonia,ORCC,stele,4,90,1,110,0,87,1,59,1,127,0,86,1,111,0,127,0
Q005584,562.0,Nebuchadnezzar II,Neo-Babylonian,Sippar,ORCC,brick,4,101,0,99,1,105,0,89,1,102,0,87,1,100,1,104,0
Q005586,562.0,Nebuchadnezzar II,Neo-Babylonian,Sippar,ORCC,brick,4,101,0,99,1,107,0,90,1,100,0,85,1,97,1,105,0
Q006501,705.0,Sargon II,Neo-Assyrian,Khorsabad (Dur-Šarrukin),ORCC,slab,4,92,1,90,1,112,0,103,0,104,0,106,0,97,1,57,1
Q006503,705.0,Sargon II,Neo-Assyrian,Khorsabad (Dur-Šarrukin),ORCC,slab,4,81,1,107,0,122,0,97,1,78,1,100,0,95,1,128,0
Q006581,705.0,Sargon II,Neo-Assyrian,Kuyunjik (Nineveh),ORCC,eyestone,4,87,1,116,0,114,0,110,0,88,1,86,1,86,1,105,0
Q006636,705.0,Sargon II,Neo-Assyrian,Nimrud (Kalhu),ORCC,prismatic cylinder,4,81,1,99,1,95,1,124,0,110,0,113,0,112,0,88,1
Q003456,727.0,Tiglath-pileser III,Neo-Assyrian,Nimrud (Kalhu),ORCC,slab,5,84,1,110,0,105,0,70,1,76,1,107,0,95,1,75,1
Q003873,612.0,Sîn-šarru-iškun,Neo-Assyrian,Qalat Sherqat (Assur),ORCC,block,5,73,1,105,0,82,1,81,1,86,1,116,0,118,0,56,1
Q005399,539.0,Nabonidus,Neo-Babylonian,Babylon,ORCC,cylinder,5,90,1,106,0,79,1,87,1,109,0,89,1,96,1,102,0
Q005408,539.0,Nabonidus,Neo-Babylonian,Babylon,ORCC,cylinder,5,102,0,123,0,108,0,78,1,98,1,100,1,98,1,100,1
Q005409,539.0,Nabonidus,Neo-Babylonian,Babylon,ORCC,cylinder,5,86,1,86,1,91,1,67,1,92,1,131,0,104,0,102,0
Q005424,539.0,Nabonidus,Neo-Babylonian,Ur,ORCC,cylinder,5,83,1,85,1,93,1,38,1,120,0,100,0,109,0,89,1
Q005429,539.0,Nabonidus,Neo-Babylonian,Ur,ORCC,cylinder,5,67,1,79,1,79,1,63,1,88,1,106,0,113,0,102,0
Q005430,539.0,Nabonidus,Neo-Babylonian,Ur,ORCC,cylinder,5,67,1,76,1,77,1,59,1,86,1,106,0,111,0,103,0
Q005435,539.0,Nabonidus,Neo-Babylonian,Ur,ORCC,brick,5,91,1,74,1,67,1,68,1,100,0,102,0,104,0,71,1
Q005438,539.0,Nabonidus,Neo-Babylonian,Ur,ORCC,cylinder,5,113,0,105,0,86,1,97,1,86,1,90,1,69,1,101,0
Q005441,539.0,Nabonidus,Neo-Babylonian,Babylonia,ORCC,None,5,105,0,96,1,111,0,98,1,88,1,97,1,93,1,112,0
Q005443,539.0,Nabonidus,Neo-Babylonian,Harran,ORCC,cylinder,5,103,0,95,1,99,1,79,1,105,0,120,0,98,1,93,1
Q005451,539.0,Nabonidus,Neo-Babylonian,Padakku,ORCC,slab,5,102,0,66,1,102,0,85,1,90,1,99,1,103,0,96,1
Q005464,539.0,Nabonidus,Neo-Babylonian,Borsippa,ORCC,cylinder,5,95,1,93,1,81,1,65,1,101,0,107,0,91,1,105,0
Q005591,562.0,Nebuchadnezzar II,Neo-Babylonian,Babylonia,ORCC,cylinder,5,103,0,81,1,46,1,115,0,98,1,85,1,97,1,115,0
Q006323,705.0,Sargon II,Neo-Assyrian,Babylon,ORCC,brick,5,107,0,113,0,92,1,97,1,68,1,67,1,101,0,84,1
Q006499,705.0,Sargon II,Neo-Assyrian,Khorsabad (Dur-Šarrukin),ORCC,slab,5,85,1,132,0,112,0,117,0,71,1,84,1,68,1,49,1
Q006500,705.0,Sargon II,Neo-Assyrian,Khorsabad (Dur-Šarrukin),ORCC,slab,5,83,1,122,0,126,0,109,0,71,1,80,1,84,1,73,1
Q006603,705.0,Sargon II,Neo-Assyrian,Babylon (Bābili),ORCC,brick,5,108,0,113,0,95,1,100,0,69,1,66,1,98,1,86,1
Q006604,705.0,Sargon II,Neo-Assyrian,Babylon (Bābili),ORCC,brick,5,83,1,101,0,123,0,110,0,72,1,64,1,67,1,61,1
Q006637,705.0,Sargon II,Neo-Assyrian,Kuyunjik (Nineveh),ORCC,block,5,86,1,139,0,117,0,117,0,57,1,78,1,83,1,64,1
Q003406,669.0,Esarhaddon,Neo-Assyrian,Kuyunjik (Nineveh),ORCC,cylinder,6,26,1,67,1,25,1,47,1,87,1,103,0,103,0,10,1
Q003617,727.0,Tiglath-pileser III,Neo-Assyrian,Arslan Tash (Ḫadatu),ORCC,lion colossus,6,69,1,92,1,62,1,67,1,121,0,96,1,90,1,107,0
Q004017,681.0,Sennacherib,Neo-Assyrian,Nimrud (Kalhu),ORCC,tablet (with seal impressions),6,62,1,84,1,57,1,53,1,88,1,107,0,100,0,87,1
Q004178,727.0,Tiglath-pileser III,Neo-Assyrian,Assyria,ORCC,brick,6,73,1,100,0,69,1,81,1,101,0,84,1,91,1,100,1
Q005407,539.0,Nabonidus,Neo-Babylonian,Babylon,ORCC,cylinder,6,99,1,73,1,82,1,73,1,105,0,87,1,99,1,141,0
Q005419,539.0,Nabonidus,Neo-Babylonian,Sippar,ORCC,cylinder,6,88,1,104,0,86,1,58,1,71,1,100,1,87,1,110,0
Q005427,539.0,Nabonidus,Neo-Babylonian,Sippar,ORCC,None,6,75,1,65,1,77,1,43,1,103,0,111,0,83,1,94,1
Q005428,539.0,Nabonidus,Neo-Babylonian,Sippar,ORCC,brick,6,42,1,19,1,32,1,35,1,101,0,101,0,98,1,56,1
Q005434,539.0,Nabonidus,Neo-Babylonian,Ur,ORCC,brick,6,100,1,82,1,84,1,72,1,108,0,104,0,90,1,91,1
Q005446,539.0,Nabonidus,Neo-Babylonian,Harran,ORCC,uncertain,6,104,0,87,1,85,1,73,1,89,1,101,0,93,1,71,1
Q005449,539.0,Nabonidus,Neo-Babylonian,Harran,ORCC,vessel,6,88,1,55,1,78,1,61,1,103,0,110,0,81,1,90,1
Q005468,539.0,Nabonidus,Neo-Babylonian,Marad,ORCC,cylinder,6,100,1,98,1,73,1,73,1,96,1,102,0,102,0,99,1
Q005587,562.0,Nebuchadnezzar II,Neo-Babylonian,Ur,ORCC,brick,6,99,1,98,1,97,1,116,0,97,1,100,0,97,1,69,1
Q006494,705.0,Sargon II,Neo-Assyrian,Khorsabad (Dur-Šarrukin),ORCC,slab,6,65,1,129,0,106,0,67,1,41,1,43,1,57,1,41,1
Q006507,705.0,Sargon II,Neo-Assyrian,Khorsabad (Dur-Šarrukin),ORCC,wall slab (with reliefs),6,72,1,99,1,129,0,49,1,77,1,77,1,77,1,122,0
Q006512,705.0,Sargon II,Neo-Assyrian,Khorsabad (Dur-Šarrukin),ORCC,wall slab (with reliefs),6,71,1,78,1,131,0,50,1,79,1,82,1,78,1,102,0
Q006530,705.0,Sargon II,Neo-Assyrian,Khorsabad (Dur-Šarrukin),ORCC,altar,6,59,1,115,0,79,1,65,1,54,1,41,1,77,1,106,0
Q006532,705.0,Sargon II,Neo-Assyrian,Khorsabad (Dur-Šarrukin),ORCC,brick,6,64,1,106,0,100,0,94,1,76,1,75,1,71,1,75,1
Q006541,705.0,Sargon II,Neo-Assyrian,Khorsabad (Dur-Šarrukin),ORCC,bowl,6,89,1,104,0,106,0,82,1,77,1,75,1,79,1,89,1
Q006542,705.0,Sargon II,Neo-Assyrian,Khorsabad (Dur-Šarrukin),ORCC,eyestone,6,102,0,77,1,100,1,130,0,74,1,92,1,76,1,71,1
Q006569,705.0,Sargon II,Neo-Assyrian,Kuyunjik (Nineveh),ORCC,prismatic cylinder,6,67,1,111,0,108,0,74,1,0,1,54,1,44,1,59,1
Q006599,705.0,Sargon II,Neo-Assyrian,Persepolis (Pārśa),ORCC,eyestone,6,80,1,58,1,109,0,116,0,81,1,81,1,74,1,98,1
Q006600,705.0,Sargon II,Neo-Assyrian,Persepolis (Pārśa),ORCC,eyestone,6,80,1,56,1,113,0,122,0,80,1,83,1,73,1,99,1
Q006610,705.0,Sargon II,Neo-Assyrian,uncertain,ORCC,bead,6,81,1,133,0,75,1,102,0,80,1,89,1,76,1,69,1
Q007770,705.0,Sargon II,Neo-Assyrian,Turlu Höyük,ORCC,stele,6,83,1,108,0,85,1,107,0,77,1,89,1,81,1,93,1
Q003298,669.0,Esarhaddon,Neo-Assyrian,Qalat Sherqat (Assur),ORCC,door socket,7,3,1,104,0,34,1,52,1,31,1,47,1,50,1,34,1
Q003340,674.0,Esarhaddon,Neo-Assyrian,Babylon,ORCC,prism,7,24,1,101,0,20,1,36,1,1,1,33,1,74,1,29,1
Q003345,677.0,Esarhaddon,Neo-Assyrian,Nineveh,ORCC,None,7,33,1,101,0,71,1,65,1,36,1,37,1,95,1,43,1
Q003363,669.0,Esarhaddon,Neo-Assyrian,Uruk,ORCC,cylinder,7,31,1,120,0,91,1,73,1,27,1,35,1,97,1,51,1
Q003364,669.0,Esarhaddon,Neo-Assyrian,Uruk,ORCC,cylinder,7,38,1,52,1,55,1,60,1,22,1,13,1,127,0,27,1
Q003368,669.0,Esarhaddon,Neo-Assyrian,Uruk,ORCC,brick,7,37,1,153,0,87,1,84,1,32,1,29,1,69,1,43,1
Q003370,669.0,Esarhaddon,Neo-Assyrian,Kuyunjik (Nineveh),ORCC,lion weight,7,2,1,115,0,55,1,86,1,8,1,29,1,43,1,37,1
Q003373,669.0,Esarhaddon,Neo-Assyrian,Sippar,ORCC,prism,7,30,1,102,0,39,1,55,1,30,1,71,1,73,1,66,1
Q003417,727.0,Tiglath-pileser III,Neo-Assyrian,Nimrud (Kalhu),ORCC,wall slab (with reliefs),7,78,1,83,1,78,1,63,1,141,0,91,1,67,1,90,1
Q003419,727.0,Tiglath-pileser III,Neo-Assyrian,Nimrud (Kalhu),ORCC,wall slab (with reliefs),7,60,1,103,0,82,1,50,1,68,1,66,1,76,1,63,1
Q003420,727.0,Tiglath-pileser III,Neo-Assyrian,Nimrud (Kalhu),ORCC,wall slab (with reliefs),7,72,1,92,1,86,1,65,1,80,1,72,1,105,0,99,1
Q003426,727.0,Tiglath-pileser III,Neo-Assyrian,Nimrud (Kalhu),ORCC,wall slab (with reliefs),7,72,1,85,1,70,1,58,1,105,0,72,1,80,1,54,1
Q003427,727.0,Tiglath-pileser III,Neo-Assyrian,Nimrud (Kalhu),ORCC,wall slab (with reliefs),7,76,1,63,1,61,1,55,1,105,0,93,1,70,1,89,1
Q003430,727.0,Tiglath-pileser III,Neo-Assyrian,Nimrud (Kalhu),ORCC,wall slab (with reliefs),7,70,1,66,1,85,1,56,1,103,0,93,1,72,1,77,1
Q003432,727.0,Tiglath-pileser III,Neo-Assyrian,Nimrud (Kalhu),ORCC,wall slab (with reliefs),7,67,1,50,1,60,1,87,1,71,1,106,0,54,1,73,1
Q003437,727.0,Tiglath-pileser III,Neo-Assyrian,Nimrud (Kalhu),ORCC,wall slab (with reliefs),7,66,1,61,1,67,1,49,1,75,1,80,1,76,1,105,0
Q003439,727.0,Tiglath-pileser III,Neo-Assyrian,Nimrud (Kalhu),ORCC,wall slab (with reliefs),7,79,1,104,0,75,1,52,1,84,1,93,1,62,1,80,1
Q003444,727.0,Tiglath-pileser III,Neo-Assyrian,Nimrud (Kalhu),ORCC,wall slab (with reliefs),7,67,1,70,1,70,1,55,1,87,1,126,0,88,1,92,1
Q003454,727.0,Tiglath-pileser III,Neo-Assyrian,Nimrud (Kalhu),ORCC,slab,7,64,1,69,1,70,1,62,1,75,1,106,0,87,1,78,1
Q003455,727.0,Tiglath-pileser III,Neo-Assyrian,Nimrud (Kalhu),ORCC,slab,7,86,1,80,1,88,1,68,1,105,0,73,1,81,1,75,1
Q003458,727.0,Tiglath-pileser III,Neo-Assyrian,Nimrud (Kalhu),ORCC,slab,7,74,1,60,1,65,1,50,1,88,1,104,0,84,1,55,1
Q003463,727.0,Tiglath-pileser III,Neo-Assyrian,Nimrud (Kalhu),ORCC,None,7,74,1,76,1,85,1,60,1,102,0,96,1,100,1,60,1
Q003468,727.0,Tiglath-pileser III,Neo-Assyrian,Nimrud (Kalhu),ORCC,wall slab (with reliefs),7,70,1,54,1,105,0,56,1,77,1,76,1,72,1,72,1
Q003723,631.0,Ashurbanipal,Neo-Assyrian,Kuyunjik (Nineveh),ORCC,slab (sculptured),7,33,1,53,1,106,0,64,1,37,1,32,1,34,1,34,1
Q003745,631.0,Ashurbanipal,Neo-Assyrian,Kuyunjik (Nineveh),ORCC,slab (sculptured),7,37,1,80,1,102,0,85,1,5,1,9,1,5,1,6,1
Q003816,631.0,Ashurbanipal,Neo-Assyrian,Nippur,ORCC,brick,7,37,1,39,1,52,1,48,1,0,1,58,1,124,0,9,1
Q003840,631.0,Ashurbanipal,Neo-Assyrian,Ur,ORCC,door socket,7,59,1,122,0,62,1,59,1,23,1,26,1,40,1,28,1
Q003878,612.0,Sîn-šarru-iškun,Neo-Assyrian,Qalat Sherqat (Assur),ORCC,None,7,69,1,122,0,92,1,88,1,54,1,58,1,94,1,46,1
Q003931,681.0,Sennacherib,Neo-Assyrian,Kuyunjik (Nineveh),ORCC,bead,7,38,1,27,1,12,1,1,1,27,1,15,1,36,1,104,0
Q003982,681.0,Sennacherib,Neo-Assyrian,Qalat Sherqat (Assur),ORCC,block,7,59,1,105,0,75,1,49,1,46,1,49,1,47,1,29,1
Q003989,681.0,Sennacherib,Neo-Assyrian,Qalat Sherqat (Assur),ORCC,block,7,43,1,113,0,29,1,60,1,52,1,48,1,57,1,59,1
Q003990,681.0,Sennacherib,Neo-Assyrian,Qalat Sherqat (Assur),ORCC,block,7,46,1,110,0,10,1,48,1,44,1,25,1,39,1,26,1
Q004080,681.0,Sennacherib,Neo-Assyrian,Kuyunjik (Nineveh),ORCC,tablet or prism,7,53,1,65,1,50,1,20,1,57,1,61,1,62,1,106,0
Q005400,539.0,Nabonidus,Neo-Babylonian,Babylon,ORCC,stele,7,85,1,94,1,80,1,72,1,33,1,86,1,85,1,103,0
Q005411,539.0,Nabonidus,Neo-Babylonian,Kish,ORCC,cylinder,7,66,1,63,1,58,1,43,1,74,1,88,1,56,1,102,0
Q005418,539.0,Nabonidus,Neo-Babylonian,Sippar,ORCC,cylinder,7,101,0,87,1,84,1,60,1,71,1,91,1,67,1,97,1
Q005420,539.0,Nabonidus,Neo-Babylonian,Sippar,ORCC,cylinder,7,80,1,91,1,77,1,52,1,97,1,103,0,69,1,97,1
Q005421,539.0,Nabonidus,Neo-Babylonian,Sippar,ORCC,cylinder,7,88,1,82,1,85,1,77,1,90,1,104,0,75,1,81,1
Q005423,539.0,Nabonidus,Neo-Babylonian,Sippar,ORCC,cylinder,7,105,0,67,1,79,1,95,1,85,1,64,1,78,1,66,1
Q005431,539.0,Nabonidus,Neo-Babylonian,Ur,ORCC,cylinder,7,86,1,74,1,49,1,51,1,75,1,58,1,51,1,107,0
Q005469,539.0,Nabonidus,Neo-Babylonian,Sippar,ORCC,cylinder,7,93,1,85,1,74,1,55,1,93,1,86,1,68,1,119,0
Q005499,562.0,Nebuchadnezzar II,Neo-Babylonian,Babylon,ORCC,cylinder,7,84,1,91,1,61,1,28,1,49,1,74,1,84,1,107,0
Q005589,562.0,Nebuchadnezzar II,Neo-Babylonian,Uruk,ORCC,cylinder,7,97,1,80,1,71,1,125,0,97,1,97,1,94,1,78,1
Q005592,562.0,Nebuchadnezzar II,Neo-Babylonian,Babylonia,ORCC,brick,7,98,1,89,1,68,1,126,0,99,1,98,1,97,1,79,1
Q005594,562.0,Nebuchadnezzar II,Neo-Babylonian,Babylonia,ORCC,eyestone,7,75,1,89,1,88,1,64,1,102,0,81,1,94,1,79,1
Q006495,705.0,Sargon II,Neo-Assyrian,Khorsabad (Dur-Šarrukin),ORCC,slab,7,85,1,120,0,92,1,82,1,43,1,32,1,67,1,47,1
Q006505,705.0,Sargon II,Neo-Assyrian,Khorsabad (Dur-Šarrukin),ORCC,wall slab (with reliefs),7,70,1,63,1,141,0,51,1,86,1,86,1,81,1,76,1
Q006506,705.0,Sargon II,Neo-Assyrian,Khorsabad (Dur-Šarrukin),ORCC,wall slab (with reliefs),7,65,1,54,1,98,1,81,1,80,1,75,1,75,1,107,0
Q006509,705.0,Sargon II,Neo-Assyrian,Khorsabad (Dur-Šarrukin),ORCC,wall slab (with reliefs),7,72,1,59,1,130,0,54,1,86,1,89,1,77,1,82,1
Q006520,705.0,Sargon II,Neo-Assyrian,Khorsabad (Dur-Šarrukin),ORCC,wall slab (with reliefs),7,61,1,106,0,91,1,67,1,66,1,71,1,71,1,99,1
Q006545,705.0,Sargon II,Neo-Assyrian,Qalat Sherqat (Assur),ORCC,cylinder,7,60,1,84,1,75,1,79,1,59,1,29,1,84,1,117,0
Q006551,705.0,Sargon II,Neo-Assyrian,Qalat Sherqat (Assur),ORCC,brick,7,75,1,51,1,135,0,63,1,82,1,82,1,72,1,75,1
Q006552,705.0,Sargon II,Neo-Assyrian,Qalat Sherqat (Assur),ORCC,grazed brick frieze,7,60,1,9,1,43,1,14,1,75,1,60,1,56,1,100,0
Q006571,705.0,Sargon II,Neo-Assyrian,Kuyunjik (Nineveh),ORCC,None,7,82,1,61,1,84,1,117,0,76,1,82,1,80,1,82,1
Q006574,705.0,Sargon II,Neo-Assyrian,Kuyunjik (Nineveh),ORCC,slab,7,81,1,57,1,102,0,85,1,72,1,69,1,62,1,42,1
Q006580,705.0,Sargon II,Neo-Assyrian,Kuyunjik (Nineveh),ORCC,plating (for doorjamb),7,83,1,87,1,93,1,105,0,70,1,86,1,73,1,89,1
Q006583,705.0,Sargon II,Neo-Assyrian,uncertain,ORCC,None,7,70,1,40,1,67,1,81,1,129,0,73,1,93,1,56,1
Q006584,705.0,Sargon II,Neo-Assyrian,Larnaka,ORCC,stele,7,43,1,110,0,78,1,50,1,78,1,59,1,76,1,75,1
Q006587,705.0,Sargon II,Neo-Assyrian,Acharneh (Tunip),ORCC,stele,7,58,1,74,1,52,1,55,1,100,0,88,1,76,1,55,1
Q006608,705.0,Sargon II,Neo-Assyrian,Warka (Uruk),ORCC,brick,7,81,1,48,1,126,0,58,1,79,1,77,1,69,1,60,1
Q006634,705.0,Sargon II,Neo-Assyrian,Qalat Sherqat (Assur),ORCC,cone,7,69,1,91,1,130,0,28,1,81,1,79,1,72,1,72,1
Q006638,705.0,Sargon II,Neo-Assyrian,Kuyunjik (Nineveh),ORCC,lion colossus,7,57,1,103,0,67,1,54,1,71,1,86,1,75,1,62,1
Q006639,705.0,Sargon II,Neo-Assyrian,Samaria (Sāmerīna),ORCC,stele ?,7,69,1,56,1,92,1,108,0,82,1,79,1,73,1,65,1
Q006651,705.0,Sargon II,Neo-Assyrian,Tell Baradan,ORCC,cylinder,7,74,1,78,1,98,1,92,1,84,1,87,1,97,1,121,0
Q007570,631.0,Ashurbanipal,Neo-Assyrian,Kuyunjik (Nineveh),ORCC,None,7,33,1,63,1,85,1,49,1,24,1,44,1,104,0,63,1
Q003230,672.0,Esarhaddon,Neo-Assyrian,Kuyunjik (Nineveh),ORCC,prism,8,16,1,29,1,8,1,36,1,36,1,50,1,42,1,28,1
Q003231,676.0,Esarhaddon,Neo-Assyrian,Kuyunjik (Nineveh),ORCC,prism,8,13,1,29,1,11,1,40,1,41,1,60,1,60,1,30,1
Q003232,669.0,Esarhaddon,Neo-Assyrian,Kuyunjik (Nineveh),ORCC,prism,8,26,1,3,1,18,1,32,1,26,1,23,1,1,1,6,1
Q003233,669.0,Esarhaddon,Neo-Assyrian,Kuyunjik (Nineveh),ORCC,prism,8,8,1,33,1,18,1,36,1,0,1,6,1,3,1,11,1
Q003234,670.0,Esarhaddon,Neo-Assyrian,Kuyunjik (Nineveh),ORCC,prism,8,30,1,5,1,30,1,63,1,30,1,58,1,30,1,11,1
Q003235,670.0,Esarhaddon,Neo-Assyrian,Kuyunjik (Nineveh),ORCC,prism,8,26,1,2,1,25,1,43,1,42,1,13,1,13,1,19,1
Q003236,670.0,Esarhaddon,Neo-Assyrian,Kuyunjik (Nineveh),ORCC,prism,8,21,1,9,1,0,1,26,1,18,1,8,1,13,1,5,1
Q003237,670.0,Esarhaddon,Neo-Assyrian,Kuyunjik (Nineveh),ORCC,prism,8,7,1,12,1,9,1,17,1,37,1,2,1,19,1,2,1
Q003238,670.0,Esarhaddon,Neo-Assyrian,Kuyunjik (Nineveh),ORCC,prism,8,19,1,33,1,16,1,16,1,49,1,78,1,32,1,14,1
Q003239,677.0,Esarhaddon,Neo-Assyrian,Kuyunjik (Nineveh),ORCC,cylinder,8,57,1,24,1,51,1,60,1,0,1,4,1,18,1,22,1
Q003240,669.0,Esarhaddon,Neo-Assyrian,Kuyunjik (Nineveh),ORCC,cylinder,8,32,1,8,1,17,1,23,1,31,1,24,1,38,1,38,1
Q003241,669.0,Esarhaddon,Neo-Assyrian,Kuyunjik (Nineveh),ORCC,cylinder,8,20,1,20,1,1,1,24,1,31,1,33,1,28,1,39,1
Q003242,681.0,Esarhaddon,Neo-Assyrian,Kuyunjik (Nineveh),ORCC,cylinder,8,23,1,10,1,13,1,12,1,13,1,68,1,45,1,20,1
Q003243,681.0,Esarhaddon,Neo-Assyrian,Kuyunjik (Nineveh),ORCC,cylinder,8,14,1,41,1,54,1,56,1,53,1,38,1,24,1,26,1
Q003244,670.0,Esarhaddon,Neo-Assyrian,Kuyunjik (Nineveh),ORCC,cylinder,8,1,1,1,1,8,1,3,1,4,1,9,1,24,1,41,1
Q003245,670.0,Esarhaddon,Neo-Assyrian,Kuyunjik (Nineveh),ORCC,cylinder,8,8,1,51,1,24,1,32,1,0,1,31,1,52,1,31,1
Q003246,669.0,Esarhaddon,Neo-Assyrian,Kuyunjik (Nineveh),ORCC,cylinder,8,10,1,14,1,21,1,1,1,50,1,24,1,14,1,25,1
Q003247,669.0,Esarhaddon,Neo-Assyrian,Kuyunjik (Nineveh),ORCC,cylinder,8,13,1,27,1,3,1,33,1,4,1,12,1,22,1,21,1
Q003248,669.0,Esarhaddon,Neo-Assyrian,Kuyunjik (Nineveh),ORCC,uncertain,8,8,1,39,1,9,1,7,1,6,1,13,1,3,1,7,1
Q003249,670.0,Esarhaddon,Neo-Assyrian,Kuyunjik (Nineveh),ORCC,slab,8,18,1,41,1,8,1,59,1,3,1,15,1,16,1,26,1
Q003250,669.0,Esarhaddon,Neo-Assyrian,Kuyunjik (Nineveh),ORCC,slab,8,16,1,64,1,57,1,60,1,2,1,12,1,15,1,18,1
Q003251,669.0,Esarhaddon,Neo-Assyrian,Kuyunjik (Nineveh),ORCC,slab,8,5,1,4,1,6,1,17,1,17,1,15,1,12,1,26,1
Q003252,669.0,Esarhaddon,Neo-Assyrian,Kuyunjik (Nineveh),ORCC,brick,8,56,1,87,1,24,1,50,1,48,1,51,1,47,1,24,1
Q003253,669.0,Esarhaddon,Neo-Assyrian,Kuyunjik (Nineveh),ORCC,gaming board,8,8,1,7,1,23,1,10,1,6,1,8,1,9,1,20,1
Q003254,669.0,Esarhaddon,Neo-Assyrian,Kuyunjik (Nineveh),ORCC,vessel,8,12,1,97,1,46,1,35,1,22,1,51,1,50,1,50,1
Q003255,670.0,Esarhaddon,Neo-Assyrian,Kuyunjik (Nineveh),ORCC,vessel,8,3,1,22,1,25,1,56,1,11,1,6,1,6,1,16,1
Q003256,669.0,Esarhaddon,Neo-Assyrian,Kuyunjik (Nineveh),ORCC,vessel,8,13,1,40,1,19,1,33,1,11,1,4,1,5,1,10,1
Q003257,669.0,Esarhaddon,Neo-Assyrian,Kuyunjik (Nineveh),ORCC,vessel,8,13,1,67,1,48,1,34,1,2,1,19,1,25,1,28,1
Q003258,669.0,Esarhaddon,Neo-Assyrian,Kuyunjik (Nineveh),ORCC,vessel,8,21,1,81,1,71,1,98,1,0,1,11,1,14,1,22,1
Q003259,669.0,Esarhaddon,Neo-Assyrian,Kuyunjik (Nineveh),ORCC,None,8,31,1,42,1,32,1,51,1,16,1,28,1,59,1,46,1
Q003260,669.0,Esarhaddon,Neo-Assyrian,Kuyunjik (Nineveh),ORCC,None,8,25,1,10,1,26,1,25,1,33,1,33,1,11,1,12,1
Q003261,669.0,Esarhaddon,Neo-Assyrian,Kuyunjik (Nineveh),ORCC,None,8,30,1,21,1,24,1,50,1,8,1,11,1,3,1,15,1
Q003262,672.0,Esarhaddon,Neo-Assyrian,Kuyunjik (Nineveh),ORCC,None,8,26,1,4,1,4,1,30,1,39,1,15,1,10,1,23,1
Q003263,670.0,Esarhaddon,Neo-Assyrian,Kuyunjik (Nineveh),ORCC,None,8,5,1,6,1,1,1,10,1,23,1,40,1,10,1,13,1
Q003264,670.0,Esarhaddon,Neo-Assyrian,Kuyunjik (Nineveh),ORCC,None,8,3,1,34,1,23,1,30,1,20,1,54,1,55,1,2,1
Q003265,670.0,Esarhaddon,Neo-Assyrian,Kuyunjik (Nineveh),ORCC,None,8,36,1,30,1,18,1,37,1,15,1,38,1,18,1,20,1
Q003266,670.0,Esarhaddon,Neo-Assyrian,Kuyunjik (Nineveh),ORCC,None,8,22,1,20,1,46,1,44,1,45,1,39,1,48,1,35,1
Q003267,670.0,Esarhaddon,Neo-Assyrian,Kuyunjik (Nineveh),ORCC,None,8,58,1,15,1,6,1,56,1,23,1,79,1,46,1,11,1
Q003268,670.0,Esarhaddon,Neo-Assyrian,Kuyunjik (Nineveh),ORCC,None,8,16,1,8,1,32,1,3,1,2,1,11,1,3,1,6,1
Q003269,669.0,Esarhaddon,Neo-Assyrian,Kuyunjik (Nineveh),ORCC,None,8,24,1,27,1,25,1,13,1,5,1,9,1,44,1,12,1
Q003270,669.0,Esarhaddon,Neo-Assyrian,Kuyunjik (Nineveh),ORCC,None,8,26,1,13,1,43,1,25,1,48,1,46,1,48,1,37,1
Q003271,669.0,Esarhaddon,Neo-Assyrian,Kuyunjik (Nineveh),ORCC,None,8,7,1,50,1,0,1,47,1,26,1,9,1,14,1,4,1
Q003272,669.0,Esarhaddon,Neo-Assyrian,Kuyunjik (Nineveh),ORCC,None,8,35,1,18,1,50,1,38,1,8,1,9,1,4,1,11,1
Q003273,669.0,Esarhaddon,Neo-Assyrian,Kuyunjik (Nineveh),ORCC,None,8,54,1,67,1,53,1,38,1,54,1,30,1,33,1,25,1
Q003274,669.0,Esarhaddon,Neo-Assyrian,Kuyunjik (Nineveh),ORCC,None,8,38,1,43,1,18,1,32,1,64,1,48,1,74,1,39,1
Q003275,669.0,Esarhaddon,Neo-Assyrian,Kuyunjik (Nineveh),ORCC,None,8,16,1,27,1,30,1,22,1,22,1,12,1,30,1,2,1
Q003276,669.0,Esarhaddon,Neo-Assyrian,Kuyunjik (Nineveh),ORCC,None,8,9,1,2,1,15,1,17,1,19,1,15,1,15,1,4,1
Q003277,669.0,Esarhaddon,Neo-Assyrian,Kuyunjik (Nineveh),ORCC,None,8,39,1,9,1,36,1,26,1,64,1,49,1,79,1,73,1
Q003278,669.0,Esarhaddon,Neo-Assyrian,Kuyunjik (Nineveh),ORCC,None,8,19,1,3,1,29,1,39,1,34,1,18,1,23,1,12,1
Q003279,669.0,Esarhaddon,Neo-Assyrian,Kuyunjik (Nineveh),ORCC,None,8,24,1,39,1,19,1,28,1,6,1,10,1,6,1,4,1
Q003280,669.0,Esarhaddon,Neo-Assyrian,Kuyunjik (Nineveh),ORCC,None,8,23,1,28,1,31,1,21,1,12,1,19,1,23,1,36,1
Q003281,669.0,Esarhaddon,Neo-Assyrian,Kuyunjik (Nineveh),ORCC,None,8,25,1,8,1,19,1,18,1,37,1,22,1,40,1,61,1
Q003282,669.0,Esarhaddon,Neo-Assyrian,Kuyunjik (Nineveh),ORCC,None,8,41,1,4,1,23,1,30,1,4,1,33,1,39,1,32,1
Q003283,669.0,Esarhaddon,Neo-Assyrian,Kuyunjik (Nineveh),ORCC,None,8,11,1,2,1,1,1,16,1,31,1,52,1,13,1,18,1
Q003284,669.0,Esarhaddon,Neo-Assyrian,Kuyunjik (Nineveh),ORCC,None,8,4,1,12,1,14,1,29,1,22,1,38,1,24,1,49,1
Q003285,669.0,Esarhaddon,Neo-Assyrian,Kuyunjik (Nineveh),ORCC,None,8,38,1,14,1,37,1,22,1,22,1,25,1,24,1,10,1
Q003286,679.0,Esarhaddon,Neo-Assyrian,Qalat Sherqat (Assur),ORCC,"prism, tablet",8,13,1,40,1,5,1,23,1,67,1,91,1,67,1,3,1
Q003287,680.0,Esarhaddon,Neo-Assyrian,Qalat Sherqat (Assur),ORCC,prism,8,40,1,10,1,39,1,26,1,46,1,15,1,28,1,0,1
Q003288,680.0,Esarhaddon,Neo-Assyrian,Qalat Sherqat (Assur),ORCC,cylinder,8,46,1,20,1,32,1,28,1,5,1,25,1,26,1,17,1
Q003289,669.0,Esarhaddon,Neo-Assyrian,Kuyunjik (Nineveh),ORCC,None,8,2,1,5,1,24,1,34,1,6,1,9,1,21,1,20,1
Q003290,669.0,Esarhaddon,Neo-Assyrian,Qalat Sherqat (Assur),ORCC,brick,8,3,1,32,1,41,1,40,1,6,1,20,1,18,1,11,1
Q003291,669.0,Esarhaddon,Neo-Assyrian,Qalat Sherqat (Assur),ORCC,block,8,6,1,67,1,51,1,55,1,20,1,37,1,39,1,37,1
Q003292,669.0,Esarhaddon,Neo-Assyrian,Qalat Sherqat (Assur),ORCC,series of blocks,8,21,1,54,1,43,1,52,1,31,1,58,1,62,1,43,1
Q003293,669.0,Esarhaddon,Neo-Assyrian,Qalat Sherqat (Assur),ORCC,series of blocks,8,7,1,3,1,15,1,23,1,12,1,18,1,12,1,14,1
Q003294,669.0,Esarhaddon,Neo-Assyrian,Qalat Sherqat (Assur),ORCC,block,8,3,1,22,1,7,1,28,1,15,1,9,1,17,1,23,1
Q003295,669.0,Esarhaddon,Neo-Assyrian,Qalat Sherqat (Assur),ORCC,block,8,13,1,80,1,42,1,24,1,2,1,25,1,21,1,11,1
Q003297,669.0,Esarhaddon,Neo-Assyrian,Qalat Sherqat (Assur),ORCC,door socket,8,5,1,90,1,27,1,53,1,49,1,63,1,59,1,31,1
Q003299,669.0,Esarhaddon,Neo-Assyrian,Qalat Sherqat (Assur),ORCC,vessel,8,9,1,27,1,30,1,31,1,4,1,8,1,11,1,19,1
Q003300,669.0,Esarhaddon,Neo-Assyrian,Qalat Sherqat (Assur),ORCC,vessel,8,1,1,30,1,13,1,27,1,6,1,6,1,4,1,12,1
Q003302,669.0,Esarhaddon,Neo-Assyrian,Qalat Sherqat (Assur),ORCC,vessel,8,6,1,6,1,8,1,8,1,20,1,20,1,12,1,22,1
Q003303,669.0,Esarhaddon,Neo-Assyrian,Qalat Sherqat (Assur),ORCC,bead,8,29,1,18,1,37,1,47,1,10,1,7,1,18,1,18,1
Q003304,669.0,Esarhaddon,Neo-Assyrian,Qalat Sherqat (Assur),ORCC,amulet,8,28,1,22,1,34,1,41,1,10,1,7,1,20,1,17,1
Q003305,669.0,Esarhaddon,Neo-Assyrian,Qalat Sherqat (Assur),ORCC,None,8,14,1,30,1,38,1,34,1,0,1,1,1,1,1,5,1
Q003306,672.0,Esarhaddon,Neo-Assyrian,Nimrud (Kalhu),ORCC,cylinder,8,11,1,7,1,17,1,11,1,31,1,43,1,11,1,16,1
Q003307,676.0,Esarhaddon,Neo-Assyrian,Nimrud (Kalhu),ORCC,cylinder,8,12,1,3,1,18,1,6,1,28,1,45,1,8,1,19,1
Q003308,672.0,Esarhaddon,Neo-Assyrian,Nimrud (Kalhu),ORCC,cylinder,8,12,1,14,1,15,1,12,1,37,1,48,1,13,1,18,1
Q003309,669.0,Esarhaddon,Neo-Assyrian,Nimrud (Kalhu),ORCC,cylinder,8,11,1,35,1,12,1,17,1,30,1,44,1,40,1,44,1
Q003310,669.0,Esarhaddon,Neo-Assyrian,Nimrud (Kalhu),ORCC,series of blocks,8,15,1,62,1,45,1,42,1,5,1,24,1,28,1,20,1
Q003311,669.0,Esarhaddon,Neo-Assyrian,Nimrud (Kalhu),ORCC,series of blocks,8,20,1,80,1,53,1,69,1,48,1,67,1,80,1,32,1
Q003312,669.0,Esarhaddon,Neo-Assyrian,Nimrud (Kalhu),ORCC,bull colossus,8,1,1,84,1,14,1,81,1,12,1,42,1,57,1,21,1
Q003313,669.0,Esarhaddon,Neo-Assyrian,Nimrud (Kalhu),ORCC,bull colossus,8,13,1,10,1,19,1,9,1,6,1,4,1,14,1,1,1
Q003314,669.0,Esarhaddon,Neo-Assyrian,Nimrud (Kalhu),ORCC,human-headed lion colossus,8,13,1,17,1,15,1,11,1,6,1,4,1,10,1,1,1
Q003315,669.0,Esarhaddon,Neo-Assyrian,Negub Tunnel,ORCC,slab,8,17,1,54,1,25,1,28,1,18,1,3,1,14,1,32,1
Q003316,669.0,Esarhaddon,Neo-Assyrian,Nimrud (Kalhu),ORCC,slab,8,9,1,30,1,12,1,18,1,12,1,19,1,18,1,25,1
Q003317,669.0,Esarhaddon,Neo-Assyrian,Nimrud (Kalhu),ORCC,brick,8,5,1,2,1,6,1,4,1,17,1,16,1,13,1,26,1
Q003319,669.0,Esarhaddon,Neo-Assyrian,Nimrud (Kalhu),ORCC,seal (impression),8,1,1,23,1,40,1,10,1,13,1,11,1,9,1,9,1
Q003320,669.0,Esarhaddon,Neo-Assyrian,Nimrud (Kalhu),ORCC,vessel,8,4,1,11,1,51,1,28,1,20,1,26,1,19,1,22,1
Q003321,669.0,Esarhaddon,Neo-Assyrian,Nimrud (Kalhu),ORCC,lump,8,1,1,40,1,26,1,12,1,9,1,27,1,26,1,9,1
Q003322,672.0,Esarhaddon,Neo-Assyrian,Qalat Sherqat (Assur),ORCC,cylinder,8,8,1,14,1,17,1,8,1,35,1,57,1,22,1,17,1
Q003323,669.0,Esarhaddon,Neo-Assyrian,Tell Sherif Khan (Tarbisu),ORCC,slab,8,6,1,72,1,59,1,27,1,42,1,23,1,30,1,62,1
Q003324,669.0,Esarhaddon,Neo-Assyrian,Tell Sherif Khan (Tarbisu),ORCC,slab,8,9,1,10,1,16,1,40,1,30,1,16,1,19,1,57,1
Q003325,669.0,Esarhaddon,Neo-Assyrian,Tell Sherif Khan (Tarbisu),ORCC,brick,8,13,1,11,1,17,1,25,1,10,1,26,1,24,1,13,1
Q003326,669.0,Esarhaddon,Neo-Assyrian,Tell Ahmar (Til Barsip),ORCC,stele,8,11,1,7,1,16,1,31,1,11,1,9,1,36,1,0,1
Q003327,669.0,Esarhaddon,Neo-Assyrian,Zinčirli (Samal),ORCC,stele,8,38,1,33,1,54,1,38,1,24,1,44,1,45,1,9,1
Q003328,669.0,Esarhaddon,Neo-Assyrian,Kuyunjik (Nineveh),ORCC,None,8,21,1,5,1,26,1,24,1,11,1,15,1,5,1,10,1
Q003329,669.0,Esarhaddon,Neo-Assyrian,Kuyunjik (Nineveh),ORCC,None,8,4,1,33,1,17,1,27,1,10,1,7,1,4,1,6,1
Q003330,669.0,Esarhaddon,Neo-Assyrian,Kuyunjik (Nineveh),ORCC,None,8,39,1,70,1,20,1,23,1,3,1,41,1,55,1,51,1
Q003332,669.0,Esarhaddon,Neo-Assyrian,Nahr el-Kelb,ORCC,rock face,8,1,1,4,1,3,1,9,1,13,1,12,1,2,1,23,1
Q003333,673.0,Esarhaddon,Neo-Assyrian,Babylon,ORCC,prism,8,11,1,26,1,23,1,4,1,2,1,16,1,21,1,23,1
Q003334,672.0,Esarhaddon,Neo-Assyrian,Babylon,ORCC,prism,8,7,1,8,1,27,1,24,1,41,1,62,1,16,1,34,1
Q003335,670.0,Esarhaddon,Neo-Assyrian,Babylon,ORCC,"prism, tablet",8,10,1,11,1,30,1,11,1,72,1,72,1,42,1,25,1
Q003336,672.0,Esarhaddon,Neo-Assyrian,Babylon,ORCC,prism,8,3,1,30,1,7,1,29,1,34,1,35,1,2,1,45,1
Q003337,678.0,Esarhaddon,Neo-Assyrian,Nineveh,ORCC,prism,8,38,1,66,1,13,1,63,1,47,1,83,1,28,1,36,1
Q003338,678.0,Esarhaddon,Neo-Assyrian,Nineveh,ORCC,prism,8,19,1,88,1,97,1,60,1,36,1,31,1,73,1,64,1
Q003339,672.0,Esarhaddon,Neo-Assyrian,Babylon,ORCC,prism,8,12,1,31,1,23,1,9,1,33,1,75,1,13,1,6,1
Q003341,669.0,Esarhaddon,Neo-Assyrian,Sippar,ORCC,prism,8,4,1,1,1,41,1,2,1,16,1,1,1,17,1,17,1
Q003342,669.0,Esarhaddon,Neo-Assyrian,Babylon,ORCC,cylinder,8,21,1,39,1,5,1,1,1,13,1,42,1,4,1,20,1
Q003343,672.0,Esarhaddon,Neo-Assyrian,Babylon,ORCC,cubiod monument,8,10,1,14,1,41,1,19,1,72,1,81,1,40,1,34,1
Q003346,677.0,Esarhaddon,Neo-Assyrian,Nineveh,ORCC,None,8,57,1,49,1,41,1,68,1,27,1,38,1,37,1,35,1
Q003347,669.0,Esarhaddon,Neo-Assyrian,Babylon,ORCC,seal,8,26,1,95,1,33,1,60,1,0,1,11,1,68,1,43,1
Q003348,669.0,Esarhaddon,Neo-Assyrian,Babylon,ORCC,brick,8,8,1,33,1,17,1,15,1,6,1,1,1,3,1,17,1
Q003349,669.0,Esarhaddon,Neo-Assyrian,Babylon,ORCC,brick,8,3,1,77,1,26,1,9,1,15,1,22,1,24,1,5,1
Q003350,669.0,Esarhaddon,Neo-Assyrian,Babylon,ORCC,brick,8,3,1,73,1,43,1,12,1,33,1,30,1,31,1,3,1
Q003351,669.0,Esarhaddon,Neo-Assyrian,Babylon,ORCC,brick,8,6,1,78,1,33,1,12,1,15,1,24,1,28,1,5,1
Q003352,669.0,Esarhaddon,Neo-Assyrian,Babylon,ORCC,brick,8,2,1,50,1,26,1,9,1,20,1,11,1,18,1,6,1
Q003353,669.0,Esarhaddon,Neo-Assyrian,Babylon,ORCC,brick,8,2,1,73,1,42,1,19,1,39,1,36,1,32,1,6,1
Q003354,669.0,Esarhaddon,Neo-Assyrian,Babylon,ORCC,brick,8,4,1,52,1,21,1,7,1,21,1,9,1,33,1,5,1
Q003355,669.0,Esarhaddon,Neo-Assyrian,Babylon,ORCC,brick,8,24,1,65,1,35,1,79,1,4,1,1,1,32,1,94,1
Q003356,669.0,Esarhaddon,Neo-Assyrian,Borsippa,ORCC,cylinder,8,38,1,36,1,17,1,57,1,19,1,35,1,58,1,21,1
Q003357,669.0,Esarhaddon,Neo-Assyrian,Nippur,ORCC,cylinder,8,18,1,27,1,42,1,50,1,21,1,49,1,58,1,10,1
Q003358,669.0,Esarhaddon,Neo-Assyrian,Nippur,ORCC,cylinder,8,38,1,44,1,25,1,74,1,12,1,11,1,69,1,19,1
Q003359,669.0,Esarhaddon,Neo-Assyrian,Nippur,ORCC,cylinder,8,15,1,20,1,1,1,41,1,9,1,6,1,48,1,21,1
Q003360,669.0,Esarhaddon,Neo-Assyrian,Nippur,ORCC,brick,8,22,1,10,1,8,1,33,1,11,1,4,1,31,1,27,1
Q003361,669.0,Esarhaddon,Neo-Assyrian,Nippur,ORCC,brick,8,7,1,20,1,9,1,0,1,8,1,46,1,32,1,11,1
Q003362,669.0,Esarhaddon,Neo-Assyrian,Uruk,ORCC,cylinder,8,28,1,70,1,55,1,38,1,59,1,27,1,54,1,41,1
Q003365,669.0,Esarhaddon,Neo-Assyrian,Uruk,ORCC,cylinder,8,15,1,24,1,25,1,58,1,4,1,0,1,66,1,36,1
Q003366,669.0,Esarhaddon,Neo-Assyrian,Uruk,ORCC,brick,8,36,1,98,1,59,1,53,1,21,1,32,1,41,1,44,1
Q003367,669.0,Esarhaddon,Neo-Assyrian,Uruk,ORCC,brick,8,10,1,21,1,44,1,17,1,20,1,8,1,27,1,37,1
Q003369,669.0,Esarhaddon,Neo-Assyrian,Cave Kalm-karra,ORCC,vessel,8,8,1,25,1,20,1,21,1,7,1,7,1,1,1,9,1
Q003371,669.0,Esarhaddon,Neo-Assyrian,Assyria,ORCC,bead,8,39,1,36,1,57,1,88,1,19,1,30,1,25,1,54,1
Q003372,669.0,Esarhaddon,Neo-Assyrian,Persepolis (Pārśa),ORCC,bead,8,19,1,14,1,10,1,48,1,3,1,27,1,18,1,15,1
Q003374,669.0,Esarhaddon,Neo-Assyrian,Sippar,ORCC,prism,8,22,1,46,1,11,1,32,1,58,1,79,1,12,1,31,1
Q003375,669.0,Esarhaddon,Neo-Assyrian,Babylon,ORCC,prism,8,15,1,40,1,78,1,31,1,17,1,40,1,79,1,29,1
Q003376,669.0,Esarhaddon,Neo-Assyrian,Nineveh,ORCC,prism,8,24,1,32,1,14,1,59,1,1,1,1,1,31,1,7,1
Q003377,669.0,Esarhaddon,Neo-Assyrian,Kuyunjik (Nineveh),ORCC,cylinder,8,34,1,7,1,30,1,50,1,1,1,8,1,7,1,8,1
Q003378,669.0,Esarhaddon,Neo-Assyrian,Qalat Sherqat (Assur),ORCC,cylinder,8,12,1,38,1,31,1,11,1,68,1,49,1,46,1,47,1
Q003379,669.0,Esarhaddon,Neo-Assyrian,Ben Shemen,ORCC,stele,8,27,1,1,1,8,1,27,1,7,1,24,1,4,1,22,1
Q003380,669.0,Esarhaddon,Neo-Assyrian,el-Ghab,ORCC,stele,8,13,1,25,1,24,1,40,1,6,1,33,1,37,1,6,1
Q003381,669.0,Esarhaddon,Neo-Assyrian,Syria,ORCC,brick,8,16,1,15,1,11,1,11,1,14,1,9,1,20,1,52,1
Q003382,669.0,Esarhaddon,Neo-Assyrian,Uruk,ORCC,None,8,14,1,66,1,59,1,39,1,21,1,2,1,45,1,68,1
Q003383,669.0,Esarhaddon,Neo-Assyrian,Kuyunjik (Nineveh),ORCC,None,8,24,1,20,1,12,1,11,1,14,1,47,1,9,1,39,1
Q003384,669.0,Esarhaddon,Neo-Assyrian,Kuyunjik (Nineveh),ORCC,None,8,14,1,4,1,13,1,17,1,47,1,41,1,2,1,30,1
Q003385,669.0,Esarhaddon,Neo-Assyrian,Kuyunjik (Nineveh),ORCC,None,8,20,1,37,1,44,1,67,1,10,1,0,1,8,1,11,1
Q003386,669.0,Esarhaddon,Neo-Assyrian,Kuyunjik (Nineveh),ORCC,None,8,24,1,5,1,8,1,1,1,12,1,29,1,14,1,21,1
Q003387,669.0,Esarhaddon,Neo-Assyrian,Kuyunjik (Nineveh),ORCC,None,8,9,1,35,1,11,1,31,1,39,1,36,1,46,1,28,1
Q003388,669.0,Esarhaddon,Neo-Assyrian,Kuyunjik (Nineveh),ORCC,None,8,17,1,9,1,1,1,28,1,14,1,23,1,15,1,36,1
Q003389,669.0,Esarhaddon,Neo-Assyrian,Kuyunjik (Nineveh),ORCC,None,8,20,1,3,1,13,1,22,1,14,1,17,1,4,1,8,1
Q003390,669.0,Esarhaddon,Neo-Assyrian,Kuyunjik (Nineveh),ORCC,None,8,47,1,59,1,52,1,71,1,33,1,39,1,36,1,36,1
Q003391,669.0,Esarhaddon,Neo-Assyrian,Kuyunjik (Nineveh),ORCC,None,8,19,1,7,1,31,1,46,1,49,1,5,1,26,1,12,1
Q003392,669.0,Esarhaddon,Neo-Assyrian,Kuyunjik (Nineveh),ORCC,None,8,45,1,6,1,31,1,5,1,23,1,26,1,19,1,56,1
Q003394,669.0,Esarhaddon,Neo-Assyrian,Kuyunjik (Nineveh),ORCC,vessel,8,16,1,41,1,30,1,52,1,8,1,5,1,8,1,37,1
Q003395,669.0,Esarhaddon,Neo-Assyrian,Kuyunjik (Nineveh),ORCC,vessel,8,6,1,2,1,3,1,12,1,18,1,15,1,13,1,16,1
Q003396,669.0,Esarhaddon,Neo-Assyrian,Kuyunjik (Nineveh),ORCC,vessel,8,19,1,80,1,33,1,78,1,9,1,3,1,4,1,11,1
Q003397,669.0,Esarhaddon,Neo-Assyrian,Kuyunjik (Nineveh),ORCC,vessel,8,21,1,93,1,43,1,82,1,7,1,1,1,6,1,15,1
Q003398,669.0,Esarhaddon,Neo-Assyrian,Kuyunjik (Nineveh),ORCC,vessel,8,8,1,8,1,4,1,2,1,24,1,26,1,16,1,10,1
Q003399,669.0,Esarhaddon,Neo-Assyrian,Kuyunjik (Nineveh),ORCC,vessel,8,8,1,6,1,14,1,19,1,18,1,19,1,13,1,13,1
Q003400,669.0,Esarhaddon,Neo-Assyrian,Kuyunjik (Nineveh),ORCC,vessel,8,14,1,33,1,64,1,11,1,18,1,23,1,17,1,63,1
Q003401,669.0,Esarhaddon,Neo-Assyrian,Kuyunjik (Nineveh),ORCC,vessel,8,2,1,17,1,19,1,1,1,18,1,15,1,10,1,34,1
Q003403,669.0,Esarhaddon,Neo-Assyrian,Assyria,ORCC,bead,8,4,1,25,1,13,1,47,1,6,1,10,1,5,1,19,1
Q003404,669.0,Esarhaddon,Neo-Assyrian,Qalat Sherqat (Assur),ORCC,block,8,4,1,51,1,21,1,13,1,5,1,5,1,3,1,21,1
Q003405,669.0,Esarhaddon,Neo-Assyrian,Kuyunjik (Nineveh),ORCC,prism,8,22,1,49,1,16,1,31,1,67,1,98,1,94,1,18,1
Q003407,669.0,Esarhaddon,Neo-Assyrian,Kuyunjik (Nineveh),ORCC,None,8,20,1,5,1,6,1,5,1,14,1,5,1,17,1,13,1
Q003408,669.0,Esarhaddon,Neo-Assyrian,Kuyunjik (Nineveh),ORCC,None,8,15,1,28,1,14,1,39,1,5,1,35,1,4,1,1,1
Q003409,669.0,Esarhaddon,Neo-Assyrian,Assyria,ORCC,bead,8,15,1,38,1,3,1,23,1,13,1,24,1,27,1,13,1
Q003410,669.0,Esarhaddon,Neo-Assyrian,Assyria,ORCC,bead,8,18,1,34,1,4,1,22,1,6,1,12,1,26,1,3,1
Q003411,669.0,Esarhaddon,Neo-Assyrian,Assyria,ORCC,bead,8,8,1,7,1,15,1,54,1,18,1,19,1,20,1,33,1
Q003412,669.0,Esarhaddon,Neo-Assyrian,Assyria,ORCC,plating,8,12,1,30,1,18,1,10,1,22,1,49,1,45,1,47,1
Q003414,727.0,Tiglath-pileser III,Neo-Assyrian,Nimrud (Kalhu),ORCC,wall slab (with reliefs),8,77,1,92,1,97,1,83,1,71,1,95,1,95,1,73,1
Q003415,727.0,Tiglath-pileser III,Neo-Assyrian,Nimrud (Kalhu),ORCC,wall slab (with reliefs),8,85,1,71,1,77,1,64,1,61,1,72,1,70,1,62,1
Q003416,727.0,Tiglath-pileser III,Neo-Assyrian,Nimrud (Kalhu),ORCC,wall slab (with reliefs),8,72,1,74,1,75,1,43,1,67,1,70,1,69,1,51,1
Q003418,727.0,Tiglath-pileser III,Neo-Assyrian,Nimrud (Kalhu),ORCC,wall slab (with reliefs),8,68,1,82,1,87,1,77,1,63,1,94,1,70,1,75,1
Q003421,727.0,Tiglath-pileser III,Neo-Assyrian,Nimrud (Kalhu),ORCC,wall slab (with reliefs),8,65,1,69,1,65,1,55,1,58,1,94,1,67,1,61,1
Q003422,727.0,Tiglath-pileser III,Neo-Assyrian,Nimrud (Kalhu),ORCC,wall slab (with reliefs),8,75,1,76,1,64,1,51,1,68,1,50,1,66,1,64,1
Q003423,727.0,Tiglath-pileser III,Neo-Assyrian,Nimrud (Kalhu),ORCC,wall slab (with reliefs),8,86,1,95,1,87,1,78,1,66,1,88,1,82,1,84,1
Q003424,727.0,Tiglath-pileser III,Neo-Assyrian,Nimrud (Kalhu),ORCC,wall slab (with reliefs),8,78,1,70,1,50,1,42,1,86,1,71,1,69,1,92,1
Q003425,727.0,Tiglath-pileser III,Neo-Assyrian,Nimrud (Kalhu),ORCC,wall slab (with reliefs),8,66,1,53,1,51,1,45,1,51,1,89,1,48,1,73,1
Q003428,727.0,Tiglath-pileser III,Neo-Assyrian,Nimrud (Kalhu),ORCC,wall slab (with reliefs),8,80,1,76,1,50,1,56,1,89,1,94,1,72,1,65,1
Q003429,727.0,Tiglath-pileser III,Neo-Assyrian,Nimrud (Kalhu),ORCC,wall slab (with reliefs),8,68,1,69,1,68,1,60,1,87,1,95,1,72,1,50,1
Q003431,727.0,Tiglath-pileser III,Neo-Assyrian,Nimrud (Kalhu),ORCC,wall slab (with reliefs),8,75,1,90,1,73,1,67,1,93,1,87,1,95,1,95,1
Q003433,727.0,Tiglath-pileser III,Neo-Assyrian,Nimrud (Kalhu),ORCC,wall slab (with reliefs),8,70,1,65,1,80,1,64,1,67,1,69,1,52,1,64,1
Q003434,727.0,Tiglath-pileser III,Neo-Assyrian,Nimrud (Kalhu),ORCC,wall slab (with reliefs),8,81,1,63,1,52,1,50,1,44,1,83,1,46,1,84,1
Q003435,727.0,Tiglath-pileser III,Neo-Assyrian,Nimrud (Kalhu),ORCC,wall slab (with reliefs),8,75,1,74,1,58,1,49,1,76,1,72,1,60,1,85,1
Q003436,727.0,Tiglath-pileser III,Neo-Assyrian,Nimrud (Kalhu),ORCC,wall slab (with reliefs),8,79,1,63,1,77,1,42,1,88,1,76,1,69,1,74,1
Q003438,727.0,Tiglath-pileser III,Neo-Assyrian,Nimrud (Kalhu),ORCC,wall slab (with reliefs),8,70,1,55,1,47,1,43,1,99,1,62,1,66,1,46,1
Q003440,727.0,Tiglath-pileser III,Neo-Assyrian,Nimrud (Kalhu),ORCC,wall slab (with reliefs),8,61,1,78,1,57,1,55,1,99,1,91,1,67,1,77,1
Q003441,727.0,Tiglath-pileser III,Neo-Assyrian,Nimrud (Kalhu),ORCC,wall slab (with reliefs),8,67,1,71,1,77,1,45,1,91,1,64,1,77,1,71,1
Q003443,727.0,Tiglath-pileser III,Neo-Assyrian,Nimrud (Kalhu),ORCC,wall slab (with reliefs),8,63,1,83,1,66,1,40,1,94,1,96,1,84,1,99,1
Q003445,727.0,Tiglath-pileser III,Neo-Assyrian,Nimrud (Kalhu),ORCC,wall slab (with reliefs),8,75,1,72,1,52,1,53,1,81,1,59,1,76,1,83,1
Q003448,727.0,Tiglath-pileser III,Neo-Assyrian,Luristan,ORCC,stele,8,74,1,37,1,62,1,55,1,46,1,49,1,45,1,52,1
Q003449,727.0,Tiglath-pileser III,Neo-Assyrian,Nimrud (Kalhu),ORCC,anthropomorphic statue,8,76,1,63,1,59,1,54,1,55,1,60,1,72,1,80,1
Q003450,727.0,Tiglath-pileser III,Neo-Assyrian,Mila Mergi,ORCC,rock face,8,77,1,82,1,81,1,84,1,62,1,63,1,74,1,55,1
Q003451,727.0,Tiglath-pileser III,Neo-Assyrian,Qalat Sherqat (Assur),ORCC,uncertain,8,71,1,39,1,55,1,40,1,82,1,72,1,77,1,84,1
Q003452,727.0,Tiglath-pileser III,Neo-Assyrian,Nimrud (Kalhu),ORCC,slab,8,71,1,61,1,68,1,26,1,37,1,48,1,55,1,33,1
Q003453,727.0,Tiglath-pileser III,Neo-Assyrian,Nimrud (Kalhu),ORCC,slab,8,75,1,70,1,70,1,52,1,62,1,57,1,67,1,59,1
Q003457,727.0,Tiglath-pileser III,Neo-Assyrian,Nimrud (Kalhu),ORCC,slab,8,76,1,73,1,68,1,60,1,68,1,80,1,68,1,88,1
Q003459,727.0,Tiglath-pileser III,Neo-Assyrian,Nimrud (Kalhu),ORCC,None,8,84,1,74,1,80,1,75,1,53,1,54,1,78,1,55,1
Q003460,727.0,Tiglath-pileser III,Neo-Assyrian,Nimrud (Kalhu),ORCC,None,8,63,1,54,1,62,1,36,1,64,1,51,1,62,1,55,1
Q003461,727.0,Tiglath-pileser III,Neo-Assyrian,Nimrud (Kalhu),ORCC,None,8,75,1,73,1,73,1,75,1,71,1,86,1,68,1,83,1
Q003462,727.0,Tiglath-pileser III,Neo-Assyrian,Nimrud (Kalhu),ORCC,None,8,87,1,92,1,72,1,60,1,55,1,79,1,67,1,67,1
Q003464,727.0,Tiglath-pileser III,Neo-Assyrian,Nimrud (Kalhu),ORCC,None,8,65,1,55,1,61,1,36,1,61,1,49,1,64,1,58,1
Q003465,727.0,Tiglath-pileser III,Neo-Assyrian,Nimrud (Kalhu),ORCC,None,8,65,1,57,1,62,1,39,1,63,1,51,1,64,1,58,1
Q003466,727.0,Tiglath-pileser III,Neo-Assyrian,Arslan Tash (Ḫadatu),ORCC,bull colossus,8,67,1,51,1,65,1,42,1,82,1,65,1,50,1,53,1
Q003467,727.0,Tiglath-pileser III,Neo-Assyrian,Qalat Sherqat (Assur),ORCC,block,8,72,1,64,1,58,1,67,1,81,1,90,1,80,1,92,1
Q003469,727.0,Tiglath-pileser III,Neo-Assyrian,Nimrud (Kalhu),ORCC,wall slab (with reliefs),8,74,1,52,1,64,1,91,1,77,1,76,1,70,1,75,1
Q003470,727.0,Tiglath-pileser III,Neo-Assyrian,Nimrud (Kalhu),ORCC,wall slab (with reliefs),8,70,1,60,1,71,1,94,1,75,1,79,1,77,1,66,1
Q003471,727.0,Tiglath-pileser III,Neo-Assyrian,Qalat Sherqat (Assur),ORCC,brick,8,68,1,56,1,46,1,46,1,66,1,66,1,69,1,55,1
Q003472,727.0,Tiglath-pileser III,Neo-Assyrian,Qalat Sherqat (Assur),ORCC,brick,8,75,1,73,1,63,1,44,1,70,1,62,1,67,1,65,1
Q003473,727.0,Tiglath-pileser III,Neo-Assyrian,Qalat Sherqat (Assur),ORCC,brick,8,71,1,36,1,42,1,35,1,65,1,60,1,69,1,60,1
Q003474,727.0,Tiglath-pileser III,Neo-Assyrian,Nimrud (Kalhu),ORCC,duck weight,8,77,1,56,1,46,1,57,1,70,1,65,1,73,1,63,1
Q003475,681.0,Sennacherib,Neo-Assyrian,Kuyunjik (Nineveh),ORCC,cylinder,8,47,1,32,1,26,1,36,1,17,1,12,1,31,1,8,1
Q003476,681.0,Sennacherib,Neo-Assyrian,Kuyunjik (Nineveh),ORCC,cylinder,8,53,1,23,1,25,1,35,1,14,1,3,1,27,1,7,1
Q003477,681.0,Sennacherib,Neo-Assyrian,Kuyunjik (Nineveh),ORCC,cylinder,8,60,1,28,1,29,1,35,1,18,1,10,1,32,1,9,1
Q003478,681.0,Sennacherib,Neo-Assyrian,Kuyunjik (Nineveh),ORCC,cylinder,8,53,1,8,1,29,1,31,1,10,1,3,1,37,1,19,1
Q003479,681.0,Sennacherib,Neo-Assyrian,Kuyunjik (Nineveh),ORCC,cylinder,8,38,1,3,1,31,1,21,1,7,1,14,1,41,1,12,1
Q003481,681.0,Sennacherib,Neo-Assyrian,Kuyunjik (Nineveh),ORCC,cylinder,8,57,1,79,1,83,1,54,1,34,1,30,1,69,1,68,1
Q003482,681.0,Sennacherib,Neo-Assyrian,Kuyunjik (Nineveh),ORCC,cylinder,8,53,1,17,1,32,1,36,1,6,1,4,1,40,1,10,1
Q003483,681.0,Sennacherib,Neo-Assyrian,Kuyunjik (Nineveh),ORCC,cylinder,8,54,1,25,1,28,1,35,1,25,1,6,1,29,1,11,1
Q003484,681.0,Sennacherib,Neo-Assyrian,Kuyunjik (Nineveh),ORCC,cylinder,8,17,1,0,1,13,1,29,1,19,1,5,1,7,1,37,1
Q003485,681.0,Sennacherib,Neo-Assyrian,Kuyunjik (Nineveh),ORCC,cylinder,8,18,1,1,1,5,1,22,1,10,1,11,1,6,1,47,1
Q003486,681.0,Sennacherib,Neo-Assyrian,Kuyunjik (Nineveh),ORCC,cylinder,8,17,1,7,1,2,1,22,1,14,1,7,1,4,1,45,1
Q003487,681.0,Sennacherib,Neo-Assyrian,Kuyunjik (Nineveh),ORCC,cylinder,8,21,1,1,1,9,1,23,1,2,1,10,1,8,1,10,1
Q003489,681.0,Sennacherib,Neo-Assyrian,Kuyunjik (Nineveh),ORCC,prism,8,32,1,6,1,27,1,13,1,13,1,9,1,36,1,1,1
Q003490,681.0,Sennacherib,Neo-Assyrian,Kuyunjik (Nineveh),ORCC,prism,8,33,1,3,1,33,1,25,1,10,1,14,1,27,1,0,1
Q003491,681.0,Sennacherib,Neo-Assyrian,Kuyunjik (Nineveh),ORCC,prism,8,33,1,2,1,27,1,25,1,1,1,22,1,25,1,7,1
Q003492,681.0,Sennacherib,Neo-Assyrian,Kuyunjik (Nineveh),ORCC,prism,8,36,1,14,1,30,1,5,1,89,1,50,1,66,1,49,1
Q003493,681.0,Sennacherib,Neo-Assyrian,Kuyunjik (Nineveh),ORCC,prism,8,20,1,20,1,8,1,8,1,28,1,39,1,23,1,13,1
Q003494,681.0,Sennacherib,Neo-Assyrian,Kuyunjik (Nineveh),ORCC,prism,8,18,1,40,1,21,1,9,1,52,1,32,1,42,1,40,1
Q003495,681.0,Sennacherib,Neo-Assyrian,Kuyunjik (Nineveh),ORCC,prism,8,26,1,36,1,4,1,3,1,22,1,27,1,6,1,38,1
Q003496,681.0,Sennacherib,Neo-Assyrian,Kuyunjik (Nineveh),ORCC,prism,8,35,1,4,1,33,1,26,1,5,1,15,1,34,1,1,1
Q003497,681.0,Sennacherib,Neo-Assyrian,Kuyunjik (Nineveh),ORCC,prism,8,33,1,2,1,33,1,25,1,8,1,14,1,29,1,14,1
Q003498,681.0,Sennacherib,Neo-Assyrian,Kuyunjik (Nineveh),ORCC,prism,8,37,1,5,1,37,1,27,1,7,1,9,1,35,1,11,1
Q003499,681.0,Sennacherib,Neo-Assyrian,Kuyunjik (Nineveh),ORCC,prism,8,46,1,81,1,11,1,20,1,35,1,52,1,43,1,21,1
Q003500,681.0,Sennacherib,Neo-Assyrian,Kuyunjik (Nineveh),ORCC,prism,8,9,1,23,1,4,1,9,1,23,1,4,1,14,1,58,1
Q003501,681.0,Sennacherib,Neo-Assyrian,Kuyunjik (Nineveh),ORCC,prism,8,42,1,1,1,29,1,17,1,5,1,1,1,28,1,1,1
Q003502,681.0,Sennacherib,Neo-Assyrian,Kuyunjik (Nineveh),ORCC,prism,8,10,1,39,1,4,1,20,1,37,1,44,1,28,1,41,1
Q003503,681.0,Sennacherib,Neo-Assyrian,Kuyunjik (Nineveh),ORCC,prism,8,35,1,10,1,17,1,36,1,1,1,12,1,17,1,10,1
Q003504,681.0,Sennacherib,Neo-Assyrian,Kuyunjik (Nineveh),ORCC,prism,8,30,1,70,1,93,1,63,1,41,1,52,1,57,1,59,1
Q003505,681.0,Sennacherib,Neo-Assyrian,Kuyunjik (Nineveh),ORCC,prism,8,37,1,31,1,34,1,11,1,38,1,29,1,59,1,39,1
Q003506,681.0,Sennacherib,Neo-Assyrian,Kuyunjik (Nineveh),ORCC,prism,8,20,1,53,1,45,1,31,1,67,1,53,1,40,1,48,1
Q003508,681.0,Sennacherib,Neo-Assyrian,Kuyunjik (Nineveh),ORCC,None,8,36,1,29,1,20,1,16,1,17,1,9,1,7,1,18,1
Q003509,681.0,Sennacherib,Neo-Assyrian,Kuyunjik (Nineveh),ORCC,None,8,16,1,16,1,11,1,3,1,9,1,4,1,45,1,31,1
Q003510,681.0,Sennacherib,Neo-Assyrian,Kuyunjik (Nineveh),ORCC,None,8,24,1,29,1,45,1,53,1,14,1,4,1,3,1,11,1
Q003511,681.0,Sennacherib,Neo-Assyrian,Kuyunjik (Nineveh),ORCC,None,8,11,1,16,1,23,1,17,1,25,1,25,1,9,1,8,1
Q003512,681.0,Sennacherib,Neo-Assyrian,Kuyunjik (Nineveh),ORCC,stele,8,33,1,1,1,21,1,29,1,16,1,7,1,7,1,11,1
Q003513,681.0,Sennacherib,Neo-Assyrian,Kuyunjik (Nineveh),ORCC,human-headed bull colossus,8,0,1,15,1,19,1,10,1,29,1,10,1,18,1,29,1
Q003514,681.0,Sennacherib,Neo-Assyrian,Kuyunjik (Nineveh),ORCC,human-headed lion colossus,8,67,1,87,1,60,1,86,1,19,1,52,1,35,1,15,1
Q003515,681.0,Sennacherib,Neo-Assyrian,Kuyunjik (Nineveh),ORCC,human-headed bull colossus,8,30,1,45,1,20,1,25,1,3,1,34,1,54,1,44,1
Q003516,681.0,Sennacherib,Neo-Assyrian,Kuyunjik (Nineveh),ORCC,human-headed bull colossus,8,4,1,10,1,40,1,3,1,7,1,5,1,12,1,20,1
Q003517,681.0,Sennacherib,Neo-Assyrian,Kuyunjik (Nineveh),ORCC,human-headed bull colossus,8,30,1,30,1,17,1,11,1,14,1,18,1,15,1,14,1
Q003518,681.0,Sennacherib,Neo-Assyrian,Kuyunjik (Nineveh),ORCC,human-headed bull colossus,8,2,1,15,1,18,1,9,1,37,1,10,1,19,1,29,1
Q003519,681.0,Sennacherib,Neo-Assyrian,Kuyunjik (Nineveh),ORCC,human-headed bull colossus,8,28,1,47,1,29,1,15,1,8,1,53,1,39,1,21,1
Q003520,681.0,Sennacherib,Neo-Assyrian,Kuyunjik (Nineveh),ORCC,human-headed bull colossus,8,18,1,4,1,20,1,27,1,1,1,7,1,6,1,12,1
Q003521,681.0,Sennacherib,Neo-Assyrian,Kuyunjik (Nineveh),ORCC,human-headed bull colossus,8,17,1,68,1,30,1,23,1,18,1,36,1,12,1,56,1
Q003523,681.0,Sennacherib,Neo-Assyrian,Kuyunjik (Nineveh),ORCC,human-headed bull colossus,8,28,1,31,1,17,1,14,1,8,1,13,1,15,1,12,1
Q003524,681.0,Sennacherib,Neo-Assyrian,Kuyunjik (Nineveh),ORCC,human-headed bull colossus,8,35,1,31,1,17,1,12,1,3,1,20,1,4,1,17,1
Q003525,681.0,Sennacherib,Neo-Assyrian,Kuyunjik (Nineveh),ORCC,human-headed lion colossus,8,49,1,2,1,9,1,20,1,2,1,1,1,6,1,31,1
Q003526,681.0,Sennacherib,Neo-Assyrian,Kuyunjik (Nineveh),ORCC,human-headed bull colossus,8,25,1,22,1,45,1,43,1,9,1,17,1,23,1,0,1
Q003527,681.0,Sennacherib,Neo-Assyrian,Kuyunjik (Nineveh),ORCC,wall slab (with reliefs),8,39,1,36,1,20,1,18,1,19,1,24,1,5,1,2,1
Q003528,681.0,Sennacherib,Neo-Assyrian,Kuyunjik (Nineveh),ORCC,wall slab (with reliefs),8,31,1,15,1,13,1,18,1,24,1,22,1,23,1,21,1
Q003529,681.0,Sennacherib,Neo-Assyrian,Kuyunjik (Nineveh),ORCC,wall slab (with reliefs),8,9,1,9,1,31,1,11,1,18,1,48,1,12,1,20,1
Q003530,681.0,Sennacherib,Neo-Assyrian,Kuyunjik (Nineveh),ORCC,wall slab (with reliefs),8,2,1,34,1,30,1,7,1,24,1,22,1,12,1,24,1
Q003531,681.0,Sennacherib,Neo-Assyrian,Kuyunjik (Nineveh),ORCC,wall slab (with reliefs),8,11,1,21,1,3,1,10,1,18,1,20,1,17,1,33,1
Q003532,681.0,Sennacherib,Neo-Assyrian,Kuyunjik (Nineveh),ORCC,wall slab (with reliefs),8,2,1,32,1,9,1,25,1,27,1,26,1,21,1,37,1
Q003533,681.0,Sennacherib,Neo-Assyrian,Kuyunjik (Nineveh),ORCC,wall slab (with reliefs),8,9,1,14,1,27,1,14,1,12,1,24,1,13,1,38,1
Q003534,681.0,Sennacherib,Neo-Assyrian,Kuyunjik (Nineveh),ORCC,wall slab (with reliefs),8,3,1,10,1,1,1,21,1,15,1,16,1,25,1,11,1
Q003535,681.0,Sennacherib,Neo-Assyrian,Kuyunjik (Nineveh),ORCC,wall slab (with reliefs),8,50,1,9,1,12,1,14,1,8,1,28,1,10,1,16,1
Q003536,681.0,Sennacherib,Neo-Assyrian,Kuyunjik (Nineveh),ORCC,wall slab (with reliefs),8,41,1,11,1,25,1,7,1,15,1,8,1,10,1,8,1
Q003537,681.0,Sennacherib,Neo-Assyrian,Kuyunjik (Nineveh),ORCC,wall slab (with reliefs),8,42,1,4,1,11,1,12,1,8,1,6,1,9,1,8,1
Q003538,681.0,Sennacherib,Neo-Assyrian,Kuyunjik (Nineveh),ORCC,wall slab (with reliefs),8,35,1,16,1,11,1,11,1,22,1,15,1,13,1,25,1
Q003539,681.0,Sennacherib,Neo-Assyrian,Kuyunjik (Nineveh),ORCC,wall slab (with reliefs),8,40,1,8,1,25,1,22,1,25,1,41,1,28,1,24,1
Q003540,681.0,Sennacherib,Neo-Assyrian,Kuyunjik (Nineveh),ORCC,wall slab (with reliefs),8,32,1,2,1,5,1,3,1,11,1,30,1,11,1,8,1
Q003541,681.0,Sennacherib,Neo-Assyrian,Kuyunjik (Nineveh),ORCC,wall slab (with reliefs),8,32,1,10,1,2,1,3,1,28,1,40,1,30,1,41,1
Q003542,681.0,Sennacherib,Neo-Assyrian,Kuyunjik (Nineveh),ORCC,wall slab (with reliefs),8,30,1,8,1,36,1,18,1,24,1,33,1,27,1,20,1
Q003547,681.0,Sennacherib,Neo-Assyrian,Kuyunjik (Nineveh),ORCC,wall slab (with reliefs),8,63,1,31,1,57,1,45,1,17,1,28,1,39,1,27,1
Q003548,681.0,Sennacherib,Neo-Assyrian,Kuyunjik (Nineveh),ORCC,wall slab (with reliefs),8,49,1,33,1,39,1,7,1,35,1,41,1,35,1,38,1
Q003549,681.0,Sennacherib,Neo-Assyrian,Kuyunjik (Nineveh),ORCC,wall slab (with reliefs),8,22,1,17,1,31,1,5,1,14,1,12,1,21,1,25,1
Q003550,681.0,Sennacherib,Neo-Assyrian,Kuyunjik (Nineveh),ORCC,wall slab (with reliefs),8,19,1,20,1,18,1,25,1,3,1,13,1,6,1,3,1
Q003552,681.0,Sennacherib,Neo-Assyrian,Kuyunjik (Nineveh),ORCC,threshold slab,8,23,1,7,1,38,1,47,1,4,1,16,1,23,1,20,1
Q003553,681.0,Sennacherib,Neo-Assyrian,Kuyunjik (Nineveh),ORCC,threshold slab,8,22,1,5,1,32,1,33,1,4,1,15,1,25,1,61,1
Q003554,681.0,Sennacherib,Neo-Assyrian,Kuyunjik (Nineveh),ORCC,human-headed lion colossus,8,4,1,2,1,14,1,25,1,2,1,2,1,15,1,55,1
Q003556,681.0,Sennacherib,Neo-Assyrian,Kuyunjik (Nineveh),ORCC,slab,8,33,1,2,1,6,1,34,1,3,1,1,1,16,1,54,1
Q003557,681.0,Sennacherib,Neo-Assyrian,Kuyunjik (Nineveh),ORCC,slab,8,32,1,5,1,9,1,32,1,1,1,6,1,15,1,53,1
Q003558,681.0,Sennacherib,Neo-Assyrian,Kuyunjik (Nineveh),ORCC,slab,8,17,1,14,1,16,1,53,1,24,1,17,1,21,1,36,1
Q003559,681.0,Sennacherib,Neo-Assyrian,Kuyunjik (Nineveh),ORCC,slab,8,28,1,23,1,5,1,28,1,17,1,21,1,22,1,29,1
Q003560,681.0,Sennacherib,Neo-Assyrian,Kuyunjik (Nineveh),ORCC,door socket,8,36,1,2,1,6,1,23,1,17,1,2,1,27,1,38,1
Q003561,681.0,Sennacherib,Neo-Assyrian,Kuyunjik (Nineveh),ORCC,door socket,8,38,1,24,1,16,1,15,1,38,1,30,1,31,1,76,1
Q003562,681.0,Sennacherib,Neo-Assyrian,Kuyunjik (Nineveh),ORCC,brick,8,39,1,25,1,51,1,23,1,38,1,32,1,29,1,69,1
Q003563,681.0,Sennacherib,Neo-Assyrian,Kuyunjik (Nineveh),ORCC,brick,8,24,1,9,1,38,1,8,1,29,1,20,1,28,1,77,1
Q003564,681.0,Sennacherib,Neo-Assyrian,Kuyunjik (Nineveh),ORCC,brick,8,35,1,41,1,15,1,39,1,24,1,20,1,30,1,62,1
Q003565,681.0,Sennacherib,Neo-Assyrian,Kuyunjik (Nineveh),ORCC,brick,8,43,1,33,1,13,1,50,1,41,1,38,1,44,1,73,1
Q003566,681.0,Sennacherib,Neo-Assyrian,Kuyunjik (Nineveh),ORCC,brick,8,30,1,19,1,27,1,8,1,3,1,25,1,27,1,55,1
Q003567,681.0,Sennacherib,Neo-Assyrian,Kuyunjik (Nineveh),ORCC,brick,8,36,1,33,1,16,1,10,1,28,1,39,1,39,1,36,1
Q003568,681.0,Sennacherib,Neo-Assyrian,Kuyunjik (Nineveh),ORCC,brick,8,30,1,10,1,11,1,18,1,20,1,14,1,11,1,45,1
Q003569,681.0,Sennacherib,Neo-Assyrian,Kuyunjik (Nineveh),ORCC,brick,8,36,1,17,1,24,1,46,1,1,1,8,1,36,1,72,1
Q003570,681.0,Sennacherib,Neo-Assyrian,Kuyunjik (Nineveh),ORCC,brick,8,33,1,28,1,17,1,13,1,28,1,13,1,20,1,31,1
Q003571,681.0,Sennacherib,Neo-Assyrian,Kuyunjik (Nineveh),ORCC,brick,8,19,1,19,1,39,1,12,1,9,1,8,1,14,1,63,1
Q003572,681.0,Sennacherib,Neo-Assyrian,Kuyunjik (Nineveh),ORCC,brick,8,54,1,50,1,17,1,58,1,43,1,47,1,42,1,70,1
Q003573,681.0,Sennacherib,Neo-Assyrian,Kuyunjik (Nineveh),ORCC,brick,8,42,1,30,1,6,1,25,1,24,1,36,1,23,1,63,1
Q003574,681.0,Sennacherib,Neo-Assyrian,Kuyunjik (Nineveh),ORCC,brick,8,40,1,68,1,16,1,38,1,38,1,39,1,29,1,62,1
Q003576,681.0,Sennacherib,Neo-Assyrian,Kuyunjik (Nineveh),ORCC,bead,8,28,1,15,1,15,1,32,1,19,1,9,1,4,1,54,1
Q003577,681.0,Sennacherib,Neo-Assyrian,Kuyunjik (Nineveh),ORCC,bead,8,33,1,0,1,26,1,31,1,4,1,3,1,18,1,44,1
Q003578,681.0,Sennacherib,Neo-Assyrian,Kuyunjik (Nineveh),ORCC,bead,8,19,1,14,1,26,1,36,1,13,1,5,1,1,1,40,1
Q003579,681.0,Sennacherib,Neo-Assyrian,Kuyunjik (Nineveh),ORCC,bead,8,30,1,6,1,16,1,15,1,3,1,0,1,9,1,42,1
Q003608,727.0,Tiglath-pileser III,Neo-Assyrian,Nimrud (Kalhu),ORCC,duck weight,8,68,1,55,1,46,1,42,1,69,1,66,1,74,1,62,1
Q003609,727.0,Tiglath-pileser III,Neo-Assyrian,Nimrud (Kalhu),ORCC,lion weight,8,68,1,43,1,53,1,58,1,68,1,65,1,63,1,46,1
Q003610,727.0,Tiglath-pileser III,Neo-Assyrian,Qalat Sherqat (Assur),ORCC,vessel,8,72,1,69,1,45,1,61,1,75,1,69,1,71,1,66,1
Q003611,727.0,Tiglath-pileser III,Neo-Assyrian,Qalat Sherqat (Assur),ORCC,enameled tile,8,74,1,65,1,48,1,62,1,74,1,68,1,70,1,65,1
Q003612,727.0,Tiglath-pileser III,Neo-Assyrian,Qalat Sherqat (Assur),ORCC,enameled tile,8,72,1,54,1,43,1,53,1,69,1,63,1,72,1,63,1
Q003613,727.0,Tiglath-pileser III,Neo-Assyrian,Qalat Sherqat (Assur),ORCC,bead,8,64,1,47,1,27,1,49,1,64,1,60,1,67,1,42,1
Q003618,727.0,Tiglath-pileser III,Neo-Assyrian,Tell Tayinat (Unqi),ORCC,disk,8,81,1,87,1,56,1,63,1,68,1,66,1,80,1,100,1
Q003619,727.0,Tiglath-pileser III,Neo-Assyrian,Nimrud (Kalhu),ORCC,None,8,73,1,77,1,79,1,82,1,76,1,69,1,72,1,57,1
Q003620,727.0,Tiglath-pileser III,Neo-Assyrian,Nimrud (Kalhu),ORCC,vessel,8,67,1,46,1,71,1,72,1,72,1,69,1,69,1,68,1
Q003621,727.0,Tiglath-pileser III,Neo-Assyrian,Nimrud (Kalhu),ORCC,vessel,8,66,1,34,1,74,1,59,1,74,1,77,1,70,1,68,1
Q003700,631.0,Ashurbanipal,Neo-Assyrian,Kuyunjik (Nineveh),ORCC,prism,8,34,1,49,1,41,1,77,1,22,1,25,1,22,1,5,1
Q003701,631.0,Ashurbanipal,Neo-Assyrian,Kuyunjik (Nineveh),ORCC,prism,8,20,1,15,1,21,1,2,1,9,1,26,1,9,1,16,1
Q003702,631.0,Ashurbanipal,Neo-Assyrian,Kuyunjik (Nineveh),ORCC,prism,8,1,1,50,1,43,1,5,1,19,1,6,1,6,1,22,1
Q003703,631.0,Ashurbanipal,Neo-Assyrian,Kuyunjik (Nineveh),ORCC,prism,8,1,1,40,1,39,1,8,1,19,1,3,1,7,1,29,1
Q003704,631.0,Ashurbanipal,Neo-Assyrian,Kuyunjik (Nineveh),ORCC,prism,8,2,1,52,1,57,1,3,1,11,1,1,1,6,1,23,1
Q003705,631.0,Ashurbanipal,Neo-Assyrian,Kuyunjik (Nineveh),ORCC,prism,8,8,1,25,1,19,1,12,1,4,1,18,1,41,1,44,1
Q003706,631.0,Ashurbanipal,Neo-Assyrian,Nimrud (Kalhu),ORCC,prism,8,5,1,26,1,31,1,4,1,0,1,28,1,11,1,5,1
Q003707,631.0,Ashurbanipal,Neo-Assyrian,Kuyunjik (Nineveh),ORCC,prism,8,3,1,14,1,13,1,7,1,7,1,31,1,27,1,4,1
Q003708,631.0,Ashurbanipal,Neo-Assyrian,Kuyunjik (Nineveh),ORCC,"prism, vertical cylinder",8,11,1,28,1,14,1,20,1,26,1,13,1,17,1,2,1
Q003709,631.0,Ashurbanipal,Neo-Assyrian,Kuyunjik (Nineveh),ORCC,prism,8,4,1,76,1,63,1,7,1,16,1,4,1,13,1,19,1
Q003710,631.0,Ashurbanipal,Neo-Assyrian,Kuyunjik (Nineveh),ORCC,prism,8,12,1,7,1,5,1,11,1,13,1,17,1,12,1,3,1
Q003711,631.0,Ashurbanipal,Neo-Assyrian,Babylon (Bābili),ORCC,prism,8,14,1,13,1,5,1,17,1,1,1,7,1,15,1,2,1
Q003712,631.0,Ashurbanipal,Neo-Assyrian,Kuyunjik (Nineveh),ORCC,prism,8,13,1,27,1,15,1,6,1,21,1,6,1,22,1,19,1
Q003713,631.0,Ashurbanipal,Neo-Assyrian,Kuyunjik (Nineveh),ORCC,prism,8,30,1,21,1,18,1,44,1,32,1,3,1,12,1,28,1
Q003714,631.0,Ashurbanipal,Neo-Assyrian,Kuyunjik (Nineveh),ORCC,prism,8,11,1,46,1,24,1,7,1,54,1,1,1,11,1,25,1
Q003715,631.0,Ashurbanipal,Neo-Assyrian,Kuyunjik (Nineveh),ORCC,prism,8,4,1,30,1,40,1,23,1,21,1,9,1,26,1,10,1
Q003716,631.0,Ashurbanipal,Neo-Assyrian,Kuyunjik (Nineveh),ORCC,prism,8,16,1,8,1,9,1,18,1,38,1,10,1,24,1,4,1
Q003717,631.0,Ashurbanipal,Neo-Assyrian,Kuyunjik (Nineveh),ORCC,prism,8,5,1,26,1,4,1,7,1,3,1,5,1,23,1,5,1
Q003718,631.0,Ashurbanipal,Neo-Assyrian,Kuyunjik (Nineveh),ORCC,prism,8,13,1,32,1,51,1,54,1,29,1,15,1,35,1,33,1
Q003719,631.0,Ashurbanipal,Neo-Assyrian,Kuyunjik (Nineveh),ORCC,prism,8,31,1,38,1,33,1,53,1,8,1,6,1,49,1,12,1
Q003720,631.0,Ashurbanipal,Neo-Assyrian,Kuyunjik (Nineveh),ORCC,cylinder,8,14,1,13,1,2,1,6,1,8,1,2,1,9,1,9,1
Q003721,631.0,Ashurbanipal,Neo-Assyrian,Kuyunjik (Nineveh),ORCC,slab,8,4,1,34,1,25,1,11,1,13,1,3,1,12,1,19,1
Q003722,631.0,Ashurbanipal,Neo-Assyrian,Kuyunjik (Nineveh),ORCC,slab,8,14,1,54,1,13,1,6,1,3,1,18,1,15,1,12,1
Q003724,631.0,Ashurbanipal,Neo-Assyrian,Kuyunjik (Nineveh),ORCC,slab (sculptured),8,11,1,4,1,40,1,2,1,14,1,10,1,9,1,17,1
Q003725,631.0,Ashurbanipal,Neo-Assyrian,Kuyunjik (Nineveh),ORCC,slab (sculptured),8,25,1,51,1,42,1,53,1,12,1,20,1,43,1,48,1
Q003726,631.0,Ashurbanipal,Neo-Assyrian,Kuyunjik (Nineveh),ORCC,slab (sculptured),8,12,1,1,1,39,1,18,1,23,1,11,1,21,1,59,1
Q003727,631.0,Ashurbanipal,Neo-Assyrian,Kuyunjik (Nineveh),ORCC,slab (sculptured),8,5,1,3,1,35,1,25,1,9,1,4,1,5,1,37,1
Q003728,631.0,Ashurbanipal,Neo-Assyrian,Kuyunjik (Nineveh),ORCC,slab (sculptured),8,20,1,34,1,55,1,42,1,53,1,18,1,64,1,35,1
Q003730,631.0,Ashurbanipal,Neo-Assyrian,Kuyunjik (Nineveh),ORCC,slab (sculptured),8,15,1,53,1,33,1,33,1,26,1,16,1,25,1,11,1
Q003731,631.0,Ashurbanipal,Neo-Assyrian,Kuyunjik (Nineveh),ORCC,slab (sculptured),8,11,1,18,1,54,1,64,1,0,1,5,1,14,1,26,1
Q003732,631.0,Ashurbanipal,Neo-Assyrian,Kuyunjik (Nineveh),ORCC,slab (sculptured),8,32,1,56,1,57,1,25,1,25,1,20,1,26,1,31,1
Q003733,631.0,Ashurbanipal,Neo-Assyrian,Kuyunjik (Nineveh),ORCC,slab (sculptured),8,22,1,90,1,93,1,73,1,20,1,24,1,36,1,15,1
Q003734,631.0,Ashurbanipal,Neo-Assyrian,Kuyunjik (Nineveh),ORCC,slab (sculptured),8,30,1,18,1,44,1,38,1,33,1,15,1,22,1,9,1
Q003735,631.0,Ashurbanipal,Neo-Assyrian,Kuyunjik (Nineveh),ORCC,slab (sculptured),8,8,1,35,1,59,1,27,1,9,1,11,1,14,1,4,1
Q003736,631.0,Ashurbanipal,Neo-Assyrian,Kuyunjik (Nineveh),ORCC,slab (sculptured),8,12,1,29,1,4,1,17,1,5,1,12,1,16,1,0,1
Q003737,631.0,Ashurbanipal,Neo-Assyrian,Kuyunjik (Nineveh),ORCC,slab (sculptured),8,24,1,44,1,38,1,36,1,4,1,8,1,33,1,3,1
Q003738,631.0,Ashurbanipal,Neo-Assyrian,Kuyunjik (Nineveh),ORCC,slab (sculptured),8,18,1,5,1,9,1,2,1,22,1,9,1,20,1,18,1
Q003739,631.0,Ashurbanipal,Neo-Assyrian,Kuyunjik (Nineveh),ORCC,slab (sculptured),8,39,1,57,1,71,1,72,1,28,1,21,1,29,1,6,1
Q003740,631.0,Ashurbanipal,Neo-Assyrian,Kuyunjik (Nineveh),ORCC,slab (sculptured),8,52,1,68,1,74,1,65,1,33,1,1,1,32,1,27,1
Q003741,631.0,Ashurbanipal,Neo-Assyrian,Kuyunjik (Nineveh),ORCC,slab (sculptured),8,10,1,5,1,31,1,62,1,9,1,22,1,25,1,28,1
Q003742,631.0,Ashurbanipal,Neo-Assyrian,Kuyunjik (Nineveh),ORCC,slab (sculptured),8,17,1,17,1,3,1,18,1,1,1,21,1,5,1,4,1
Q003743,631.0,Ashurbanipal,Neo-Assyrian,Kuyunjik (Nineveh),ORCC,slab (sculptured),8,45,1,63,1,72,1,62,1,41,1,30,1,52,1,15,1
Q003744,631.0,Ashurbanipal,Neo-Assyrian,Kuyunjik (Nineveh),ORCC,slab (sculptured),8,44,1,59,1,65,1,44,1,34,1,14,1,39,1,27,1
Q003746,631.0,Ashurbanipal,Neo-Assyrian,Kuyunjik (Nineveh),ORCC,slab (sculptured),8,24,1,16,1,45,1,15,1,13,1,1,1,20,1,12,1
Q003748,631.0,Ashurbanipal,Neo-Assyrian,Kuyunjik (Nineveh),ORCC,slab (sculptured),8,21,1,37,1,44,1,17,1,66,1,49,1,73,1,62,1
Q003749,631.0,Ashurbanipal,Neo-Assyrian,Kuyunjik (Nineveh),ORCC,slab (sculptured),8,26,1,44,1,31,1,60,1,47,1,41,1,37,1,8,1
Q003750,631.0,Ashurbanipal,Neo-Assyrian,Kuyunjik (Nineveh),ORCC,slab (sculptured),8,19,1,3,1,31,1,27,1,8,1,12,1,12,1,6,1
Q003751,631.0,Ashurbanipal,Neo-Assyrian,Kuyunjik (Nineveh),ORCC,slab (sculptured),8,36,1,63,1,41,1,30,1,50,1,68,1,53,1,46,1
Q003753,631.0,Ashurbanipal,Neo-Assyrian,Kuyunjik (Nineveh),ORCC,slab (sculptured),8,14,1,9,1,2,1,19,1,5,1,20,1,2,1,12,1
Q003754,631.0,Ashurbanipal,Neo-Assyrian,Kuyunjik (Nineveh),ORCC,slab (sculptured),8,2,1,11,1,12,1,18,1,27,1,14,1,8,1,14,1
Q003755,631.0,Ashurbanipal,Neo-Assyrian,Kuyunjik (Nineveh),ORCC,slab (sculptured),8,13,1,1,1,39,1,33,1,42,1,4,1,8,1,6,1
Q003756,631.0,Ashurbanipal,Neo-Assyrian,Kuyunjik (Nineveh),ORCC,slab (sculptured),8,13,1,20,1,34,1,23,1,46,1,6,1,12,1,18,1
Q003757,631.0,Ashurbanipal,Neo-Assyrian,Kuyunjik (Nineveh),ORCC,slab (sculptured),8,12,1,17,1,3,1,19,1,19,1,10,1,16,1,15,1
Q003758,631.0,Ashurbanipal,Neo-Assyrian,Kuyunjik (Nineveh),ORCC,paving stone,8,4,1,53,1,45,1,17,1,14,1,12,1,17,1,26,1
Q003759,631.0,Ashurbanipal,Neo-Assyrian,Kuyunjik (Nineveh),ORCC,paving stone,8,10,1,16,1,31,1,30,1,13,1,18,1,4,1,32,1
Q003760,631.0,Ashurbanipal,Neo-Assyrian,Qalat Sherqat (Assur),ORCC,None,8,1,1,35,1,27,1,12,1,65,1,38,1,41,1,62,1
Q003761,631.0,Ashurbanipal,Neo-Assyrian,Kuyunjik (Nineveh),ORCC,None,8,4,1,12,1,23,1,15,1,21,1,2,1,3,1,18,1
Q003762,631.0,Ashurbanipal,Neo-Assyrian,Kuyunjik (Nineveh),ORCC,anthropomorphic statue,8,19,1,19,1,14,1,22,1,34,1,31,1,40,1,52,1
Q003763,631.0,Ashurbanipal,Neo-Assyrian,Kuyunjik (Nineveh),ORCC,"human-headed bull colossus, slab",8,11,1,57,1,66,1,22,1,37,1,51,1,40,1,32,1
Q003764,631.0,Ashurbanipal,Neo-Assyrian,Kuyunjik (Nineveh),ORCC,seal (impression),8,17,1,31,1,29,1,16,1,10,1,24,1,20,1,63,1
Q003765,631.0,Ashurbanipal,Neo-Assyrian,Kuyunjik (Nineveh),ORCC,seal (impression),8,13,1,65,1,64,1,19,1,25,1,38,1,33,1,41,1
Q003766,631.0,Ashurbanipal,Neo-Assyrian,Kuyunjik (Nineveh),ORCC,seal (impression),8,18,1,37,1,29,1,17,1,8,1,21,1,18,1,60,1
Q003767,631.0,Ashurbanipal,Neo-Assyrian,Kuyunjik (Nineveh),ORCC,vessel,8,13,1,24,1,6,1,30,1,18,1,26,1,21,1,41,1
Q003768,631.0,Ashurbanipal,Neo-Assyrian,Kuyunjik (Nineveh),ORCC,vessel,8,16,1,26,1,57,1,4,1,13,1,21,1,19,1,38,1
Q003769,631.0,Ashurbanipal,Neo-Assyrian,Kuyunjik (Nineveh),ORCC,vessel,8,21,1,33,1,53,1,14,1,14,1,25,1,19,1,45,1
Q003770,631.0,Ashurbanipal,Neo-Assyrian,Kuyunjik (Nineveh),ORCC,glazed brick,8,24,1,84,1,10,1,21,1,19,1,24,1,32,1,29,1
Q003771,631.0,Ashurbanipal,Neo-Assyrian,Kuyunjik (Nineveh),ORCC,None,8,19,1,27,1,6,1,16,1,7,1,10,1,36,1,6,1
Q003772,631.0,Ashurbanipal,Neo-Assyrian,Kuyunjik (Nineveh),ORCC,None,8,32,1,20,1,47,1,61,1,11,1,14,1,57,1,51,1
Q003773,631.0,Ashurbanipal,Neo-Assyrian,Kuyunjik (Nineveh),ORCC,None,8,16,1,11,1,35,1,1,1,13,1,19,1,20,1,5,1
Q003774,631.0,Ashurbanipal,Neo-Assyrian,Kuyunjik (Nineveh),ORCC,None,8,17,1,3,1,28,1,34,1,26,1,5,1,7,1,23,1
Q003775,631.0,Ashurbanipal,Neo-Assyrian,Kuyunjik (Nineveh),ORCC,None,8,41,1,44,1,38,1,87,1,11,1,28,1,45,1,11,1
Q003776,631.0,Ashurbanipal,Neo-Assyrian,Kuyunjik (Nineveh),ORCC,None,8,5,1,8,1,7,1,22,1,33,1,5,1,15,1,3,1
Q003777,631.0,Ashurbanipal,Neo-Assyrian,Kuyunjik (Nineveh),ORCC,None,8,29,1,27,1,45,1,72,1,26,1,0,1,25,1,18,1
Q003778,631.0,Ashurbanipal,Neo-Assyrian,Kuyunjik (Nineveh),ORCC,None,8,9,1,20,1,5,1,4,1,6,1,16,1,36,1,18,1
Q003779,631.0,Ashurbanipal,Neo-Assyrian,Kuyunjik (Nineveh),ORCC,None,8,23,1,24,1,23,1,33,1,65,1,12,1,66,1,35,1
Q003780,631.0,Ashurbanipal,Neo-Assyrian,Kuyunjik (Nineveh),ORCC,None,8,26,1,14,1,32,1,9,1,36,1,1,1,39,1,3,1
Q003781,631.0,Ashurbanipal,Neo-Assyrian,Kuyunjik (Nineveh),ORCC,None,8,27,1,7,1,51,1,44,1,29,1,15,1,45,1,6,1
Q003782,631.0,Ashurbanipal,Neo-Assyrian,Kuyunjik (Nineveh),ORCC,None,8,9,1,30,1,64,1,37,1,19,1,2,1,27,1,20,1
Q003783,631.0,Ashurbanipal,Neo-Assyrian,Kuyunjik (Nineveh),ORCC,None,8,5,1,28,1,13,1,6,1,58,1,7,1,29,1,0,1
Q003784,631.0,Ashurbanipal,Neo-Assyrian,Kuyunjik (Nineveh),ORCC,None,8,23,1,36,1,37,1,29,1,28,1,4,1,2,1,19,1
Q003785,631.0,Ashurbanipal,Neo-Assyrian,Kuyunjik (Nineveh),ORCC,None,8,24,1,33,1,59,1,50,1,15,1,16,1,53,1,53,1
Q003786,631.0,Ashurbanipal,Neo-Assyrian,Kuyunjik (Nineveh),ORCC,None,8,26,1,23,1,45,1,22,1,21,1,22,1,47,1,56,1
Q003787,631.0,Ashurbanipal,Neo-Assyrian,Kuyunjik (Nineveh),ORCC,None,8,24,1,2,1,21,1,11,1,8,1,40,1,49,1,16,1
Q003788,631.0,Ashurbanipal,Neo-Assyrian,Kuyunjik (Nineveh),ORCC,None,8,16,1,6,1,50,1,54,1,35,1,34,1,57,1,15,1
Q003789,631.0,Ashurbanipal,Neo-Assyrian,Kuyunjik (Nineveh),ORCC,None,8,40,1,13,1,17,1,83,1,3,1,2,1,41,1,0,1
Q003790,631.0,Ashurbanipal,Neo-Assyrian,Kuyunjik (Nineveh),ORCC,None,8,7,1,5,1,10,1,18,1,15,1,18,1,6,1,3,1
Q003791,631.0,Ashurbanipal,Neo-Assyrian,Kuyunjik (Nineveh),ORCC,None,8,7,1,27,1,21,1,29,1,26,1,19,1,28,1,37,1
Q003792,631.0,Ashurbanipal,Neo-Assyrian,Kuyunjik (Nineveh),ORCC,None,8,33,1,23,1,14,1,41,1,17,1,39,1,33,1,6,1
Q003793,631.0,Ashurbanipal,Neo-Assyrian,Kuyunjik (Nineveh),ORCC,None,8,23,1,34,1,19,1,20,1,0,1,30,1,5,1,2,1
Q003794,631.0,Ashurbanipal,Neo-Assyrian,Kuyunjik (Nineveh),ORCC,None,8,20,1,43,1,56,1,10,1,57,1,30,1,59,1,23,1
Q003795,631.0,Ashurbanipal,Neo-Assyrian,Kuyunjik (Nineveh),ORCC,None,8,34,1,17,1,40,1,48,1,22,1,21,1,32,1,2,1
Q003796,631.0,Ashurbanipal,Neo-Assyrian,Kuyunjik (Nineveh),ORCC,None,8,14,1,7,1,22,1,7,1,9,1,10,1,7,1,39,1
Q003797,631.0,Ashurbanipal,Neo-Assyrian,Kuyunjik (Nineveh),ORCC,None,8,10,1,2,1,5,1,18,1,12,1,11,1,1,1,30,1
Q003798,631.0,Ashurbanipal,Neo-Assyrian,Kuyunjik (Nineveh),ORCC,None,8,15,1,42,1,3,1,7,1,6,1,18,1,11,1,8,1
Q003799,631.0,Ashurbanipal,Neo-Assyrian,Babylon,ORCC,cylinder,8,1,1,11,1,58,1,17,1,9,1,69,1,56,1,5,1
Q003800,631.0,Ashurbanipal,Neo-Assyrian,Babylon,ORCC,stele,8,21,1,72,1,48,1,17,1,8,1,17,1,41,1,35,1
Q003801,631.0,Ashurbanipal,Neo-Assyrian,Babylon,ORCC,cylinder,8,39,1,40,1,62,1,59,1,29,1,22,1,32,1,71,1
Q003802,631.0,Ashurbanipal,Neo-Assyrian,Babylon,ORCC,cylinder,8,43,1,93,1,87,1,94,1,35,1,43,1,52,1,61,1
Q003803,631.0,Ashurbanipal,Neo-Assyrian,Babylon,ORCC,cylinder,8,40,1,81,1,81,1,78,1,36,1,39,1,49,1,61,1
Q003804,631.0,Ashurbanipal,Neo-Assyrian,Babylon,ORCC,stele,8,8,1,12,1,40,1,3,1,39,1,38,1,13,1,3,1
Q003805,631.0,Ashurbanipal,Neo-Assyrian,Babylon,ORCC,brick,8,6,1,28,1,44,1,17,1,29,1,6,1,28,1,55,1
Q003806,631.0,Ashurbanipal,Neo-Assyrian,Babylon,ORCC,brick,8,9,1,55,1,64,1,0,1,26,1,18,1,24,1,45,1
Q003807,631.0,Ashurbanipal,Neo-Assyrian,Babylon,ORCC,brick,8,23,1,6,1,35,1,9,1,16,1,59,1,62,1,52,1
Q003808,631.0,Ashurbanipal,Neo-Assyrian,Babylon,ORCC,brick,8,12,1,24,1,25,1,0,1,6,1,9,1,13,1,32,1
Q003809,631.0,Ashurbanipal,Neo-Assyrian,Babylon,ORCC,brick,8,2,1,13,1,11,1,39,1,2,1,18,1,1,1,63,1
Q003810,631.0,Ashurbanipal,Neo-Assyrian,Sippar,ORCC,cylinder,8,10,1,9,1,9,1,3,1,21,1,19,1,4,1,4,1
Q003811,631.0,Ashurbanipal,Neo-Assyrian,Borsippa,ORCC,stele,8,8,1,3,1,11,1,4,1,38,1,10,1,12,1,8,1
Q003812,631.0,Ashurbanipal,Neo-Assyrian,Borsippa,ORCC,cylinder,8,35,1,79,1,46,1,65,1,27,1,37,1,36,1,48,1
Q003813,631.0,Ashurbanipal,Neo-Assyrian,Nippur,ORCC,cylinder,8,20,1,30,1,9,1,11,1,26,1,30,1,32,1,16,1
Q003814,631.0,Ashurbanipal,Neo-Assyrian,Nippur,ORCC,brick,8,9,1,68,1,31,1,20,1,21,1,20,1,38,1,0,1
Q003815,631.0,Ashurbanipal,Neo-Assyrian,Nippur,ORCC,brick,8,36,1,46,1,36,1,5,1,21,1,1,1,7,1,8,1
Q003817,631.0,Ashurbanipal,Neo-Assyrian,Uruk,ORCC,brick,8,9,1,57,1,25,1,19,1,54,1,29,1,2,1,18,1
Q003818,631.0,Ashurbanipal,Neo-Assyrian,Nineveh,ORCC,cylinder,8,17,1,57,1,41,1,8,1,2,1,42,1,51,1,8,1
Q003819,631.0,Ashurbanipal,Neo-Assyrian,Dur-Kurigalzu,ORCC,brick,8,19,1,9,1,24,1,21,1,5,1,0,1,3,1,43,1
Q003820,631.0,Ashurbanipal,Neo-Assyrian,Me-Turran,ORCC,brick,8,11,1,33,1,56,1,20,1,14,1,5,1,27,1,27,1
Q003821,631.0,Ashurbanipal,Neo-Assyrian,Babylonia,ORCC,None,8,10,1,17,1,37,1,46,1,50,1,27,1,55,1,40,1
Q003822,631.0,Ashurbanipal,Neo-Assyrian,Kuyunjik (Nineveh),ORCC,None,8,16,1,21,1,4,1,36,1,20,1,0,1,12,1,37,1
Q003823,631.0,Ashurbanipal,Neo-Assyrian,Kuyunjik (Nineveh),ORCC,None,8,12,1,15,1,17,1,34,1,22,1,0,1,13,1,12,1
Q003824,631.0,Ashurbanipal,Neo-Assyrian,Kuyunjik (Nineveh),ORCC,None,8,33,1,48,1,60,1,46,1,17,1,40,1,49,1,1,1
Q003825,631.0,Ashurbanipal,Neo-Assyrian,Kuyunjik (Nineveh),ORCC,None,8,44,1,67,1,60,1,72,1,29,1,57,1,32,1,4,1
Q003826,631.0,Ashurbanipal,Neo-Assyrian,Kuyunjik (Nineveh),ORCC,None,8,31,1,26,1,61,1,30,1,17,1,13,1,39,1,57,1
Q003827,631.0,Ashurbanipal,Neo-Assyrian,Kuyunjik (Nineveh),ORCC,None,8,15,1,22,1,6,1,1,1,38,1,12,1,42,1,0,1
Q003828,631.0,Ashurbanipal,Neo-Assyrian,Kuyunjik (Nineveh),ORCC,None,8,37,1,18,1,68,1,59,1,25,1,29,1,38,1,28,1
Q003829,631.0,Ashurbanipal,Neo-Assyrian,Kuyunjik (Nineveh),ORCC,None,8,15,1,57,1,35,1,1,1,47,1,42,1,30,1,51,1
Q003841,631.0,Ashurbanipal,Neo-Assyrian,Ur,ORCC,cone,8,10,1,53,1,44,1,12,1,51,1,45,1,31,1,21,1
Q003845,631.0,Ashurbanipal,Neo-Assyrian,Ur,ORCC,brick,8,7,1,51,1,21,1,10,1,11,1,27,1,14,1,4,1
Q003846,631.0,Ashurbanipal,Neo-Assyrian,Ur,ORCC,brick,8,29,1,9,1,7,1,12,1,9,1,7,1,7,1,18,1
Q003854,631.0,Ashurbanipal,Neo-Assyrian,Ur,ORCC,disk,8,15,1,53,1,30,1,4,1,4,1,33,1,4,1,6,1
Q003855,631.0,Ashurbanipal,Neo-Assyrian,Ur,ORCC,uncertain,8,42,1,7,1,17,1,28,1,31,1,3,1,11,1,3,1
Q003862,612.0,Sîn-šarru-iškun,Neo-Assyrian,Kuyunjik (Nineveh),ORCC,cylinder,8,24,1,3,1,2,1,19,1,13,1,17,1,4,1,18,1
Q003863,612.0,Sîn-šarru-iškun,Neo-Assyrian,Kuyunjik (Nineveh),ORCC,cylinder,8,38,1,20,1,14,1,33,1,5,1,1,1,29,1,27,1
Q003864,612.0,Sîn-šarru-iškun,Neo-Assyrian,Kuyunjik (Nineveh),ORCC,cylinder,8,23,1,22,1,2,1,28,1,46,1,28,1,10,1,14,1
Q003865,612.0,Sîn-šarru-iškun,Neo-Assyrian,Kuyunjik (Nineveh),ORCC,cylinder,8,34,1,31,1,38,1,43,1,43,1,51,1,26,1,49,1
Q003866,612.0,Sîn-šarru-iškun,Neo-Assyrian,Kuyunjik (Nineveh),ORCC,cylinder,8,54,1,25,1,10,1,21,1,23,1,45,1,18,1,10,1
Q003867,612.0,Sîn-šarru-iškun,Neo-Assyrian,Kuyunjik (Nineveh),ORCC,None,8,24,1,3,1,2,1,19,1,13,1,17,1,4,1,18,1
Q003868,612.0,Sîn-šarru-iškun,Neo-Assyrian,Qalat Sherqat (Assur),ORCC,prism,8,34,1,58,1,28,1,22,1,31,1,7,1,3,1,56,1
Q003869,612.0,Sîn-šarru-iškun,Neo-Assyrian,Qalat Sherqat (Assur),ORCC,prism,8,30,1,10,1,25,1,9,1,30,1,48,1,18,1,16,1
Q003870,612.0,Sîn-šarru-iškun,Neo-Assyrian,Qalat Sherqat (Assur),ORCC,prism,8,15,1,45,1,34,1,17,1,44,1,28,1,12,1,22,1
Q003871,612.0,Sîn-šarru-iškun,Neo-Assyrian,Qalat Sherqat (Assur),ORCC,cylinder,8,23,1,44,1,31,1,30,1,36,1,8,1,17,1,17,1
Q003872,612.0,Sîn-šarru-iškun,Neo-Assyrian,Qalat Sherqat (Assur),ORCC,cone,8,69,1,89,1,83,1,68,1,58,1,88,1,98,1,44,1
Q003874,612.0,Sîn-šarru-iškun,Neo-Assyrian,Qalat Sherqat (Assur),ORCC,brick,8,66,1,81,1,64,1,75,1,49,1,82,1,79,1,47,1
Q003876,612.0,Sîn-šarru-iškun,Neo-Assyrian,Qalat Sherqat (Assur),ORCC,None,8,45,1,85,1,44,1,40,1,43,1,16,1,40,1,36,1
Q003877,612.0,Sîn-šarru-iškun,Neo-Assyrian,Qalat Sherqat (Assur),ORCC,None,8,27,1,26,1,31,1,28,1,45,1,26,1,43,1,30,1
Q003879,612.0,Sîn-šarru-iškun,Neo-Assyrian,Qalat Sherqat (Assur),ORCC,None,8,43,1,83,1,52,1,60,1,54,1,47,1,74,1,38,1
Q003880,612.0,Sîn-šarru-iškun,Neo-Assyrian,Nimrud (Kalhu),ORCC,cylinder,8,19,1,61,1,32,1,5,1,13,1,1,1,8,1,5,1
Q003911,681.0,Sennacherib,Neo-Assyrian,Kuyunjik (Nineveh),ORCC,bead,8,27,1,8,1,11,1,20,1,4,1,1,1,12,1,37,1
Q003912,681.0,Sennacherib,Neo-Assyrian,Kuyunjik (Nineveh),ORCC,bead,8,37,1,14,1,4,1,18,1,10,1,6,1,3,1,46,1
Q003913,681.0,Sennacherib,Neo-Assyrian,Kuyunjik (Nineveh),ORCC,bead,8,22,1,0,1,20,1,36,1,11,1,9,1,2,1,40,1
Q003914,681.0,Sennacherib,Neo-Assyrian,Kuyunjik (Nineveh),ORCC,bead,8,35,1,5,1,30,1,16,1,11,1,8,1,17,1,47,1
Q003915,681.0,Sennacherib,Neo-Assyrian,Kuyunjik (Nineveh),ORCC,bead,8,36,1,11,1,40,1,28,1,9,1,15,1,9,1,62,1
Q003916,681.0,Sennacherib,Neo-Assyrian,Kuyunjik (Nineveh),ORCC,bead,8,30,1,6,1,26,1,12,1,9,1,2,1,10,1,47,1
Q003917,681.0,Sennacherib,Neo-Assyrian,Kuyunjik (Nineveh),ORCC,bead,8,34,1,16,1,20,1,10,1,12,1,13,1,16,1,46,1
Q003918,681.0,Sennacherib,Neo-Assyrian,Kuyunjik (Nineveh),ORCC,bead,8,30,1,5,1,29,1,17,1,11,1,0,1,14,1,59,1
Q003919,681.0,Sennacherib,Neo-Assyrian,Kuyunjik (Nineveh),ORCC,bead,8,34,1,4,1,31,1,18,1,15,1,6,1,19,1,51,1
Q003920,681.0,Sennacherib,Neo-Assyrian,Kuyunjik (Nineveh),ORCC,bead,8,40,1,1,1,21,1,5,1,13,1,10,1,3,1,18,1
Q003921,681.0,Sennacherib,Neo-Assyrian,Kuyunjik (Nineveh),ORCC,bead,8,33,1,1,1,17,1,5,1,10,1,7,1,23,1,56,1
Q003922,681.0,Sennacherib,Neo-Assyrian,Kuyunjik (Nineveh),ORCC,bead,8,55,1,44,1,2,1,30,1,51,1,12,1,45,1,51,1
Q003923,681.0,Sennacherib,Neo-Assyrian,Kuyunjik (Nineveh),ORCC,bead,8,46,1,20,1,23,1,2,1,1,1,25,1,3,1,54,1
Q003924,681.0,Sennacherib,Neo-Assyrian,Kuyunjik (Nineveh),ORCC,bead,8,69,1,48,1,55,1,27,1,43,1,31,1,41,1,57,1
Q003925,681.0,Sennacherib,Neo-Assyrian,Kuyunjik (Nineveh),ORCC,bead,8,42,1,12,1,29,1,1,1,15,1,2,1,18,1,47,1
Q003926,681.0,Sennacherib,Neo-Assyrian,Kuyunjik (Nineveh),ORCC,bead,8,39,1,17,1,26,1,9,1,15,1,7,1,14,1,49,1
Q003927,681.0,Sennacherib,Neo-Assyrian,Kuyunjik (Nineveh),ORCC,bead,8,36,1,16,1,15,1,7,1,10,1,4,1,15,1,49,1
Q003928,681.0,Sennacherib,Neo-Assyrian,Kuyunjik (Nineveh),ORCC,bead,8,42,1,22,1,22,1,6,1,13,1,5,1,15,1,55,1
Q003929,681.0,Sennacherib,Neo-Assyrian,Kuyunjik (Nineveh),ORCC,bead,8,44,1,5,1,3,1,6,1,22,1,11,1,21,1,51,1
Q003930,681.0,Sennacherib,Neo-Assyrian,Kuyunjik (Nineveh),ORCC,bead,8,39,1,23,1,54,1,27,1,44,1,37,1,32,1,61,1
Q003932,681.0,Sennacherib,Neo-Assyrian,Kuyunjik (Nineveh),ORCC,bead,8,50,1,26,1,8,1,17,1,44,1,26,1,43,1,13,1
Q003933,681.0,Sennacherib,Neo-Assyrian,Kuyunjik (Nineveh),ORCC,bead,8,33,1,16,1,39,1,9,1,25,1,29,1,22,1,45,1
Q003934,681.0,Sennacherib,Neo-Assyrian,Kuyunjik (Nineveh),ORCC,bead,8,37,1,44,1,32,1,22,1,24,1,43,1,27,1,39,1
Q003935,681.0,Sennacherib,Neo-Assyrian,Kuyunjik (Nineveh),ORCC,bead,8,44,1,18,1,21,1,66,1,40,1,39,1,30,1,47,1
Q003936,681.0,Sennacherib,Neo-Assyrian,Kuyunjik (Nineveh),ORCC,bead,8,43,1,2,1,18,1,32,1,41,1,36,1,29,1,51,1
Q003937,681.0,Sennacherib,Neo-Assyrian,Kuyunjik (Nineveh),ORCC,horse trough,8,52,1,94,1,54,1,40,1,42,1,44,1,63,1,38,1
Q003938,681.0,Sennacherib,Neo-Assyrian,Kuyunjik (Nineveh),ORCC,vessel,8,44,1,51,1,15,1,2,1,56,1,49,1,66,1,81,1
Q003939,681.0,Sennacherib,Neo-Assyrian,Kuyunjik (Nineveh),ORCC,vessel,8,28,1,28,1,0,1,4,1,51,1,17,1,39,1,65,1
Q003940,681.0,Sennacherib,Neo-Assyrian,Kuyunjik (Nineveh),ORCC,None,8,11,1,15,1,0,1,22,1,4,1,2,1,7,1,48,1
Q003941,681.0,Sennacherib,Neo-Assyrian,Kuyunjik (Nineveh),ORCC,None,8,40,1,4,1,20,1,20,1,25,1,17,1,20,1,15,1
Q003942,681.0,Sennacherib,Neo-Assyrian,Kuyunjik (Nineveh),ORCC,None,8,29,1,7,1,30,1,11,1,22,1,2,1,16,1,29,1
Q003943,681.0,Sennacherib,Neo-Assyrian,Kuyunjik (Nineveh),ORCC,None,8,10,1,9,1,35,1,29,1,42,1,36,1,10,1,10,1
Q003944,681.0,Sennacherib,Neo-Assyrian,Kuyunjik (Nineveh),ORCC,None,8,6,1,33,1,2,1,18,1,39,1,60,1,36,1,60,1
Q003945,681.0,Sennacherib,Neo-Assyrian,Kuyunjik (Nineveh),ORCC,None,8,17,1,10,1,26,1,14,1,10,1,24,1,26,1,70,1
Q003946,681.0,Sennacherib,Neo-Assyrian,Kuyunjik (Nineveh),ORCC,None,8,36,1,51,1,46,1,3,1,52,1,40,1,48,1,38,1
Q003947,681.0,Sennacherib,Neo-Assyrian,Kuyunjik (Nineveh),ORCC,None,8,27,1,28,1,4,1,14,1,29,1,1,1,9,1,4,1
Q003948,681.0,Sennacherib,Neo-Assyrian,Kuyunjik (Nineveh),ORCC,None,8,8,1,6,1,20,1,38,1,4,1,4,1,3,1,15,1
Q003949,681.0,Sennacherib,Neo-Assyrian,Kuyunjik (Nineveh),ORCC,None,8,16,1,9,1,9,1,1,1,14,1,4,1,43,1,11,1
Q003950,681.0,Sennacherib,Neo-Assyrian,Kuyunjik (Nineveh),ORCC,None,8,37,1,55,1,38,1,31,1,5,1,49,1,29,1,33,1
Q003951,681.0,Sennacherib,Neo-Assyrian,Kuyunjik (Nineveh),ORCC,None,8,21,1,4,1,6,1,1,1,70,1,39,1,34,1,20,1
Q003952,681.0,Sennacherib,Neo-Assyrian,Kuyunjik (Nineveh),ORCC,None,8,29,1,6,1,1,1,8,1,80,1,54,1,45,1,21,1
Q003953,681.0,Sennacherib,Neo-Assyrian,Kuyunjik (Nineveh),ORCC,None,8,39,1,66,1,43,1,82,1,36,1,64,1,55,1,40,1
Q003954,681.0,Sennacherib,Neo-Assyrian,Kuyunjik (Nineveh),ORCC,None,8,22,1,37,1,30,1,14,1,23,1,26,1,46,1,84,1
Q003955,681.0,Sennacherib,Neo-Assyrian,Kuyunjik (Nineveh),ORCC,None,8,47,1,56,1,68,1,32,1,45,1,45,1,57,1,7,1
Q003956,681.0,Sennacherib,Neo-Assyrian,Kuyunjik (Nineveh),ORCC,None,8,46,1,25,1,25,1,2,1,54,1,43,1,41,1,24,1
Q003957,681.0,Sennacherib,Neo-Assyrian,Kuyunjik (Nineveh),ORCC,None,8,4,1,10,1,36,1,31,1,25,1,40,1,10,1,45,1
Q003958,681.0,Sennacherib,Neo-Assyrian,Kuyunjik (Nineveh),ORCC,None,8,43,1,54,1,35,1,35,1,25,1,36,1,52,1,60,1
Q003959,681.0,Sennacherib,Neo-Assyrian,Kuyunjik (Nineveh),ORCC,None,8,35,1,13,1,50,1,25,1,79,1,40,1,37,1,37,1
Q003960,681.0,Sennacherib,Neo-Assyrian,Kuyunjik (Nineveh),ORCC,None,8,35,1,21,1,29,1,50,1,64,1,44,1,56,1,46,1
Q003961,681.0,Sennacherib,Neo-Assyrian,Kuyunjik (Nineveh),ORCC,None,8,39,1,38,1,13,1,18,1,25,1,9,1,8,1,8,1
Q003962,681.0,Sennacherib,Neo-Assyrian,Kuyunjik (Nineveh),ORCC,None,8,41,1,30,1,14,1,12,1,26,1,10,1,42,1,62,1
Q003963,681.0,Sennacherib,Neo-Assyrian,Kuyunjik (Nineveh),ORCC,None,8,70,1,54,1,55,1,46,1,98,1,78,1,95,1,87,1
Q003964,681.0,Sennacherib,Neo-Assyrian,Kuyunjik (Nineveh),ORCC,None,8,45,1,46,1,71,1,52,1,38,1,43,1,59,1,59,1
Q003965,681.0,Sennacherib,Neo-Assyrian,Kuyunjik (Nineveh),ORCC,None,8,41,1,33,1,54,1,51,1,37,1,25,1,28,1,21,1
Q003966,681.0,Sennacherib,Neo-Assyrian,Kuyunjik (Nineveh),ORCC,None,8,41,1,35,1,76,1,27,1,71,1,73,1,55,1,71,1
Q003967,681.0,Sennacherib,Neo-Assyrian,Kuyunjik (Nineveh),ORCC,None,8,55,1,59,1,39,1,90,1,45,1,59,1,52,1,43,1
Q003968,681.0,Sennacherib,Neo-Assyrian,Kuyunjik (Nineveh),ORCC,None,8,37,1,34,1,63,1,45,1,52,1,40,1,46,1,19,1
Q003969,681.0,Sennacherib,Neo-Assyrian,Qalat Sherqat (Assur),ORCC,prism,8,0,1,7,1,10,1,22,1,12,1,9,1,4,1,14,1
Q003970,681.0,Sennacherib,Neo-Assyrian,Qalat Sherqat (Assur),ORCC,prism,8,49,1,23,1,45,1,33,1,38,1,37,1,57,1,55,1
Q003971,681.0,Sennacherib,Neo-Assyrian,Qalat Sherqat (Assur),ORCC,prismatic cylinder,8,21,1,8,1,12,1,18,1,13,1,7,1,8,1,40,1
Q003972,681.0,Sennacherib,Neo-Assyrian,Qalat Sherqat (Assur),ORCC,stele,8,28,1,10,1,26,1,28,1,8,1,14,1,15,1,54,1
Q003973,681.0,Sennacherib,Neo-Assyrian,Qalat Sherqat (Assur),ORCC,None,8,13,1,10,1,20,1,7,1,7,1,19,1,18,1,39,1
Q003974,681.0,Sennacherib,Neo-Assyrian,Qalat Sherqat (Assur),ORCC,block,8,33,1,61,1,5,1,24,1,15,1,26,1,35,1,33,1
Q003975,681.0,Sennacherib,Neo-Assyrian,Qalat Sherqat (Assur),ORCC,block,8,29,1,36,1,3,1,40,1,41,1,31,1,32,1,69,1
Q003976,681.0,Sennacherib,Neo-Assyrian,Qalat Sherqat (Assur),ORCC,block,8,35,1,15,1,16,1,28,1,23,1,31,1,20,1,53,1
Q003977,681.0,Sennacherib,Neo-Assyrian,Qalat Sherqat (Assur),ORCC,block,8,47,1,85,1,12,1,23,1,10,1,35,1,34,1,52,1
Q003978,681.0,Sennacherib,Neo-Assyrian,Qalat Sherqat (Assur),ORCC,block,8,40,1,52,1,20,1,62,1,12,1,19,1,23,1,23,1
Q003979,681.0,Sennacherib,Neo-Assyrian,Qalat Sherqat (Assur),ORCC,series of blocks,8,40,1,37,1,28,1,47,1,35,1,27,1,46,1,49,1
Q003980,681.0,Sennacherib,Neo-Assyrian,Qalat Sherqat (Assur),ORCC,series of blocks,8,35,1,48,1,19,1,17,1,40,1,45,1,38,1,57,1
Q003981,681.0,Sennacherib,Neo-Assyrian,Qalat Sherqat (Assur),ORCC,series of blocks,8,22,1,8,1,16,1,7,1,46,1,45,1,39,1,53,1
Q003983,681.0,Sennacherib,Neo-Assyrian,Qalat Sherqat (Assur),ORCC,block,8,38,1,75,1,19,1,39,1,24,1,41,1,34,1,64,1
Q003984,681.0,Sennacherib,Neo-Assyrian,Qalat Sherqat (Assur),ORCC,block,8,22,1,19,1,9,1,21,1,32,1,18,1,24,1,28,1
Q003985,681.0,Sennacherib,Neo-Assyrian,Qalat Sherqat (Assur),ORCC,block,8,34,1,63,1,0,1,39,1,24,1,13,1,31,1,30,1
Q003986,681.0,Sennacherib,Neo-Assyrian,Qalat Sherqat (Assur),ORCC,block,8,50,1,84,1,31,1,33,1,55,1,51,1,51,1,40,1
Q003987,681.0,Sennacherib,Neo-Assyrian,Qalat Sherqat (Assur),ORCC,block,8,35,1,66,1,26,1,46,1,36,1,26,1,49,1,30,1
Q003991,681.0,Sennacherib,Neo-Assyrian,Qalat Sherqat (Assur),ORCC,block,8,27,1,43,1,44,1,30,1,39,1,26,1,24,1,72,1
Q003992,681.0,Sennacherib,Neo-Assyrian,Qalat Sherqat (Assur),ORCC,block,8,40,1,20,1,52,1,23,1,42,1,33,1,32,1,70,1
Q003993,681.0,Sennacherib,Neo-Assyrian,Qalat Sherqat (Assur),ORCC,block,8,36,1,7,1,50,1,13,1,38,1,31,1,27,1,64,1
Q003995,681.0,Sennacherib,Neo-Assyrian,Qalat Sherqat (Assur),ORCC,door socket,8,23,1,1,1,12,1,41,1,33,1,38,1,33,1,9,1
Q003996,681.0,Sennacherib,Neo-Assyrian,Qalat Sherqat (Assur),ORCC,door socket,8,30,1,33,1,29,1,33,1,32,1,14,1,41,1,62,1
Q003998,681.0,Sennacherib,Neo-Assyrian,Qalat Sherqat (Assur),ORCC,plating,8,17,1,10,1,45,1,24,1,65,1,48,1,54,1,61,1
Q003999,681.0,Sennacherib,Neo-Assyrian,Qalat Sherqat (Assur),ORCC,plating,8,12,1,43,1,10,1,44,1,9,1,7,1,11,1,45,1
Q004000,681.0,Sennacherib,Neo-Assyrian,Qalat Sherqat (Assur),ORCC,brick,8,12,1,5,1,18,1,2,1,30,1,31,1,41,1,49,1
Q004001,681.0,Sennacherib,Neo-Assyrian,Qalat Sherqat (Assur),ORCC,brick,8,30,1,0,1,11,1,59,1,6,1,26,1,18,1,18,1
Q004002,681.0,Sennacherib,Neo-Assyrian,Qalat Sherqat (Assur),ORCC,brick,8,33,1,4,1,9,1,55,1,7,1,42,1,28,1,19,1
Q004003,681.0,Sennacherib,Neo-Assyrian,Qalat Sherqat (Assur),ORCC,brick,8,18,1,38,1,10,1,44,1,26,1,16,1,30,1,29,1
Q004004,681.0,Sennacherib,Neo-Assyrian,Qalat Sherqat (Assur),ORCC,brick,8,14,1,6,1,4,1,52,1,16,1,18,1,17,1,29,1
Q004005,681.0,Sennacherib,Neo-Assyrian,Qalat Sherqat (Assur),ORCC,brick,8,13,1,24,1,13,1,24,1,10,1,3,1,4,1,31,1
Q004006,681.0,Sennacherib,Neo-Assyrian,Qalat Sherqat (Assur),ORCC,brick,8,21,1,25,1,7,1,20,1,7,1,2,1,3,1,29,1
Q004007,681.0,Sennacherib,Neo-Assyrian,Qalat Sherqat (Assur),ORCC,brick,8,30,1,2,1,3,1,32,1,6,1,7,1,11,1,30,1
Q004008,681.0,Sennacherib,Neo-Assyrian,Qalat Sherqat (Assur),ORCC,brick,8,31,1,15,1,25,1,15,1,14,1,9,1,10,1,16,1
Q004009,681.0,Sennacherib,Neo-Assyrian,Qalat Sherqat (Assur),ORCC,brick,8,44,1,10,1,7,1,35,1,52,1,36,1,30,1,50,1
Q004010,681.0,Sennacherib,Neo-Assyrian,Qalat Sherqat (Assur),ORCC,brick,8,43,1,57,1,17,1,80,1,15,1,28,1,43,1,34,1
Q004014,681.0,Sennacherib,Neo-Assyrian,Qalat Sherqat (Assur),ORCC,None,8,54,1,60,1,60,1,92,1,36,1,56,1,41,1,25,1
Q004015,681.0,Sennacherib,Neo-Assyrian,Nimrud (Kalhu),ORCC,bead,8,47,1,26,1,23,1,18,1,21,1,37,1,30,1,49,1
Q004016,681.0,Sennacherib,Neo-Assyrian,Nimrud (Kalhu),ORCC,lion weight,8,37,1,17,1,55,1,21,1,36,1,29,1,28,1,66,1
Q004018,681.0,Sennacherib,Neo-Assyrian,Tell Sherif Khan (Tarbisu),ORCC,cylinder,8,31,1,27,1,34,1,36,1,32,1,13,1,31,1,1,1
Q004019,681.0,Sennacherib,Neo-Assyrian,Tell Sherif Khan (Tarbisu),ORCC,cone,8,30,1,37,1,23,1,19,1,18,1,2,1,13,1,38,1
Q004020,681.0,Sennacherib,Neo-Assyrian,Tell Sherif Khan (Tarbisu),ORCC,slab,8,30,1,59,1,32,1,34,1,33,1,36,1,40,1,88,1
Q004021,681.0,Sennacherib,Neo-Assyrian,Tell Sherif Khan (Tarbisu),ORCC,brick,8,25,1,33,1,38,1,32,1,19,1,11,1,31,1,58,1
Q004023,681.0,Sennacherib,Neo-Assyrian,Qasr Shamamuk (Kilizu),ORCC,slab,8,21,1,21,1,8,1,19,1,25,1,11,1,6,1,58,1
Q004024,681.0,Sennacherib,Neo-Assyrian,Qasr Shamamuk (Kilizu),ORCC,brick,8,30,1,33,1,12,1,24,1,16,1,16,1,21,1,20,1
Q004027,681.0,Sennacherib,Neo-Assyrian,Judi Dagh,ORCC,rock face,8,15,1,38,1,27,1,3,1,2,1,3,1,23,1,6,1
Q004028,681.0,Sennacherib,Neo-Assyrian,Bavian,ORCC,rock face,8,36,1,48,1,27,1,51,1,14,1,21,1,46,1,11,1
Q004029,681.0,Sennacherib,Neo-Assyrian,Jerwan Aqueduct,ORCC,block,8,36,1,22,1,49,1,21,1,38,1,29,1,27,1,69,1
Q004030,681.0,Sennacherib,Neo-Assyrian,Jerwan Aqueduct,ORCC,block,8,38,1,24,1,38,1,22,1,39,1,34,1,28,1,64,1
Q004031,681.0,Sennacherib,Neo-Assyrian,Jerwan Aqueduct,ORCC,series of blocks,8,26,1,23,1,3,1,6,1,24,1,31,1,10,1,11,1
Q004032,681.0,Sennacherib,Neo-Assyrian,Jerwan Aqueduct,ORCC,series of blocks,8,50,1,67,1,52,1,35,1,41,1,61,1,71,1,46,1
Q004033,681.0,Sennacherib,Neo-Assyrian,Jerwan Aqueduct,ORCC,series of blocks,8,23,1,12,1,7,1,15,1,60,1,21,1,4,1,53,1
Q004034,681.0,Sennacherib,Neo-Assyrian,Wadi Bastura Tunnel,ORCC,series of blocks,8,19,1,12,1,2,1,13,1,24,1,11,1,21,1,10,1
Q004035,681.0,Sennacherib,Neo-Assyrian,Samarra (Sur-marrati),ORCC,None,8,26,1,52,1,23,1,15,1,0,1,30,1,33,1,9,1
Q004036,681.0,Sennacherib,Neo-Assyrian,Tikrit,ORCC,None,8,30,1,22,1,12,1,1,1,22,1,15,1,15,1,14,1
Q004037,681.0,Sennacherib,Neo-Assyrian,Babylon,ORCC,paving stone,8,41,1,20,1,54,1,33,1,48,1,44,1,37,1,51,1
Q004038,681.0,Sennacherib,Neo-Assyrian,Sippar,ORCC,lion-head finial,8,49,1,27,1,2,1,52,1,23,1,24,1,19,1,50,1
Q004058,681.0,Sennacherib,Neo-Assyrian,Kuyunjik (Nineveh),ORCC,vessel,8,45,1,59,1,73,1,19,1,39,1,31,1,28,1,64,1
Q004059,681.0,Sennacherib,Neo-Assyrian,Kuyunjik (Nineveh),ORCC,vessel,8,40,1,21,1,55,1,22,1,42,1,34,1,32,1,69,1
Q004060,681.0,Sennacherib,Neo-Assyrian,Kuyunjik (Nineveh),ORCC,vessel,8,40,1,1,1,3,1,3,1,42,1,39,1,30,1,61,1
Q004061,681.0,Sennacherib,Neo-Assyrian,Kuyunjik (Nineveh),ORCC,vessel,8,43,1,29,1,60,1,27,1,44,1,41,1,36,1,71,1
Q004062,681.0,Sennacherib,Neo-Assyrian,Kuyunjik (Nineveh),ORCC,vessel,8,23,1,22,1,39,1,10,1,40,1,48,1,38,1,51,1
Q004063,681.0,Sennacherib,Neo-Assyrian,Kuyunjik (Nineveh),ORCC,vessel,8,49,1,69,1,77,1,25,1,39,1,31,1,29,1,80,1
Q004064,681.0,Sennacherib,Neo-Assyrian,Kuyunjik (Nineveh),ORCC,vessel,8,47,1,70,1,74,1,23,1,43,1,32,1,33,1,70,1
Q004065,681.0,Sennacherib,Neo-Assyrian,Kuyunjik (Nineveh),ORCC,vessel,8,43,1,29,1,52,1,29,1,45,1,42,1,36,1,70,1
Q004066,681.0,Sennacherib,Neo-Assyrian,Kuyunjik (Nineveh),ORCC,vessel,8,35,1,10,1,47,1,15,1,36,1,27,1,29,1,64,1
Q004067,681.0,Sennacherib,Neo-Assyrian,Kuyunjik (Nineveh),ORCC,bead,8,25,1,26,1,54,1,0,1,39,1,41,1,28,1,8,1
Q004070,681.0,Sennacherib,Neo-Assyrian,Kuyunjik (Nineveh),ORCC,bead,8,38,1,11,1,46,1,26,1,44,1,34,1,32,1,50,1
Q004071,681.0,Sennacherib,Neo-Assyrian,Kuyunjik (Nineveh),ORCC,None,8,15,1,29,1,8,1,20,1,23,1,9,1,0,1,8,1
Q004072,681.0,Sennacherib,Neo-Assyrian,Kuyunjik (Nineveh),ORCC,None,8,48,1,45,1,69,1,27,1,54,1,59,1,52,1,27,1
Q004073,681.0,Sennacherib,Neo-Assyrian,Kuyunjik (Nineveh),ORCC,None,8,33,1,37,1,24,1,6,1,34,1,36,1,36,1,37,1
Q004074,681.0,Sennacherib,Neo-Assyrian,Kuyunjik (Nineveh),ORCC,None,8,44,1,30,1,40,1,75,1,26,1,44,1,39,1,24,1
Q004075,681.0,Sennacherib,Neo-Assyrian,Kuyunjik (Nineveh),ORCC,None,8,36,1,59,1,24,1,16,1,64,1,30,1,61,1,50,1
Q004077,681.0,Sennacherib,Neo-Assyrian,Kuyunjik (Nineveh),ORCC,None,8,41,1,20,1,48,1,20,1,38,1,32,1,32,1,72,1
Q004078,681.0,Sennacherib,Neo-Assyrian,Kuyunjik (Nineveh),ORCC,None,8,45,1,29,1,1,1,47,1,34,1,46,1,42,1,57,1
Q004079,681.0,Sennacherib,Neo-Assyrian,Kuyunjik (Nineveh),ORCC,None,8,33,1,21,1,37,1,35,1,34,1,53,1,42,1,46,1
Q004081,681.0,Sennacherib,Neo-Assyrian,Kuyunjik (Nineveh),ORCC,tablet or prism,8,32,1,9,1,12,1,24,1,44,1,37,1,41,1,23,1
Q004082,681.0,Sennacherib,Neo-Assyrian,Kuyunjik (Nineveh),ORCC,tablet or prism,8,42,1,7,1,0,1,50,1,35,1,44,1,38,1,4,1
Q004088,681.0,Sennacherib,Neo-Assyrian,Qalat Sherqat (Assur),ORCC,stele,8,17,1,18,1,12,1,3,1,42,1,33,1,34,1,49,1
Q004089,681.0,Sennacherib,Neo-Assyrian,Qalat Sherqat (Assur),ORCC,vessel,8,10,1,69,1,20,1,34,1,9,1,17,1,9,1,23,1
Q004177,727.0,Tiglath-pileser III,Neo-Assyrian,Assyria,ORCC,bead,8,68,1,67,1,51,1,61,1,69,1,67,1,67,1,45,1
Q005398,539.0,Nabonidus,Neo-Babylonian,Babylon,ORCC,cylinder,8,88,1,82,1,61,1,64,1,75,1,69,1,61,1,99,1
Q005402,539.0,Nabonidus,Neo-Babylonian,Babylon,ORCC,None,8,70,1,64,1,41,1,39,1,66,1,58,1,49,1,70,1
Q005404,539.0,Nabonidus,Neo-Babylonian,Babylon,ORCC,brick,8,71,1,35,1,25,1,45,1,87,1,89,1,79,1,71,1
Q005405,539.0,Nabonidus,Neo-Babylonian,Babylon,ORCC,brick,8,87,1,25,1,51,1,59,1,92,1,86,1,86,1,85,1
Q005410,539.0,Nabonidus,Neo-Babylonian,Borsippa,ORCC,cylinder,8,83,1,58,1,45,1,49,1,32,1,28,1,36,1,65,1
Q005412,539.0,Nabonidus,Neo-Babylonian,Kissik,ORCC,cylinder,8,72,1,68,1,55,1,50,1,38,1,55,1,45,1,60,1
Q005413,539.0,Nabonidus,Neo-Babylonian,Larsa,ORCC,cylinder,8,74,1,63,1,57,1,52,1,44,1,73,1,58,1,89,1
Q005415,539.0,Nabonidus,Neo-Babylonian,Larsa,ORCC,brick,8,77,1,16,1,48,1,64,1,81,1,75,1,77,1,54,1
Q005416,539.0,Nabonidus,Neo-Babylonian,Marad,ORCC,cylinder,8,94,1,91,1,75,1,67,1,88,1,95,1,82,1,91,1
Q005422,539.0,Nabonidus,Neo-Babylonian,Sippar,ORCC,cylinder,8,74,1,83,1,76,1,57,1,93,1,62,1,67,1,81,1
Q005425,539.0,Nabonidus,Neo-Babylonian,Sippar,ORCC,cylinder,8,84,1,77,1,59,1,71,1,66,1,53,1,68,1,46,1
Q005433,539.0,Nabonidus,Neo-Babylonian,Ur,ORCC,door socket,8,82,1,40,1,64,1,54,1,93,1,79,1,83,1,81,1
Q005436,539.0,Nabonidus,Neo-Babylonian,Ur,ORCC,brick,8,58,1,44,1,41,1,54,1,92,1,78,1,79,1,83,1
Q005439,539.0,Nabonidus,Neo-Babylonian,Babylonia,ORCC,cylinder,8,83,1,75,1,67,1,52,1,83,1,91,1,75,1,95,1
Q005448,539.0,Nabonidus,Neo-Babylonian,Harran,ORCC,brick,8,95,1,48,1,70,1,85,1,69,1,83,1,94,1,100,1
Q005453,539.0,Nabonidus,Neo-Babylonian,Tayma,ORCC,stele,8,98,1,92,1,81,1,65,1,81,1,60,1,81,1,69,1
Q005470,539.0,Nabonidus,Neo-Babylonian,Sippar,ORCC,cylinder,8,96,1,73,1,90,1,58,1,87,1,99,1,87,1,90,1
Q005471,539.0,Nabonidus,Neo-Babylonian,Harran,ORCC,stele,8,98,1,84,1,86,1,72,1,66,1,67,1,72,1,68,1
Q005472,562.0,Nebuchadnezzar II,Neo-Babylonian,Babylon,ORCC,stele,8,29,1,35,1,10,1,2,1,51,1,26,1,11,1,95,1
Q005473,562.0,Nebuchadnezzar II,Neo-Babylonian,Babylon,ORCC,None,8,45,1,62,1,42,1,12,1,21,1,50,1,47,1,77,1
Q005474,562.0,Nebuchadnezzar II,Neo-Babylonian,Babylon,ORCC,block,8,56,1,16,1,43,1,21,1,43,1,56,1,61,1,78,1
Q005475,562.0,Nebuchadnezzar II,Neo-Babylonian,Babylon,ORCC,block,8,79,1,22,1,36,1,48,1,50,1,73,1,38,1,78,1
Q005476,562.0,Nebuchadnezzar II,Neo-Babylonian,Babylon,ORCC,block,8,76,1,47,1,66,1,18,1,56,1,78,1,69,1,72,1
Q005477,562.0,Nebuchadnezzar II,Neo-Babylonian,Babylon,ORCC,block,8,71,1,43,1,59,1,19,1,64,1,71,1,70,1,81,1
Q005478,562.0,Nebuchadnezzar II,Neo-Babylonian,Babylon,ORCC,paving stone,8,68,1,36,1,65,1,12,1,59,1,73,1,67,1,81,1
Q005479,562.0,Nebuchadnezzar II,Neo-Babylonian,Babylon,ORCC,paving stone,8,97,1,64,1,83,1,36,1,79,1,97,1,92,1,77,1
Q005481,562.0,Nebuchadnezzar II,Neo-Babylonian,Babylon,ORCC,paving stone,8,56,1,12,1,50,1,31,1,74,1,66,1,77,1,60,1
Q005482,562.0,Nebuchadnezzar II,Neo-Babylonian,Babylon,ORCC,prism,8,84,1,48,1,49,1,11,1,93,1,99,1,54,1,70,1
Q005483,562.0,Nebuchadnezzar II,Neo-Babylonian,Babylon,ORCC,cylinder,8,38,1,34,1,19,1,15,1,0,1,28,1,21,1,33,1
Q005484,562.0,Nebuchadnezzar II,Neo-Babylonian,Babylon,ORCC,cylinder,8,46,1,13,1,17,1,29,1,34,1,60,1,11,1,43,1
Q005485,562.0,Nebuchadnezzar II,Neo-Babylonian,Babylon,ORCC,cylinder,8,29,1,43,1,8,1,44,1,16,1,39,1,25,1,25,1
Q005486,562.0,Nebuchadnezzar II,Neo-Babylonian,Babylon,ORCC,cylinder,8,43,1,40,1,38,1,5,1,14,1,13,1,2,1,21,1
Q005487,562.0,Nebuchadnezzar II,Neo-Babylonian,Babylon,ORCC,cylinder,8,35,1,36,1,27,1,41,1,38,1,71,1,5,1,46,1
Q005488,562.0,Nebuchadnezzar II,Neo-Babylonian,Babylon,ORCC,cylinder,8,37,1,43,1,31,1,18,1,11,1,52,1,33,1,54,1
Q005489,562.0,Nebuchadnezzar II,Neo-Babylonian,Babylon,ORCC,cylinder,8,24,1,11,1,7,1,43,1,2,1,61,1,32,1,13,1
Q005490,562.0,Nebuchadnezzar II,Neo-Babylonian,Babylon,ORCC,cylinder,8,38,1,35,1,30,1,4,1,8,1,27,1,0,1,46,1
Q005492,562.0,Nebuchadnezzar II,Neo-Babylonian,Babylon,ORCC,cylinder,8,45,1,41,1,30,1,14,1,0,1,20,1,14,1,41,1
Q005493,562.0,Nebuchadnezzar II,Neo-Babylonian,Babylon,ORCC,cylinder,8,78,1,87,1,90,1,25,1,56,1,87,1,55,1,81,1
Q005494,562.0,Nebuchadnezzar II,Neo-Babylonian,Babylon,ORCC,cylinder,8,37,1,50,1,38,1,9,1,12,1,22,1,6,1,42,1
Q005495,562.0,Nebuchadnezzar II,Neo-Babylonian,Babylon,ORCC,cylinder,8,82,1,27,1,34,1,34,1,92,1,96,1,14,1,63,1
Q005497,562.0,Nebuchadnezzar II,Neo-Babylonian,Babylon,ORCC,cylinder,8,27,1,43,1,14,1,22,1,2,1,25,1,8,1,32,1
Q005498,562.0,Nebuchadnezzar II,Neo-Babylonian,Babylon,ORCC,cylinder,8,17,1,25,1,9,1,8,1,20,1,2,1,24,1,36,1
Q005500,562.0,Nebuchadnezzar II,Neo-Babylonian,Babylon,ORCC,cylinder,8,48,1,18,1,12,1,20,1,2,1,40,1,16,1,35,1
Q005501,562.0,Nebuchadnezzar II,Neo-Babylonian,Babylon,ORCC,cylinder,8,59,1,80,1,42,1,14,1,57,1,61,1,19,1,68,1
Q005502,562.0,Nebuchadnezzar II,Neo-Babylonian,Babylon,ORCC,cylinder,8,20,1,40,1,24,1,15,1,30,1,63,1,21,1,80,1
Q005503,562.0,Nebuchadnezzar II,Neo-Babylonian,Babylon,ORCC,cylinder,8,58,1,59,1,41,1,20,1,11,1,55,1,8,1,50,1
Q005504,562.0,Nebuchadnezzar II,Neo-Babylonian,Babylon,ORCC,cylinder,8,33,1,52,1,36,1,8,1,9,1,52,1,27,1,55,1
Q005505,562.0,Nebuchadnezzar II,Neo-Babylonian,Babylon,ORCC,cylinder,8,35,1,25,1,5,1,27,1,15,1,63,1,14,1,31,1
Q005506,562.0,Nebuchadnezzar II,Neo-Babylonian,Babylon,ORCC,cylinder,8,37,1,21,1,18,1,41,1,19,1,42,1,6,1,48,1
Q005507,562.0,Nebuchadnezzar II,Neo-Babylonian,Babylon,ORCC,cylinder,8,62,1,70,1,49,1,12,1,95,1,64,1,45,1,98,1
Q005508,562.0,Nebuchadnezzar II,Neo-Babylonian,Babylon,ORCC,cylinder,8,83,1,91,1,61,1,65,1,4,1,33,1,44,1,56,1
Q005521,562.0,Nebuchadnezzar II,Neo-Babylonian,Babylon,ORCC,cylinder,8,46,1,64,1,42,1,9,1,19,1,54,1,44,1,76,1
Q005522,562.0,Nebuchadnezzar II,Neo-Babylonian,Babylon,ORCC,cylinder,8,17,1,25,1,19,1,11,1,79,1,81,1,74,1,24,1
Q005523,562.0,Nebuchadnezzar II,Neo-Babylonian,Babylon,ORCC,cylinder,8,30,1,28,1,22,1,19,1,69,1,82,1,72,1,79,1
Q005524,562.0,Nebuchadnezzar II,Neo-Babylonian,Babylon,ORCC,cylinder,8,60,1,46,1,75,1,37,1,96,1,84,1,90,1,63,1
Q005525,562.0,Nebuchadnezzar II,Neo-Babylonian,Babylon,ORCC,cylinder,8,40,1,53,1,0,1,13,1,57,1,65,1,68,1,59,1
Q005526,562.0,Nebuchadnezzar II,Neo-Babylonian,Babylon,ORCC,cylinder,8,52,1,21,1,32,1,29,1,56,1,81,1,67,1,67,1
Q005528,562.0,Nebuchadnezzar II,Neo-Babylonian,Babylon,ORCC,glazed brick panel,8,45,1,69,1,8,1,4,1,66,1,68,1,70,1,56,1
Q005531,562.0,Nebuchadnezzar II,Neo-Babylonian,Babylon,ORCC,brick,8,26,1,74,1,8,1,28,1,9,1,38,1,3,1,58,1
Q005532,562.0,Nebuchadnezzar II,Neo-Babylonian,Babylon,ORCC,brick,8,29,1,18,1,22,1,41,1,27,1,17,1,9,1,14,1
Q005533,562.0,Nebuchadnezzar II,Neo-Babylonian,Babylon,ORCC,brick,8,82,1,52,1,54,1,31,1,41,1,86,1,31,1,38,1
Q005534,562.0,Nebuchadnezzar II,Neo-Babylonian,Babylon,ORCC,brick,8,56,1,29,1,8,1,22,1,3,1,60,1,5,1,48,1
Q005535,562.0,Nebuchadnezzar II,Neo-Babylonian,Babylon,ORCC,brick,8,58,1,58,1,25,1,14,1,44,1,83,1,28,1,45,1
Q005536,562.0,Nebuchadnezzar II,Neo-Babylonian,Babylon,ORCC,brick,8,62,1,17,1,34,1,10,1,55,1,60,1,26,1,84,1
Q005537,562.0,Nebuchadnezzar II,Neo-Babylonian,Babylon,ORCC,brick,8,24,1,27,1,10,1,24,1,12,1,8,1,0,1,19,1
Q005538,562.0,Nebuchadnezzar II,Neo-Babylonian,Babylon,ORCC,brick,8,47,1,14,1,15,1,26,1,0,1,58,1,29,1,38,1
Q005542,562.0,Nebuchadnezzar II,Neo-Babylonian,Babylon,ORCC,brick,8,17,1,24,1,15,1,35,1,5,1,0,1,14,1,34,1
Q005545,562.0,Nebuchadnezzar II,Neo-Babylonian,Babylon,ORCC,eyestone,8,15,1,21,1,15,1,29,1,4,1,0,1,17,1,35,1
Q005550,562.0,Nebuchadnezzar II,Neo-Babylonian,Borsippa,ORCC,cylinder,8,52,1,78,1,32,1,17,1,42,1,63,1,21,1,29,1
Q005551,562.0,Nebuchadnezzar II,Neo-Babylonian,Borsippa,ORCC,cylinder,8,52,1,54,1,36,1,7,1,55,1,65,1,24,1,52,1
Q005552,562.0,Nebuchadnezzar II,Neo-Babylonian,Borsippa,ORCC,cylinder,8,69,1,37,1,45,1,29,1,47,1,79,1,63,1,69,1
Q005554,562.0,Nebuchadnezzar II,Neo-Babylonian,Borsippa,ORCC,cylinder,8,68,1,68,1,58,1,42,1,56,1,63,1,71,1,80,1
Q005555,562.0,Nebuchadnezzar II,Neo-Babylonian,Borsippa,ORCC,cylinder,8,47,1,2,1,39,1,19,1,21,1,58,1,28,1,30,1
Q005556,562.0,Nebuchadnezzar II,Neo-Babylonian,Borsippa,ORCC,cylinder,8,49,1,34,1,36,1,20,1,15,1,51,1,13,1,34,1
Q005557,562.0,Nebuchadnezzar II,Neo-Babylonian,Borsippa,ORCC,cylinder,8,38,1,26,1,3,1,4,1,2,1,57,1,9,1,30,1
Q005558,562.0,Nebuchadnezzar II,Neo-Babylonian,Borsippa,ORCC,block,8,16,1,1,1,4,1,32,1,4,1,16,1,8,1,23,1
Q005559,562.0,Nebuchadnezzar II,Neo-Babylonian,Borsippa,ORCC,paving stone,8,54,1,48,1,28,1,12,1,47,1,53,1,45,1,54,1
Q005560,562.0,Nebuchadnezzar II,Neo-Babylonian,Borsippa,ORCC,block,8,71,1,77,1,45,1,46,1,35,1,46,1,55,1,81,1
Q005561,562.0,Nebuchadnezzar II,Neo-Babylonian,Borsippa,ORCC,door socket,8,21,1,45,1,17,1,6,1,35,1,20,1,14,1,37,1
Q005562,562.0,Nebuchadnezzar II,Neo-Babylonian,Borsippa,ORCC,brick,8,30,1,13,1,35,1,59,1,38,1,47,1,31,1,45,1
Q005563,562.0,Nebuchadnezzar II,Neo-Babylonian,Borsippa,ORCC,brick,8,24,1,48,1,29,1,4,1,67,1,53,1,53,1,80,1
Q005566,562.0,Nebuchadnezzar II,Neo-Babylonian,Borsippa,ORCC,eye stone,8,7,1,21,1,3,1,28,1,24,1,2,1,32,1,25,1
Q005567,562.0,Nebuchadnezzar II,Neo-Babylonian,Borsippa,ORCC,eyestone,8,19,1,31,1,17,1,19,1,23,1,43,1,17,1,52,1
Q005568,562.0,Nebuchadnezzar II,Neo-Babylonian,Cutha,ORCC,eyestone,8,24,1,16,1,5,1,32,1,15,1,32,1,18,1,39,1
Q005570,562.0,Nebuchadnezzar II,Neo-Babylonian,Isin,ORCC,brick,8,45,1,25,1,18,1,4,1,15,1,19,1,11,1,48,1
Q005571,562.0,Nebuchadnezzar II,Neo-Babylonian,Kish,ORCC,cylinder,8,55,1,48,1,28,1,34,1,13,1,7,1,11,1,33,1
Q005575,562.0,Nebuchadnezzar II,Neo-Babylonian,Larsa,ORCC,brick,8,18,1,14,1,2,1,22,1,24,1,34,1,1,1,28,1
Q005576,562.0,Nebuchadnezzar II,Neo-Babylonian,Marad,ORCC,cylinder,8,13,1,37,1,47,1,0,1,61,1,63,1,44,1,23,1
Q005577,562.0,Nebuchadnezzar II,Neo-Babylonian,Marad,ORCC,cylinder,8,9,1,46,1,46,1,2,1,43,1,44,1,38,1,20,1
Q005579,562.0,Nebuchadnezzar II,Neo-Babylonian,Sippar,ORCC,cylinder,8,30,1,7,1,20,1,39,1,31,1,23,1,7,1,4,1
Q005580,562.0,Nebuchadnezzar II,Neo-Babylonian,Sippar,ORCC,cylinder,8,32,1,49,1,18,1,0,1,24,1,17,1,11,1,48,1
Q005582,562.0,Nebuchadnezzar II,Neo-Babylonian,Sippar,ORCC,cylinder,8,45,1,35,1,25,1,17,1,66,1,55,1,15,1,37,1
Q006204,612.0,Sîn-šarru-iškun,Neo-Assyrian,Nimrud (Kalhu),ORCC,bulla,8,50,1,55,1,51,1,67,1,38,1,40,1,44,1,69,1
Q006325,705.0,Sargon II,Neo-Assyrian,Uruk,ORCC,cylinder,8,77,1,46,1,63,1,67,1,82,1,48,1,73,1,71,1
Q006326,705.0,Sargon II,Neo-Assyrian,Uruk,ORCC,brick,8,55,1,94,1,86,1,73,1,51,1,63,1,90,1,67,1
Q006329,727.0,Tiglath-pileser III,wall slab (with reliefs),Nimrud,ORCC,None,8,79,1,93,1,97,1,83,1,69,1,95,1,95,1,74,1
Q006330,727.0,Tiglath-pileser III,wall slab (with reliefs),Nimrud,ORCC,None,8,68,1,81,1,87,1,76,1,65,1,90,1,73,1,74,1
Q006331,727.0,Tiglath-pileser III,wall slab (with reliefs),Nimrud,ORCC,None,8,75,1,77,1,62,1,50,1,70,1,44,1,63,1,66,1
Q006333,727.0,Tiglath-pileser III,wall slab (with reliefs),Nimrud,ORCC,None,8,77,1,91,1,97,1,82,1,70,1,94,1,94,1,76,1
Q006482,705.0,Sargon II,Neo-Assyrian,Khorsabad (Dur-Šarrukin),ORCC,wall slab (with reliefs),8,62,1,55,1,69,1,17,1,62,1,47,1,65,1,31,1
Q006483,705.0,Sargon II,Neo-Assyrian,Khorsabad (Dur-Šarrukin),ORCC,wall slab (with reliefs),8,54,1,53,1,12,1,20,1,13,1,37,1,33,1,37,1
Q006484,705.0,Sargon II,Neo-Assyrian,Khorsabad (Dur-Šarrukin),ORCC,wall slab (with reliefs),8,52,1,60,1,37,1,40,1,36,1,48,1,41,1,51,1
Q006485,705.0,Sargon II,Neo-Assyrian,Khorsabad (Dur-Šarrukin),ORCC,wall slab (with reliefs),8,42,1,49,1,39,1,31,1,74,1,37,1,38,1,75,1
Q006486,705.0,Sargon II,Neo-Assyrian,Khorsabad (Dur-Šarrukin),ORCC,wall slab (with reliefs),8,56,1,65,1,59,1,67,1,41,1,10,1,42,1,28,1
Q006487,705.0,Sargon II,Neo-Assyrian,Khorsabad (Dur-Šarrukin),ORCC,wall slab (with reliefs),8,56,1,66,1,61,1,40,1,21,1,58,1,85,1,80,1
Q006488,705.0,Sargon II,Neo-Assyrian,Khorsabad (Dur-Šarrukin),ORCC,wall slab (with reliefs),8,61,1,73,1,48,1,51,1,22,1,14,1,32,1,38,1
Q006489,705.0,Sargon II,Neo-Assyrian,Khorsabad (Dur-Šarrukin),ORCC,wall slab (with reliefs),8,47,1,48,1,64,1,27,1,27,1,36,1,46,1,43,1
Q006490,705.0,Sargon II,Neo-Assyrian,Khorsabad (Dur-Šarrukin),ORCC,human-headed bull colossus,8,66,1,89,1,57,1,51,1,54,1,51,1,54,1,40,1
Q006491,705.0,Sargon II,Neo-Assyrian,Khorsabad (Dur-Šarrukin),ORCC,slab,8,38,1,81,1,43,1,35,1,30,1,26,1,30,1,39,1
Q006492,705.0,Sargon II,Neo-Assyrian,Khorsabad (Dur-Šarrukin),ORCC,slab,8,36,1,67,1,40,1,29,1,1,1,25,1,18,1,42,1
Q006493,705.0,Sargon II,Neo-Assyrian,Khorsabad (Dur-Šarrukin),ORCC,slab,8,38,1,54,1,43,1,27,1,2,1,24,1,18,1,34,1
Q006496,705.0,Sargon II,Neo-Assyrian,Khorsabad (Dur-Šarrukin),ORCC,slab,8,66,1,54,1,29,1,77,1,72,1,70,1,52,1,44,1
Q006497,705.0,Sargon II,Neo-Assyrian,Khorsabad (Dur-Šarrukin),ORCC,slab,8,93,1,80,1,93,1,100,1,72,1,64,1,80,1,62,1
Q006498,705.0,Sargon II,Neo-Assyrian,Khorsabad (Dur-Šarrukin),ORCC,slab,8,91,1,92,1,87,1,98,1,88,1,92,1,81,1,52,1
Q006504,705.0,Sargon II,Neo-Assyrian,Khorsabad (Dur-Šarrukin),ORCC,wall slab (with reliefs),8,56,1,9,1,36,1,37,1,80,1,77,1,70,1,89,1
Q006508,705.0,Sargon II,Neo-Assyrian,Khorsabad (Dur-Šarrukin),ORCC,wall slab (with reliefs),8,74,1,55,1,87,1,49,1,76,1,81,1,75,1,57,1
Q006510,705.0,Sargon II,Neo-Assyrian,Khorsabad (Dur-Šarrukin),ORCC,wall slab (with reliefs),8,54,1,18,1,24,1,9,1,73,1,83,1,66,1,77,1
Q006511,705.0,Sargon II,Neo-Assyrian,Khorsabad (Dur-Šarrukin),ORCC,wall slab (with reliefs),8,70,1,32,1,53,1,33,1,82,1,76,1,76,1,76,1
Q006513,705.0,Sargon II,Neo-Assyrian,Khorsabad (Dur-Šarrukin),ORCC,wall slab (with reliefs),8,73,1,48,1,96,1,31,1,85,1,84,1,76,1,83,1
Q006515,705.0,Sargon II,Neo-Assyrian,Khorsabad (Dur-Šarrukin),ORCC,wall slab (with reliefs),8,50,1,10,1,13,1,15,1,40,1,45,1,49,1,47,1
Q006516,705.0,Sargon II,Neo-Assyrian,Khorsabad (Dur-Šarrukin),ORCC,wall slab (with reliefs),8,52,1,58,1,13,1,5,1,68,1,72,1,52,1,44,1
Q006517,705.0,Sargon II,Neo-Assyrian,Khorsabad (Dur-Šarrukin),ORCC,wall slab (with reliefs),8,44,1,57,1,79,1,50,1,71,1,58,1,68,1,92,1
Q006518,705.0,Sargon II,Neo-Assyrian,Khorsabad (Dur-Šarrukin),ORCC,wall slab (with reliefs),8,80,1,40,1,23,1,40,1,33,1,77,1,53,1,51,1
Q006519,705.0,Sargon II,Neo-Assyrian,Khorsabad (Dur-Šarrukin),ORCC,wall slab (with reliefs),8,70,1,61,1,49,1,36,1,60,1,62,1,61,1,59,1
Q006521,705.0,Sargon II,Neo-Assyrian,Khorsabad (Dur-Šarrukin),ORCC,wall slab (with reliefs),8,61,1,82,1,52,1,59,1,79,1,77,1,72,1,90,1
Q006522,705.0,Sargon II,Neo-Assyrian,Khorsabad (Dur-Šarrukin),ORCC,wall slab (with reliefs); human-headed bull colossus,8,54,1,70,1,62,1,57,1,1,1,11,1,23,1,3,1
Q006523,705.0,Sargon II,Neo-Assyrian,Khorsabad (Dur-Šarrukin),ORCC,wall slab (with reliefs),8,45,1,51,1,68,1,18,1,38,1,40,1,43,1,37,1
Q006524,705.0,Sargon II,Neo-Assyrian,Khorsabad (Dur-Šarrukin),ORCC,prismatic cylinder,8,68,1,54,1,69,1,20,1,60,1,43,1,66,1,29,1
Q006525,705.0,Sargon II,Neo-Assyrian,Khorsabad (Dur-Šarrukin),ORCC,None,8,59,1,62,1,48,1,26,1,17,1,29,1,41,1,15,1
Q006526,705.0,Sargon II,Neo-Assyrian,Khorsabad (Dur-Šarrukin),ORCC,None,8,52,1,78,1,49,1,31,1,28,1,33,1,31,1,15,1
Q006527,705.0,Sargon II,Neo-Assyrian,Khorsabad (Dur-Šarrukin),ORCC,None,8,47,1,48,1,34,1,15,1,27,1,23,1,20,1,13,1
Q006528,705.0,Sargon II,Neo-Assyrian,Khorsabad (Dur-Šarrukin),ORCC,None,8,56,1,40,1,38,1,9,1,40,1,38,1,23,1,4,1
Q006529,705.0,Sargon II,Neo-Assyrian,Khorsabad (Dur-Šarrukin),ORCC,None,8,67,1,85,1,78,1,87,1,70,1,72,1,89,1,77,1
Q006531,705.0,Sargon II,Neo-Assyrian,Khorsabad (Dur-Šarrukin),ORCC,brick,8,46,1,34,1,6,1,6,1,60,1,49,1,53,1,17,1
Q006533,705.0,Sargon II,Neo-Assyrian,Khorsabad (Dur-Šarrukin),ORCC,brick,8,68,1,88,1,82,1,64,1,64,1,30,1,47,1,25,1
Q006535,705.0,Sargon II,Neo-Assyrian,Khorsabad (Dur-Šarrukin),ORCC,brick,8,77,1,62,1,48,1,88,1,66,1,60,1,58,1,46,1
Q006536,705.0,Sargon II,Neo-Assyrian,Khorsabad (Dur-Šarrukin),ORCC,brick,8,63,1,53,1,21,1,47,1,23,1,20,1,13,1,6,1
Q006537,705.0,Sargon II,Neo-Assyrian,Khorsabad (Dur-Šarrukin),ORCC,brick,8,65,1,43,1,35,1,50,1,54,1,40,1,48,1,7,1
Q006538,705.0,Sargon II,Neo-Assyrian,Khorsabad (Dur-Šarrukin),ORCC,glazed brick frieze,8,59,1,6,1,35,1,40,1,53,1,52,1,42,1,50,1
Q006540,705.0,Sargon II,Neo-Assyrian,Khorsabad (Dur-Šarrukin),ORCC,bowl,8,63,1,51,1,35,1,55,1,69,1,65,1,67,1,45,1
Q006544,705.0,Sargon II,Neo-Assyrian,Qalat Sherqat (Assur),ORCC,prism,8,58,1,66,1,53,1,48,1,80,1,68,1,57,1,75,1
Q006546,705.0,Sargon II,Neo-Assyrian,Qalat Sherqat (Assur),ORCC,None,8,68,1,18,1,58,1,55,1,86,1,36,1,70,1,61,1
Q006547,705.0,Sargon II,Neo-Assyrian,Qalat Sherqat (Assur),ORCC,glazed wall plaque,8,8,1,24,1,15,1,9,1,59,1,34,1,38,1,54,1
Q006548,705.0,Sargon II,Neo-Assyrian,Qalat Sherqat (Assur),ORCC,cone,8,47,1,36,1,57,1,33,1,31,1,11,1,44,1,49,1
Q006549,705.0,Sargon II,Neo-Assyrian,Qalat Sherqat (Assur),ORCC,brick,8,69,1,90,1,86,1,96,1,68,1,64,1,72,1,60,1
Q006550,705.0,Sargon II,Neo-Assyrian,Qalat Sherqat (Assur),ORCC,brick,8,80,1,70,1,95,1,99,1,45,1,32,1,69,1,62,1
Q006553,705.0,Sargon II,Neo-Assyrian,Qalat Sherqat (Assur),ORCC,None,8,55,1,76,1,77,1,52,1,80,1,49,1,43,1,51,1
Q006554,705.0,Sargon II,Neo-Assyrian,Nimrud (Kalhu),ORCC,slab,8,58,1,38,1,51,1,31,1,41,1,40,1,60,1,16,1
Q006555,705.0,Sargon II,Neo-Assyrian,Nimrud (Kalhu),ORCC,prism,8,64,1,93,1,64,1,46,1,31,1,35,1,45,1,42,1
Q006556,705.0,Sargon II,Neo-Assyrian,Nimrud (Kalhu),ORCC,prism,8,61,1,81,1,68,1,49,1,86,1,67,1,94,1,98,1
Q006557,705.0,Sargon II,Neo-Assyrian,Nimrud (Kalhu),ORCC,prismatic cylinder,8,84,1,51,1,68,1,27,1,61,1,61,1,66,1,31,1
Q006558,705.0,Sargon II,Neo-Assyrian,Nimrud (Kalhu),ORCC,vase; jar,8,64,1,55,1,89,1,54,1,80,1,73,1,67,1,58,1
Q006559,705.0,Sargon II,Neo-Assyrian,Nimrud (Kalhu),ORCC,lion weight,8,61,1,30,1,54,1,38,1,72,1,66,1,59,1,39,1
Q006560,705.0,Sargon II,Neo-Assyrian,Nimrud (Kalhu),ORCC,lion weight,8,61,1,50,1,83,1,50,1,76,1,72,1,65,1,49,1
Q006561,705.0,Sargon II,Neo-Assyrian,Nimrud (Kalhu),ORCC,writing board,8,63,1,39,1,59,1,61,1,30,1,23,1,55,1,38,1
Q006562,705.0,Sargon II,Neo-Assyrian,Kuyunjik (Nineveh),ORCC,wall slab (with reliefs),8,50,1,53,1,26,1,31,1,52,1,80,1,56,1,77,1
Q006563,705.0,Sargon II,Neo-Assyrian,Kuyunjik (Nineveh),ORCC,prism,8,62,1,65,1,45,1,60,1,31,1,67,1,58,1,47,1
Q006564,705.0,Sargon II,Neo-Assyrian,Kuyunjik (Nineveh),ORCC,prism,8,67,1,66,1,53,1,32,1,60,1,64,1,81,1,74,1
Q006565,705.0,Sargon II,Neo-Assyrian,Kuyunjik (Nineveh),ORCC,cylinder,8,81,1,88,1,78,1,73,1,30,1,42,1,70,1,90,1
Q006566,705.0,Sargon II,Neo-Assyrian,Kuyunjik (Nineveh),ORCC,prismatic cylinder,8,49,1,68,1,60,1,50,1,74,1,77,1,60,1,88,1
Q006567,705.0,Sargon II,Neo-Assyrian,Kuyunjik (Nineveh),ORCC,cylinder,8,63,1,91,1,73,1,73,1,44,1,76,1,74,1,78,1
Q006568,705.0,Sargon II,Neo-Assyrian,Kuyunjik (Nineveh),ORCC,cylinder,8,69,1,92,1,81,1,80,1,71,1,48,1,74,1,99,1
Q006570,705.0,Sargon II,Neo-Assyrian,Kuyunjik (Nineveh),ORCC,None,8,64,1,55,1,70,1,96,1,55,1,58,1,83,1,52,1
Q006572,705.0,Sargon II,Neo-Assyrian,Kuyunjik (Nineveh),ORCC,None,8,62,1,56,1,50,1,37,1,57,1,44,1,46,1,53,1
Q006573,705.0,Sargon II,Neo-Assyrian,Kuyunjik (Nineveh),ORCC,cone,8,68,1,89,1,77,1,77,1,73,1,70,1,79,1,16,1
Q006575,705.0,Sargon II,Neo-Assyrian,Kuyunjik (Nineveh),ORCC,slab,8,62,1,53,1,81,1,52,1,74,1,70,1,65,1,52,1
Q006576,705.0,Sargon II,Neo-Assyrian,Kuyunjik (Nineveh),ORCC,brick; slab,8,63,1,25,1,32,1,49,1,14,1,23,1,20,1,22,1
Q006577,705.0,Sargon II,Neo-Assyrian,Kuyunjik (Nineveh),ORCC,brick,8,87,1,89,1,51,1,78,1,60,1,58,1,59,1,51,1
Q006578,705.0,Sargon II,Neo-Assyrian,Kuyunjik (Nineveh),ORCC,brick,8,69,1,80,1,69,1,73,1,75,1,78,1,68,1,41,1
Q006579,705.0,Sargon II,Neo-Assyrian,Kuyunjik (Nineveh),ORCC,brick,8,33,1,57,1,76,1,49,1,76,1,70,1,64,1,54,1
Q006582,705.0,Sargon II,Neo-Assyrian,Kuyunjik (Nineveh),ORCC,tablet ?,8,42,1,4,1,23,1,49,1,56,1,46,1,56,1,51,1
Q006585,705.0,Sargon II,Neo-Assyrian,Ashdod (Asdūdu),ORCC,stele,8,44,1,32,1,46,1,18,1,9,1,12,1,25,1,33,1
Q006586,705.0,Sargon II,Neo-Assyrian,uncertain,ORCC,stele,8,58,1,32,1,59,1,36,1,33,1,36,1,12,1,29,1
Q006588,705.0,Sargon II,Neo-Assyrian, Ahmar (Til Barsip),ORCC,stele,8,83,1,68,1,73,1,75,1,71,1,59,1,75,1,55,1
Q006589,705.0,Sargon II,Neo-Assyrian,Tell Tayinat (Unqi),ORCC,stele,8,65,1,68,1,80,1,79,1,27,1,61,1,65,1,54,1
Q006590,705.0,Sargon II,Neo-Assyrian,Europos (Carchemish),ORCC,cylinder,8,43,1,32,1,50,1,12,1,23,1,33,1,8,1,30,1
Q006591,705.0,Sargon II,Neo-Assyrian,Europos (Carchemish),ORCC,brick,8,62,1,47,1,83,1,51,1,76,1,72,1,67,1,57,1
Q006592,705.0,Sargon II,Neo-Assyrian,Arslantepe (Melidu),ORCC,cylinder,8,58,1,69,1,56,1,34,1,47,1,46,1,51,1,39,1
Q006593,705.0,Sargon II,Neo-Assyrian,Arslantepe (Melidu),ORCC,cylinder,8,43,1,44,1,50,1,29,1,37,1,14,1,12,1,54,1
Q006594,705.0,Sargon II,Neo-Assyrian,Arslantepe (Melidu),ORCC,cylinder,8,49,1,32,1,30,1,2,1,48,1,55,1,21,1,50,1
Q006595,705.0,Sargon II,Neo-Assyrian,Arslantepe (Melidu),ORCC,cylinder,8,65,1,94,1,77,1,62,1,53,1,89,1,82,1,82,1
Q006596,705.0,Sargon II,Neo-Assyrian,Najafabad (Kišesim),ORCC,stele,8,58,1,96,1,93,1,71,1,46,1,54,1,69,1,75,1
Q006597,705.0,Sargon II,Neo-Assyrian,Tang-i Var,ORCC,rock cliff,8,61,1,58,1,72,1,28,1,53,1,53,1,67,1,79,1
Q006598,705.0,Sargon II,Neo-Assyrian,Persepolis (Pārśa),ORCC,bead,8,81,1,48,1,60,1,92,1,72,1,87,1,70,1,50,1
Q006601,705.0,Sargon II,Neo-Assyrian,Persepolis (Pārśa),ORCC,eyestone,8,66,1,73,1,37,1,54,1,76,1,69,1,65,1,48,1
Q006602,705.0,Sargon II,Neo-Assyrian,Persepolis (Pārśa),ORCC,eyestone,8,76,1,31,1,65,1,97,1,79,1,76,1,64,1,91,1
Q006605,705.0,Sargon II,Neo-Assyrian,Warka (Uruk),ORCC,cylinder,8,74,1,41,1,57,1,62,1,70,1,57,1,62,1,71,1
Q006606,705.0,Sargon II,Neo-Assyrian,Warka (Uruk),ORCC,brick,8,56,1,93,1,86,1,74,1,54,1,67,1,89,1,66,1
Q006609,705.0,Sargon II,Neo-Assyrian,Tell Haddad (Me-Turan),ORCC,cylinder,8,61,1,55,1,66,1,17,1,60,1,44,1,64,1,28,1
Q006611,705.0,Sargon II,Neo-Assyrian,Qalʾeh-i Imam,ORCC,None,8,57,1,0,1,40,1,5,1,62,1,67,1,52,1,76,1
Q006633,705.0,Sargon II,Neo-Assyrian,Qalat Sherqat (Assur),ORCC,cone,8,46,1,17,1,7,1,39,1,28,1,26,1,8,1,39,1
Q006640,705.0,Sargon II,Neo-Assyrian,Europos (Carchemish),ORCC,stele ?,8,81,1,54,1,41,1,40,1,80,1,78,1,64,1,44,1
Q006643,705.0,Sargon II,Neo-Assyrian,Nimrud (Kalhu),ORCC,bowl; jar; mirror,8,51,1,25,1,10,1,12,1,72,1,78,1,65,1,74,1
Q006644,705.0,Sargon II,Neo-Assyrian,Khorsabad (Dur-Šarrukin),ORCC,slab,8,67,1,59,1,64,1,57,1,43,1,34,1,41,1,61,1
Q006645,705.0,Sargon II,Neo-Assyrian,Khorsabad (Dur-Šarrukin),ORCC,macehead,8,62,1,29,1,41,1,58,1,74,1,74,1,58,1,32,1
Q006647,705.0,Sargon II,Neo-Assyrian,Qalat Sherqat (Assur),ORCC,coffer,8,68,1,76,1,62,1,68,1,63,1,80,1,73,1,96,1
Q006648,705.0,Sargon II,Neo-Assyrian,Nimrud (Kalhu),ORCC,cylinder seal (sealing),8,64,1,46,1,6,1,3,1,55,1,66,1,67,1,89,1
Q006649,705.0,Sargon II,Neo-Assyrian,uncertain,ORCC,cylinder seal,8,55,1,48,1,25,1,35,1,70,1,90,1,71,1,99,1
Q006650,705.0,Sargon II,Neo-Assyrian,Tell Haddad (Me-Turan),ORCC,axehead,8,58,1,20,1,27,1,35,1,51,1,63,1,67,1,41,1
Q006652,705.0,Sargon II,Neo-Assyrian,Tell Ahmar (Til Barsip),ORCC,stele,8,58,1,34,1,16,1,31,1,47,1,58,1,58,1,28,1
Q007539,631.0,Ashurbanipal,Neo-Assyrian,Kuyunjik (Nineveh),ORCC,None,8,11,1,38,1,25,1,18,1,4,1,25,1,7,1,2,1
Q007540,631.0,Ashurbanipal,Neo-Assyrian,Kuyunjik (Nineveh),ORCC,None,8,10,1,12,1,5,1,10,1,2,1,2,1,2,1,34,1
Q007541,631.0,Ashurbanipal,Neo-Assyrian,Kuyunjik (Nineveh),ORCC,None,8,8,1,38,1,39,1,29,1,28,1,5,1,39,1,24,1
Q007542,631.0,Ashurbanipal,Neo-Assyrian,Kuyunjik (Nineveh),ORCC,None,8,24,1,13,1,27,1,11,1,0,1,2,1,18,1,22,1
Q007543,631.0,Ashurbanipal,Neo-Assyrian,Kuyunjik (Nineveh),ORCC,None,8,24,1,18,1,58,1,38,1,2,1,6,1,66,1,49,1
Q007544,631.0,Ashurbanipal,Neo-Assyrian,Kuyunjik (Nineveh),ORCC,None,8,9,1,13,1,13,1,12,1,13,1,2,1,27,1,37,1
Q007545,631.0,Ashurbanipal,Neo-Assyrian,Kuyunjik (Nineveh),ORCC,None,8,2,1,9,1,19,1,19,1,28,1,25,1,11,1,21,1
Q007546,631.0,Ashurbanipal,Neo-Assyrian,Kuyunjik (Nineveh),ORCC,None,8,8,1,18,1,31,1,12,1,56,1,18,1,19,1,30,1
Q007547,631.0,Ashurbanipal,Neo-Assyrian,Kuyunjik (Nineveh),ORCC,None,8,23,1,14,1,12,1,49,1,10,1,30,1,18,1,20,1
Q007548,631.0,Ashurbanipal,Neo-Assyrian,Kuyunjik (Nineveh),ORCC,None,8,26,1,33,1,18,1,9,1,19,1,24,1,11,1,8,1
Q007549,631.0,Ashurbanipal,Neo-Assyrian,Kuyunjik (Nineveh),ORCC,None,8,18,1,12,1,15,1,0,1,8,1,28,1,23,1,2,1
Q007550,631.0,Ashurbanipal,Neo-Assyrian,Kuyunjik (Nineveh),ORCC,None,8,15,1,42,1,23,1,22,1,64,1,17,1,60,1,23,1
Q007551,631.0,Ashurbanipal,Neo-Assyrian,Kuyunjik (Nineveh),ORCC,None,8,10,1,57,1,42,1,10,1,16,1,29,1,23,1,2,1
Q007552,631.0,Ashurbanipal,Neo-Assyrian,Kuyunjik (Nineveh),ORCC,None,8,16,1,1,1,3,1,17,1,35,1,44,1,26,1,17,1
Q007553,631.0,Ashurbanipal,Neo-Assyrian,Kuyunjik (Nineveh),ORCC,None,8,6,1,19,1,58,1,48,1,26,1,20,1,33,1,12,1
Q007554,631.0,Ashurbanipal,Neo-Assyrian,Kuyunjik (Nineveh),ORCC,None,8,18,1,82,1,65,1,42,1,15,1,20,1,24,1,5,1
Q007555,631.0,Ashurbanipal,Neo-Assyrian,Kuyunjik (Nineveh),ORCC,None,8,5,1,13,1,28,1,40,1,39,1,11,1,3,1,18,1
Q007556,631.0,Ashurbanipal,Neo-Assyrian,Kuyunjik (Nineveh),ORCC,None,8,1,1,29,1,24,1,29,1,49,1,13,1,32,1,41,1
Q007557,631.0,Ashurbanipal,Neo-Assyrian,Kuyunjik (Nineveh),ORCC,None,8,19,1,9,1,30,1,38,1,12,1,2,1,32,1,20,1
Q007558,631.0,Ashurbanipal,Neo-Assyrian,Kuyunjik (Nineveh),ORCC,None,8,22,1,47,1,34,1,41,1,30,1,11,1,53,1,40,1
Q007559,631.0,Ashurbanipal,Neo-Assyrian,Kuyunjik (Nineveh),ORCC,None,8,12,1,42,1,16,1,26,1,40,1,8,1,35,1,46,1
Q007560,631.0,Ashurbanipal,Neo-Assyrian,Kuyunjik (Nineveh),ORCC,None,8,22,1,47,1,88,1,71,1,17,1,10,1,33,1,36,1
Q007561,631.0,Ashurbanipal,Neo-Assyrian,Kuyunjik (Nineveh),ORCC,None,8,12,1,24,1,33,1,24,1,21,1,19,1,19,1,17,1
Q007562,631.0,Ashurbanipal,Neo-Assyrian,Kuyunjik (Nineveh),ORCC,None,8,17,1,27,1,32,1,38,1,8,1,3,1,0,1,0,1
Q007563,631.0,Ashurbanipal,Neo-Assyrian,Kuyunjik (Nineveh),ORCC,None,8,11,1,6,1,4,1,0,1,14,1,7,1,14,1,32,1
Q007564,631.0,Ashurbanipal,Neo-Assyrian,Kuyunjik (Nineveh),ORCC,None,8,27,1,24,1,38,1,21,1,27,1,46,1,45,1,12,1
Q007565,631.0,Ashurbanipal,Neo-Assyrian,Kuyunjik (Nineveh),ORCC,None,8,9,1,13,1,40,1,25,1,48,1,27,1,25,1,15,1
Q007566,631.0,Ashurbanipal,Neo-Assyrian,Kuyunjik (Nineveh),ORCC,None,8,19,1,17,1,59,1,30,1,16,1,3,1,25,1,6,1
Q007567,631.0,Ashurbanipal,Neo-Assyrian,Kuyunjik (Nineveh),ORCC,None,8,2,1,26,1,19,1,48,1,10,1,26,1,3,1,23,1
Q007568,631.0,Ashurbanipal,Neo-Assyrian,Kuyunjik (Nineveh),ORCC,None,8,13,1,10,1,20,1,16,1,0,1,4,1,12,1,26,1
Q007569,631.0,Ashurbanipal,Neo-Assyrian,Kuyunjik (Nineveh),ORCC,None,8,32,1,38,1,39,1,33,1,30,1,42,1,59,1,43,1
Q007571,631.0,Ashurbanipal,Neo-Assyrian,Kuyunjik (Nineveh),ORCC,None,8,11,1,20,1,38,1,29,1,30,1,20,1,89,1,38,1
Q007572,631.0,Ashurbanipal,Neo-Assyrian,Kuyunjik (Nineveh),ORCC,None,8,5,1,13,1,23,1,24,1,6,1,13,1,18,1,36,1
Q007573,631.0,Ashurbanipal,Neo-Assyrian,Kuyunjik (Nineveh),ORCC,None,8,14,1,44,1,56,1,32,1,59,1,18,1,51,1,30,1
Q007574,631.0,Ashurbanipal,Neo-Assyrian,Kuyunjik (Nineveh),ORCC,None,8,34,1,56,1,45,1,58,1,90,1,21,1,68,1,57,1
Q007575,631.0,Ashurbanipal,Neo-Assyrian,Kuyunjik (Nineveh),ORCC,None,8,13,1,13,1,37,1,35,1,20,1,36,1,6,1,15,1
Q007576,631.0,Ashurbanipal,Neo-Assyrian,Kuyunjik (Nineveh),ORCC,None,8,5,1,16,1,26,1,22,1,21,1,13,1,24,1,41,1
Q007577,631.0,Ashurbanipal,Neo-Assyrian,Kuyunjik (Nineveh),ORCC,None,8,28,1,31,1,52,1,54,1,0,1,6,1,22,1,18,1
Q007578,631.0,Ashurbanipal,Neo-Assyrian,Kuyunjik (Nineveh),ORCC,None,8,18,1,27,1,64,1,41,1,25,1,8,1,81,1,57,1
Q007579,631.0,Ashurbanipal,Neo-Assyrian,Kuyunjik (Nineveh),ORCC,None,8,8,1,22,1,38,1,31,1,1,1,5,1,7,1,39,1
Q007580,631.0,Ashurbanipal,Neo-Assyrian,Kuyunjik (Nineveh),ORCC,None,8,18,1,1,1,38,1,8,1,22,1,14,1,25,1,1,1
Q007581,631.0,Ashurbanipal,Neo-Assyrian,Kuyunjik (Nineveh),ORCC,None,8,18,1,14,1,30,1,10,1,34,1,8,1,49,1,61,1
Q007582,631.0,Ashurbanipal,Neo-Assyrian,Kuyunjik (Nineveh),ORCC,None,8,24,1,23,1,45,1,16,1,42,1,4,1,14,1,6,1
Q007583,631.0,Ashurbanipal,Neo-Assyrian,Kuyunjik (Nineveh),ORCC,None,8,18,1,39,1,48,1,19,1,8,1,31,1,11,1,1,1
Q007584,631.0,Ashurbanipal,Neo-Assyrian,Kuyunjik (Nineveh),ORCC,None,8,23,1,61,1,57,1,35,1,17,1,23,1,34,1,35,1
Q007585,631.0,Ashurbanipal,Neo-Assyrian,Kuyunjik (Nineveh),ORCC,None,8,11,1,31,1,8,1,19,1,35,1,11,1,8,1,1,1
Q007586,631.0,Ashurbanipal,Neo-Assyrian,Kuyunjik (Nineveh),ORCC,None,8,26,1,13,1,42,1,47,1,32,1,3,1,25,1,31,1
Q007587,631.0,Ashurbanipal,Neo-Assyrian,Kuyunjik (Nineveh),ORCC,None,8,13,1,32,1,28,1,30,1,14,1,65,1,22,1,16,1
Q007588,631.0,Ashurbanipal,Neo-Assyrian,Kuyunjik (Nineveh),ORCC,None,8,13,1,19,1,28,1,15,1,25,1,20,1,12,1,8,1
Q007589,631.0,Ashurbanipal,Neo-Assyrian,Qalat Sherqat (Assur),ORCC,None,8,29,1,45,1,58,1,39,1,21,1,12,1,47,1,34,1
Q007590,631.0,Ashurbanipal,Neo-Assyrian,Qalat Sherqat (Assur),ORCC,None,8,12,1,5,1,38,1,9,1,30,1,6,1,25,1,23,1
Q007591,631.0,Ashurbanipal,Neo-Assyrian,Kuyunjik (Nineveh),ORCC,None,8,16,1,53,1,41,1,21,1,19,1,6,1,16,1,49,1
Q007592,631.0,Ashurbanipal,Neo-Assyrian,Kuyunjik (Nineveh),ORCC,None,8,20,1,2,1,26,1,22,1,32,1,35,1,30,1,41,1
Q007593,631.0,Ashurbanipal,Neo-Assyrian,Kuyunjik (Nineveh),ORCC,None,8,5,1,2,1,30,1,9,1,74,1,19,1,21,1,11,1
Q007594,631.0,Ashurbanipal,Neo-Assyrian,Kuyunjik (Nineveh),ORCC,None,8,11,1,24,1,3,1,11,1,21,1,27,1,14,1,5,1
Q007595,631.0,Ashurbanipal,Neo-Assyrian,Kuyunjik (Nineveh),ORCC,None,8,22,1,34,1,10,1,26,1,31,1,38,1,36,1,36,1
Q007596,631.0,Ashurbanipal,Neo-Assyrian,Kuyunjik (Nineveh),ORCC,None,8,28,1,28,1,50,1,58,1,8,1,8,1,79,1,55,1
Q007597,631.0,Ashurbanipal,Neo-Assyrian,Kuyunjik (Nineveh),ORCC,None,8,27,1,43,1,33,1,34,1,82,1,29,1,68,1,49,1
Q007598,631.0,Ashurbanipal,Neo-Assyrian,Kuyunjik (Nineveh),ORCC,None,8,9,1,4,1,3,1,53,1,14,1,36,1,16,1,7,1
Q007599,631.0,Ashurbanipal,Neo-Assyrian,Kuyunjik (Nineveh),ORCC,None,8,13,1,1,1,20,1,28,1,43,1,11,1,14,1,19,1
Q007600,631.0,Ashurbanipal,Neo-Assyrian,Kuyunjik (Nineveh),ORCC,None,8,12,1,41,1,27,1,10,1,16,1,16,1,18,1,29,1
Q007601,631.0,Ashurbanipal,Neo-Assyrian,Kuyunjik (Nineveh),ORCC,None,8,8,1,9,1,31,1,15,1,20,1,0,1,0,1,17,1
Q007602,631.0,Ashurbanipal,Neo-Assyrian,Kuyunjik (Nineveh),ORCC,None,8,27,1,36,1,40,1,24,1,28,1,29,1,23,1,34,1
Q007603,631.0,Ashurbanipal,Neo-Assyrian,Kuyunjik (Nineveh),ORCC,None,8,27,1,44,1,40,1,29,1,4,1,14,1,31,1,33,1
Q007604,631.0,Ashurbanipal,Neo-Assyrian,Kuyunjik (Nineveh),ORCC,None,8,15,1,4,1,26,1,35,1,54,1,21,1,17,1,6,1
Q007605,631.0,Ashurbanipal,Neo-Assyrian,Kuyunjik (Nineveh),ORCC,None,8,0,1,6,1,2,1,41,1,29,1,10,1,22,1,6,1
Q007606,631.0,Ashurbanipal,Neo-Assyrian,Kuyunjik (Nineveh),ORCC,None,8,16,1,7,1,6,1,39,1,32,1,38,1,16,1,55,1
Q007607,631.0,Ashurbanipal,Neo-Assyrian,Kuyunjik (Nineveh),ORCC,None,8,24,1,10,1,17,1,32,1,21,1,16,1,4,1,24,1
Q007608,631.0,Ashurbanipal,Neo-Assyrian,Kuyunjik (Nineveh),ORCC,None,8,16,1,33,1,34,1,31,1,44,1,11,1,15,1,6,1
Q007609,631.0,Ashurbanipal,Neo-Assyrian,Kuyunjik (Nineveh),ORCC,None,8,11,1,18,1,11,1,21,1,2,1,18,1,2,1,1,1
Q007610,631.0,Ashurbanipal,Neo-Assyrian,Kuyunjik (Nineveh),ORCC,None,8,15,1,24,1,11,1,45,1,42,1,1,1,24,1,5,1
Q007611,631.0,Ashurbanipal,Neo-Assyrian,Kuyunjik (Nineveh),ORCC,None,8,2,1,3,1,24,1,12,1,3,1,10,1,20,1,1,1
Q007612,631.0,Ashurbanipal,Neo-Assyrian,Kuyunjik (Nineveh),ORCC,None,8,32,1,53,1,81,1,38,1,4,1,11,1,64,1,48,1
Q007613,631.0,Ashurbanipal,Neo-Assyrian,Kuyunjik (Nineveh),ORCC,None,8,28,1,56,1,63,1,33,1,3,1,26,1,69,1,33,1
Q007614,631.0,Ashurbanipal,Neo-Assyrian,Kuyunjik (Nineveh),ORCC,None,8,2,1,10,1,13,1,11,1,22,1,22,1,12,1,2,1
Q007615,631.0,Ashurbanipal,Neo-Assyrian,Kuyunjik (Nineveh),ORCC,None,8,5,1,0,1,5,1,4,1,19,1,36,1,22,1,58,1
Q007616,631.0,Ashurbanipal,Neo-Assyrian,Kuyunjik (Nineveh),ORCC,None,8,17,1,9,1,17,1,4,1,20,1,14,1,23,1,13,1
Q007617,631.0,Ashurbanipal,Neo-Assyrian,Kuyunjik (Nineveh),ORCC,None,8,8,1,6,1,10,1,21,1,23,1,43,1,38,1,31,1
Q007618,631.0,Ashurbanipal,Neo-Assyrian,Kuyunjik (Nineveh),ORCC,None,8,16,1,18,1,4,1,21,1,7,1,20,1,16,1,30,1
Q007619,631.0,Ashurbanipal,Neo-Assyrian,Kuyunjik (Nineveh),ORCC,None,8,15,1,31,1,4,1,32,1,0,1,20,1,12,1,19,1
Q007620,631.0,Ashurbanipal,Neo-Assyrian,Kuyunjik (Nineveh),ORCC,None,8,4,1,19,1,4,1,11,1,12,1,4,1,3,1,15,1
Q007621,631.0,Ashurbanipal,Neo-Assyrian,Kuyunjik (Nineveh),ORCC,None,8,14,1,22,1,20,1,12,1,2,1,6,1,11,1,69,1
Q007622,631.0,Ashurbanipal,Neo-Assyrian,Kuyunjik (Nineveh),ORCC,None,8,21,1,32,1,6,1,30,1,3,1,15,1,16,1,28,1
Q007623,631.0,Ashurbanipal,Neo-Assyrian,Kuyunjik (Nineveh),ORCC,None,8,7,1,32,1,0,1,2,1,40,1,14,1,11,1,0,1
Q007624,631.0,Ashurbanipal,Neo-Assyrian,Kuyunjik (Nineveh),ORCC,None,8,9,1,25,1,27,1,21,1,30,1,37,1,8,1,10,1
Q007625,631.0,Ashurbanipal,Neo-Assyrian,Kuyunjik (Nineveh),ORCC,None,8,20,1,28,1,39,1,28,1,6,1,15,1,14,1,18,1
Q007626,631.0,Ashurbanipal,Neo-Assyrian,Kuyunjik (Nineveh),ORCC,None,8,28,1,25,1,73,1,60,1,25,1,20,1,31,1,14,1
Q007627,631.0,Ashurbanipal,Neo-Assyrian,Kuyunjik (Nineveh),ORCC,None,8,6,1,18,1,19,1,3,1,27,1,54,1,23,1,1,1
Q007628,631.0,Ashurbanipal,Neo-Assyrian,Kuyunjik (Nineveh),ORCC,None,8,19,1,23,1,48,1,30,1,34,1,16,1,15,1,23,1
Q007629,631.0,Ashurbanipal,Neo-Assyrian,Kuyunjik (Nineveh),ORCC,None,8,3,1,3,1,2,1,7,1,1,1,8,1,9,1,3,1
Q007630,631.0,Ashurbanipal,Neo-Assyrian,Kuyunjik (Nineveh),ORCC,None,8,20,1,18,1,2,1,3,1,0,1,21,1,18,1,23,1
Q007631,631.0,Ashurbanipal,Neo-Assyrian,Kuyunjik (Nineveh),ORCC,None,8,15,1,19,1,45,1,26,1,41,1,16,1,5,1,29,1
Q007632,631.0,Ashurbanipal,Neo-Assyrian,Kuyunjik (Nineveh),ORCC,None,8,12,1,0,1,6,1,1,1,11,1,33,1,20,1,20,1
Q007633,631.0,Ashurbanipal,Neo-Assyrian,Kuyunjik (Nineveh),ORCC,None,8,8,1,5,1,12,1,4,1,15,1,24,1,20,1,30,1
Q007634,631.0,Ashurbanipal,Neo-Assyrian,Kuyunjik (Nineveh),ORCC,None,8,5,1,23,1,23,1,9,1,37,1,21,1,17,1,54,1
Q007635,631.0,Ashurbanipal,Neo-Assyrian,Kuyunjik (Nineveh),ORCC,None,8,18,1,52,1,22,1,28,1,16,1,14,1,32,1,12,1
Q007636,631.0,Ashurbanipal,Neo-Assyrian,Kuyunjik (Nineveh),ORCC,None,8,4,1,10,1,4,1,13,1,19,1,12,1,17,1,25,1
Q007637,631.0,Ashurbanipal,Neo-Assyrian,Kuyunjik (Nineveh),ORCC,None,8,10,1,77,1,78,1,8,1,27,1,18,1,14,1,31,1
Q007638,631.0,Ashurbanipal,Neo-Assyrian,Kuyunjik (Nineveh),ORCC,None,8,14,1,4,1,8,1,26,1,14,1,22,1,11,1,20,1
Q008319,631.0,Ashurbanipal,Neo-Assyrian,Kuyunjik (Nineveh),ORCC,None,8,27,1,42,1,25,1,9,1,49,1,7,1,2,1,7,1
Q008320,631.0,Ashurbanipal,Neo-Assyrian,Kuyunjik (Nineveh),ORCC,None,8,2,1,59,1,66,1,7,1,13,1,0,1,7,1,24,1
Q008321,631.0,Ashurbanipal,Neo-Assyrian,Kuyunjik (Nineveh),ORCC,None,8,29,1,20,1,16,1,17,1,17,1,17,1,15,1,5,1
Q008322,631.0,Ashurbanipal,Neo-Assyrian,Kuyunjik (Nineveh),ORCC,None,8,22,1,25,1,56,1,14,1,32,1,21,1,28,1,46,1
Q008323,631.0,Ashurbanipal,Neo-Assyrian,Kuyunjik (Nineveh),ORCC,None,8,26,1,10,1,32,1,11,1,45,1,22,1,20,1,23,1
Q008324,631.0,Ashurbanipal,Neo-Assyrian,Kuyunjik (Nineveh),ORCC,None,8,12,1,4,1,10,1,19,1,25,1,41,1,36,1,17,1
Q008325,631.0,Ashurbanipal,Neo-Assyrian,Kuyunjik (Nineveh),ORCC,None,8,35,1,16,1,41,1,35,1,14,1,21,1,26,1,58,1
Q008326,631.0,Ashurbanipal,Neo-Assyrian,Kuyunjik (Nineveh),ORCC,None,8,11,1,3,1,7,1,8,1,51,1,14,1,9,1,6,1
Q008327,631.0,Ashurbanipal,Neo-Assyrian,Kuyunjik (Nineveh),ORCC,None,8,1,1,64,1,70,1,1,1,63,1,52,1,53,1,56,1
Q008328,631.0,Ashurbanipal,Neo-Assyrian,Kuyunjik (Nineveh),ORCC,None,8,26,1,43,1,58,1,33,1,27,1,36,1,35,1,40,1
Q008329,631.0,Ashurbanipal,Neo-Assyrian,Babylon (Bābili),ORCC,cylinder,8,20,1,48,1,76,1,31,1,46,1,51,1,47,1,38,1
Q008330,631.0,Ashurbanipal,Neo-Assyrian,Babylon (Bābili),ORCC,cylinder,8,28,1,45,1,75,1,68,1,43,1,45,1,41,1,51,1
Q008331,631.0,Ashurbanipal,Neo-Assyrian,Babylon (Bābili),ORCC,cylinder,8,27,1,44,1,70,1,60,1,49,1,35,1,51,1,16,1
Q008332,631.0,Ashurbanipal,Neo-Assyrian,Babylon (Bābili),ORCC,cylinder,8,39,1,39,1,50,1,64,1,76,1,61,1,60,1,58,1
Q008333,631.0,Ashurbanipal,Neo-Assyrian,Babylon (Bābili),ORCC,cylinder,8,40,1,38,1,56,1,64,1,74,1,63,1,59,1,58,1
Q008334,631.0,Ashurbanipal,Neo-Assyrian,Babylon (Bābili),ORCC,stele,8,23,1,27,1,52,1,39,1,3,1,25,1,10,1,5,1
Q008335,631.0,Ashurbanipal,Neo-Assyrian,Babylon (Bābili),ORCC,brick,8,10,1,9,1,16,1,46,1,19,1,5,1,9,1,34,1
Q008336,631.0,Ashurbanipal,Neo-Assyrian,Babylon (Bābili),ORCC,brick,8,15,1,22,1,21,1,35,1,19,1,7,1,15,1,35,1
Q008338,631.0,Ashurbanipal,Neo-Assyrian,Babylon (Bābili),ORCC,brick,8,17,1,7,1,26,1,59,1,23,1,19,1,12,1,48,1
Q008339,631.0,Ashurbanipal,Neo-Assyrian,Babylon (Bābili),ORCC,brick,8,14,1,2,1,8,1,59,1,18,1,15,1,14,1,14,1
Q008340,631.0,Ashurbanipal,Neo-Assyrian,Babylon (Bābili),ORCC,brick,8,23,1,11,1,49,1,8,1,36,1,57,1,44,1,84,1
Q008341,631.0,Ashurbanipal,Neo-Assyrian,Babylonia,ORCC,cylinder,8,5,1,10,1,22,1,46,1,8,1,15,1,8,1,17,1
Q008343,631.0,Ashurbanipal,Neo-Assyrian,Birs Nimrud (Borsippa),ORCC,stele,8,20,1,26,1,53,1,41,1,10,1,39,1,10,1,6,1
Q008344,631.0,Ashurbanipal,Neo-Assyrian,Babylonia,ORCC,None,8,14,1,26,1,79,1,12,1,7,1,12,1,10,1,35,1
Q008345,631.0,Ashurbanipal,Neo-Assyrian,Aqar Quf (Dur-Kurigalzu),ORCC,brick,8,33,1,24,1,12,1,22,1,27,1,22,1,10,1,34,1
Q008346,631.0,Ashurbanipal,Neo-Assyrian,Tell Haddad (Me-Turan),ORCC,brick,8,17,1,36,1,39,1,8,1,1,1,11,1,29,1,5,1
Q008350,631.0,Ashurbanipal,Neo-Assyrian,Nuffar (Nippur),ORCC,brick,8,17,1,52,1,5,1,29,1,14,1,18,1,22,1,2,1
Q008351,631.0,Ashurbanipal,Neo-Assyrian,Tell Abu Habbah (Sippar-Yahrurum),ORCC,cylinder,8,32,1,48,1,63,1,62,1,59,1,57,1,50,1,64,1
Q008352,631.0,Ashurbanipal,Neo-Assyrian,Warka (Uruk),ORCC,cylinder,8,28,1,17,1,9,1,35,1,32,1,25,1,7,1,25,1
Q008353,631.0,Ashurbanipal,Neo-Assyrian,Warka (Uruk),ORCC,None,8,1,1,12,1,1,1,18,1,29,1,46,1,11,1,52,1
Q008354,631.0,Ashurbanipal,Neo-Assyrian,Tell Aqar (Der),ORCC,cylinder,8,9,1,37,1,18,1,50,1,70,1,48,1,28,1,14,1
Q008355,631.0,Ashurbanipal,Neo-Assyrian,Persepolis (Pārśa),ORCC,eyestone,8,19,1,36,1,65,1,29,1,12,1,4,1,17,1,15,1
Q008356,631.0,Ashurbanipal,Neo-Assyrian,Persepolis (Pārśa),ORCC,bead,8,12,1,34,1,69,1,21,1,16,1,8,1,18,1,5,1
Q008357,631.0,Ashurbanipal,Neo-Assyrian,Persepolis (Pārśa),ORCC,bead,8,39,1,54,1,46,1,31,1,20,1,30,1,29,1,69,1
Q008358,631.0,Ashurbanipal,Neo-Assyrian,Persepolis (Pārśa),ORCC,bowl (with sculpture),8,5,1,26,1,13,1,25,1,8,1,12,1,11,1,9,1
Q008368,612.0,Sîn-šarru-iškun,Neo-Assyrian,Kuyunjik (Nineveh),ORCC,vessel,8,41,1,24,1,68,1,54,1,39,1,37,1,46,1,65,1
