fragment_id,year_true,ruler,period,provenance,domain,sub_genre,pred_tfidf,pred_thalesian_akk300m,pred_thalesian_cunei400m,pred_qwen3_1b7,pred_qwen3_8b,pred_qwen3_32b,pred_random,ndraws_tfidf,ndraws_thalesian_akk300m,ndraws_thalesian_cunei400m,ndraws_qwen3_1b7,ndraws_qwen3_8b,ndraws_qwen3_32b,ndraws_random
Q003230,672.0,Esarhaddon,Neo-Assyrian,Kuyunjik (Nineveh),ORCC,prism,687.8235659342754,664.1702491474135,707.6398841053436,707.8803742292254,722.0202680833964,713.720193080947,699.7415886402109,24,24,24,24,24,24,24
Q003231,676.0,Esarhaddon,Neo-Assyrian,Kuyunjik (Nineveh),ORCC,prism,689.1920663263402,686.7557435190175,715.6406158471452,717.0144008775112,736.0631720458034,736.4545767303026,706.1705767345036,23,23,23,23,23,23,23
Q003232,669.0,Esarhaddon,Neo-Assyrian,Kuyunjik (Nineveh),ORCC,prism,643.4394727002409,650.7116553260206,636.9539096101196,642.6618387052328,646.1764186537533,668.1929571996783,663.011747942186,19,19,19,19,19,19,19
Q003233,669.0,Esarhaddon,Neo-Assyrian,Kuyunjik (Nineveh),ORCC,prism,660.5209533790003,687.2907944317529,704.620028934428,669.04854426012,675.3664443336972,666.4883131482397,657.9258452550569,27,27,27,27,27,27,27
Q003234,670.0,Esarhaddon,Neo-Assyrian,Kuyunjik (Nineveh),ORCC,prism,639.7220196860143,640.4952595010687,607.1122759562498,640.1680574233616,611.9293432678089,639.8297344533971,659.164299535613,25,25,25,25,25,25,25
Q003235,670.0,Esarhaddon,Neo-Assyrian,Kuyunjik (Nineveh),ORCC,prism,644.4571157777335,644.6727764382975,626.6232847177959,627.8104841792627,656.6727338608619,682.9022979256916,650.785771189895,29,29,29,29,29,29,29
Q003236,670.0,Esarhaddon,Neo-Assyrian,Kuyunjik (Nineveh),ORCC,prism,649.3140481523526,669.6580722586029,696.1682809331082,688.3891976302828,677.9314580297009,683.2825877903751,675.433657705585,18,18,18,18,18,18,18
Q003237,670.0,Esarhaddon,Neo-Assyrian,Kuyunjik (Nineveh),ORCC,prism,663.0669655099388,661.0332767787393,686.9522410733532,633.0757269358019,668.4152943502843,650.8137435328092,667.9970119641702,19,19,19,19,19,19,19
Q003238,670.0,Esarhaddon,Neo-Assyrian,Kuyunjik (Nineveh),ORCC,prism,651.095108327191,685.9401777771282,685.6089034978652,620.9665036442409,591.9137851223021,638.2358579104152,655.7106978272163,34,34,34,34,34,34,34
Q003239,677.0,Esarhaddon,Neo-Assyrian,Kuyunjik (Nineveh),ORCC,cylinder,620.0981639162849,626.4475770590459,616.9260146784069,676.5791408442951,673.4988342573973,659.1757550087723,698.6450047304482,17,17,17,17,17,17,17
Q003240,669.0,Esarhaddon,Neo-Assyrian,Kuyunjik (Nineveh),ORCC,cylinder,636.6830237756889,651.505036042517,645.9090837871736,699.6015013357436,693.2346690819976,707.1939253688583,706.8002561479071,24,24,24,24,24,24,24
Q003241,669.0,Esarhaddon,Neo-Assyrian,Kuyunjik (Nineveh),ORCC,cylinder,648.5910279861857,668.0153734103901,645.1197788925825,699.9465460055967,701.7751009630273,697.3868645042714,708.3720314252902,31,31,31,31,31,31,31
Q003242,681.0,Esarhaddon,Neo-Assyrian,Kuyunjik (Nineveh),ORCC,cylinder,658.1864305896415,667.5050572396271,668.9809052922424,693.665311493161,749.3165990266859,726.2949586419765,700.7762058459833,18,18,18,18,18,18,18
Q003243,681.0,Esarhaddon,Neo-Assyrian,Kuyunjik (Nineveh),ORCC,cylinder,667.3295136985042,626.9383920331816,625.3470401399264,628.1948042701163,642.511308852482,657.2638717378496,655.4431863247269,19,19,19,19,19,19,19
Q003244,670.0,Esarhaddon,Neo-Assyrian,Kuyunjik (Nineveh),ORCC,cylinder,668.769741140557,677.651649961805,666.7445185817803,673.9299809395931,678.507109434618,693.9229475881956,629.3958060064949,16,16,16,16,16,16,16
Q003245,670.0,Esarhaddon,Neo-Assyrian,Kuyunjik (Nineveh),ORCC,cylinder,661.5114966449341,693.9737448935841,701.8550230619425,670.0853748656135,700.5580010918079,721.9340533771817,700.7294297843224,31,31,31,31,31,31,31
Q003246,669.0,Esarhaddon,Neo-Assyrian,Kuyunjik (Nineveh),ORCC,cylinder,678.9142266409751,648.1253525819426,667.9323817107827,718.6127608006844,693.3604504208358,683.2509793011916,643.9064105469914,28,28,28,28,28,28,28
Q003247,669.0,Esarhaddon,Neo-Assyrian,Kuyunjik (Nineveh),ORCC,cylinder,656.2339037148954,671.8783110813135,635.8283808050287,673.2300336334713,680.6350973050505,690.9781963944447,689.8183327183903,18,18,18,18,18,18,18
Q003248,669.0,Esarhaddon,Neo-Assyrian,Kuyunjik (Nineveh),ORCC,uncertain,660.7888297019193,677.5492997858464,676.433006029171,674.7696056025002,682.4273680878291,665.5093259453257,675.7677676362069,12,12,12,12,12,12,12
Q003249,670.0,Esarhaddon,Neo-Assyrian,Kuyunjik (Nineveh),ORCC,slab,652.1890356527737,678.080401035931,729.1450646555144,667.0335784562217,684.9839351087544,686.314689709094,643.9747640604407,27,27,27,27,27,27,27
Q003250,669.0,Esarhaddon,Neo-Assyrian,Kuyunjik (Nineveh),ORCC,slab,685.2495306723634,726.2512143529956,728.9156178851237,667.4844316249608,681.3034962871769,683.8182092872136,687.0512583357134,28,28,28,28,28,28,28
Q003251,669.0,Esarhaddon,Neo-Assyrian,Kuyunjik (Nineveh),ORCC,slab,663.7718277098974,674.6782569265912,652.3281079783591,651.5221661592003,653.6434281260938,656.8113843428479,695.0121208724692,24,24,24,24,24,24,24
Q003252,669.0,Esarhaddon,Neo-Assyrian,Kuyunjik (Nineveh),ORCC,brick,613.1821227242019,644.8090868335403,619.3417853870669,621.4505652533232,617.5084106059624,621.8797829356807,644.737416098301,21,21,21,21,21,21,21
Q003253,669.0,Esarhaddon,Neo-Assyrian,Kuyunjik (Nineveh),ORCC,gaming board,677.1487868460026,692.0682370328961,678.6947580085306,662.8790151491594,676.9664963303705,677.509990488151,689.4874540853431,29,29,29,29,29,29,29
Q003254,669.0,Esarhaddon,Neo-Assyrian,Kuyunjik (Nineveh),ORCC,vessel,680.9255708467394,715.0684238580462,704.3185547100229,691.0425308163314,720.0220191658871,718.5337383174221,719.1590111153539,18,18,18,18,18,18,18
Q003255,670.0,Esarhaddon,Neo-Assyrian,Kuyunjik (Nineveh),ORCC,vessel,666.7482581594923,695.4018226801185,725.8481858853536,659.4271440694497,663.6804408602367,663.9731987101999,686.4175432006806,29,29,29,29,29,29,29
Q003256,669.0,Esarhaddon,Neo-Assyrian,Kuyunjik (Nineveh),ORCC,vessel,682.177112839152,688.2157217966893,702.4620311581408,658.3298691616599,664.5975509875778,674.4796004445149,678.6534561260862,28,28,28,28,28,28,28
Q003257,669.0,Esarhaddon,Neo-Assyrian,Kuyunjik (Nineveh),ORCC,vessel,682.0072560256777,716.6009601068625,703.1430234645824,670.8596988901584,688.1035072695064,694.0688498062523,696.9919664494838,23,23,23,23,23,23,23
Q003258,669.0,Esarhaddon,Neo-Assyrian,Kuyunjik (Nineveh),ORCC,vessel,689.6048527465153,740.0853452395354,766.5660376619558,668.9904233754042,680.1282510216388,683.4080051513159,690.9397275105341,22,22,22,22,22,22,22
Q003259,669.0,Esarhaddon,Neo-Assyrian,Kuyunjik (Nineveh),ORCC,None,637.6313035548175,637.488268381482,618.0494329997769,653.4311761308928,641.4744862631419,609.6488958839277,623.4408643372027,22,22,22,22,22,22,22
Q003260,669.0,Esarhaddon,Neo-Assyrian,Kuyunjik (Nineveh),ORCC,None,644.1162412972795,642.6863657861604,644.2365143792638,636.4451186408704,636.2100741410327,657.802940129242,656.7016625897076,25,25,25,25,25,25,25
Q003261,669.0,Esarhaddon,Neo-Assyrian,Kuyunjik (Nineveh),ORCC,None,639.1623510947063,645.3823911283821,618.8171678522879,676.7523673494425,657.5108292132089,672.4582614433614,653.5558829713002,25,25,25,25,25,25,25
Q003262,672.0,Esarhaddon,Neo-Assyrian,Kuyunjik (Nineveh),ORCC,None,646.1389319903334,667.9050368474265,642.2181644721835,633.4283187746515,656.938839038523,661.6653510072316,648.5195019059681,24,24,24,24,24,24,24
Q003263,670.0,Esarhaddon,Neo-Assyrian,Kuyunjik (Nineveh),ORCC,None,674.7796029156702,670.8002676279056,679.8245145921309,646.5171677265387,630.2108417756637,660.3932017355687,682.6564392300637,27,27,27,27,27,27,27
Q003264,670.0,Esarhaddon,Neo-Assyrian,Kuyunjik (Nineveh),ORCC,None,673.2895329425218,693.4433113263499,699.5609298890735,690.0744463868832,724.4948711938622,724.557301931592,672.2646386015432,26,26,26,26,26,26,26
Q003265,670.0,Esarhaddon,Neo-Assyrian,Kuyunjik (Nineveh),ORCC,None,633.6710232633699,652.1180429587232,632.7143301721167,655.0363855048535,631.6736969409493,652.3109394232528,649.971982047836,19,19,19,19,19,19,19
Q003266,670.0,Esarhaddon,Neo-Assyrian,Kuyunjik (Nineveh),ORCC,None,648.1100411980971,623.9555243590924,625.5826943317242,624.7860812951513,631.2143232398267,621.9307363483448,634.8202843963015,23,23,23,23,23,23,23
Q003267,670.0,Esarhaddon,Neo-Assyrian,Kuyunjik (Nineveh),ORCC,None,611.9865507339767,664.3309956611527,614.0253181014092,647.0619033117705,590.552204963551,624.3343823144522,659.2297143095122,30,30,30,30,30,30,30
Q003268,670.0,Esarhaddon,Neo-Assyrian,Kuyunjik (Nineveh),ORCC,None,654.035264962091,702.4103558911988,672.5746265778445,668.1692739872216,658.8493826519871,666.8586238744492,664.1430195919008,18,18,18,18,18,18,18
Q003269,669.0,Esarhaddon,Neo-Assyrian,Kuyunjik (Nineveh),ORCC,None,645.2640892320014,643.7064306879747,656.0532883781016,673.9023006378438,659.5630941517078,625.15845861882,657.2544274919842,17,17,17,17,17,17,17
Q003270,669.0,Esarhaddon,Neo-Assyrian,Kuyunjik (Nineveh),ORCC,None,643.2393327854628,625.7963941741516,643.8147148536823,621.402495252201,623.3025608484122,621.2931809174997,631.7583238813339,18,18,18,18,18,18,18
Q003271,669.0,Esarhaddon,Neo-Assyrian,Kuyunjik (Nineveh),ORCC,None,661.6503131388024,669.097477621527,716.2442769596565,642.7564748450675,677.850455567677,682.6877212457458,665.2448950426957,26,26,26,26,26,26,26
Q003272,669.0,Esarhaddon,Neo-Assyrian,Kuyunjik (Nineveh),ORCC,None,634.3782599546136,619.4295208307568,631.1195635237684,660.5573322682214,660.4400919479002,665.1912691854419,657.994512777515,30,30,30,30,30,30,30
Q003273,669.0,Esarhaddon,Neo-Assyrian,Kuyunjik (Nineveh),ORCC,None,614.9700041987193,616.2590360014852,630.7553975158141,615.4240987723429,638.5292031373056,635.9920828153901,643.8002460190418,23,23,23,23,23,23,23
Q003274,669.0,Esarhaddon,Neo-Assyrian,Kuyunjik (Nineveh),ORCC,None,630.8079901760435,650.6728013285009,637.0448238988834,605.162438817453,620.6651199567275,594.5025314875238,630.1729780409526,30,30,30,30,30,30,30
Q003275,669.0,Esarhaddon,Neo-Assyrian,Kuyunjik (Nineveh),ORCC,None,684.6194864885882,698.9928830665281,690.8898536872598,690.664799424919,681.3183165062159,698.7821168386288,670.7360509194502,30,30,30,30,30,30,30
Q003276,669.0,Esarhaddon,Neo-Assyrian,Kuyunjik (Nineveh),ORCC,None,660.4280127350618,654.2589992856211,652.1133733179731,687.9062636806182,684.444190623143,683.6852502849372,672.5520612427557,25,25,25,25,25,25,25
Q003277,669.0,Esarhaddon,Neo-Assyrian,Kuyunjik (Nineveh),ORCC,None,630.4242287074112,633.0808637176117,642.8698072595615,604.6862295723085,619.5513078628974,590.1006205642959,595.5202133731854,20,20,20,20,20,20,20
Q003278,669.0,Esarhaddon,Neo-Assyrian,Kuyunjik (Nineveh),ORCC,None,649.6891498748739,639.6037618073941,629.7554483285832,635.4306041724575,650.5564317680722,646.0981110215246,681.3256505789326,31,31,31,31,31,31,31
Q003279,669.0,Esarhaddon,Neo-Assyrian,Kuyunjik (Nineveh),ORCC,None,692.6926898098259,650.1881329330048,697.3210514140488,674.7182832957475,678.5770647495383,662.9307238503216,664.9699278322394,32,32,32,32,32,32,32
Q003280,669.0,Esarhaddon,Neo-Assyrian,Kuyunjik (Nineveh),ORCC,None,646.4095601626605,638.1161012761191,648.0440354292018,680.5031992190488,649.7765438560198,645.9205971762356,633.1708423032368,31,31,31,31,31,31,31
Q003281,669.0,Esarhaddon,Neo-Assyrian,Kuyunjik (Nineveh),ORCC,None,644.359009617838,649.9702582268884,650.6993210578356,631.5190359629344,647.1869786429266,628.7730141991717,608.3887713772658,28,28,28,28,28,28,28
Q003282,669.0,Esarhaddon,Neo-Assyrian,Kuyunjik (Nineveh),ORCC,None,628.301303740522,646.149196779655,638.7980160924504,665.401586436847,636.2859506421587,630.3950120229006,637.0200898286951,25,25,25,25,25,25,25
Q003283,669.0,Esarhaddon,Neo-Assyrian,Kuyunjik (Nineveh),ORCC,None,658.4391176602684,668.4427732872517,653.1335144907117,699.5665049936925,721.4274022984495,681.9579476586059,650.8349665767532,22,22,22,22,22,22,22
Q003284,669.0,Esarhaddon,Neo-Assyrian,Kuyunjik (Nineveh),ORCC,None,664.5739407449233,654.7037030719612,640.2875847000538,646.7635437662752,631.1027856248413,644.8432497089194,620.1117961287605,25,25,25,25,25,25,25
Q003285,669.0,Esarhaddon,Neo-Assyrian,Kuyunjik (Nineveh),ORCC,None,630.9200492368167,632.4280248571243,646.6628419010407,647.4875787485889,644.1447442143678,645.0866388748339,659.1598542722544,19,19,19,19,19,19,19
Q003286,679.0,Esarhaddon,Neo-Assyrian,Qalat Sherqat (Assur),ORCC,"prism, tablet",691.9513263676746,683.5835404719114,701.8056798436522,745.835577489104,769.8310754755473,746.312083942637,681.791918772704,31,31,31,31,31,31,31
Q003287,680.0,Esarhaddon,Neo-Assyrian,Qalat Sherqat (Assur),ORCC,prism,639.5810243722057,640.7366340216337,654.3930662527698,725.8875178974444,695.0752432253415,707.8930558423846,679.9682297931573,28,28,28,28,28,28,28
Q003288,680.0,Esarhaddon,Neo-Assyrian,Qalat Sherqat (Assur),ORCC,cylinder,634.3600758629411,648.0757047099636,651.6563480350434,675.258337215383,704.7751487230546,706.3163096107388,697.2640062250479,19,19,19,19,19,19,19
Q003289,669.0,Esarhaddon,Neo-Assyrian,Kuyunjik (Nineveh),ORCC,None,670.5852706439191,692.6858232738558,703.3914784523457,675.3025083955854,677.5277179558185,689.712709764876,649.2688828787708,19,19,19,19,19,19,19
Q003290,669.0,Esarhaddon,Neo-Assyrian,Qalat Sherqat (Assur),ORCC,brick,672.0544005490568,710.4067321455492,708.8066696040446,674.7423394940398,689.349650356543,687.4806648632041,680.1261131389427,20,20,20,20,20,20,20
Q003291,669.0,Esarhaddon,Neo-Assyrian,Qalat Sherqat (Assur),ORCC,block,675.2469620285848,720.3329222718481,723.6973981756961,689.0167728028,706.1875864338307,708.4174262367814,705.7319243532611,23,23,23,23,23,23,23
Q003292,669.0,Esarhaddon,Neo-Assyrian,Qalat Sherqat (Assur),ORCC,series of blocks,689.8049058585133,712.2885298077151,720.8451601061021,699.5404022906648,726.7917874925115,731.1571622878444,711.7075439686738,20,20,20,20,20,20,20
Q003293,669.0,Esarhaddon,Neo-Assyrian,Qalat Sherqat (Assur),ORCC,series of blocks,662.2849581755842,654.2865030816888,645.668287185231,656.6313806228884,650.7549866353935,680.97792764979,655.3302844395366,31,31,31,31,31,31,31
Q003294,669.0,Esarhaddon,Neo-Assyrian,Qalat Sherqat (Assur),ORCC,block,666.0673524772537,676.0916682876667,640.5711658240222,684.2473512910477,678.0386592920655,685.9307812628701,691.8342401582914,28,28,28,28,28,28,28
Q003295,669.0,Esarhaddon,Neo-Assyrian,Qalat Sherqat (Assur),ORCC,block,681.565638759518,710.6389681725045,693.3208969699599,666.9422943693687,693.7387675843592,689.8260365731433,679.5763117629127,33,33,33,33,33,33,33
Q003297,669.0,Esarhaddon,Neo-Assyrian,Qalat Sherqat (Assur),ORCC,door socket,674.0838232237088,695.6401203923959,721.6563049473334,718.4276198784488,732.4147838287469,727.8381370282532,700.4204805175035,18,18,18,18,18,18,18
Q003298,669.0,Esarhaddon,Neo-Assyrian,Qalat Sherqat (Assur),ORCC,door socket,665.7141680419743,703.4698611709451,720.6735035541896,699.8226721258995,715.590133354159,718.5644547039327,702.5958030213807,20,20,20,20,20,20,20
Q003299,669.0,Esarhaddon,Neo-Assyrian,Qalat Sherqat (Assur),ORCC,vessel,678.2070928980804,698.6025133250118,700.1510822051005,664.8313550713236,676.7720791982633,679.5673978541197,687.8962180835496,18,18,18,18,18,18,18
Q003300,669.0,Esarhaddon,Neo-Assyrian,Qalat Sherqat (Assur),ORCC,vessel,668.0033307204695,682.1779685303927,695.9864237159906,663.2134129858028,675.227259939255,672.8052634367685,680.6065949756694,16,16,16,16,16,16,16
Q003302,669.0,Esarhaddon,Neo-Assyrian,Qalat Sherqat (Assur),ORCC,vessel,662.8936490825969,660.6044927206851,676.5276852770094,649.1280404814022,649.3183822068304,657.0241731645841,690.6687934268014,20,20,20,20,20,20,20
Q003303,669.0,Esarhaddon,Neo-Assyrian,Qalat Sherqat (Assur),ORCC,bead,640.2030284224209,632.2617130347193,621.5005982102828,658.6533527596351,662.2567081085041,651.3858447010958,650.5099487394542,30,30,30,30,30,30,30
Q003304,669.0,Esarhaddon,Neo-Assyrian,Qalat Sherqat (Assur),ORCC,amulet,640.5429684229332,635.1233100244579,627.9789023646771,658.9315718457322,662.4237135487034,649.2920580841597,651.5329974940128,20,20,20,20,20,20,20
Q003305,669.0,Esarhaddon,Neo-Assyrian,Qalat Sherqat (Assur),ORCC,None,654.6346239670132,630.5878499816871,635.4661547862105,669.0177705121345,669.5212467920269,667.9940246598214,674.2949683060556,25,25,25,25,25,25,25
Q003306,672.0,Esarhaddon,Neo-Assyrian,Nimrud (Kalhu),ORCC,cylinder,661.3575289799,655.2553341388145,660.9729882087096,702.8019949927492,715.2056621563049,682.6585584165297,688.4013568125814,28,28,28,28,28,28,28
Q003307,676.0,Esarhaddon,Neo-Assyrian,Nimrud (Kalhu),ORCC,cylinder,663.8254140156503,658.1876662489198,669.872491030058,703.542497622191,720.6069773086373,683.9153945526655,695.4011383065418,25,25,25,25,25,25,25
Q003308,672.0,Esarhaddon,Neo-Assyrian,Nimrud (Kalhu),ORCC,cylinder,660.350936620346,657.1169418236501,659.5265330246805,708.774262220195,720.417106031635,685.1244290511994,689.8484194287743,24,24,24,24,24,24,24
Q003309,669.0,Esarhaddon,Neo-Assyrian,Nimrud (Kalhu),ORCC,cylinder,679.9499196840568,681.4905801683648,651.6835386453453,699.4882107913077,713.2070767054191,709.0219170232818,712.8429645311232,27,27,27,27,27,27,27
Q003310,669.0,Esarhaddon,Neo-Assyrian,Nimrud (Kalhu),ORCC,series of blocks,683.5361228048755,714.0487297666613,711.4569727145516,674.4386268969979,692.8032852883172,696.9702960602881,689.2537470569115,25,25,25,25,25,25,25
Q003311,669.0,Esarhaddon,Neo-Assyrian,Nimrud (Kalhu),ORCC,series of blocks,689.1820524169545,722.1421758866097,737.6440062456204,717.4838463772508,736.381397263731,748.9250519897844,701.2048385645351,26,26,26,26,26,26,26
Q003312,669.0,Esarhaddon,Neo-Assyrian,Nimrud (Kalhu),ORCC,bull colossus,667.9352646744602,682.5177334167818,749.6637276355144,681.3622318341374,710.6574642680329,726.1171192639799,690.4290987286272,22,22,22,22,22,22,22
Q003313,669.0,Esarhaddon,Neo-Assyrian,Nimrud (Kalhu),ORCC,bull colossus,655.6831245824322,650.0645170804155,660.3014360243398,662.8178151302719,672.5012242893548,682.9103882658205,670.1214994638643,23,23,23,23,23,23,23
Q003314,669.0,Esarhaddon,Neo-Assyrian,Nimrud (Kalhu),ORCC,human-headed lion colossus,656.2865639638148,653.8625603800604,658.3120568124316,663.4150612082426,672.5687501625808,679.4168009856833,669.9831733098332,26,26,26,26,26,26,26
Q003315,669.0,Esarhaddon,Neo-Assyrian,Negub Tunnel,ORCC,slab,652.4113462087512,643.982363525172,696.754076435991,651.4572019047605,671.6821174149386,683.4211167833444,636.8369050184916,29,29,29,29,29,29,29
Q003316,669.0,Esarhaddon,Neo-Assyrian,Nimrud (Kalhu),ORCC,slab,659.5000120232943,680.9553873436647,687.3060476291179,656.5121123471827,687.7661721109336,687.4585594137276,693.9112118785926,23,23,23,23,23,23,23
Q003317,669.0,Esarhaddon,Neo-Assyrian,Nimrud (Kalhu),ORCC,brick,664.0421941324012,675.0616742721551,665.4994442543925,652.4080097344951,652.5449166486827,656.1545670253563,694.9627280618053,18,18,18,18,18,18,18
Q003319,669.0,Esarhaddon,Neo-Assyrian,Nimrud (Kalhu),ORCC,seal (impression),669.9323283599244,709.114181760447,658.7450882171269,655.9622904651154,658.2417716329013,660.2385674355343,677.9585520622985,34,34,34,34,34,34,34
Q003320,669.0,Esarhaddon,Neo-Assyrian,Nimrud (Kalhu),ORCC,vessel,665.0551974309435,720.3097583194048,696.8655880557633,649.3073690500828,642.831252590254,650.0929079039278,646.6502645369708,26,26,26,26,26,26,26
Q003321,669.0,Esarhaddon,Neo-Assyrian,Nimrud (Kalhu),ORCC,lump,667.834964018597,695.0329492357303,681.4569554930762,678.1441413701476,696.3920602513581,694.5394182272523,677.8460854943985,21,21,21,21,21,21,21
Q003322,672.0,Esarhaddon,Neo-Assyrian,Qalat Sherqat (Assur),ORCC,cylinder,664.4828027113026,654.8303887687259,663.9324564525883,706.6672770834327,728.8467862897234,693.8562948351087,689.458991274178,19,19,19,19,19,19,19
Q003323,669.0,Esarhaddon,Neo-Assyrian,Tell Sherif Khan (Tarbisu),ORCC,slab,662.5240734255923,609.7820536764383,642.4772369263148,627.4518943998333,646.4066037551033,638.5708480995021,606.7554720682831,23,23,23,23,23,23,23
Q003324,669.0,Esarhaddon,Neo-Assyrian,Tell Sherif Khan (Tarbisu),ORCC,slab,660.2655714284425,652.6616078385218,709.0192040580142,639.1742813812763,685.2657896182857,687.6179715152604,612.3509409856874,31,31,31,31,31,31,31
Q003325,669.0,Esarhaddon,Neo-Assyrian,Tell Sherif Khan (Tarbisu),ORCC,brick,681.9536999182181,686.3574681994016,693.8717461239692,679.2647788082431,694.863292613964,693.3108883669072,682.4916512245965,26,26,26,26,26,26,26
Q003326,669.0,Esarhaddon,Neo-Assyrian,Tell Ahmar (Til Barsip),ORCC,stele,658.2604594388756,653.3727637622343,637.7936862356313,680.2817197553626,660.3466139973162,705.498353373098,669.4857469921525,21,21,21,21,21,21,21
Q003327,669.0,Esarhaddon,Neo-Assyrian,Zinčirli (Samal),ORCC,stele,630.8131931155181,614.6406440368928,631.3896692219281,645.1806464219484,624.8388600178906,623.9560645902819,660.4152754126884,23,23,23,23,23,23,23
Q003328,669.0,Esarhaddon,Neo-Assyrian,Kuyunjik (Nineveh),ORCC,None,648.0323625160414,642.763416896854,692.96627364895,657.664958962948,654.3440133516467,673.7080423755046,659.4809481170284,20,20,20,20,20,20,20
Q003329,669.0,Esarhaddon,Neo-Assyrian,Kuyunjik (Nineveh),ORCC,None,665.2487111794363,686.1754719567701,695.838860934692,658.8183129518927,676.2198378066994,673.1973758098108,663.2923554115804,18,18,18,18,18,18,18
Q003330,669.0,Esarhaddon,Neo-Assyrian,Kuyunjik (Nineveh),ORCC,None,630.1162533546881,648.5669254761807,645.7421564205954,671.866742343172,628.0035951025192,613.6019852968111,617.6985046992758,17,17,17,17,17,17,17
Q003332,669.0,Esarhaddon,Neo-Assyrian,Nahr el-Kelb,ORCC,rock face,667.8202354193521,671.9202827677894,677.5021590600695,681.5568891274349,656.9001379194204,670.6804805164736,646.3139293723949,24,24,24,24,24,24,24
Q003333,673.0,Esarhaddon,Neo-Assyrian,Babylon,ORCC,prism,683.9540507601897,650.1939045312249,669.421560687964,675.2731513109663,688.6446832247826,651.5886625221276,649.8392852906549,25,25,25,25,25,25,25
Q003334,672.0,Esarhaddon,Neo-Assyrian,Babylon,ORCC,prism,679.0956485622484,645.0403661052392,695.5509269303757,712.6927151711707,734.0553316769206,687.6402373986923,637.8740784543888,25,25,25,25,25,25,25
Q003335,670.0,Esarhaddon,Neo-Assyrian,Babylon,ORCC,"prism, tablet",680.307324918658,639.7038480979093,681.0375071514092,742.2839906651553,741.638551744367,712.2663064988219,644.8794948701901,27,27,27,27,27,27,27
Q003336,672.0,Esarhaddon,Neo-Assyrian,Babylon,ORCC,prism,675.2828840948009,665.4563714089229,642.810987568816,706.437379345246,706.7520878829549,674.3711076541811,627.1817273136132,23,23,23,23,23,23,23
Q003337,678.0,Esarhaddon,Neo-Assyrian,Nineveh,ORCC,prism,640.2003552478077,665.29897237739,615.3674838607052,724.54046111931,761.2470904354366,650.4335558739239,642.1764641612424,39,39,39,39,39,39,39
Q003338,678.0,Esarhaddon,Neo-Assyrian,Nineveh,ORCC,prism,658.5384835778298,580.9919125256705,617.5324189484376,642.1811047172356,646.5846639412651,604.5083229488813,614.1360010642691,28,28,28,28,28,28,28
Q003339,672.0,Esarhaddon,Neo-Assyrian,Babylon,ORCC,prism,660.0510987740364,649.3964573070654,662.9799527715611,704.6491328588324,746.7581955696596,684.678541944586,677.949194045145,19,19,19,19,19,19,19
Q003340,674.0,Esarhaddon,Neo-Assyrian,Babylon,ORCC,prism,650.0580148258803,653.5250786302711,637.7074967020259,672.5507936376,707.2500976964211,600.1562567088025,645.3148522472699,18,18,18,18,18,18,18
Q003341,669.0,Esarhaddon,Neo-Assyrian,Sippar,ORCC,prism,664.8122664350745,709.6626147715901,667.3033713883991,653.131125966306,668.4917257313389,652.0887080737258,685.86466295646,16,16,16,16,16,16,16
Q003342,669.0,Esarhaddon,Neo-Assyrian,Babylon,ORCC,cylinder,690.1677985607125,664.4925824094338,668.133859461297,681.9186454309482,711.1471915962719,672.9997267258101,688.6808561665225,16,16,16,16,16,16,16
Q003343,672.0,Esarhaddon,Neo-Assyrian,Babylon,ORCC,cubiod monument,681.9735774508753,631.3230045407295,690.6202118221697,743.8657745787424,752.9940030248437,712.2116484222855,637.5321695710459,27,27,27,27,27,27,27
Q003345,677.0,Esarhaddon,Neo-Assyrian,Nineveh,ORCC,None,644.2627837958876,606.1481413804206,612.0393172648426,713.4764010854454,714.1943788983716,581.9948072616388,634.0307679966179,25,25,25,25,25,25,25
Q003346,677.0,Esarhaddon,Neo-Assyrian,Nineveh,ORCC,None,619.9923867587414,635.7760540370017,609.3569316473227,704.2566062905433,714.6848864968811,640.0268294557832,642.0017256774555,27,27,27,27,27,27,27
Q003347,669.0,Esarhaddon,Neo-Assyrian,Babylon,ORCC,seal,642.7242452034405,635.8350086328232,608.7355991475011,668.9279757500368,657.5957397949895,600.8546983377685,626.0686029808137,20,20,20,20,20,20,20
Q003348,669.0,Esarhaddon,Neo-Assyrian,Babylon,ORCC,brick,661.2698643652585,685.5371684087805,653.9408624307059,662.9414291890375,667.7864225533183,665.7515485466087,651.7307325823626,25,25,25,25,25,25,25
Q003349,669.0,Esarhaddon,Neo-Assyrian,Babylon,ORCC,brick,672.0189810156835,694.9988285592018,678.3621691705383,683.9534648281148,691.3157511604262,693.313827768539,664.2067907992546,24,24,24,24,24,24,24
Q003350,669.0,Esarhaddon,Neo-Assyrian,Babylon,ORCC,brick,672.3148438932194,712.3415386413251,681.2126338798558,702.4230414611844,699.2701459068024,700.056279976244,666.3021288885367,19,19,19,19,19,19,19
Q003351,669.0,Esarhaddon,Neo-Assyrian,Babylon,ORCC,brick,675.0791218492218,702.3065696844541,681.2592125265352,683.9706264923442,693.0016470338567,697.3338397450271,673.576501976702,27,27,27,27,27,27,27
Q003352,669.0,Esarhaddon,Neo-Assyrian,Babylon,ORCC,brick,667.0278737613384,695.1402923103209,678.2114604423979,689.1762927281835,679.6674398673138,686.9238368799056,662.7365317986005,29,29,29,29,29,29,29
Q003353,669.0,Esarhaddon,Neo-Assyrian,Babylon,ORCC,brick,666.8515387286277,711.3450883108874,687.6057936064053,707.5638655585593,704.532979596302,701.3333199085852,663.1454969278687,17,17,17,17,17,17,17
Q003354,669.0,Esarhaddon,Neo-Assyrian,Babylon,ORCC,brick,673.1917759299884,690.0474382445041,675.8106081084803,690.2252913587727,677.5996473294092,701.9399649413944,674.3109445020549,19,19,19,19,19,19,19
Q003355,669.0,Esarhaddon,Neo-Assyrian,Babylon,ORCC,brick,645.1723970432794,634.4182146069164,590.169687495703,665.1206373911903,668.0369988100974,637.182846501658,575.082882730992,23,23,23,23,23,23,23
Q003356,669.0,Esarhaddon,Neo-Assyrian,Borsippa,ORCC,cylinder,630.7403509143734,651.6841258851931,612.2631638070784,688.1283933862128,704.3391394159661,610.6807783465403,647.711193692659,18,18,18,18,18,18,18
Q003357,669.0,Esarhaddon,Neo-Assyrian,Nippur,ORCC,cylinder,650.5042244027356,627.4789242443924,619.185790361992,690.2052189964935,717.5687922722215,610.6219212844472,658.7497652598356,31,31,31,31,31,31,31
Q003358,669.0,Esarhaddon,Neo-Assyrian,Nippur,ORCC,cylinder,630.8402396976298,644.1697093953609,595.3465952306195,657.1145052496666,680.391512578371,599.5729767834113,650.1564151259041,25,25,25,25,25,25,25
Q003359,669.0,Esarhaddon,Neo-Assyrian,Nippur,ORCC,cylinder,653.8552185996956,670.4416793943392,627.7278507412642,678.0022745684364,674.7965421343652,621.4664415412205,647.7635798193435,29,29,29,29,29,29,29
Q003360,669.0,Esarhaddon,Neo-Assyrian,Nippur,ORCC,brick,646.8803183944838,660.6789736453356,636.1587217950936,658.0261096298716,664.9990118839269,638.3663093166371,641.9662514226458,26,26,26,26,26,26,26
Q003361,669.0,Esarhaddon,Neo-Assyrian,Nippur,ORCC,brick,675.5800490909614,677.9641909319602,669.4028429700032,676.9611972892445,714.7396979401444,701.4516457843404,657.6313342173736,28,28,28,28,28,28,28
Q003362,669.0,Esarhaddon,Neo-Assyrian,Uruk,ORCC,cylinder,640.9671768232956,614.3559128278981,631.156204810945,727.7981113654943,696.2588704202582,615.3505220128951,628.2224929516132,19,19,19,19,19,19,19
Q003363,669.0,Esarhaddon,Neo-Assyrian,Uruk,ORCC,cylinder,638.1411053414016,577.784656079525,595.5317473442218,641.8437929032964,634.1081888484474,571.7970380729896,617.6356206102188,19,19,19,19,19,19,19
Q003364,669.0,Esarhaddon,Neo-Assyrian,Uruk,ORCC,cylinder,631.147438398216,613.5343322616313,608.7123990127803,646.8637148284772,682.2591084442656,541.5133659436107,641.8883484455132,24,24,24,24,24,24,24
Q003365,669.0,Esarhaddon,Neo-Assyrian,Uruk,ORCC,cylinder,653.9378115184767,644.419407170486,610.8912468035496,672.6001675131868,669.437039668465,602.5937639910696,632.8199628074775,21,21,21,21,21,21,21
Q003366,669.0,Esarhaddon,Neo-Assyrian,Uruk,ORCC,brick,633.2937159194462,609.5134321515812,615.6560743929712,648.019432429738,636.8429268812358,628.1997812818538,625.0357734917799,19,19,19,19,19,19,19
Q003367,669.0,Esarhaddon,Neo-Assyrian,Uruk,ORCC,brick,659.3072805784867,624.9287026099481,651.808549439101,649.4637891482608,660.6160322134165,642.3829138087405,631.6414887545916,22,22,22,22,22,22,22
Q003368,669.0,Esarhaddon,Neo-Assyrian,Uruk,ORCC,brick,632.4204996952558,582.1377256241377,584.5052338266327,637.0404885622631,639.8940281826073,599.5524540556436,625.5402701300536,26,26,26,26,26,26,26
Q003369,669.0,Esarhaddon,Neo-Assyrian,Cave Kalm-karra,ORCC,vessel,660.860443438021,689.3173456311143,690.0061141524735,661.6910355943812,661.7457503348868,670.4618668568371,677.727259639048,23,23,23,23,23,23,23
Q003370,669.0,Esarhaddon,Neo-Assyrian,Kuyunjik (Nineveh),ORCC,lion weight,671.3541414276655,724.1929854121571,755.4395095625101,676.9079283665392,697.7890416969769,711.638277285165,706.1144491019212,27,27,27,27,27,27,27
Q003371,669.0,Esarhaddon,Neo-Assyrian,Assyria,ORCC,bead,629.8616042769228,611.8464269887613,581.0225708670432,649.7224656093593,638.7525445042734,644.0620869243584,614.7293566650046,22,22,22,22,22,22,22
Q003372,669.0,Esarhaddon,Neo-Assyrian,Persepolis (Pārśa),ORCC,bead,649.5691419469454,658.507831290314,621.3860460542425,665.9452316272029,642.0005439940462,651.4271108651456,654.0306978293753,23,23,23,23,23,23,23
Q003373,669.0,Esarhaddon,Neo-Assyrian,Sippar,ORCC,prism,638.9603741732396,629.8053206060451,613.5894811957464,698.8205546307844,740.4513942176777,596.0936441166043,602.7397593390174,19,19,19,19,19,19,19
Q003374,669.0,Esarhaddon,Neo-Assyrian,Sippar,ORCC,prism,646.6891236573227,657.6667027167948,637.1350537176525,727.2570271398754,747.9253399480228,681.0553223833474,638.033609534489,20,20,20,20,20,20,20
Q003375,669.0,Esarhaddon,Neo-Assyrian,Babylon,ORCC,prism,654.495120956907,590.9850442339093,638.218839455342,685.7583747369807,709.1962961332139,589.8243398980151,640.0570803686975,21,21,21,21,21,21,21
Q003376,669.0,Esarhaddon,Neo-Assyrian,Nineveh,ORCC,prism,644.7863243595816,655.2600189660392,609.6301568570633,669.8066421965307,668.2711173089084,637.6671505560548,676.2855118982576,18,18,18,18,18,18,18
Q003377,669.0,Esarhaddon,Neo-Assyrian,Kuyunjik (Nineveh),ORCC,cylinder,635.3148859804146,639.0375638650526,619.2372508406268,669.5120496292692,660.7000740997056,661.7525971529637,677.4024103068061,18,18,18,18,18,18,18
Q003378,669.0,Esarhaddon,Neo-Assyrian,Qalat Sherqat (Assur),ORCC,cylinder,656.9756172598253,637.652039927373,658.4424280071204,601.3193414804109,619.6655247630322,623.3745955723219,622.4528360960095,32,32,32,32,32,32,32
Q003379,669.0,Esarhaddon,Neo-Assyrian,Ben Shemen,ORCC,stele,642.3473582784783,676.6511100034444,641.7894881088341,662.039409313145,644.6123261379165,672.5116156073208,646.6385469041253,33,33,33,33,33,33,33
Q003380,669.0,Esarhaddon,Neo-Assyrian,el-Ghab,ORCC,stele,656.2786591524632,644.8446298813581,628.969713588627,662.7283594440221,635.5724082071531,632.3207858516332,662.8378318464747,26,26,26,26,26,26,26
Q003381,669.0,Esarhaddon,Neo-Assyrian,Syria,ORCC,brick,684.6493268711687,680.4910432899796,679.5129755263371,655.2224393533886,660.4643714644336,649.3559741333207,720.5598026387012,28,28,28,28,28,28,28
Q003382,669.0,Esarhaddon,Neo-Assyrian,Uruk,ORCC,None,654.8350669783177,609.5002365990374,629.9384243736445,647.8637169900626,666.7867221605488,624.3425488030515,600.6322004165177,22,22,22,22,22,22,22
Q003383,669.0,Esarhaddon,Neo-Assyrian,Kuyunjik (Nineveh),ORCC,None,644.679960220195,657.1196907672253,657.9336870632662,655.0301888808754,621.7852162492277,660.268933093613,629.5769138657467,18,18,18,18,18,18,18
Q003384,669.0,Esarhaddon,Neo-Assyrian,Kuyunjik (Nineveh),ORCC,None,654.9544658844437,681.7473180767577,651.7383034835298,622.2031701238567,628.1550050866647,670.9115808298536,638.5012039882776,26,26,26,26,26,26,26
Q003385,669.0,Esarhaddon,Neo-Assyrian,Kuyunjik (Nineveh),ORCC,None,649.262555989052,625.0859619296563,602.1348062511445,678.8623295584588,668.9020395151891,676.986344570031,680.1844759159032,14,14,14,14,14,14,14
Q003386,669.0,Esarhaddon,Neo-Assyrian,Kuyunjik (Nineveh),ORCC,None,644.8382327925088,661.1585022031535,670.4898901480099,656.9205359076308,639.9651410828661,655.4641768845887,648.0541739766211,24,24,24,24,24,24,24
Q003387,669.0,Esarhaddon,Neo-Assyrian,Kuyunjik (Nineveh),ORCC,None,659.8950400739421,657.8934132101602,637.9606028488555,629.5332982139809,633.0099424687264,622.9580865720204,640.9632881198996,26,26,26,26,26,26,26
Q003388,669.0,Esarhaddon,Neo-Assyrian,Kuyunjik (Nineveh),ORCC,None,651.5569467825342,667.9133366303777,641.4229850334551,655.4792900914423,646.2533621249715,653.8512387301479,632.7811117278277,26,26,26,26,26,26,26
Q003389,669.0,Esarhaddon,Neo-Assyrian,Kuyunjik (Nineveh),ORCC,None,649.0237792832049,681.6528633882389,646.5689745478928,682.8428544848671,652.0893989239754,673.2213989640845,660.5328827636353,27,27,27,27,27,27,27
Q003390,669.0,Esarhaddon,Neo-Assyrian,Kuyunjik (Nineveh),ORCC,None,621.6466617274936,616.9042370581483,597.793705560681,635.9761844614749,629.9394177403251,633.2166833822114,632.8567849109727,27,27,27,27,27,27,27
Q003391,669.0,Esarhaddon,Neo-Assyrian,Kuyunjik (Nineveh),ORCC,None,649.9604487073947,637.9154808011782,623.0191979718845,717.677045968182,674.369566331844,643.406478256789,657.1412489461063,21,21,21,21,21,21,21
Q003392,669.0,Esarhaddon,Neo-Assyrian,Kuyunjik (Nineveh),ORCC,None,623.7265672250329,638.3093294526979,664.0646270158732,645.5004627629382,643.0494766469247,649.9171513888925,613.0072630575172,24,24,24,24,24,24,24
Q003394,669.0,Esarhaddon,Neo-Assyrian,Kuyunjik (Nineveh),ORCC,vessel,684.9683823282146,699.4662230572657,720.8235425742284,660.6749831495707,674.1842737974714,676.8770199347002,705.561424884949,26,26,26,26,26,26,26
Q003395,669.0,Esarhaddon,Neo-Assyrian,Kuyunjik (Nineveh),ORCC,vessel,663.1771158966851,666.420292726491,680.7004511390319,650.5793294468502,654.0789273667494,656.1710136449918,685.1986630821839,19,19,19,19,19,19,19
Q003396,669.0,Esarhaddon,Neo-Assyrian,Kuyunjik (Nineveh),ORCC,vessel,687.5304190954977,702.1729270719395,746.6011620802192,659.9637279803466,665.8481345787962,673.4932271572914,679.697224288383,23,23,23,23,23,23,23
Q003397,669.0,Esarhaddon,Neo-Assyrian,Kuyunjik (Nineveh),ORCC,vessel,690.257028491436,712.4762290418054,750.9116232655459,661.8284265571514,667.7443089744962,674.704145539719,684.2227613002932,24,24,24,24,24,24,24
Q003398,669.0,Esarhaddon,Neo-Assyrian,Kuyunjik (Nineveh),ORCC,vessel,660.7914361372378,664.7898342407849,670.789448595382,644.8524841365314,643.0580746511188,652.5358188728204,678.8400621716188,28,28,28,28,28,28,28
Q003399,669.0,Esarhaddon,Neo-Assyrian,Kuyunjik (Nineveh),ORCC,vessel,661.4476858443662,654.7624534421418,688.3612989721356,651.3542341186302,650.2360895408062,656.3704251127956,682.218613930924,28,28,28,28,28,28,28
Q003400,669.0,Esarhaddon,Neo-Assyrian,Kuyunjik (Nineveh),ORCC,vessel,654.64591476424,604.5959757316649,680.496624362599,650.7531800939609,646.3577126517256,651.6413604860177,605.576549529632,22,22,22,22,22,22,22
Q003401,669.0,Esarhaddon,Neo-Assyrian,Kuyunjik (Nineveh),ORCC,vessel,666.931425287811,688.0065295559386,667.6101478538939,651.1917281788817,654.3531400050011,658.6581266682753,702.7796360842668,25,25,25,25,25,25,25
Q003403,669.0,Esarhaddon,Neo-Assyrian,Assyria,ORCC,bead,672.8638532387649,682.4867590140886,716.4140097993787,663.3001004342818,659.4167202407178,663.9814049420607,649.7098054793661,24,24,24,24,24,24,24
Q003404,669.0,Esarhaddon,Neo-Assyrian,Qalat Sherqat (Assur),ORCC,block,673.0065905264787,690.0757778692215,681.6123766703016,673.5689663115826,663.5393402728591,666.2125961160482,648.1985564234967,22,22,22,22,22,22,22
Q003405,669.0,Esarhaddon,Neo-Assyrian,Kuyunjik (Nineveh),ORCC,prism,690.5212797746767,685.1899544507781,699.5049281597277,735.9305349686658,767.4157051625815,762.7227034903711,686.6678915857802,21,21,21,21,21,21,21
Q003406,669.0,Esarhaddon,Neo-Assyrian,Kuyunjik (Nineveh),ORCC,cylinder,695.0834282124587,694.1253519721552,716.3130483536195,756.2898095875616,771.7714482602821,772.4724214346685,678.8579117088267,28,28,28,28,28,28,28
Q003407,669.0,Esarhaddon,Neo-Assyrian,Kuyunjik (Nineveh),ORCC,None,649.0979667015891,662.6273396077846,663.6771887956613,683.4799570093757,663.6392565177766,652.3353843325114,655.6034254499617,23,23,23,23,23,23,23
Q003408,669.0,Esarhaddon,Neo-Assyrian,Kuyunjik (Nineveh),ORCC,None,684.0161141865425,683.3673313556277,708.0758503548809,674.2989877120375,704.0101008811308,664.5940958458502,669.9148481437641,31,31,31,31,31,31,31
Q003409,669.0,Esarhaddon,Neo-Assyrian,Assyria,ORCC,bead,653.8818686661107,671.6854560289356,645.986082254342,655.5632254430595,645.1041433249853,641.5214608802926,656.2154993654076,21,21,21,21,21,21,21
Q003410,669.0,Esarhaddon,Neo-Assyrian,Assyria,ORCC,bead,651.1809309501364,673.023060252826,647.0278750257498,674.9792668108004,657.1671932181588,642.9057284991349,665.9188158033676,22,22,22,22,22,22,22
Q003411,669.0,Esarhaddon,Neo-Assyrian,Assyria,ORCC,bead,660.8543467015406,683.6325627382863,722.9100717422027,650.9029633858567,649.7752941911755,649.2989383576191,635.5379682191789,30,30,30,30,30,30,30
Q003412,669.0,Esarhaddon,Neo-Assyrian,Assyria,ORCC,plating,656.5052904574385,651.1026508377703,658.6522010548764,647.4505509442166,620.2224515695907,623.691026393456,622.4765052883716,23,23,23,23,23,23,23
Q003414,727.0,Tiglath-pileser III,Neo-Assyrian,Nimrud (Kalhu),ORCC,wall slab (with reliefs),649.6091222132612,629.5250045788814,643.5704178933423,656.3625092338767,631.6826926221663,632.4285857725552,654.4024443078893,62,62,62,62,62,62,62
Q003415,727.0,Tiglath-pileser III,Neo-Assyrian,Nimrud (Kalhu),ORCC,wall slab (with reliefs),641.8633416598107,649.7482474751879,663.2081566192564,666.1112677200307,655.3287054203964,656.6435978727258,664.8286965822521,59,59,59,59,59,59,59
Q003416,727.0,Tiglath-pileser III,Neo-Assyrian,Nimrud (Kalhu),ORCC,wall slab (with reliefs),654.8079660039714,652.4561401311374,683.5592291488522,660.4643582182074,656.7645773414692,658.4998931897608,675.8479043924198,42,42,42,42,42,42,42
Q003417,727.0,Tiglath-pileser III,Neo-Assyrian,Nimrud (Kalhu),ORCC,wall slab (with reliefs),649.1661063957046,648.6191060449587,664.1283104146804,586.3685049748407,635.9236452551227,660.0186248823977,637.0775591187081,59,59,59,59,59,59,59
Q003418,727.0,Tiglath-pileser III,Neo-Assyrian,Nimrud (Kalhu),ORCC,wall slab (with reliefs),659.4665095762349,639.8884795383274,650.0306921348391,663.7214710291715,633.4644471874702,657.2201113181734,652.3807377048232,44,44,44,44,44,44,44
Q003419,727.0,Tiglath-pileser III,Neo-Assyrian,Nimrud (Kalhu),ORCC,wall slab (with reliefs),667.2465436020834,645.2408594556725,677.1993682055349,659.1845529207931,660.7831328958293,651.0392723510755,664.2243900473703,59,59,59,59,59,59,59
Q003420,727.0,Tiglath-pileser III,Neo-Assyrian,Nimrud (Kalhu),ORCC,wall slab (with reliefs),654.5955322476767,641.223208179509,661.9254485469776,646.7615026979508,655.3146695373599,621.9835519568769,628.1696117318069,58,58,58,58,58,58,58
Q003421,727.0,Tiglath-pileser III,Neo-Assyrian,Nimrud (Kalhu),ORCC,wall slab (with reliefs),662.3782973690687,661.9602779318835,671.9748567073724,669.3897010324298,632.6545935075557,659.9403467808462,665.7275592150573,53,53,53,53,53,53,53
Q003422,727.0,Tiglath-pileser III,Neo-Assyrian,Nimrud (Kalhu),ORCC,wall slab (with reliefs),651.6571247067639,663.3666966430611,676.4096837297755,658.619791649336,676.5409944705201,661.4704969582033,662.6652128156211,53,53,53,53,53,53,53
Q003423,727.0,Tiglath-pileser III,Neo-Assyrian,Nimrud (Kalhu),ORCC,wall slab (with reliefs),641.3214592620456,640.0958185688218,648.9384692387197,661.1295005437022,638.8157204240974,644.8922951647634,642.6875515582932,64,64,64,64,64,64,64
Q003424,727.0,Tiglath-pileser III,Neo-Assyrian,Nimrud (Kalhu),ORCC,wall slab (with reliefs),648.7519130153117,677.3118124895244,685.1904747504448,640.7396577522126,656.1185458255108,657.5481592227168,634.685142271703,59,59,59,59,59,59,59
Q003425,727.0,Tiglath-pileser III,Neo-Assyrian,Nimrud (Kalhu),ORCC,wall slab (with reliefs),660.5053278587936,676.0509045871496,682.0843253553039,675.6451094081688,637.7725899140703,678.8662189482541,653.7634849703576,58,58,58,58,58,58,58
Q003426,727.0,Tiglath-pileser III,Neo-Assyrian,Nimrud (Kalhu),ORCC,wall slab (with reliefs),655.3750284843295,656.9106161073566,669.4782547462954,621.9074571359862,655.0066293213546,646.804443804187,672.7477929053088,66,66,66,66,66,66,66
Q003427,727.0,Tiglath-pileser III,Neo-Assyrian,Nimrud (Kalhu),ORCC,wall slab (with reliefs),651.3108509444087,665.9850688613657,672.3973383842434,621.8259712422995,634.4269889004045,657.0173268979554,638.4379008239594,65,65,65,65,65,65,65
Q003428,727.0,Tiglath-pileser III,Neo-Assyrian,Nimrud (Kalhu),ORCC,wall slab (with reliefs),646.7528069797088,677.0308141306268,671.2941251084499,638.3064935677639,632.8639795245293,654.7701029379834,662.2290355331288,58,58,58,58,58,58,58
Q003429,727.0,Tiglath-pileser III,Neo-Assyrian,Nimrud (Kalhu),ORCC,wall slab (with reliefs),659.1963644344261,658.5934725456734,667.2797784869263,640.493946766784,632.3872336459267,655.3745594661634,676.6104767166863,54,54,54,54,54,54,54
Q003430,727.0,Tiglath-pileser III,Neo-Assyrian,Nimrud (Kalhu),ORCC,wall slab (with reliefs),657.0771220217047,641.9627765376606,671.3878978749302,623.8305574003475,633.7919612143214,654.8248181722851,650.3143493321429,50,50,50,50,50,50,50
Q003431,727.0,Tiglath-pileser III,Neo-Assyrian,Nimrud (Kalhu),ORCC,wall slab (with reliefs),651.9435912532285,653.9760490200772,660.0879734521556,633.5842169840578,640.1382069587271,631.980393105808,632.3956370822186,52,52,52,52,52,52,52
Q003432,727.0,Tiglath-pileser III,Neo-Assyrian,Nimrud (Kalhu),ORCC,wall slab (with reliefs),659.9798523743437,666.9621238905751,639.7882088282729,656.380876964226,621.4051982964475,672.7335974706157,654.0696647212276,50,50,50,50,50,50,50
Q003433,727.0,Tiglath-pileser III,Neo-Assyrian,Nimrud (Kalhu),ORCC,wall slab (with reliefs),656.8875069709935,646.8352851469908,663.042844239531,659.5160942640232,657.8247435337884,675.1897428783006,662.7792042008596,51,51,51,51,51,51,51
Q003434,727.0,Tiglath-pileser III,Neo-Assyrian,Nimrud (Kalhu),ORCC,wall slab (with reliefs),645.5292449497152,675.2941523881838,677.1321993564292,683.4938588102002,643.7088627273748,681.4827537506787,643.2526242246145,60,60,60,60,60,60,60
Q003435,727.0,Tiglath-pileser III,Neo-Assyrian,Nimrud (Kalhu),ORCC,wall slab (with reliefs),651.5025947618099,668.6332118223318,677.7727597217203,650.7828671110966,655.0388481978439,666.7884818326303,641.8337416981661,68,68,68,68,68,68,68
Q003436,727.0,Tiglath-pileser III,Neo-Assyrian,Nimrud (Kalhu),ORCC,wall slab (with reliefs),647.6202093291625,650.473362724838,684.9186801909804,639.4915345943089,651.1216510739911,657.8797743870376,653.2232552211723,51,51,51,51,51,51,51
Q003437,727.0,Tiglath-pileser III,Neo-Assyrian,Nimrud (Kalhu),ORCC,wall slab (with reliefs),661.3904609647002,660.3488717109748,677.6452481595493,652.2760664655856,646.9092014461162,651.0421775596457,621.9908729247815,54,54,54,54,54,54,54
Q003438,727.0,Tiglath-pileser III,Neo-Assyrian,Nimrud (Kalhu),ORCC,wall slab (with reliefs),657.296363607003,679.504021732373,683.8336617887625,628.2881153966362,665.1853212999011,660.9026305044641,681.2566802279806,48,48,48,48,48,48,48
Q003439,727.0,Tiglath-pileser III,Neo-Assyrian,Nimrud (Kalhu),ORCC,wall slab (with reliefs),648.2452521444252,652.3494465481867,674.8255301348026,643.3259600852078,633.5175651855026,665.2132090157949,646.7065720984127,58,58,58,58,58,58,58
Q003440,727.0,Tiglath-pileser III,Neo-Assyrian,Nimrud (Kalhu),ORCC,wall slab (with reliefs),666.2330329393678,669.646259920982,671.8918447087984,628.4806245489415,636.240118960281,659.931009397061,649.522482632031,47,47,47,47,47,47,47
Q003441,727.0,Tiglath-pileser III,Neo-Assyrian,Nimrud (Kalhu),ORCC,wall slab (with reliefs),659.6995555104451,649.5242648804708,682.0501260909002,635.7663761572624,662.7176587963895,649.8152715118614,655.5517315279321,71,71,71,71,71,71,71
Q003443,727.0,Tiglath-pileser III,Neo-Assyrian,Nimrud (Kalhu),ORCC,wall slab (with reliefs),663.590726700509,660.6055677943481,687.313393283907,632.6060516066937,631.2570605754441,642.7191327793369,628.1914576946878,67,67,67,67,67,67,67
Q003444,727.0,Tiglath-pileser III,Neo-Assyrian,Nimrud (Kalhu),ORCC,wall slab (with reliefs),660.2850539246386,657.3897699792765,671.9688317557082,639.9626440305384,600.7059679757728,638.7505733498582,635.3931283872613,54,54,54,54,54,54,54
Q003445,727.0,Tiglath-pileser III,Neo-Assyrian,Nimrud (Kalhu),ORCC,wall slab (with reliefs),652.4150285299892,674.5865154767622,673.889082196036,645.7486229522926,667.6224246929177,651.4166200745935,643.853763332698,60,60,60,60,60,60,60
Q003448,727.0,Tiglath-pileser III,Neo-Assyrian,Luristan,ORCC,stele,652.870353728607,665.4991285027685,671.5516624907816,681.3974016661135,677.6043810965666,681.9841893646934,675.1357477806043,55,55,55,55,55,55,55
Q003449,727.0,Tiglath-pileser III,Neo-Assyrian,Nimrud (Kalhu),ORCC,anthropomorphic statue,650.8641937854068,667.927365684516,672.5153112323402,671.7580701410865,667.4502541900574,654.8796735757523,647.4001642462598,57,57,57,57,57,57,57
Q003450,727.0,Tiglath-pileser III,Neo-Assyrian,Mila Mergi,ORCC,rock face,649.5794122129221,646.0911547204055,643.3785817507805,664.941816541915,663.7694440033808,653.4911878882161,671.6854470182468,62,62,62,62,62,62,62
Q003451,727.0,Tiglath-pileser III,Neo-Assyrian,Qalat Sherqat (Assur),ORCC,uncertain,655.9355136731439,671.8988491602798,687.069411178588,645.0635577831711,655.3609474913079,649.9113289536156,642.8746313675131,58,58,58,58,58,58,58
Q003452,727.0,Tiglath-pileser III,Neo-Assyrian,Nimrud (Kalhu),ORCC,slab,656.010893005006,659.4428404244626,701.0181172976286,690.0996025187499,679.247377547457,671.6749298641197,693.5898814644088,59,59,59,59,59,59,59
Q003453,727.0,Tiglath-pileser III,Neo-Assyrian,Nimrud (Kalhu),ORCC,slab,652.2465502074209,656.8381752472782,674.8476809355667,665.2736993349623,669.5895431258722,659.8964443599004,667.9658829875932,51,51,51,51,51,51,51
Q003454,727.0,Tiglath-pileser III,Neo-Assyrian,Nimrud (Kalhu),ORCC,slab,663.4428740366643,657.0698594329538,665.3588675156839,651.7036690033908,621.4790440649638,640.4112616876484,649.4930195933674,54,54,54,54,54,54,54
Q003455,727.0,Tiglath-pileser III,Neo-Assyrian,Nimrud (Kalhu),ORCC,slab,641.0753678587965,639.1530320348448,658.5880549012459,621.5509188302307,653.7499628680996,645.8685324910815,651.7789618381643,52,52,52,52,52,52,52
Q003456,727.0,Tiglath-pileser III,Neo-Assyrian,Nimrud (Kalhu),ORCC,slab,642.9795164736993,622.3590766266746,656.8820259842136,651.1239957437002,619.6998258749271,631.8123852882896,651.6056066120904,59,59,59,59,59,59,59
Q003457,727.0,Tiglath-pileser III,Neo-Assyrian,Nimrud (Kalhu),ORCC,slab,650.6839919707377,658.5488309224737,666.9672027851681,658.7898428607352,647.2041064689279,659.0972531543719,638.9888278439165,54,54,54,54,54,54,54
Q003458,727.0,Tiglath-pileser III,Neo-Assyrian,Nimrud (Kalhu),ORCC,slab,652.6286183745176,662.2981740078471,676.7708070108627,638.9201919322551,623.1524126584051,642.874890204025,671.6087437970348,61,61,61,61,61,61,61
Q003459,727.0,Tiglath-pileser III,Neo-Assyrian,Nimrud (Kalhu),ORCC,None,642.6481890923815,647.0014242251731,651.9127374363801,673.6157589502773,673.4763707161942,648.5835164950973,672.4472474048115,51,51,51,51,51,51,51
Q003460,727.0,Tiglath-pileser III,Neo-Assyrian,Nimrud (Kalhu),ORCC,None,663.896496520991,665.1046059306565,690.9021067214071,663.1146495815105,675.818150821315,665.4884303011321,672.1169923753761,43,43,43,43,43,43,43
Q003461,727.0,Tiglath-pileser III,Neo-Assyrian,Nimrud (Kalhu),ORCC,None,651.7019342209427,654.3480252167398,652.2305428541488,656.0437457847704,641.393702934429,659.1393448023512,643.7269956166907,50,50,50,50,50,50,50
Q003462,727.0,Tiglath-pileser III,Neo-Assyrian,Nimrud (Kalhu),ORCC,None,639.659299546431,654.5188903248238,666.7672247711811,671.7482844608098,648.3144100438266,659.6116568462573,659.5332799223331,60,60,60,60,60,60,60
Q003463,727.0,Tiglath-pileser III,Neo-Assyrian,Nimrud (Kalhu),ORCC,None,652.8745281294198,642.1675237875887,667.2073335884896,624.9946176171142,631.1094405902942,627.2661370118622,667.2341760886834,60,60,60,60,60,60,60
Q003464,727.0,Tiglath-pileser III,Neo-Assyrian,Nimrud (Kalhu),ORCC,None,662.1527887347347,665.8178407232464,691.0975079037532,666.0564201606337,677.6481550501388,663.2352055284091,668.7918865555454,51,51,51,51,51,51,51
Q003465,727.0,Tiglath-pileser III,Neo-Assyrian,Nimrud (Kalhu),ORCC,None,661.8976735336327,664.777532652615,687.692901907777,663.9058840777933,675.8571325641876,663.3762903545482,669.3853517242649,51,51,51,51,51,51,51
Q003466,727.0,Tiglath-pileser III,Neo-Assyrian,Arslan Tash (Ḫadatu),ORCC,bull colossus,659.5526672855829,661.9522095062566,684.6616170334197,644.8101550097804,662.2279474927351,677.485634004864,674.182379475257,45,45,45,45,45,45,45
Q003467,727.0,Tiglath-pileser III,Neo-Assyrian,Qalat Sherqat (Assur),ORCC,block,655.4376970642967,668.9217691836149,660.4579020748355,645.6966730437198,636.645853258968,647.1609817308173,634.7066664345426,64,64,64,64,64,64,64
Q003468,727.0,Tiglath-pileser III,Neo-Assyrian,Nimrud (Kalhu),ORCC,wall slab (with reliefs),657.1938791284683,621.7022929957799,670.8454603003099,650.1191663221542,650.641394001625,655.3734200558223,655.0813172906132,66,66,66,66,66,66,66
Q003469,727.0,Tiglath-pileser III,Neo-Assyrian,Nimrud (Kalhu),ORCC,wall slab (with reliefs),652.6400946716714,663.0776649551841,635.6062931580248,650.3657951692509,651.0809710397699,656.6893337672722,651.8466559597586,69,69,69,69,69,69,69
Q003470,727.0,Tiglath-pileser III,Neo-Assyrian,Nimrud (Kalhu),ORCC,wall slab (with reliefs),657.4594336993075,655.8732469814656,633.1136275933878,651.895537429558,648.1423136005628,650.2224531360165,661.451260960069,61,61,61,61,61,61,61
Q003471,727.0,Tiglath-pileser III,Neo-Assyrian,Qalat Sherqat (Assur),ORCC,brick,658.7103994305876,681.195165677106,681.1783503341538,660.5417447184903,661.2529604257833,658.4799860068016,671.5307081617998,43,43,43,43,43,43,43
Q003472,727.0,Tiglath-pileser III,Neo-Assyrian,Qalat Sherqat (Assur),ORCC,brick,652.1066004843793,664.432329120886,682.5359212776457,656.8383025413364,665.1103929353134,659.6840220405676,662.449491100735,58,58,58,58,58,58,58
Q003473,727.0,Tiglath-pileser III,Neo-Assyrian,Qalat Sherqat (Assur),ORCC,brick,655.8969270991855,684.5446091288852,691.6952147358578,662.3452605128624,666.8714379089587,657.6722898016908,667.0867486530633,68,68,68,68,68,68,68
Q003474,727.0,Tiglath-pileser III,Neo-Assyrian,Nimrud (Kalhu),ORCC,duck weight,649.8216480992123,681.3161861349643,670.191903624961,657.0840179196099,662.2356228325704,654.3990520077224,663.8317849661954,50,50,50,50,50,50,50
Q003475,681.0,Sennacherib,Neo-Assyrian,Kuyunjik (Nineveh),ORCC,cylinder,634.0320783939569,654.5653774118357,644.9155031747003,664.2173014127535,668.7663063083594,649.6475475583154,672.7369602082712,14,14,14,14,14,14,14
Q003476,681.0,Sennacherib,Neo-Assyrian,Kuyunjik (Nineveh),ORCC,cylinder,628.1125960392199,655.6594565276504,646.4696772487479,666.5082248830413,683.8875698891031,653.5061302866303,674.1196364349322,23,23,23,23,23,23,23
Q003477,681.0,Sennacherib,Neo-Assyrian,Kuyunjik (Nineveh),ORCC,cylinder,621.4791727029856,651.913229538011,646.132531706559,662.7787092181319,671.3019480738947,649.1327838963947,671.6884522345075,17,17,17,17,17,17,17
Q003478,681.0,Sennacherib,Neo-Assyrian,Kuyunjik (Nineveh),ORCC,cylinder,628.0009319878711,651.8377324787275,649.7658610615424,670.7644134044056,677.5069424340792,644.3832447340604,661.8169605757541,13,13,13,13,13,13,13
Q003479,681.0,Sennacherib,Neo-Assyrian,Kuyunjik (Nineveh),ORCC,cylinder,642.8297576118273,649.6595892035577,660.2835654979929,674.1841640499568,695.372376442292,639.8568146325304,669.1678416693305,13,13,13,13,13,13,13
Q003481,681.0,Sennacherib,Neo-Assyrian,Kuyunjik (Nineveh),ORCC,cylinder,623.5493684681147,598.1274568727498,627.2838459482522,647.2342116435888,650.5010738486709,611.7921274646288,612.5712502188173,23,23,23,23,23,23,23
Q003482,681.0,Sennacherib,Neo-Assyrian,Kuyunjik (Nineveh),ORCC,cylinder,628.20721219241,648.8216958812984,645.4974162518079,675.2592296309127,685.2136038558456,641.2522259514794,670.912348937301,22,22,22,22,22,22,22
Q003483,681.0,Sennacherib,Neo-Assyrian,Kuyunjik (Nineveh),ORCC,cylinder,627.3263021259187,652.9902971726682,645.983151702236,655.6109626592391,674.9708633575864,651.76516546821,670.0338298973472,20,20,20,20,20,20,20
Q003484,681.0,Sennacherib,Neo-Assyrian,Kuyunjik (Nineveh),ORCC,cylinder,664.0527555024868,668.444172635808,709.8212011846807,699.9469609408228,686.1962064352463,674.0565431492223,643.8842378960013,17,17,17,17,17,17,17
Q003485,681.0,Sennacherib,Neo-Assyrian,Kuyunjik (Nineveh),ORCC,cylinder,663.0577159232631,675.7616308438139,702.8474752362104,691.1401648855863,692.3738240768273,675.4313716230555,633.914958571115,32,32,32,32,32,32,32
Q003486,681.0,Sennacherib,Neo-Assyrian,Kuyunjik (Nineveh),ORCC,cylinder,663.5829402272926,682.6517020328599,703.4918400926547,694.8406937424554,687.82061116775,676.5930265936709,635.6399369188435,16,16,16,16,16,16,16
Q003487,681.0,Sennacherib,Neo-Assyrian,Kuyunjik (Nineveh),ORCC,cylinder,660.434096654639,672.0978471450396,703.506026153691,678.8913153315932,691.0327691157265,673.348213873501,691.2195781424459,20,20,20,20,20,20,20
Q003489,681.0,Sennacherib,Neo-Assyrian,Kuyunjik (Nineveh),ORCC,prism,648.8333230896616,653.6912260780992,667.7080747113208,667.5702524921335,690.4117797987104,645.169965212994,681.6823220521089,14,14,14,14,14,14,14
Q003490,681.0,Sennacherib,Neo-Assyrian,Kuyunjik (Nineveh),ORCC,prism,647.6907732876273,647.7959910921825,656.476891500578,671.4057484542127,695.2549142959901,653.812731995926,681.0400587714275,17,17,17,17,17,17,17
Q003491,681.0,Sennacherib,Neo-Assyrian,Kuyunjik (Nineveh),ORCC,prism,648.2095487088711,654.0123713677758,656.0434048952259,682.0769533712016,702.8488992468033,655.8013001152921,673.6584461364209,18,18,18,18,18,18,18
Q003492,681.0,Sennacherib,Neo-Assyrian,Kuyunjik (Nineveh),ORCC,prism,645.3985143151783,650.6695844551629,675.9383811973915,592.1102653459329,631.1036005471695,614.8171715174442,631.5125489941961,18,18,18,18,18,18,18
Q003493,681.0,Sennacherib,Neo-Assyrian,Kuyunjik (Nineveh),ORCC,prism,660.9275415030874,673.0403559192971,673.2813658729069,652.7310253703562,641.9014071660127,657.5696426863998,667.7342731298752,19,19,19,19,19,19,19
Q003494,681.0,Sennacherib,Neo-Assyrian,Kuyunjik (Nineveh),ORCC,prism,662.5742000550895,660.0845085897241,672.1388966706144,629.4219699458152,649.1751577296059,638.8700314559161,640.9375132314333,24,24,24,24,24,24,24
Q003495,681.0,Sennacherib,Neo-Assyrian,Kuyunjik (Nineveh),ORCC,prism,654.9160412345,676.8059275121852,678.4527890354884,659.0884753143357,654.4379221164925,686.9622218598792,642.764709715039,21,21,21,21,21,21,21
Q003496,681.0,Sennacherib,Neo-Assyrian,Kuyunjik (Nineveh),ORCC,prism,645.9752835129286,647.7748793823025,655.1971609189737,676.3595016267315,695.6125570259985,647.2502086042817,679.5085312834132,20,20,20,20,20,20,20
Q003497,681.0,Sennacherib,Neo-Assyrian,Kuyunjik (Nineveh),ORCC,prism,648.0078835038174,648.4939488026934,656.2202777455766,672.7670166202422,694.5152652637291,651.7042613730343,667.0023072250164,26,26,26,26,26,26,26
Q003498,681.0,Sennacherib,Neo-Assyrian,Kuyunjik (Nineveh),ORCC,prism,644.1315998506357,644.0439819688231,653.5225941644883,674.0467662460921,689.6055038676168,646.2375760284789,669.5282822918306,18,18,18,18,18,18,18
Q003499,681.0,Sennacherib,Neo-Assyrian,Kuyunjik (Nineveh),ORCC,prism,634.9885867837735,669.5747451764211,701.1072921303867,646.4931219412756,629.4742694451832,637.7788080486037,659.8446124930942,21,21,21,21,21,21,21
Q003500,681.0,Sennacherib,Neo-Assyrian,Kuyunjik (Nineveh),ORCC,prism,671.5136106135443,684.8233323257796,690.2592220621336,704.3332005973825,676.8194578063268,695.4741032035417,623.1174005879483,15,15,15,15,15,15,15
Q003501,681.0,Sennacherib,Neo-Assyrian,Kuyunjik (Nineveh),ORCC,prism,639.0447949818831,652.3756096283219,663.7393912453178,675.646821374041,679.8118012613143,652.7057594569494,680.441618042452,16,16,16,16,16,16,16
Q003502,681.0,Sennacherib,Neo-Assyrian,Kuyunjik (Nineveh),ORCC,prism,670.9982091583473,677.2306717820608,661.1890633569489,644.2987754521102,637.1400191054,653.0559600287124,640.0740759726718,19,19,19,19,19,19,19
Q003503,681.0,Sennacherib,Neo-Assyrian,Kuyunjik (Nineveh),ORCC,prism,645.976633502953,664.4124311810364,645.2122036135627,681.6777499222692,692.5113079860793,697.5502406980883,671.4498330539341,17,17,17,17,17,17,17
Q003504,681.0,Sennacherib,Neo-Assyrian,Kuyunjik (Nineveh),ORCC,prism,650.8738512900383,588.0945484471515,617.5426664082108,640.255008657604,628.7671849615083,624.019401842828,621.5099853815591,14,14,14,14,14,14,14
Q003505,681.0,Sennacherib,Neo-Assyrian,Kuyunjik (Nineveh),ORCC,prism,643.5284506838839,647.1494714375664,669.8734967830367,643.0461025433577,651.6815613949232,621.5839979359984,641.6517402994152,13,13,13,13,13,13,13
Q003506,681.0,Sennacherib,Neo-Assyrian,Kuyunjik (Nineveh),ORCC,prism,661.3454136988714,636.2759692878801,649.5288707600296,613.8517999617314,628.3250369065763,640.9568456436938,633.0920267680159,14,14,14,14,14,14,14
Q003508,681.0,Sennacherib,Neo-Assyrian,Kuyunjik (Nineveh),ORCC,None,644.6840839676263,660.9129540840044,665.2699723755551,697.7235526655148,689.7034942861004,687.6174690778453,698.5301043624128,14,14,14,14,14,14,14
Q003509,681.0,Sennacherib,Neo-Assyrian,Kuyunjik (Nineveh),ORCC,None,664.7180427918476,669.7606124759469,677.6783620701716,689.8349181330578,676.5995647903014,726.2228087620099,711.5001246758452,13,13,13,13,13,13,13
Q003510,681.0,Sennacherib,Neo-Assyrian,Kuyunjik (Nineveh),ORCC,None,656.7361151397288,635.7415533066098,628.278446566776,694.9017253445322,685.1792892344829,677.7929720342474,669.5498155132511,17,17,17,17,17,17,17
Q003511,681.0,Sennacherib,Neo-Assyrian,Kuyunjik (Nineveh),ORCC,None,670.3014040876878,657.9693849146425,663.9044437488352,705.523685391483,706.3903954769806,689.513945860139,689.4870448140201,12,12,12,12,12,12,12
Q003512,681.0,Sennacherib,Neo-Assyrian,Kuyunjik (Nineveh),ORCC,stele,647.6886004723002,660.4096023190243,651.7924450372034,696.7858199983506,687.678580860432,673.7554302333073,691.7226377493348,20,20,20,20,20,20,20
Q003513,681.0,Sennacherib,Neo-Assyrian,Kuyunjik (Nineveh),ORCC,human-headed bull colossus,680.834033554005,661.8255788117358,690.8687278354697,709.5535291710506,691.1507464397497,699.4705689083121,651.7649997844715,21,21,21,21,21,21,21
Q003514,681.0,Sennacherib,Neo-Assyrian,Kuyunjik (Nineveh),ORCC,human-headed lion colossus,613.7948117839353,620.6987638787557,595.4040279469576,662.0877745581789,628.6113032260939,645.5926398768689,666.3139221257558,21,21,21,21,21,21,21
Q003515,681.0,Sennacherib,Neo-Assyrian,Kuyunjik (Nineveh),ORCC,human-headed bull colossus,650.6619669447648,661.0695975765833,656.1277357086736,678.4505341308928,646.7918503132496,627.3822600076863,637.069931153329,19,19,19,19,19,19,19
Q003516,681.0,Sennacherib,Neo-Assyrian,Kuyunjik (Nineveh),ORCC,human-headed bull colossus,676.6152428922414,641.373674401538,678.4434847151193,673.5305928825956,676.0659382666352,669.4342160780797,661.2817482204725,17,17,17,17,17,17,17
Q003517,681.0,Sennacherib,Neo-Assyrian,Kuyunjik (Nineveh),ORCC,human-headed bull colossus,650.528182732364,664.0783204091389,669.8311516869561,695.4750443329618,663.1057292053279,695.775900913747,695.2289799735848,19,19,19,19,19,19,19
Q003518,681.0,Sennacherib,Neo-Assyrian,Kuyunjik (Nineveh),ORCC,human-headed bull colossus,678.7582789582966,663.3098261349146,689.8636926097919,717.7671772089076,690.9786553788946,699.6922881547141,651.9623685887913,19,19,19,19,19,19,19
Q003519,681.0,Sennacherib,Neo-Assyrian,Kuyunjik (Nineveh),ORCC,human-headed bull colossus,652.7865708862813,652.4469286358828,696.3103536119337,689.4540316632449,628.3206523036453,641.8640874310529,659.9125647583817,14,14,14,14,14,14,14
Q003520,681.0,Sennacherib,Neo-Assyrian,Kuyunjik (Nineveh),ORCC,human-headed bull colossus,662.867794116328,661.485478002939,708.2722019401687,679.9637866470628,687.794486068606,674.9334617175222,693.2262412796559,18,18,18,18,18,18,18
Q003521,681.0,Sennacherib,Neo-Assyrian,Kuyunjik (Nineveh),ORCC,human-headed bull colossus,664.1865077781003,651.1940563837063,658.2218238776643,663.0680888581905,645.1443881345558,668.8042461790213,624.6676609622117,19,19,19,19,19,19,19
Q003523,681.0,Sennacherib,Neo-Assyrian,Kuyunjik (Nineveh),ORCC,human-headed bull colossus,652.8848135801472,664.390324199953,666.5865449763575,688.6007833838986,668.0113522298589,695.936843217392,693.0618983540809,24,24,24,24,24,24,24
Q003524,681.0,Sennacherib,Neo-Assyrian,Kuyunjik (Nineveh),ORCC,human-headed bull colossus,646.2986448768155,663.7098496277474,669.1004772941606,677.6198510195536,660.6195814406964,685.2714466077691,698.0751439448145,19,19,19,19,19,19,19
Q003525,681.0,Sennacherib,Neo-Assyrian,Kuyunjik (Nineveh),ORCC,human-headed lion colossus,632.1513865061669,689.6004468990542,660.76377905091,679.0869937440372,682.2951773573667,675.2986157906136,649.899831781444,14,14,14,14,14,14,14
Q003526,681.0,Sennacherib,Neo-Assyrian,Kuyunjik (Nineveh),ORCC,human-headed bull colossus,655.5644815686263,635.7922136869976,637.7506685589924,690.258435031133,663.9407026199531,657.5965360241031,680.8253285443724,16,16,16,16,16,16,16
Q003527,681.0,Sennacherib,Neo-Assyrian,Kuyunjik (Nineveh),ORCC,wall slab (with reliefs),641.8996793010981,660.705937654059,698.7225719446456,661.8174416346362,656.8848217884987,675.6499625597945,683.2140996852211,11,11,11,11,11,11,11
Q003528,681.0,Sennacherib,Neo-Assyrian,Kuyunjik (Nineveh),ORCC,wall slab (with reliefs),650.1379344117042,693.6770290293993,662.7362036015808,657.1752502933193,658.6857523357507,657.8510004408165,660.2206346205617,15,15,15,15,15,15,15
Q003529,681.0,Sennacherib,Neo-Assyrian,Kuyunjik (Nineveh),ORCC,wall slab (with reliefs),689.6570118481842,712.1479538721594,670.006578253419,663.3336814088244,633.3534363463459,668.9249496708123,660.6338538807578,13,13,13,13,13,13,13
Q003530,681.0,Sennacherib,Neo-Assyrian,Kuyunjik (Nineveh),ORCC,wall slab (with reliefs),679.2890803139246,710.830486665971,673.6320882868845,656.6300605080282,659.0361223290251,669.1099389719914,656.931591415146,18,18,18,18,18,18,18
Q003531,681.0,Sennacherib,Neo-Assyrian,Kuyunjik (Nineveh),ORCC,wall slab (with reliefs),669.8248945119727,683.898827130381,691.3906514804568,662.6439182293151,660.8696375271229,663.6476316311016,647.6360427932333,12,12,12,12,12,12,12
Q003532,681.0,Sennacherib,Neo-Assyrian,Kuyunjik (Nineveh),ORCC,wall slab (with reliefs),678.797743124967,689.7593461621144,705.5150681765413,654.2739531743225,654.5366889494821,659.9327783384479,644.0706846363962,20,20,20,20,20,20,20
Q003533,681.0,Sennacherib,Neo-Assyrian,Kuyunjik (Nineveh),ORCC,wall slab (with reliefs),690.4746680749719,707.5401076363416,694.99063173825,669.4041914099184,656.9623826861985,668.4942057454637,643.2941658951756,23,23,23,23,23,23,23
Q003534,681.0,Sennacherib,Neo-Assyrian,Kuyunjik (Nineveh),ORCC,wall slab (with reliefs),677.8491775124854,679.6134277471242,702.1676128871443,666.3060461324832,664.8209314007711,656.2186243904654,670.110599339839,17,17,17,17,17,17,17
Q003535,681.0,Sennacherib,Neo-Assyrian,Kuyunjik (Nineveh),ORCC,wall slab (with reliefs),631.4510187311752,693.1305744183819,694.8010273313658,673.415675874079,652.8279636744315,670.8627405105393,665.4993193262959,19,19,19,19,19,19,19
Q003536,681.0,Sennacherib,Neo-Assyrian,Kuyunjik (Nineveh),ORCC,wall slab (with reliefs),640.4315917195898,656.034106118744,673.8775585199439,666.2881735120584,672.6641153418442,671.3925252725849,672.9818554027562,19,19,19,19,19,19,19
Q003537,681.0,Sennacherib,Neo-Assyrian,Kuyunjik (Nineveh),ORCC,wall slab (with reliefs),638.7728324998961,669.6703948056524,669.4795117534563,673.1510142691118,675.4390880553835,672.3526311064793,673.3980311052292,18,18,18,18,18,18,18
Q003538,681.0,Sennacherib,Neo-Assyrian,Kuyunjik (Nineveh),ORCC,wall slab (with reliefs),646.2041809375487,692.0750844188005,692.0546028578527,658.5374637423694,665.681722067578,667.5588575977937,655.5233546974418,22,22,22,22,22,22,22
Q003539,681.0,Sennacherib,Neo-Assyrian,Kuyunjik (Nineveh),ORCC,wall slab (with reliefs),640.6945154301361,655.5869413314299,658.5112148142599,655.6943728860662,640.4591947990883,653.3092307817691,657.0495795146496,18,18,18,18,18,18,18
Q003540,681.0,Sennacherib,Neo-Assyrian,Kuyunjik (Nineveh),ORCC,wall slab (with reliefs),648.8992752563651,685.7708713121342,677.8197468385312,669.9503937119475,651.1394730978607,669.8793822658226,673.2802410747863,15,15,15,15,15,15,15
Q003541,681.0,Sennacherib,Neo-Assyrian,Kuyunjik (Nineveh),ORCC,wall slab (with reliefs),649.3367855552186,679.0860822752427,684.4258179923578,652.6844359394447,641.337646603061,651.223795894923,639.7665941312017,19,19,19,19,19,19,19
Q003542,681.0,Sennacherib,Neo-Assyrian,Kuyunjik (Nineveh),ORCC,wall slab (with reliefs),650.9064170920924,716.7363450758322,699.2615213763501,656.9169205963166,647.7071009150336,654.3599490622884,660.5428207410862,26,26,26,26,26,26,26
Q003547,681.0,Sennacherib,Neo-Assyrian,Kuyunjik (Nineveh),ORCC,wall slab (with reliefs),617.7364659254297,623.5769030273746,636.2483337446581,663.7022150185645,653.2720693588301,642.0270520787345,654.3889405117013,16,16,16,16,16,16,16
Q003548,681.0,Sennacherib,Neo-Assyrian,Kuyunjik (Nineveh),ORCC,wall slab (with reliefs),632.4693094255398,641.9016260149796,673.586018081156,645.7860558936112,640.3831432938176,645.6518270806433,643.2894519472658,15,15,15,15,15,15,15
Q003549,681.0,Sennacherib,Neo-Assyrian,Kuyunjik (Nineveh),ORCC,wall slab (with reliefs),658.7337481093788,649.917761576258,676.2095655122629,695.4874923947976,668.5753386094837,659.8198836890226,655.7418555662159,16,16,16,16,16,16,16
Q003550,681.0,Sennacherib,Neo-Assyrian,Kuyunjik (Nineveh),ORCC,wall slab (with reliefs),661.6471109632283,662.7933523360233,706.4566949366972,684.0382648085132,667.9839806063967,687.3272171761398,677.9919474244073,21,21,21,21,21,21,21
Q003552,681.0,Sennacherib,Neo-Assyrian,Kuyunjik (Nineveh),ORCC,threshold slab,658.266333394615,643.0045619076774,633.7044094479702,676.5586064441632,664.8475747813621,657.7288051362956,660.5236220046495,18,18,18,18,18,18,18
Q003553,681.0,Sennacherib,Neo-Assyrian,Kuyunjik (Nineveh),ORCC,threshold slab,658.8938849876008,648.8762718945702,647.9666967162404,685.1877931968321,665.844329186103,656.4564050537501,620.0436440889949,13,13,13,13,13,13,13
Q003554,681.0,Sennacherib,Neo-Assyrian,Kuyunjik (Nineveh),ORCC,human-headed lion colossus,676.6440620499732,694.8916390201807,706.1945456774478,683.3781709959138,683.162805804587,666.4320444031347,625.7088633634446,24,24,24,24,24,24,24
Q003556,681.0,Sennacherib,Neo-Assyrian,Kuyunjik (Nineveh),ORCC,slab,648.1142615325642,687.3311917786912,647.2091042575894,677.5161012965668,679.8831428242366,665.0709737081014,627.3348582732536,19,19,19,19,19,19,19
Q003557,681.0,Sennacherib,Neo-Assyrian,Kuyunjik (Nineveh),ORCC,slab,648.6072455647208,689.8668300148911,649.0416755858447,679.6543554877721,674.7960681054582,666.4504347275608,628.3195086482585,20,20,20,20,20,20,20
Q003558,681.0,Sennacherib,Neo-Assyrian,Kuyunjik (Nineveh),ORCC,slab,664.287670041009,696.8422724754728,627.6459234649124,657.2048837414847,663.9427259525046,660.0711564218878,645.1994359690764,16,16,16,16,16,16,16
Q003559,681.0,Sennacherib,Neo-Assyrian,Kuyunjik (Nineveh),ORCC,slab,652.7357769171523,685.5882051108063,652.6053884651323,664.0788608425327,660.3191000600639,659.4914784341314,652.3220242482541,16,16,16,16,16,16,16
Q003560,681.0,Sennacherib,Neo-Assyrian,Kuyunjik (Nineveh),ORCC,door socket,645.2441783784166,674.8190268301774,657.7118745299603,697.5522383835237,683.29136323902,654.4772676813416,642.6106860882899,19,19,19,19,19,19,19
Q003561,681.0,Sennacherib,Neo-Assyrian,Kuyunjik (Nineveh),ORCC,door socket,643.4891727322145,697.2640374735836,696.344278367545,643.4261200801615,651.3027080486428,649.6427839355613,604.7769750009663,20,20,20,20,20,20,20
Q003562,681.0,Sennacherib,Neo-Assyrian,Kuyunjik (Nineveh),ORCC,brick,642.1703968123,630.1618979518572,657.8842546509181,643.3181773798343,649.1805186209033,651.5146833732188,611.5269392602409,18,18,18,18,18,18,18
Q003563,681.0,Sennacherib,Neo-Assyrian,Kuyunjik (Nineveh),ORCC,brick,657.03835053256,718.9750060644063,689.3491893479318,652.3015788815469,660.8610676634574,653.1395789577872,603.9220540639743,11,11,11,11,11,11,11
Q003564,681.0,Sennacherib,Neo-Assyrian,Kuyunjik (Nineveh),ORCC,brick,646.1007816715149,665.6797580981159,641.5008723357129,656.9941357599973,661.2334022843175,651.065180707251,619.2497236652531,24,24,24,24,24,24,24
Q003565,681.0,Sennacherib,Neo-Assyrian,Kuyunjik (Nineveh),ORCC,brick,637.8394011843409,667.8958460410306,631.2113173294238,639.6967726997863,642.5752341903689,637.4875634251039,608.4046360743023,19,19,19,19,19,19,19
Q003566,681.0,Sennacherib,Neo-Assyrian,Kuyunjik (Nineveh),ORCC,brick,650.964110886814,653.620832904403,673.4420884270073,684.0088397101596,656.2752400663926,654.3771677180081,625.6983866696996,18,18,18,18,18,18,18
Q003567,681.0,Sennacherib,Neo-Assyrian,Kuyunjik (Nineveh),ORCC,brick,645.0139153064756,664.9214316791526,670.7925552388947,652.8843616344432,641.5679605119692,641.6247816112021,645.0721027982322,18,18,18,18,18,18,18
Q003568,681.0,Sennacherib,Neo-Assyrian,Kuyunjik (Nineveh),ORCC,brick,651.4505877139052,692.2962988668095,662.9427309058617,701.2560331858497,695.3658260932987,669.9824564612057,636.2559501370397,17,17,17,17,17,17,17
Q003569,681.0,Sennacherib,Neo-Assyrian,Kuyunjik (Nineveh),ORCC,brick,644.674210201507,657.3055159367315,635.1586030403895,679.915789459032,673.2132606834955,644.6143507900703,608.5065538319936,19,19,19,19,19,19,19
Q003570,681.0,Sennacherib,Neo-Assyrian,Kuyunjik (Nineveh),ORCC,brick,647.7898320507697,698.1365620242385,668.0067150689858,653.4940032689998,668.1771949660498,660.7929106871657,650.1516022676179,22,22,22,22,22,22,22
Q003571,681.0,Sennacherib,Neo-Assyrian,Kuyunjik (Nineveh),ORCC,brick,662.0699008328846,719.6852830202724,692.8852246968027,671.9301332914843,672.9370447063714,666.9797516033544,617.6090185612977,20,20,20,20,20,20,20
Q003572,681.0,Sennacherib,Neo-Assyrian,Kuyunjik (Nineveh),ORCC,brick,626.6208137751372,664.2101487209677,623.0765479532593,638.1157458498784,633.7983392371649,638.8630686908571,611.0514292861448,13,13,13,13,13,13,13
Q003573,681.0,Sennacherib,Neo-Assyrian,Kuyunjik (Nineveh),ORCC,brick,638.9406416920772,674.9284740552688,656.3610683376315,657.3679411501566,645.1860490260274,657.6791764226906,617.752380385425,19,19,19,19,19,19,19
Q003574,681.0,Sennacherib,Neo-Assyrian,Kuyunjik (Nineveh),ORCC,brick,641.1980380514738,664.6981332919942,642.7755147390149,643.1339289225796,642.3164205452205,651.9834253915323,619.498519230687,16,16,16,16,16,16,16
Q003576,681.0,Sennacherib,Neo-Assyrian,Kuyunjik (Nineveh),ORCC,bead,652.8457018088153,695.5327142919078,713.1116326160483,662.3114477453055,672.3568991830127,677.3587001910525,627.2160027660792,19,19,19,19,19,19,19
Q003577,681.0,Sennacherib,Neo-Assyrian,Kuyunjik (Nineveh),ORCC,bead,647.9383831429566,707.4420540407722,712.1915358886284,676.583742002326,683.5831256022436,699.010741783352,636.8308505716565,21,21,21,21,21,21,21
Q003578,681.0,Sennacherib,Neo-Assyrian,Kuyunjik (Nineveh),ORCC,bead,662.0259708435235,707.4756290017806,717.0453239201554,668.2059044712731,676.1163168081564,681.77086001835,640.8279382706253,15,15,15,15,15,15,15
Q003579,681.0,Sennacherib,Neo-Assyrian,Kuyunjik (Nineveh),ORCC,bead,650.6117601030489,697.3244321971906,696.3432482486675,677.9615049652492,681.3711366016847,689.7252820355502,638.941971550441,25,25,25,25,25,25,25
Q003608,727.0,Tiglath-pileser III,Neo-Assyrian,Nimrud (Kalhu),ORCC,duck weight,659.4175333168962,681.0230009979038,685.2317812361479,658.2699424192695,660.9043917564004,652.9806046995778,664.9157701736185,51,51,51,51,51,51,51
Q003609,727.0,Tiglath-pileser III,Neo-Assyrian,Nimrud (Kalhu),ORCC,lion weight,659.1474175385572,674.489266738332,669.3261468986723,658.8626437430278,662.4097689312188,663.6345208071062,681.3304956547474,60,60,60,60,60,60,60
Q003610,727.0,Tiglath-pileser III,Neo-Assyrian,Qalat Sherqat (Assur),ORCC,vessel,654.8644556241662,682.2738410977945,665.9765200199695,652.2828738634419,658.2781966532349,656.0477339693332,661.4867425211318,54,54,54,54,54,54,54
Q003611,727.0,Tiglath-pileser III,Neo-Assyrian,Qalat Sherqat (Assur),ORCC,enameled tile,652.5008494248913,678.7957611418266,665.4222186842246,653.3981234873416,658.7703406460015,656.8176773992694,661.9521091976374,65,65,65,65,65,65,65
Q003612,727.0,Tiglath-pileser III,Neo-Assyrian,Qalat Sherqat (Assur),ORCC,enameled tile,654.5632500077614,684.4895922210646,674.4774138662376,657.712117598636,663.7006275346143,655.1383331438653,663.9898132487743,60,60,60,60,60,60,60
Q003613,727.0,Tiglath-pileser III,Neo-Assyrian,Qalat Sherqat (Assur),ORCC,bead,663.0957502024793,700.1011469180884,677.5093718630642,663.2497753178508,667.1792628586983,660.4841723559007,684.824138514631,49,49,49,49,49,49,49
Q003617,727.0,Tiglath-pileser III,Neo-Assyrian,Arslan Tash (Ḫadatu),ORCC,lion colossus,657.6530499957951,665.1203070527606,660.1180818076203,605.7422602984495,630.8735476019467,637.3061431525767,620.4765089854043,52,52,52,52,52,52,52
Q003618,727.0,Tiglath-pileser III,Neo-Assyrian,Tell Tayinat (Unqi),ORCC,disk,645.9488395086862,670.9267242651104,664.2562274701855,659.181197767591,661.4075738340987,646.6348116016728,627.0317361086846,56,56,56,56,56,56,56
Q003619,727.0,Tiglath-pileser III,Neo-Assyrian,Nimrud (Kalhu),ORCC,None,653.8901572390296,648.4720556397461,645.346696296847,650.6138164671514,657.5582759709021,654.8325482519014,670.2231989930503,52,52,52,52,52,52,52
Q003620,727.0,Tiglath-pileser III,Neo-Assyrian,Nimrud (Kalhu),ORCC,vessel,659.8283290849644,656.3422548458853,654.6148559377863,654.5432327654655,657.7902516639085,657.8441662557275,659.0868070458737,47,47,47,47,47,47,47
Q003621,727.0,Tiglath-pileser III,Neo-Assyrian,Nimrud (Kalhu),ORCC,vessel,661.4511164475156,653.2623588486,668.3380777764022,652.9778543502867,649.9135760322991,657.1643920794431,659.3705485621122,51,51,51,51,51,51,51
Q003700,631.0,Ashurbanipal,Neo-Assyrian,Kuyunjik (Nineveh),ORCC,prism,665.4162586576472,671.5660937504963,707.7410369789982,652.7484192446888,655.732749195413,652.9337408484892,635.9486361572854,16,16,16,16,16,16,16
Q003701,631.0,Ashurbanipal,Neo-Assyrian,Kuyunjik (Nineveh),ORCC,prism,610.733115628861,609.501105484851,632.9324875642642,621.500684225903,657.1731711187451,622.4635308016602,646.6194334861134,19,19,19,19,19,19,19
Q003702,631.0,Ashurbanipal,Neo-Assyrian,Kuyunjik (Nineveh),ORCC,prism,630.335404182257,587.9206094166786,635.6154759808887,612.2964316540167,637.1712391895742,625.4178930379884,608.9663219408698,21,21,21,21,21,21,21
Q003703,631.0,Ashurbanipal,Neo-Assyrian,Kuyunjik (Nineveh),ORCC,prism,631.8300753023298,591.6551695408907,639.1051161663125,611.6086867962101,633.8880740676267,623.771735251027,602.2566133046071,17,17,17,17,17,17,17
Q003704,631.0,Ashurbanipal,Neo-Assyrian,Kuyunjik (Nineveh),ORCC,prism,628.7687789080909,574.1065633914213,633.8786290475574,619.7824100596722,631.6721755916337,624.7902434065081,608.1672905593666,11,11,11,11,11,11,11
Q003705,631.0,Ashurbanipal,Neo-Assyrian,Kuyunjik (Nineveh),ORCC,prism,638.6139522464151,650.1680057179261,642.5086786421192,627.4926535382791,649.4689467182038,671.9961881921625,675.4918222239503,13,13,13,13,13,13,13
Q003706,631.0,Ashurbanipal,Neo-Assyrian,Nimrud (Kalhu),ORCC,prism,635.9979254211198,600.3092781867379,635.2983975986558,631.1318720136727,658.6022126428122,642.1132995765931,636.4066535231666,8,8,8,8,8,8,8
Q003707,631.0,Ashurbanipal,Neo-Assyrian,Kuyunjik (Nineveh),ORCC,prism,634.4559869698123,643.8260471925099,624.1573923550851,638.1535550219128,662.2714243614446,604.4979961419149,627.1402556670943,11,11,11,11,11,11,11
Q003708,631.0,Ashurbanipal,Neo-Assyrian,Kuyunjik (Nineveh),ORCC,"prism, vertical cylinder",620.2023328816365,617.2067987510837,611.4196835657356,605.4019131853748,618.0390761133636,613.9867058750166,633.0816845876653,14,14,14,14,14,14,14
Q003709,631.0,Ashurbanipal,Neo-Assyrian,Kuyunjik (Nineveh),ORCC,prism,626.9334613585017,567.6677914952397,624.2892787792198,615.0007547088425,626.991188323628,618.486568044733,611.6117790653869,17,17,17,17,17,17,17
Q003710,631.0,Ashurbanipal,Neo-Assyrian,Kuyunjik (Nineveh),ORCC,prism,618.8684876436671,636.2168019284471,619.5013524957741,617.7761918037838,613.8918080506288,618.7514708216661,627.8132984815475,13,13,13,13,13,13,13
Q003711,631.0,Ashurbanipal,Neo-Assyrian,Babylon (Bābili),ORCC,prism,645.1886038039785,636.1275455975361,648.2069943215816,630.3535132821854,637.7806854640124,615.7211970585771,632.6540943919624,21,21,21,21,21,21,21
Q003712,631.0,Ashurbanipal,Neo-Assyrian,Kuyunjik (Nineveh),ORCC,prism,617.5695342277828,616.2659552185323,637.384011540878,609.6543273719217,625.1502696800839,609.1149042937853,611.8786587240937,19,19,19,19,19,19,19
Q003713,631.0,Ashurbanipal,Neo-Assyrian,Kuyunjik (Nineveh),ORCC,prism,661.0791499906283,648.9225508618084,674.736695411476,598.5552047598956,627.8080601511572,642.8275182815223,602.8615107156431,10,10,10,10,10,10,10
Q003714,631.0,Ashurbanipal,Neo-Assyrian,Kuyunjik (Nineveh),ORCC,prism,641.9907124647319,655.3427615815515,637.8286202537877,684.6259247298293,632.0752750605855,620.019053132925,656.2505903937346,20,20,20,20,20,20,20
Q003715,631.0,Ashurbanipal,Neo-Assyrian,Kuyunjik (Nineveh),ORCC,prism,635.082359244886,670.7587102314742,654.0423379344446,651.8112562037963,639.7270889838964,656.5345849781581,641.3670245826551,11,11,11,11,11,11,11
Q003716,631.0,Ashurbanipal,Neo-Assyrian,Kuyunjik (Nineveh),ORCC,prism,647.3906667217011,639.6222011575118,648.657480606031,593.013860650001,621.2835332648075,655.3496361982824,634.5917636961764,18,18,18,18,18,18,18
Q003717,631.0,Ashurbanipal,Neo-Assyrian,Kuyunjik (Nineveh),ORCC,prism,635.8727224156124,635.0490751583127,637.6772661891987,634.4813183131795,626.4432398339529,653.9444396695754,636.2508258840662,15,15,15,15,15,15,15
Q003718,631.0,Ashurbanipal,Neo-Assyrian,Kuyunjik (Nineveh),ORCC,prism,643.585637339199,681.5190516546146,684.7561996258205,659.9054575326238,646.0824427775331,666.374089547146,597.7911704973285,13,13,13,13,13,13,13
Q003719,631.0,Ashurbanipal,Neo-Assyrian,Kuyunjik (Nineveh),ORCC,prism,661.7260637566849,663.806965191798,683.6172581230284,638.8885324500084,636.9261092334914,679.8255702907545,643.34579007608,17,17,17,17,17,17,17
Q003720,631.0,Ashurbanipal,Neo-Assyrian,Kuyunjik (Nineveh),ORCC,cylinder,617.3610965997085,632.9037565885438,625.1010655224675,622.8016547247757,628.5363877449804,622.2387165427416,622.0318619720558,13,13,13,13,13,13,13
Q003721,631.0,Ashurbanipal,Neo-Assyrian,Kuyunjik (Nineveh),ORCC,slab,627.4427443551846,655.7546954506506,619.5443665404225,617.605936645732,633.69969899038,642.8776866289503,611.7208597885947,14,14,14,14,14,14,14
Q003722,631.0,Ashurbanipal,Neo-Assyrian,Kuyunjik (Nineveh),ORCC,slab,644.5134174855257,644.3934748746832,637.4261215124292,634.1036072463211,649.0189061165441,645.6311279714824,618.5695555025422,19,19,19,19,19,19,19
Q003723,631.0,Ashurbanipal,Neo-Assyrian,Kuyunjik (Nineveh),ORCC,slab (sculptured),663.6045851587538,737.4597815089204,695.0442988389534,668.4764082038578,662.5635585343967,665.3724383946642,664.8751525317912,18,18,18,18,18,18,18
Q003724,631.0,Ashurbanipal,Neo-Assyrian,Kuyunjik (Nineveh),ORCC,slab (sculptured),620.0161885400779,671.2674356513286,629.4079828482312,644.8935612011459,641.3173203962491,640.0939742813247,648.4470472900517,15,15,15,15,15,15,15
Q003725,631.0,Ashurbanipal,Neo-Assyrian,Kuyunjik (Nineveh),ORCC,slab (sculptured),656.384661473907,673.4789139575415,683.9382317136436,643.2998132220857,651.0359486616036,673.527797846092,678.7366211240447,13,13,13,13,13,13,13
Q003726,631.0,Ashurbanipal,Neo-Assyrian,Kuyunjik (Nineveh),ORCC,slab (sculptured),643.0108916028757,669.6597172649027,648.8748555515549,653.7146920725364,620.1405832811739,652.3309204632359,689.618636520533,18,18,18,18,18,18,18
Q003727,631.0,Ashurbanipal,Neo-Assyrian,Kuyunjik (Nineveh),ORCC,slab (sculptured),635.9018612305887,666.4724764642413,655.670337618538,621.6585070610425,635.1119577410274,636.2609241978364,668.2614080361603,17,17,17,17,17,17,17
Q003728,631.0,Ashurbanipal,Neo-Assyrian,Kuyunjik (Nineveh),ORCC,slab (sculptured),650.8485341344435,686.1305417450884,672.626122835166,683.9149385677524,648.5991903502263,694.7046124534127,666.4682305312211,21,21,21,21,21,21,21
Q003730,631.0,Ashurbanipal,Neo-Assyrian,Kuyunjik (Nineveh),ORCC,slab (sculptured),646.3903852219064,663.9768686998478,663.7340705698189,656.96418358598,647.4276860395371,656.018013411724,641.7717234829764,16,16,16,16,16,16,16
Q003731,631.0,Ashurbanipal,Neo-Assyrian,Kuyunjik (Nineveh),ORCC,slab (sculptured),641.68783662162,685.1735403645876,695.4005098898906,631.3593902231684,636.3488204685846,644.8405693095675,657.2047596411165,12,12,12,12,12,12,12
Q003732,631.0,Ashurbanipal,Neo-Assyrian,Kuyunjik (Nineveh),ORCC,slab (sculptured),663.0551410590216,688.4128743129212,656.3613827011362,655.9659904899584,650.8294958410578,657.4088759978235,661.9567605053797,11,11,11,11,11,11,11
Q003733,631.0,Ashurbanipal,Neo-Assyrian,Kuyunjik (Nineveh),ORCC,slab (sculptured),652.6058728986502,723.7956960690387,704.2311729077485,650.9189282911103,654.909813736199,666.8353728311786,646.4426341649452,14,14,14,14,14,14,14
Q003734,631.0,Ashurbanipal,Neo-Assyrian,Kuyunjik (Nineveh),ORCC,slab (sculptured),660.7128715363673,674.9730858338922,668.8953495299669,597.9813752449514,616.0147225942552,653.1344710760196,640.0142753251781,17,17,17,17,17,17,17
Q003735,631.0,Ashurbanipal,Neo-Assyrian,Kuyunjik (Nineveh),ORCC,slab (sculptured),638.6828252132556,690.4962071891578,658.0906697679414,622.3410556535398,619.6658264689801,644.9028608141062,627.1958187160344,14,14,14,14,14,14,14
Q003736,631.0,Ashurbanipal,Neo-Assyrian,Kuyunjik (Nineveh),ORCC,slab (sculptured),642.644167374887,626.5730578278221,647.7987959344184,635.5204829472771,643.0568195420869,647.0062632479674,630.5989146063039,20,20,20,20,20,20,20
Q003737,631.0,Ashurbanipal,Neo-Assyrian,Kuyunjik (Nineveh),ORCC,slab (sculptured),654.8683143757634,668.876817749215,666.5233427822026,635.3793677788805,639.0593254000612,663.7514057919516,627.8518420532221,14,14,14,14,14,14,14
Q003738,631.0,Ashurbanipal,Neo-Assyrian,Kuyunjik (Nineveh),ORCC,slab (sculptured),648.7601853383259,639.976573911505,632.7528655456138,653.2723554446779,639.5797568134823,650.6241982316998,649.2023372135409,8,8,8,8,8,8,8
Q003739,631.0,Ashurbanipal,Neo-Assyrian,Kuyunjik (Nineveh),ORCC,slab (sculptured),669.7742497039764,701.714581552036,703.4870203095096,658.5993828965313,652.0735624778341,660.4929748063552,637.3808526630613,14,14,14,14,14,14,14
Q003740,631.0,Ashurbanipal,Neo-Assyrian,Kuyunjik (Nineveh),ORCC,slab (sculptured),682.9538235592325,704.5808893047173,696.0850033819099,663.8556296018805,631.6570477989646,662.949546464725,658.0075385472076,20,20,20,20,20,20,20
Q003741,631.0,Ashurbanipal,Neo-Assyrian,Kuyunjik (Nineveh),ORCC,slab (sculptured),641.4093644167239,661.9369517238422,693.0903306606258,640.1506233950108,653.0702182618707,655.9224633893018,659.1585379139151,11,11,11,11,11,11,11
Q003742,631.0,Ashurbanipal,Neo-Assyrian,Kuyunjik (Nineveh),ORCC,slab (sculptured),648.2951670049599,634.2585662001349,648.737527899704,630.1018629567343,609.7625348119326,636.2739741983055,627.4840856949705,13,13,13,13,13,13,13
Q003743,631.0,Ashurbanipal,Neo-Assyrian,Kuyunjik (Nineveh),ORCC,slab (sculptured),675.6334934348132,702.574078531141,693.3949040576081,671.8692442158251,660.9967781835401,682.7021115653505,645.9496683066608,13,13,13,13,13,13,13
Q003744,631.0,Ashurbanipal,Neo-Assyrian,Kuyunjik (Nineveh),ORCC,slab (sculptured),675.2449748520509,696.4058156801082,674.6588112759844,664.5300873783015,644.7808367426262,670.1264292826867,657.6427001199243,14,14,14,14,14,14,14
Q003745,631.0,Ashurbanipal,Neo-Assyrian,Kuyunjik (Nineveh),ORCC,slab (sculptured),593.6307119667022,529.0399913598343,546.0664941865439,636.0268594190612,639.8542216234963,636.2451286140991,625.1891681388029,20,20,20,20,20,20,20
Q003746,631.0,Ashurbanipal,Neo-Assyrian,Kuyunjik (Nineveh),ORCC,slab (sculptured),654.8462058937367,676.3119608472813,646.2658752755603,643.6459887518746,631.6423947183895,651.3730971303884,618.6969210073025,13,13,13,13,13,13,13
Q003748,631.0,Ashurbanipal,Neo-Assyrian,Kuyunjik (Nineveh),ORCC,slab (sculptured),652.4341345461444,675.019397784044,647.6422075609418,696.6628169501126,679.5019230471237,704.0260968437259,693.4227385766441,17,17,17,17,17,17,17
Q003749,631.0,Ashurbanipal,Neo-Assyrian,Kuyunjik (Nineveh),ORCC,slab (sculptured),657.1283220776991,661.9705255154879,691.4726372948027,677.6280100652563,671.9311249140527,668.0381602549173,638.6433913010067,20,20,20,20,20,20,20
Q003750,631.0,Ashurbanipal,Neo-Assyrian,Kuyunjik (Nineveh),ORCC,slab (sculptured),649.9685263188429,662.3379046932098,657.765484361741,622.5444887940023,643.4120470774366,642.6638439640042,625.3555275563128,11,11,11,11,11,11,11
Q003751,631.0,Ashurbanipal,Neo-Assyrian,Kuyunjik (Nineveh),ORCC,slab (sculptured),667.2565980405906,671.8121577191732,661.0720973289318,680.6527942321271,699.2471558118999,683.6781344170433,676.5824773003811,7,7,7,7,7,7,7
Q003753,631.0,Ashurbanipal,Neo-Assyrian,Kuyunjik (Nineveh),ORCC,slab (sculptured),645.2226014953459,628.6760482057914,650.2344590258718,626.2448599396586,650.7206403008083,629.2993715804417,618.8009640614716,14,14,14,14,14,14,14
Q003754,631.0,Ashurbanipal,Neo-Assyrian,Kuyunjik (Nineveh),ORCC,slab (sculptured),628.8112530807722,642.9879158188754,649.132313780927,604.1013336617962,617.0982220749438,622.9387888416865,616.9482848365764,18,18,18,18,18,18,18
Q003755,631.0,Ashurbanipal,Neo-Assyrian,Kuyunjik (Nineveh),ORCC,slab (sculptured),644.324764393295,670.0436415457074,663.9683090089596,588.7666343440604,634.8742428303517,639.4601524924892,624.9867840229624,20,20,20,20,20,20,20
Q003756,631.0,Ashurbanipal,Neo-Assyrian,Kuyunjik (Nineveh),ORCC,slab (sculptured),644.3799585449332,665.1220843601408,654.120986147202,584.5028377411984,624.5186792798908,619.3053841649355,613.0466799643356,19,19,19,19,19,19,19
Q003757,631.0,Ashurbanipal,Neo-Assyrian,Kuyunjik (Nineveh),ORCC,slab (sculptured),642.5661752130762,634.421428101511,649.8376109447552,611.9828373989357,620.7446053584837,615.2954887070687,615.5507772294034,17,17,17,17,17,17,17
Q003758,631.0,Ashurbanipal,Neo-Assyrian,Kuyunjik (Nineveh),ORCC,paving stone,627.1300705813766,675.508660477606,648.1654546246956,645.4798698471079,643.148139037892,648.3809627697174,656.8177841958873,18,18,18,18,18,18,18
Q003759,631.0,Ashurbanipal,Neo-Assyrian,Kuyunjik (Nineveh),ORCC,paving stone,621.183085447312,662.225924656284,660.6921105971169,644.1752178536216,648.9222012376393,635.1375259473032,662.5000841821438,23,23,23,23,23,23,23
Q003760,631.0,Ashurbanipal,Neo-Assyrian,Qalat Sherqat (Assur),ORCC,None,629.9082493690892,657.968885765905,642.6789055374558,696.2296778965631,668.5215938938213,672.4274294315595,693.282345272424,16,16,16,16,16,16,16
Q003761,631.0,Ashurbanipal,Neo-Assyrian,Kuyunjik (Nineveh),ORCC,None,635.1436404652908,654.3498564535124,616.0491260747388,651.7384682302276,633.0972914009689,628.3174200540464,649.0390776219591,23,23,23,23,23,23,23
Q003762,631.0,Ashurbanipal,Neo-Assyrian,Kuyunjik (Nineveh),ORCC,anthropomorphic statue,649.7505423610037,644.5266474652927,652.9726336746329,664.5591552073208,661.7877300124583,670.8827540688028,683.0743594255628,14,14,14,14,14,14,14
Q003763,631.0,Ashurbanipal,Neo-Assyrian,Kuyunjik (Nineveh),ORCC,"human-headed bull colossus, slab",641.8327199047313,697.3185850878515,652.7621030264677,667.9251759729395,681.7457361294589,670.7401154358772,662.5096000312008,13,13,13,13,13,13,13
Q003764,631.0,Ashurbanipal,Neo-Assyrian,Kuyunjik (Nineveh),ORCC,seal (impression),647.793878237116,659.6585532440391,646.6809886665135,641.293808892714,654.7870606284554,650.8236823565012,693.9497378855572,21,21,21,21,21,21,21
Q003765,631.0,Ashurbanipal,Neo-Assyrian,Kuyunjik (Nineveh),ORCC,seal (impression),644.0405036878656,695.0851316510465,649.72016098613,655.6222109188867,669.4973838712771,664.1809045903491,672.2083795838615,12,12,12,12,12,12,12
Q003766,631.0,Ashurbanipal,Neo-Assyrian,Kuyunjik (Nineveh),ORCC,seal (impression),648.851652460218,660.0819268848364,647.9633599098537,638.5907407522539,651.8094533116679,649.4524166283111,691.2844105330707,20,20,20,20,20,20,20
Q003767,631.0,Ashurbanipal,Neo-Assyrian,Kuyunjik (Nineveh),ORCC,vessel,644.2070757611767,625.3414180746946,660.6681512041706,649.3084004414457,657.0138468709515,652.2434609916922,672.4823458931226,11,11,11,11,11,11,11
Q003768,631.0,Ashurbanipal,Neo-Assyrian,Kuyunjik (Nineveh),ORCC,vessel,647.0145944184767,688.2347597776201,635.1098303425899,644.269123616306,651.6101352293582,649.7048866070852,669.4634059940363,12,12,12,12,12,12,12
Q003769,631.0,Ashurbanipal,Neo-Assyrian,Kuyunjik (Nineveh),ORCC,vessel,652.0968685316394,684.485669799268,644.8211707115038,645.0255123442357,655.510519945653,650.4541790362033,676.4011353911498,17,17,17,17,17,17,17
Q003770,631.0,Ashurbanipal,Neo-Assyrian,Kuyunjik (Nineveh),ORCC,glazed brick,654.7148747587793,640.8522908985137,652.3389743725658,649.9655070937974,655.4069189005636,663.328239498128,660.3960615401329,18,18,18,18,18,18,18
Q003771,631.0,Ashurbanipal,Neo-Assyrian,Kuyunjik (Nineveh),ORCC,None,650.1084612398674,637.3201076008465,646.6681456742723,638.1283183889598,621.1255672997269,667.0792869905599,624.9696537085391,12,12,12,12,12,12,12
Q003772,631.0,Ashurbanipal,Neo-Assyrian,Kuyunjik (Nineveh),ORCC,None,662.5582433891079,677.8872384042245,691.5972480732526,642.028560664569,644.6803843170177,687.9012231348063,681.7172894687918,13,13,13,13,13,13,13
Q003773,631.0,Ashurbanipal,Neo-Assyrian,Kuyunjik (Nineveh),ORCC,None,646.9119429784912,666.2720561902522,631.851448766734,618.382439719047,649.9865487991758,650.68115615362,636.0657018138951,14,14,14,14,14,14,14
Q003774,631.0,Ashurbanipal,Neo-Assyrian,Kuyunjik (Nineveh),ORCC,None,648.112873301323,659.2040504198341,664.5757998682951,656.9234151664103,636.4773556028707,637.5877248715959,608.4226413297023,12,12,12,12,12,12,12
Q003775,631.0,Ashurbanipal,Neo-Assyrian,Kuyunjik (Nineveh),ORCC,None,671.5002777323949,668.7288540123863,717.6924010397147,641.8133714712557,658.6346481606,676.2799432386644,642.0729683057115,12,12,12,12,12,12,12
Q003776,631.0,Ashurbanipal,Neo-Assyrian,Kuyunjik (Nineveh),ORCC,None,636.1832040059048,637.5380661154298,653.1949662742337,664.2956996659809,635.525968155263,646.0026787453381,633.9258040263678,11,11,11,11,11,11,11
Q003777,631.0,Ashurbanipal,Neo-Assyrian,Kuyunjik (Nineveh),ORCC,None,659.8371005292673,675.5180164584712,703.2378371265255,657.4684186509813,631.0421744352635,655.9293578454519,649.056103910814,14,14,14,14,14,14,14
Q003778,631.0,Ashurbanipal,Neo-Assyrian,Kuyunjik (Nineveh),ORCC,None,640.4312594336038,635.7705275424976,626.5647273318951,637.3707387138554,646.7144475078314,667.0363410752689,648.6520788224481,18,18,18,18,18,18,18
Q003779,631.0,Ashurbanipal,Neo-Assyrian,Kuyunjik (Nineveh),ORCC,None,654.0023890953581,654.2664942519444,664.1254883309675,696.4159673565244,643.0193327353259,696.960935019824,665.8519495742555,19,19,19,19,19,19,19
Q003780,631.0,Ashurbanipal,Neo-Assyrian,Kuyunjik (Nineveh),ORCC,None,657.4683173632061,663.1963954969098,640.09722823201,667.3744808022414,632.0653064925618,670.2245925026577,633.7902037838049,22,22,22,22,22,22,22
Q003781,631.0,Ashurbanipal,Neo-Assyrian,Kuyunjik (Nineveh),ORCC,None,658.4817578698851,681.7090397677293,675.0950384005408,659.6339661617662,646.0192528890792,676.2331961630954,637.160797351993,13,13,13,13,13,13,13
Q003782,631.0,Ashurbanipal,Neo-Assyrian,Kuyunjik (Nineveh),ORCC,None,639.5691527167343,694.6686382525118,667.8671457997231,650.3376786544288,628.7256014315307,657.9761006856302,651.41911244864,12,12,12,12,12,12,12
Q003783,631.0,Ashurbanipal,Neo-Assyrian,Kuyunjik (Nineveh),ORCC,None,636.1558419291521,644.0091911271574,636.8058062526909,689.2971283856118,637.53289590159,660.3525811011025,631.120389662667,20,20,20,20,20,20,20
Q003784,631.0,Ashurbanipal,Neo-Assyrian,Kuyunjik (Nineveh),ORCC,None,654.0744800176191,668.0706825264758,660.1390041823281,659.3217092370116,635.4213514218743,628.5840200333765,650.3559851571679,20,20,20,20,20,20,20
Q003785,631.0,Ashurbanipal,Neo-Assyrian,Kuyunjik (Nineveh),ORCC,None,654.7559884572064,690.2491854219223,680.6035791326046,645.5550515922465,647.1125772559899,684.2976344154592,683.541984541667,15,15,15,15,15,15,15
Q003786,631.0,Ashurbanipal,Neo-Assyrian,Kuyunjik (Nineveh),ORCC,None,657.426067005811,676.1514887942182,652.6168071038471,651.5476409068011,653.0381743889608,678.1293839514283,687.3200781665169,16,16,16,16,16,16,16
Q003787,631.0,Ashurbanipal,Neo-Assyrian,Kuyunjik (Nineveh),ORCC,None,655.2180023587675,651.7351195683036,642.2034942892086,639.161673027475,670.9672598659731,679.6142216859025,647.3790671463044,9,9,9,9,9,9,9
Q003788,631.0,Ashurbanipal,Neo-Assyrian,Kuyunjik (Nineveh),ORCC,None,647.3524749953231,681.2547231490864,685.0551922374947,665.5486375987655,665.038135937553,688.3232037684359,645.7056705992026,14,14,14,14,14,14,14
Q003789,631.0,Ashurbanipal,Neo-Assyrian,Kuyunjik (Nineveh),ORCC,None,671.4205801617283,647.9141935280687,714.370921203739,633.6988174226826,632.5313120679955,671.8126194138072,631.4074675406848,13,13,13,13,13,13,13
Q003790,631.0,Ashurbanipal,Neo-Assyrian,Kuyunjik (Nineveh),ORCC,None,638.3888201885327,641.3715938828211,648.5274295474436,615.6585406453299,613.4371080774197,624.5091087411126,633.9288084041448,13,13,13,13,13,13,13
Q003791,631.0,Ashurbanipal,Neo-Assyrian,Kuyunjik (Nineveh),ORCC,None,637.95709511171,651.8414473136298,660.3304845465847,656.6052478567187,649.5176850278599,659.3734534409315,667.538860211995,17,17,17,17,17,17,17
Q003792,631.0,Ashurbanipal,Neo-Assyrian,Kuyunjik (Nineveh),ORCC,None,664.0210125217145,645.20392408693,671.9143603685997,648.1453127244455,670.4204349015039,663.6404119410935,636.6603641827058,14,14,14,14,14,14,14
Q003793,631.0,Ashurbanipal,Neo-Assyrian,Kuyunjik (Nineveh),ORCC,None,654.3763732011779,649.8837593186852,651.3816741847273,630.9522250911327,661.3357286333164,625.9311288751188,628.9106847887482,17,17,17,17,17,17,17
Q003794,631.0,Ashurbanipal,Neo-Assyrian,Kuyunjik (Nineveh),ORCC,None,651.4279940839556,686.7239458223908,641.1461472908011,687.8750264894941,660.83236615482,689.6845655715958,653.843410648517,18,18,18,18,18,18,18
Q003795,631.0,Ashurbanipal,Neo-Assyrian,Kuyunjik (Nineveh),ORCC,None,665.1508115575996,670.5601536328613,679.4919847366336,652.798221476793,651.7133455813338,663.2675174948563,633.0461571416416,19,19,19,19,19,19,19
Q003796,631.0,Ashurbanipal,Neo-Assyrian,Kuyunjik (Nineveh),ORCC,None,644.9502975844033,652.8366350255022,624.4753850152714,622.4116029573759,620.928204304287,637.7371644147344,592.343071015779,17,17,17,17,17,17,17
Q003797,631.0,Ashurbanipal,Neo-Assyrian,Kuyunjik (Nineveh),ORCC,None,641.1129367928836,626.0479154416277,612.594960776339,643.4653591329297,641.9891345095916,629.5819278147238,660.563345852084,16,16,16,16,16,16,16
Q003798,631.0,Ashurbanipal,Neo-Assyrian,Kuyunjik (Nineveh),ORCC,None,646.3968380949395,633.9781071033051,623.9964981145486,624.804393324688,612.834415568639,619.9260812703078,639.4823904553768,17,17,17,17,17,17,17
Q003799,631.0,Ashurbanipal,Neo-Assyrian,Babylon,ORCC,cylinder,631.8283359162732,573.1606460062067,614.033228523274,640.4817217150267,562.4877853334438,574.7545968636742,635.669333602762,14,14,14,14,14,14,14
Q003800,631.0,Ashurbanipal,Neo-Assyrian,Babylon,ORCC,stele,651.5228104616028,678.6278706205933,648.3046530018354,638.8850684370965,648.1328875805633,672.3946410591022,666.4756539188827,11,11,11,11,11,11,11
Q003801,631.0,Ashurbanipal,Neo-Assyrian,Babylon,ORCC,cylinder,669.6218998496615,693.4738702464883,690.1847666682531,659.7627232353486,652.5004631146753,663.021396208281,701.7992983162065,18,18,18,18,18,18,18
Q003802,631.0,Ashurbanipal,Neo-Assyrian,Babylon,ORCC,cylinder,673.7257807346898,717.6393647116313,724.6276293556864,666.2196749412293,673.6569524610735,682.5714126132648,691.8045076613927,20,20,20,20,20,20,20
Q003803,631.0,Ashurbanipal,Neo-Assyrian,Babylon,ORCC,cylinder,671.2760579991755,712.0920709251067,709.1051477145909,667.365914399348,670.4570725741842,680.3138122425555,692.4654807222632,7,7,7,7,7,7,7
Q003804,631.0,Ashurbanipal,Neo-Assyrian,Babylon,ORCC,stele,639.3665650218994,670.9697620631855,628.1511348257795,592.2273256203295,592.93794867135,618.1972307943457,633.9599833380485,20,20,20,20,20,20,20
Q003805,631.0,Ashurbanipal,Neo-Assyrian,Babylon,ORCC,brick,637.4348610960318,674.9298276105326,647.8197876635635,601.9866680938217,625.466413281633,658.6320125957911,686.4694730138843,19,19,19,19,19,19,19
Q003806,631.0,Ashurbanipal,Neo-Assyrian,Babylon,ORCC,brick,639.732157693331,695.3604146170993,630.8810762294243,656.9937872676268,649.416722973258,655.1388626069711,675.5385574682036,18,18,18,18,18,18,18
Q003807,631.0,Ashurbanipal,Neo-Assyrian,Babylon,ORCC,brick,654.4644774198829,666.185333211756,640.4472968088692,646.9459699806084,690.2533479913429,693.310616287802,683.2775589022411,20,20,20,20,20,20,20
Q003808,631.0,Ashurbanipal,Neo-Assyrian,Babylon,ORCC,brick,643.3637179957797,656.4367938407614,631.4529956978605,624.9680845379613,640.0914064260248,643.9277916493587,662.6312533108619,14,14,14,14,14,14,14
Q003809,631.0,Ashurbanipal,Neo-Assyrian,Babylon,ORCC,brick,628.5746437100667,642.3202526000223,592.3520142764321,632.6493420887442,648.9004761953715,631.5866134367475,693.5724985790996,13,13,13,13,13,13,13
Q003810,631.0,Ashurbanipal,Neo-Assyrian,Sippar,ORCC,cylinder,641.157020704868,639.9336838131105,633.5459844534818,610.1545402716721,612.1255701648365,627.1405440720217,627.4610049891672,17,17,17,17,17,17,17
Q003811,631.0,Ashurbanipal,Neo-Assyrian,Borsippa,ORCC,stele,638.7655997177308,642.3274776464425,627.2443964329074,592.8017545211865,620.5962551101688,618.5848348353759,638.7103203486928,19,19,19,19,19,19,19
Q003812,631.0,Ashurbanipal,Neo-Assyrian,Borsippa,ORCC,cylinder,665.9672155415014,677.2251923749648,695.8227149711885,658.1124018258496,668.0703135154156,666.5615029777042,679.3306382122817,13,13,13,13,13,13,13
Q003813,631.0,Ashurbanipal,Neo-Assyrian,Nippur,ORCC,cylinder,650.5574550026706,621.8538154911786,619.9825433553893,605.1300679720098,600.5884050847343,599.031799077134,646.5497930141853,15,15,15,15,15,15,15
Q003814,631.0,Ashurbanipal,Neo-Assyrian,Nippur,ORCC,brick,622.131505110239,600.1368189351589,611.2211987066595,610.1946541189673,610.5394646707218,593.4357128580501,630.7375286727881,14,14,14,14,14,14,14
Q003815,631.0,Ashurbanipal,Neo-Assyrian,Nippur,ORCC,brick,666.7668886407696,666.8900306782427,625.5154120658392,651.6446151690075,631.6068654832364,624.4279897019943,638.9871738530829,15,15,15,15,15,15,15
Q003816,631.0,Ashurbanipal,Neo-Assyrian,Nippur,ORCC,brick,667.5339778657957,683.4855437628397,678.649303084122,630.6584697544723,688.700364613215,755.2884640170322,639.7021123594762,18,18,18,18,18,18,18
Q003817,631.0,Ashurbanipal,Neo-Assyrian,Uruk,ORCC,brick,639.9343313990979,655.60287215036,650.2841519796348,576.5877987601027,659.7158149671487,629.1205379051066,613.4289761287553,11,11,11,11,11,11,11
Q003818,631.0,Ashurbanipal,Neo-Assyrian,Nineveh,ORCC,cylinder,647.5918468300819,671.6307567631085,638.5938549075182,629.0984138864673,673.0436363377053,681.7218108141974,623.1387396036112,15,15,15,15,15,15,15
Q003819,631.0,Ashurbanipal,Neo-Assyrian,Dur-Kurigalzu,ORCC,brick,650.2422371339668,654.612949582075,651.5234802024369,626.2340477199613,631.3507436313652,627.8102961572084,673.9271470916533,11,11,11,11,11,11,11
Q003820,631.0,Ashurbanipal,Neo-Assyrian,Me-Turran,ORCC,brick,641.6162429924408,687.2167744300749,650.6110924410168,616.7724684193043,636.4983744889207,657.9555944926971,658.4411338302631,19,19,19,19,19,19,19
Q003821,631.0,Ashurbanipal,Neo-Assyrian,Babylonia,ORCC,None,640.5451901824168,668.3174565328459,677.0481033168057,681.1350104338144,658.4146345190785,686.400358876077,671.3657123488867,21,21,21,21,21,21,21
Q003822,631.0,Ashurbanipal,Neo-Assyrian,Kuyunjik (Nineveh),ORCC,None,646.689976996795,626.6337923689391,666.8716199662258,650.9293466096964,630.6637802803724,643.3471306141515,668.3740273976225,8,8,8,8,8,8,8
Q003823,631.0,Ashurbanipal,Neo-Assyrian,Kuyunjik (Nineveh),ORCC,None,643.3503540924469,647.672151357061,665.4944360373053,652.6200058990481,631.3052952852584,644.2932688399349,643.2945369249397,19,19,19,19,19,19,19
Q003824,631.0,Ashurbanipal,Neo-Assyrian,Kuyunjik (Nineveh),ORCC,None,664.1120718030502,690.8044299647247,676.9920609638742,648.1897821012844,671.2792469257544,679.6236095925519,630.3381213078508,20,20,20,20,20,20,20
Q003825,631.0,Ashurbanipal,Neo-Assyrian,Kuyunjik (Nineveh),ORCC,None,674.6708495727274,690.9832855963741,702.8302104663063,660.3845933563075,688.3919370012204,663.468484241138,634.8834929206196,18,18,18,18,18,18,18
Q003826,631.0,Ashurbanipal,Neo-Assyrian,Kuyunjik (Nineveh),ORCC,None,661.8374647997514,691.8637407093845,660.9475640816565,648.194219144297,643.9567599427354,669.8469461243951,688.3877386820026,10,10,10,10,10,10,10
Q003827,631.0,Ashurbanipal,Neo-Assyrian,Kuyunjik (Nineveh),ORCC,None,646.4040471522011,636.6180881755821,632.4395356928039,668.5654006495329,642.5502990148676,672.6337309867645,631.0977667372105,13,13,13,13,13,13,13
Q003828,631.0,Ashurbanipal,Neo-Assyrian,Kuyunjik (Nineveh),ORCC,None,667.5343253353485,698.8728576505683,690.0473474542516,656.076779631088,660.3835240442221,668.88477429752,659.2899235050272,16,16,16,16,16,16,16
Q003829,631.0,Ashurbanipal,Neo-Assyrian,Kuyunjik (Nineveh),ORCC,None,645.7378732678781,665.6487224094549,632.1855018880664,677.7822326780611,672.954527255949,661.1474574618909,682.4560888601384,18,18,18,18,18,18,18
Q003840,631.0,Ashurbanipal,Neo-Assyrian,Ur,ORCC,door socket,689.5821426601179,693.1221483120507,689.5964418851819,653.6711359842812,657.3666839547008,671.1442425041394,658.8825545374663,12,12,12,12,12,12,12
Q003841,631.0,Ashurbanipal,Neo-Assyrian,Ur,ORCC,cone,640.9232846565362,674.8495303247316,619.1846404861847,681.9738300980569,676.3190555345793,661.8045853631555,652.4722996536111,10,10,10,10,10,10,10
Q003845,631.0,Ashurbanipal,Neo-Assyrian,Ur,ORCC,brick,637.673047497831,652.1925577219575,621.4270682479274,620.0149629028168,603.5173228077886,617.4551437789019,626.7146267607616,16,16,16,16,16,16,16
Q003846,631.0,Ashurbanipal,Neo-Assyrian,Ur,ORCC,brick,602.0153420021546,624.4718741950527,618.7693588477796,621.6680609152871,638.1782451476683,623.6707642964566,612.6963270104488,14,14,14,14,14,14,14
Q003854,631.0,Ashurbanipal,Neo-Assyrian,Ur,ORCC,disk,645.6217617962386,660.8433718554016,626.76352372133,634.6301106694899,597.6607904193054,627.1085828066576,636.7527523171577,23,23,23,23,23,23,23
Q003855,631.0,Ashurbanipal,Neo-Assyrian,Ur,ORCC,uncertain,589.049315589097,613.8657339035789,602.9939054582217,599.7993415615526,628.0786236570132,619.7602597768265,634.4629618323319,15,15,15,15,15,15,15
Q003862,612.0,Sîn-šarru-iškun,Neo-Assyrian,Kuyunjik (Nineveh),ORCC,cylinder,636.3191488440149,610.3190771804553,630.5554078736794,598.9149045294276,595.1094548044607,608.1072518417823,630.1746753513997,200,200,200,200,200,200,200
Q003863,612.0,Sîn-šarru-iškun,Neo-Assyrian,Kuyunjik (Nineveh),ORCC,cylinder,649.8934261882214,626.2313795564751,645.4666960839699,617.4721887364185,610.5644283225623,583.4451713382846,638.796719738767,200,200,200,200,200,200,200
Q003864,612.0,Sîn-šarru-iškun,Neo-Assyrian,Kuyunjik (Nineveh),ORCC,cylinder,635.4431090248088,613.9488411244848,640.2119791171845,657.8315150878682,639.8227175224832,622.0441994097,597.9607864558998,200,200,200,200,200,200,200
Q003865,612.0,Sîn-šarru-iškun,Neo-Assyrian,Kuyunjik (Nineveh),ORCC,cylinder,646.4340662803284,650.3581235113422,654.9505115799975,654.8199590540105,663.0649793516354,638.1759508011048,660.6178814445375,200,200,200,200,200,200,200
Q003866,612.0,Sîn-šarru-iškun,Neo-Assyrian,Kuyunjik (Nineveh),ORCC,cylinder,665.6437963881392,622.2118059499653,632.5970731397197,634.9079303249707,657.1309335182043,630.419483468972,622.3652523281909,200,200,200,200,200,200,200
Q003867,612.0,Sîn-šarru-iškun,Neo-Assyrian,Kuyunjik (Nineveh),ORCC,None,636.3191488440149,610.3190771804553,630.5554078736794,598.9149045294276,595.1094548044607,608.2049139480353,630.1746753513997,200,200,200,200,200,200,200
Q003868,612.0,Sîn-šarru-iškun,Neo-Assyrian,Qalat Sherqat (Assur),ORCC,prism,646.40856261019,639.7025902312427,633.7912085489891,642.7484049192846,604.6143495177303,614.6770987087264,668.0637704133354,200,200,200,200,200,200,200
Q003869,612.0,Sîn-šarru-iškun,Neo-Assyrian,Qalat Sherqat (Assur),ORCC,prism,641.5757419566887,636.9755379851429,621.3717085204123,641.6916833007812,659.7976337518044,629.7828958033439,628.4646035922946,200,200,200,200,200,200,200
Q003870,612.0,Sîn-šarru-iškun,Neo-Assyrian,Qalat Sherqat (Assur),ORCC,prism,626.5638390740147,645.9431368677905,594.8683935372757,655.7815245313458,639.5103104811046,623.5589759888281,633.7196849104963,200,200,200,200,200,200,200
Q003871,612.0,Sîn-šarru-iškun,Neo-Assyrian,Qalat Sherqat (Assur),ORCC,cylinder,635.2418260283515,643.2033379190729,641.9029526287749,647.7032828528206,619.9358268050868,628.716758363286,629.2316065061597,200,200,200,200,200,200,200
Q003872,612.0,Sîn-šarru-iškun,Neo-Assyrian,Qalat Sherqat (Assur),ORCC,cone,681.0401591258775,694.6143782019868,679.7755799354799,669.8404338014127,700.4502335648141,709.5099191652276,655.8178451717157,200,200,200,200,200,200,200
Q003873,612.0,Sîn-šarru-iškun,Neo-Assyrian,Qalat Sherqat (Assur),ORCC,block,684.978125879749,694.3030078539223,693.3891615967478,698.2542041628616,727.8376419188492,730.104442385665,668.4376124424152,200,200,200,200,200,200,200
Q003874,612.0,Sîn-šarru-iškun,Neo-Assyrian,Qalat Sherqat (Assur),ORCC,brick,677.5357974508249,676.183658664001,687.2339335122764,660.6609680046114,694.3626392593443,691.2981251454598,659.0534857486559,200,200,200,200,200,200,200
Q003875,612.0,Sîn-šarru-iškun,Neo-Assyrian,Qalat Sherqat (Assur),ORCC,brick,691.0890091136463,729.6216708161114,727.8680305256331,700.3098290725818,720.8588844035247,741.0492721172142,692.1708235583053,200,200,200,200,200,200,200
Q003876,612.0,Sîn-šarru-iškun,Neo-Assyrian,Qalat Sherqat (Assur),ORCC,None,657.2454365657927,655.5933949961768,652.4862902765062,655.2160892785467,596.3484122498625,651.9451668477702,648.422198863519,200,200,200,200,200,200,200
Q003877,612.0,Sîn-šarru-iškun,Neo-Assyrian,Qalat Sherqat (Assur),ORCC,None,638.6809459951108,642.6647482237673,640.2956379846911,657.0952437215568,638.0976225577257,655.1418685616695,641.648284407132,200,200,200,200,200,200,200
Q003878,612.0,Sîn-šarru-iškun,Neo-Assyrian,Qalat Sherqat (Assur),ORCC,None,680.7735490030432,704.2778830393145,699.8074812125969,665.7462362922295,670.0281580816127,705.7870159673024,658.3542710588382,200,200,200,200,200,200,200
Q003879,612.0,Sîn-šarru-iškun,Neo-Assyrian,Qalat Sherqat (Assur),ORCC,None,655.483290442108,664.3226252936278,672.0894129151773,665.514644261329,659.4482028953546,686.4031505204032,649.6257962781078,200,200,200,200,200,200,200
Q003880,612.0,Sîn-šarru-iškun,Neo-Assyrian,Nimrud (Kalhu),ORCC,cylinder,630.9676357234678,579.7104449782258,616.7363145485455,599.3421401669455,612.9495623056554,604.4853660403812,616.7939712275538,200,200,200,200,200,200,200
Q003911,681.0,Sennacherib,Neo-Assyrian,Kuyunjik (Nineveh),ORCC,bead,654.0271603008548,691.5576866898845,700.6520367718681,676.9903155088035,682.4465869014238,692.865874431334,643.566793594257,17,17,17,17,17,17,17
Q003912,681.0,Sennacherib,Neo-Assyrian,Kuyunjik (Nineveh),ORCC,bead,644.2716569289141,684.8357160568659,698.521494654965,671.0962308299974,674.878018644883,677.6494966123007,634.586586020408,20,20,20,20,20,20,20
Q003913,681.0,Sennacherib,Neo-Assyrian,Kuyunjik (Nineveh),ORCC,bead,659.3380292941808,701.2408537351482,717.346528442893,669.9538291776595,671.9472983952172,678.7168934987956,640.6744493850441,19,19,19,19,19,19,19
Q003914,681.0,Sennacherib,Neo-Assyrian,Kuyunjik (Nineveh),ORCC,bead,645.8788540687123,711.2190400691977,696.5921991940149,669.9640309641615,688.7414462412427,664.0807737731299,634.4315313783877,17,17,17,17,17,17,17
Q003915,681.0,Sennacherib,Neo-Assyrian,Kuyunjik (Nineveh),ORCC,bead,645.2679389860913,720.740022420018,708.9833839566254,672.1740590330601,666.1190277653676,672.2372654511449,619.1684903346752,16,16,16,16,16,16,16
Q003916,681.0,Sennacherib,Neo-Assyrian,Kuyunjik (Nineveh),ORCC,bead,651.0361969099113,706.7768904114313,693.3720735087323,672.4438120676972,682.6880908209282,670.6917610692436,633.8584734883033,19,19,19,19,19,19,19
Q003917,681.0,Sennacherib,Neo-Assyrian,Kuyunjik (Nineveh),ORCC,bead,646.5740384081549,701.1730117835453,691.4497237016219,668.561892331311,668.0485642398111,665.3246950203785,634.6933685959331,14,14,14,14,14,14,14
Q003918,681.0,Sennacherib,Neo-Assyrian,Kuyunjik (Nineveh),ORCC,bead,650.8093177945777,710.0834602033027,697.5023511985748,670.2967101945834,680.8191722586689,667.0539725364746,621.7028340863841,18,18,18,18,18,18,18
Q003919,681.0,Sennacherib,Neo-Assyrian,Kuyunjik (Nineveh),ORCC,bead,646.8814163996276,712.2751715837333,699.2057444777149,665.6653226909225,674.6897230376647,662.0151317977804,630.0173928332439,17,17,17,17,17,17,17
Q003920,681.0,Sennacherib,Neo-Assyrian,Kuyunjik (Nineveh),ORCC,bead,640.7090072773309,701.7064212076759,675.5102094113907,693.9319838823004,690.805844420776,677.7540005831171,662.5701112619045,10,10,10,10,10,10,10
Q003921,681.0,Sennacherib,Neo-Assyrian,Kuyunjik (Nineveh),ORCC,bead,647.8572015737061,697.8480453323422,685.9580519820846,671.193349658488,673.7030604608752,658.173836741232,625.0587307063936,14,14,14,14,14,14,14
Q003922,681.0,Sennacherib,Neo-Assyrian,Kuyunjik (Nineveh),ORCC,bead,626.2875110319819,682.6741200299144,650.6233834119536,629.9903732503018,668.6484460125437,636.1155602400414,630.4122996572688,11,11,11,11,11,11,11
Q003923,681.0,Sennacherib,Neo-Assyrian,Kuyunjik (Nineveh),ORCC,bead,635.3765641249009,703.8551249513166,682.8161057557844,679.7875858846091,655.878327596921,678.3816269998987,626.6671035823418,22,22,22,22,22,22,22
Q003924,681.0,Sennacherib,Neo-Assyrian,Kuyunjik (Nineveh),ORCC,bead,612.3910744026174,626.1946254133971,654.2477820583841,637.6395336729075,650.1027502688262,639.9863561898952,623.5123433728525,16,16,16,16,16,16,16
Q003925,681.0,Sennacherib,Neo-Assyrian,Kuyunjik (Nineveh),ORCC,bead,639.3799239344646,710.1998744249363,681.8931355820487,666.4620878777562,679.000148764722,663.1076774625154,634.030545753965,21,21,21,21,21,21,21
Q003926,681.0,Sennacherib,Neo-Assyrian,Kuyunjik (Nineveh),ORCC,bead,641.9793683008587,707.4105994195247,689.7231384419247,666.4518647276077,687.5274486050172,666.6382499843567,631.7211289207905,13,13,13,13,13,13,13
Q003927,681.0,Sennacherib,Neo-Assyrian,Kuyunjik (Nineveh),ORCC,bead,644.9631522691061,696.2871011707815,674.2380515201371,671.2330836935068,677.2874176292103,666.2240918174093,631.5971400745436,19,19,19,19,19,19,19
Q003928,681.0,Sennacherib,Neo-Assyrian,Kuyunjik (Nineveh),ORCC,bead,638.7202468840369,703.4375910123969,674.5861797107426,668.354803333577,676.2207089875506,665.8484223331978,625.7219279655009,23,23,23,23,23,23,23
Q003929,681.0,Sennacherib,Neo-Assyrian,Kuyunjik (Nineveh),ORCC,bead,636.7479378341337,684.4475289600421,687.4411787613127,658.8746657282851,669.532773642861,659.6928766768345,630.1119847264816,14,14,14,14,14,14,14
Q003930,681.0,Sennacherib,Neo-Assyrian,Kuyunjik (Nineveh),ORCC,bead,641.629907077146,626.9338692273435,653.9795819759156,637.1661124650071,644.3375264407695,648.8426256534226,619.9432391993411,19,19,19,19,19,19,19
Q003931,681.0,Sennacherib,Neo-Assyrian,Kuyunjik (Nineveh),ORCC,bead,642.9124862868093,693.2317737053667,679.5813837216982,653.90589395515,666.1731359893791,645.1752035896046,576.5369557287277,17,17,17,17,17,17,17
Q003932,681.0,Sennacherib,Neo-Assyrian,Kuyunjik (Nineveh),ORCC,bead,631.3685148381902,673.4926055163498,663.6767420947737,637.4111787821089,654.8790381599663,637.5915827390054,668.0911867506862,17,17,17,17,17,17,17
Q003933,681.0,Sennacherib,Neo-Assyrian,Kuyunjik (Nineveh),ORCC,bead,647.9130965814738,720.2654208675388,672.0733369087787,655.8365598711059,652.0251002444586,658.5623408967657,635.71587083478,14,14,14,14,14,14,14
Q003934,681.0,Sennacherib,Neo-Assyrian,Kuyunjik (Nineveh),ORCC,bead,644.0768054590485,713.2075822331078,658.8453524823733,657.4947270232379,637.6795385586321,653.9245504915201,641.9651820816044,18,18,18,18,18,18,18
Q003935,681.0,Sennacherib,Neo-Assyrian,Kuyunjik (Nineveh),ORCC,bead,636.9312293264852,660.3907944122531,615.4922341630707,640.7718302869362,642.3742363607477,650.7279754173726,633.6315886984147,22,22,22,22,22,22,22
Q003936,681.0,Sennacherib,Neo-Assyrian,Kuyunjik (Nineveh),ORCC,bead,637.9856280166011,662.7338154742431,649.2398385427531,640.3438850413027,645.1204982791229,651.5433838953314,630.2645836478854,11,11,11,11,11,11,11
Q003937,681.0,Sennacherib,Neo-Assyrian,Kuyunjik (Nineveh),ORCC,horse trough,629.0831764970053,626.7836264236931,640.87339392111,639.1512115680897,637.0971905555224,617.8831077060471,643.0235485521683,20,20,20,20,20,20,20
Q003938,681.0,Sennacherib,Neo-Assyrian,Kuyunjik (Nineveh),ORCC,vessel,637.2860067638667,665.6238362121205,678.6630150092325,625.0812827548018,631.5936752950702,615.4075221284296,600.355532219842,25,25,25,25,25,25,25
Q003939,681.0,Sennacherib,Neo-Assyrian,Kuyunjik (Nineveh),ORCC,vessel,652.7859767137588,681.397758666415,684.5983271706366,629.883536020011,663.856190693482,641.8752858376869,616.1094298482207,17,17,17,17,17,17,17
Q003940,681.0,Sennacherib,Neo-Assyrian,Kuyunjik (Nineveh),ORCC,None,669.9887072225082,680.8604841352945,702.8574048825851,677.4686569971004,679.4429983209714,673.9469152994244,632.5623831862323,13,13,13,13,13,13,13
Q003941,681.0,Sennacherib,Neo-Assyrian,Kuyunjik (Nineveh),ORCC,None,641.3637418168289,661.147077833784,660.8054701849719,656.4035696629526,663.9979366819655,661.4325992407454,696.0307773598824,21,21,21,21,21,21,21
Q003942,681.0,Sennacherib,Neo-Assyrian,Kuyunjik (Nineveh),ORCC,None,651.6828904084591,651.0387636799604,670.1389192233582,659.4394449809975,679.0084833081887,664.5416341480192,651.5955639491974,18,18,18,18,18,18,18
Q003943,681.0,Sennacherib,Neo-Assyrian,Kuyunjik (Nineveh),ORCC,None,670.9494511117618,715.5352411654201,709.9921482759446,638.5617351510618,644.548893583911,671.3050180726522,671.2558951245845,17,17,17,17,17,17,17
Q003944,681.0,Sennacherib,Neo-Assyrian,Kuyunjik (Nineveh),ORCC,None,675.4650254236196,682.7209254472656,698.7766206481939,642.3552668581259,620.8577440781256,644.7479685162272,620.6344639899195,14,14,14,14,14,14,14
Q003945,681.0,Sennacherib,Neo-Assyrian,Kuyunjik (Nineveh),ORCC,None,663.5308348957876,654.7864870135221,694.7182614859585,690.9510186850882,656.9497546527708,654.7764280460401,611.372262412993,17,17,17,17,17,17,17
Q003946,681.0,Sennacherib,Neo-Assyrian,Kuyunjik (Nineveh),ORCC,None,644.7432655774385,635.3772946886058,678.4292101989738,629.4518304701295,641.4677592409041,633.4890469386661,643.1118625209316,14,14,14,14,14,14,14
Q003947,681.0,Sennacherib,Neo-Assyrian,Kuyunjik (Nineveh),ORCC,None,654.4548496564074,684.8886663016592,694.65294705883,652.1158943004847,679.741232377478,690.4311751200463,677.4317922352581,19,19,19,19,19,19,19
Q003948,681.0,Sennacherib,Neo-Assyrian,Kuyunjik (Nineveh),ORCC,None,672.5806973900096,661.2085944965352,718.9801981320161,685.2482351303994,676.5794976494651,684.0088729581605,666.4904928026219,16,16,16,16,16,16,16
Q003949,681.0,Sennacherib,Neo-Assyrian,Kuyunjik (Nineveh),ORCC,None,665.1497985612715,671.6485212497871,682.1638270844811,694.6300390680123,676.7491959472866,723.6831295458674,670.2386287806141,21,21,21,21,21,21,21
Q003950,681.0,Sennacherib,Neo-Assyrian,Kuyunjik (Nineveh),ORCC,None,643.8406596537857,643.2351327886598,650.3377472069164,686.2299209374594,631.9864338271491,651.7673001373439,648.041200933139,18,18,18,18,18,18,18
Q003951,681.0,Sennacherib,Neo-Assyrian,Kuyunjik (Nineveh),ORCC,None,659.632021532753,686.9799258088501,680.2259494795361,610.5105127073933,642.301818250071,646.5869555199448,660.5612399362955,15,15,15,15,15,15,15
Q003952,681.0,Sennacherib,Neo-Assyrian,Kuyunjik (Nineveh),ORCC,None,652.0109654442763,681.5779494690623,673.0048380488676,600.6473186926962,626.9696580503979,635.6939656420734,659.5977037815954,22,22,22,22,22,22,22
Q003953,681.0,Sennacherib,Neo-Assyrian,Kuyunjik (Nineveh),ORCC,None,642.0958227045119,638.0671737297578,598.5134794872581,644.5329181382176,616.7024768858431,626.1197442891385,640.9325123985371,16,16,16,16,16,16,16
Q003954,681.0,Sennacherib,Neo-Assyrian,Kuyunjik (Nineveh),ORCC,None,659.1925932971319,650.8282861968263,694.9935481691404,658.4472135098731,655.3240377735692,635.2563683720272,596.6854013493246,15,15,15,15,15,15,15
Q003955,681.0,Sennacherib,Neo-Assyrian,Kuyunjik (Nineveh),ORCC,None,633.8165091237274,612.836434999498,649.196265789913,635.7349993131143,635.9729982664146,623.6145594885285,687.9699790379892,18,18,18,18,18,18,18
Q003956,681.0,Sennacherib,Neo-Assyrian,Kuyunjik (Nineveh),ORCC,None,634.5095472632767,655.7931633234737,683.4908740078675,626.5868376567654,638.0834875628007,639.6904200418161,657.326521767048,14,14,14,14,14,14,14
Q003957,681.0,Sennacherib,Neo-Assyrian,Kuyunjik (Nineveh),ORCC,None,677.3115647168748,645.1257039024753,712.0760020040652,705.9341057038037,721.1979167740628,690.5760063327344,635.5963744758544,12,12,12,12,12,12,12
Q003958,681.0,Sennacherib,Neo-Assyrian,Kuyunjik (Nineveh),ORCC,None,638.02859593557,646.1123476278658,645.7386644498066,655.5024760858558,644.9571556639977,629.2937442375709,620.7049474011843,17,17,17,17,17,17,17
Q003959,681.0,Sennacherib,Neo-Assyrian,Kuyunjik (Nineveh),ORCC,None,646.1039312568724,631.2632965538833,656.4876951159084,601.9619584573047,640.8832747088821,644.037322292792,643.9402251509547,12,12,12,12,12,12,12
Q003960,681.0,Sennacherib,Neo-Assyrian,Kuyunjik (Nineveh),ORCC,None,645.9905994503401,652.2590167656311,631.2989998095743,616.7435846998811,636.7811044571205,625.4380488372121,634.5409474626636,16,16,16,16,16,16,16
Q003961,681.0,Sennacherib,Neo-Assyrian,Kuyunjik (Nineveh),ORCC,None,642.4707659573995,693.574373445437,663.4069482678445,706.1488118091274,672.3429684337103,689.1672742482973,689.3102318669178,14,14,14,14,14,14,14
Q003962,681.0,Sennacherib,Neo-Assyrian,Kuyunjik (Nineveh),ORCC,None,639.9823832303208,667.0968810163182,668.6217337482971,654.8247437034801,691.3634165101495,638.5651793270487,619.0359099394996,13,13,13,13,13,13,13
Q003963,681.0,Sennacherib,Neo-Assyrian,Kuyunjik (Nineveh),ORCC,None,610.7367583444228,625.7056831836488,634.6468615899373,582.7209145288501,603.0537778136045,585.9601892154792,594.3514920338008,18,18,18,18,18,18,18
Q003964,681.0,Sennacherib,Neo-Assyrian,Kuyunjik (Nineveh),ORCC,None,636.3190271646073,610.4734553532099,629.1353149643668,642.5461929768798,638.1849897395391,622.0742855144906,622.1652689831096,22,22,22,22,22,22,22
Q003965,681.0,Sennacherib,Neo-Assyrian,Kuyunjik (Nineveh),ORCC,None,639.6847039477273,626.6495449214382,629.8628910532537,643.896949897147,655.9032064280167,653.3848753300748,659.6765880488234,14,14,14,14,14,14,14
Q003966,681.0,Sennacherib,Neo-Assyrian,Kuyunjik (Nineveh),ORCC,None,639.5819250512543,605.3473289161533,654.3114570014152,610.2381763702573,607.5795811332918,625.5424062731828,609.960054236675,24,24,24,24,24,24,24
Q003967,681.0,Sennacherib,Neo-Assyrian,Kuyunjik (Nineveh),ORCC,None,626.1939502598548,641.6185047499245,591.3130759678331,636.0183448096496,621.634369105434,629.3956032495278,638.4351546529538,13,13,13,13,13,13,13
Q003968,681.0,Sennacherib,Neo-Assyrian,Kuyunjik (Nineveh),ORCC,None,643.7087986424963,617.9829350245107,635.9781284826248,628.8155646502562,640.5590045501082,635.3493504598758,662.3231117107074,18,18,18,18,18,18,18
Q003969,681.0,Sennacherib,Neo-Assyrian,Qalat Sherqat (Assur),ORCC,prism,681.0966230229271,671.2534772269945,658.7767618011165,693.0838501740011,671.7237277776959,685.1772409312108,666.656974956863,22,22,22,22,22,22,22
Q003970,681.0,Sennacherib,Neo-Assyrian,Qalat Sherqat (Assur),ORCC,prism,631.7630714880304,635.759145338737,648.1383631936601,642.9542387455577,643.5080428571576,624.4110857545376,626.011637428657,26,26,26,26,26,26,26
Q003971,681.0,Sennacherib,Neo-Assyrian,Qalat Sherqat (Assur),ORCC,prismatic cylinder,660.288368983455,669.0673866297166,698.5174920258428,694.2466139144265,687.5401630062222,673.4922492905288,640.6740212006805,20,20,20,20,20,20,20
Q003972,681.0,Sennacherib,Neo-Assyrian,Qalat Sherqat (Assur),ORCC,stele,653.4475830910226,654.9512285843422,653.2550115790863,672.6173489181922,666.9408133314861,665.9976842446572,627.0473905186135,22,22,22,22,22,22,22
Q003973,681.0,Sennacherib,Neo-Assyrian,Qalat Sherqat (Assur),ORCC,None,668.3886759226303,661.450564352824,674.3600619129544,688.3492034826104,661.8933331918053,663.096063298885,642.4357024877158,15,15,15,15,15,15,15
Q003974,681.0,Sennacherib,Neo-Assyrian,Qalat Sherqat (Assur),ORCC,block,648.3067672614569,675.6785176070632,657.1803447918954,666.3000421148894,655.1452729933919,645.5942444143082,648.3889469662579,15,15,15,15,15,15,15
Q003975,681.0,Sennacherib,Neo-Assyrian,Qalat Sherqat (Assur),ORCC,block,651.6425312917943,684.4084589094712,640.8507060858785,640.0562744653154,649.5943083007669,649.3991899891571,612.0316488758244,21,21,21,21,21,21,21
Q003976,681.0,Sennacherib,Neo-Assyrian,Qalat Sherqat (Assur),ORCC,block,645.7198545674659,664.5324464861978,653.2347110679779,657.6198440988862,649.634905870526,661.3548958112359,627.6318290000817,24,24,24,24,24,24,24
Q003977,681.0,Sennacherib,Neo-Assyrian,Qalat Sherqat (Assur),ORCC,block,634.3922408187307,668.7553104837991,658.1006925569891,670.797212357414,645.9376245233858,646.8424565294719,628.7872702541073,26,26,26,26,26,26,26
Q003978,681.0,Sennacherib,Neo-Assyrian,Qalat Sherqat (Assur),ORCC,block,641.0964021163824,660.8478228506674,618.9340157754965,668.8163551372257,662.2490224004658,658.0447913244717,657.6858541748546,16,16,16,16,16,16,16
Q003979,681.0,Sennacherib,Neo-Assyrian,Qalat Sherqat (Assur),ORCC,series of blocks,641.3602294828178,652.5787536298571,634.1548284241842,645.8504760185278,654.2559972738952,634.6503604190038,631.5836156471888,26,26,26,26,26,26,26
Q003980,681.0,Sennacherib,Neo-Assyrian,Qalat Sherqat (Assur),ORCC,series of blocks,646.3055466815696,662.449928635982,663.815761826372,641.2064275061665,635.530539491983,643.2260217090567,623.5456906372126,17,17,17,17,17,17,17
Q003981,681.0,Sennacherib,Neo-Assyrian,Qalat Sherqat (Assur),ORCC,series of blocks,658.7108020130956,664.999291503339,687.8154995329273,635.4121929157094,635.828474319169,642.0021029804236,627.5418085766232,17,17,17,17,17,17,17
Q003982,681.0,Sennacherib,Neo-Assyrian,Qalat Sherqat (Assur),ORCC,block,621.5983515073027,605.5451739022282,632.2773703358342,634.9553707442493,631.810230983143,634.0697425327785,651.7855281785842,11,11,11,11,11,11,11
Q003983,681.0,Sennacherib,Neo-Assyrian,Qalat Sherqat (Assur),ORCC,block,643.247831463893,662.4381694848402,642.2417476831673,656.974120284077,639.5049568519743,646.6285605290561,616.851595448464,22,22,22,22,22,22,22
Q003984,681.0,Sennacherib,Neo-Assyrian,Qalat Sherqat (Assur),ORCC,block,658.736121777492,689.9487425455203,660.028853209077,649.3150939120537,662.5375285900508,656.6683499386246,653.0898919905576,15,15,15,15,15,15,15
Q003985,681.0,Sennacherib,Neo-Assyrian,Qalat Sherqat (Assur),ORCC,block,646.5932752078451,680.9232300539264,642.0811269494318,656.8484784275041,667.9251019663877,650.0463627071356,650.910832368026,20,20,20,20,20,20,20
Q003986,681.0,Sennacherib,Neo-Assyrian,Qalat Sherqat (Assur),ORCC,block,631.4205783911691,650.0233813470148,648.1785014654038,626.3892661651685,630.2146025109848,630.4137094910186,641.3449846590559,13,13,13,13,13,13,13
Q003987,681.0,Sennacherib,Neo-Assyrian,Qalat Sherqat (Assur),ORCC,block,645.6390460807806,654.7891687450451,634.6290614248456,644.8795956498477,654.6513111058662,631.7218409444567,650.6045604723696,17,17,17,17,17,17,17
Q003989,681.0,Sennacherib,Neo-Assyrian,Qalat Sherqat (Assur),ORCC,block,638.207406382886,651.6684594560056,620.5808170793041,629.4181126501326,633.4632596823142,623.7715948971027,621.7564901592141,19,19,19,19,19,19,19
Q003990,681.0,Sennacherib,Neo-Assyrian,Qalat Sherqat (Assur),ORCC,block,635.2167611078784,691.016190034761,632.8905308571973,636.5923661918499,655.6558922066987,641.8774432435405,655.2113009068736,21,21,21,21,21,21,21
Q003991,681.0,Sennacherib,Neo-Assyrian,Qalat Sherqat (Assur),ORCC,block,654.2469870675321,724.5928932373452,650.9894579459658,642.2207743844882,655.1264852456391,656.7923163586439,608.9139949014509,16,16,16,16,16,16,16
Q003992,681.0,Sennacherib,Neo-Assyrian,Qalat Sherqat (Assur),ORCC,block,640.7832841079892,628.6379182232303,657.6767816008801,638.9359797566736,648.2740083995334,648.5027200282375,610.6862422008973,17,17,17,17,17,17,17
Q003993,681.0,Sennacherib,Neo-Assyrian,Qalat Sherqat (Assur),ORCC,block,645.29364335922,631.2448326323264,667.8236683871738,643.3648704983902,650.0858830082101,653.5184510063739,617.3940938022414,12,12,12,12,12,12,12
Q003995,681.0,Sennacherib,Neo-Assyrian,Qalat Sherqat (Assur),ORCC,door socket,657.5380613075012,669.13747606164,640.2020553433931,647.9556043921831,642.5905616293068,647.7025693979724,672.449236085021,23,23,23,23,23,23,23
Q003996,681.0,Sennacherib,Neo-Assyrian,Qalat Sherqat (Assur),ORCC,door socket,650.9428160396371,651.5539028619038,648.4128100592002,649.3385989450584,666.6585177720096,640.2960986173154,619.369511533622,20,20,20,20,20,20,20
Q003998,681.0,Sennacherib,Neo-Assyrian,Qalat Sherqat (Assur),ORCC,plating,664.0243145927928,636.4581714788808,656.8034770141604,616.1588208795987,633.1816737465526,627.0543233073752,619.8355570023756,12,12,12,12,12,12,12
Q003999,681.0,Sennacherib,Neo-Assyrian,Qalat Sherqat (Assur),ORCC,plating,669.107541250054,671.1545987258795,637.3506598355171,671.8889314336573,673.5594116316303,669.8193402497474,636.122847467474,26,26,26,26,26,26,26
Q004000,681.0,Sennacherib,Neo-Assyrian,Qalat Sherqat (Assur),ORCC,brick,668.792302094718,662.5105531677997,679.2525859363731,651.2166127098087,649.6806453621062,640.1328580679204,632.2155928496702,16,16,16,16,16,16,16
Q004001,681.0,Sennacherib,Neo-Assyrian,Qalat Sherqat (Assur),ORCC,brick,651.0693756442505,670.0567437391426,621.9843358511671,687.4049272960691,655.3303560398564,662.5237624859443,663.056929674177,14,14,14,14,14,14,14
Q004002,681.0,Sennacherib,Neo-Assyrian,Qalat Sherqat (Assur),ORCC,brick,647.9238901609605,672.1584461318763,625.59682073187,674.4394823139585,639.2923755748967,652.7105799729858,662.2996134848414,14,14,14,14,14,14,14
Q004003,681.0,Sennacherib,Neo-Assyrian,Qalat Sherqat (Assur),ORCC,brick,663.451877599033,670.7860425026616,636.8507194897452,655.390301232288,664.6237939429271,651.4013355055329,651.65139227225,13,13,13,13,13,13,13
Q004004,681.0,Sennacherib,Neo-Assyrian,Qalat Sherqat (Assur),ORCC,brick,666.8320721547045,685.1914909169762,628.7157310878181,664.9817372771661,663.0450290634179,664.2948156641706,652.3906490160347,20,20,20,20,20,20,20
Q004005,681.0,Sennacherib,Neo-Assyrian,Qalat Sherqat (Assur),ORCC,brick,668.1239826132536,667.8614649001147,657.456343139076,690.888998066132,684.028959322098,677.2834319065254,649.6113746587547,20,20,20,20,20,20,20
Q004006,681.0,Sennacherib,Neo-Assyrian,Qalat Sherqat (Assur),ORCC,brick,659.7603953883541,674.2721126840378,660.5772983468814,688.2829815274085,679.3213744995486,678.2044151067022,652.4608266224614,17,17,17,17,17,17,17
Q004007,681.0,Sennacherib,Neo-Assyrian,Qalat Sherqat (Assur),ORCC,brick,651.3908291870631,678.2322233901566,649.4331733073496,675.0412954154184,674.4479435307665,670.3163662721884,650.9958700622084,20,20,20,20,20,20,20
Q004008,681.0,Sennacherib,Neo-Assyrian,Qalat Sherqat (Assur),ORCC,brick,650.0279619480056,706.188209758186,665.7920260517627,667.3691689930035,671.9588464736935,671.1508107710736,664.5504370440214,14,14,14,14,14,14,14
Q004009,681.0,Sennacherib,Neo-Assyrian,Qalat Sherqat (Assur),ORCC,brick,636.6788462757332,687.906752747439,645.8255387066205,628.7629112963656,645.0008584423493,650.7982569140971,631.328111486292,19,19,19,19,19,19,19
Q004010,681.0,Sennacherib,Neo-Assyrian,Qalat Sherqat (Assur),ORCC,brick,637.5149863868527,663.5130848287522,600.7756845686666,666.0211572383129,652.9010202682786,638.0812561537609,646.7526378146596,18,18,18,18,18,18,18
Q004014,681.0,Sennacherib,Neo-Assyrian,Qalat Sherqat (Assur),ORCC,None,627.4437120718759,621.0822450132462,589.2635572501202,645.3383369134986,625.1160902280369,639.7727019282818,655.5723702842095,13,13,13,13,13,13,13
Q004015,681.0,Sennacherib,Neo-Assyrian,Nimrud (Kalhu),ORCC,bead,634.4373058562427,703.8589454438073,663.3691289735383,660.401165698288,643.560105626774,651.4674136564524,631.6947660267062,10,10,10,10,10,10,10
Q004016,681.0,Sennacherib,Neo-Assyrian,Nimrud (Kalhu),ORCC,lion weight,643.9999200963706,625.5247103526353,659.8903613673033,644.8712607829596,651.7811915475336,652.8043640474936,614.6211183670744,19,19,19,19,19,19,19
Q004017,681.0,Sennacherib,Neo-Assyrian,Nimrud (Kalhu),ORCC,tablet (with seal impressions),619.3510539276679,623.6066057620844,628.0050229893461,592.9536742365681,573.60997402329,580.8459900372968,594.2789268231998,18,18,18,18,18,18,18
Q004018,681.0,Sennacherib,Neo-Assyrian,Tell Sherif Khan (Tarbisu),ORCC,cylinder,650.0873734921284,646.99946218669,645.4614537085014,648.5797826951375,668.4599909635155,649.7969769581474,680.4065947979708,19,19,19,19,19,19,19
Q004019,681.0,Sennacherib,Neo-Assyrian,Tell Sherif Khan (Tarbisu),ORCC,cone,650.5027655249759,657.9090691936824,661.8991088711753,662.7217995347811,682.9932552562227,668.090715701561,643.1380603658037,22,22,22,22,22,22,22
Q004020,681.0,Sennacherib,Neo-Assyrian,Tell Sherif Khan (Tarbisu),ORCC,slab,651.3825853974135,649.042082130758,647.2557476996272,647.7274383993971,645.2211421548714,641.1215677203872,593.381437335895,22,22,22,22,22,22,22
Q004021,681.0,Sennacherib,Neo-Assyrian,Tell Sherif Khan (Tarbisu),ORCC,brick,655.9348313689875,643.2092950111289,648.721673003506,662.3518336892727,670.3288015559164,650.3782094069813,623.0009812593518,18,18,18,18,18,18,18
Q004023,681.0,Sennacherib,Neo-Assyrian,Qasr Shamamuk (Kilizu),ORCC,slab,659.9387075602244,672.9191723781996,661.9780744074575,705.6563763097372,691.7159573442093,674.6666831313679,623.1354437472968,20,20,20,20,20,20,20
Q004024,681.0,Sennacherib,Neo-Assyrian,Qasr Shamamuk (Kilizu),ORCC,brick,651.4647862064865,668.5780325576803,657.1124011679366,664.5488885905319,665.3332855059806,660.1448825105132,660.6590181121671,24,24,24,24,24,24,24
Q004027,681.0,Sennacherib,Neo-Assyrian,Judi Dagh,ORCC,rock face,666.1635892068997,654.3330137184462,677.7415360086151,678.5474081038836,683.5228568279078,657.8495841019342,675.2848597244162,20,20,20,20,20,20,20
Q004028,681.0,Sennacherib,Neo-Assyrian,Bavian,ORCC,rock face,645.4305261908543,653.5246052105741,630.3107992372816,666.5389980642051,660.2855932771355,634.653421806926,669.9247389237096,17,17,17,17,17,17,17
Q004029,681.0,Sennacherib,Neo-Assyrian,Jerwan Aqueduct,ORCC,block,644.8786227385084,632.4254043648017,659.5667727559967,642.7274721393575,651.9452463680929,653.6607552989745,612.3368354771203,14,14,14,14,14,14,14
Q004030,681.0,Sennacherib,Neo-Assyrian,Jerwan Aqueduct,ORCC,block,643.28241863729,643.3312090736046,658.7681013492969,641.9312730351882,647.2544106830217,652.8248860603046,616.5127462350467,14,14,14,14,14,14,14
Q004031,681.0,Sennacherib,Neo-Assyrian,Jerwan Aqueduct,ORCC,series of blocks,654.7481976330442,683.9644638509781,687.3257813918963,657.2523890422153,650.0509244283065,670.905694021051,692.379934798163,16,16,16,16,16,16,16
Q004032,681.0,Sennacherib,Neo-Assyrian,Jerwan Aqueduct,ORCC,series of blocks,630.7204503645861,629.2836051848502,645.9143002975334,639.9295372641203,620.1871188810495,610.1133312828044,635.4603281401866,19,19,19,19,19,19,19
Q004033,681.0,Sennacherib,Neo-Assyrian,Jerwan Aqueduct,ORCC,series of blocks,657.7016717591672,674.0423961917332,666.263163239032,620.6710663110406,660.092956268244,685.4548304570723,628.2991054235109,17,17,17,17,17,17,17
Q004034,681.0,Sennacherib,Neo-Assyrian,Wadi Bastura Tunnel,ORCC,series of blocks,661.535132801826,679.2739691467563,668.2935486968396,704.8303478268994,670.1447772578598,702.1004872425386,670.541053584067,19,19,19,19,19,19,19
Q004035,681.0,Sennacherib,Neo-Assyrian,Samarra (Sur-marrati),ORCC,None,654.7213818754576,657.8688567468025,666.174238194542,680.5559526113902,650.8080385331562,647.7839256804509,672.2815091902424,17,17,17,17,17,17,17
Q004036,681.0,Sennacherib,Neo-Assyrian,Tikrit,ORCC,None,650.9461717638869,668.7176980782834,681.6571460273819,703.381396617962,696.258481445739,695.70873646076,695.229622329666,19,19,19,19,19,19,19
Q004037,681.0,Sennacherib,Neo-Assyrian,Babylon,ORCC,paving stone,640.0440219604072,626.8946175319734,647.5099118383158,632.9830660442074,637.3017669852495,643.634498780056,630.1426612568746,14,14,14,14,14,14,14
Q004038,681.0,Sennacherib,Neo-Assyrian,Sippar,ORCC,lion-head finial,632.0690440698975,682.5024902021537,628.5696154474011,658.4533237803809,657.2237637915805,661.7833463185721,630.806595020759,19,19,19,19,19,19,19
Q004058,681.0,Sennacherib,Neo-Assyrian,Kuyunjik (Nineveh),ORCC,vessel,636.4678126870837,608.3761270978305,661.738723224627,641.9786992108665,650.4602272237937,653.0524353803871,616.5150872616521,20,20,20,20,20,20,20
Q004059,681.0,Sennacherib,Neo-Assyrian,Kuyunjik (Nineveh),ORCC,vessel,641.2228581341595,626.4515882668799,659.0496149683279,638.6655152250962,647.1114396894031,649.2463634585913,611.6765689669271,18,18,18,18,18,18,18
Q004060,681.0,Sennacherib,Neo-Assyrian,Kuyunjik (Nineveh),ORCC,vessel,641.2746442990293,684.3908481531112,678.1191291014918,638.8382324294819,641.8673822930406,650.7451749017384,620.4563653409054,16,16,16,16,16,16,16
Q004061,681.0,Sennacherib,Neo-Assyrian,Kuyunjik (Nineveh),ORCC,vessel,638.0012511124631,620.6124732532119,654.4002227488081,636.6433999770173,640.3584788820473,644.8699825835291,610.3188652495243,14,14,14,14,14,14,14
Q004062,681.0,Sennacherib,Neo-Assyrian,Kuyunjik (Nineveh),ORCC,vessel,658.074708985094,641.8363284814257,690.6825891652296,640.5769157730256,632.919726612671,642.7350254384136,629.5179450529241,19,19,19,19,19,19,19
Q004063,681.0,Sennacherib,Neo-Assyrian,Kuyunjik (Nineveh),ORCC,vessel,632.4169046884638,603.5254723391117,656.3450405823529,642.3250443991047,650.0905802165863,651.8492564893887,600.5244386886354,14,14,14,14,14,14,14
Q004064,681.0,Sennacherib,Neo-Assyrian,Kuyunjik (Nineveh),ORCC,vessel,634.2208132289998,607.3754224706428,658.0897345285995,638.3957258726844,648.9579902450686,648.2830463981368,611.0996186698376,25,25,25,25,25,25,25
Q004065,681.0,Sennacherib,Neo-Assyrian,Kuyunjik (Nineveh),ORCC,vessel,637.8164860497495,628.8249507951037,652.1115026686803,635.5216044598882,639.224123807322,645.3857741582501,611.0265562035697,15,15,15,15,15,15,15
Q004066,681.0,Sennacherib,Neo-Assyrian,Kuyunjik (Nineveh),ORCC,vessel,646.0734557246901,633.6099842709565,666.4776608784551,645.3578280527604,654.0719850258156,652.107178420454,616.5175693624507,11,11,11,11,11,11,11
Q004067,681.0,Sennacherib,Neo-Assyrian,Kuyunjik (Nineveh),ORCC,bead,656.4341742197383,734.8178892657133,680.5987234984478,642.096876781666,640.4182236741774,652.5257992055531,673.3192495618131,17,17,17,17,17,17,17
Q004070,681.0,Sennacherib,Neo-Assyrian,Kuyunjik (Nineveh),ORCC,bead,643.1002203347921,634.6754270492429,654.5977079800984,637.1466748463595,647.184371303138,649.3489549249491,631.0202989977722,17,17,17,17,17,17,17
Q004071,681.0,Sennacherib,Neo-Assyrian,Kuyunjik (Nineveh),ORCC,None,666.1265247453706,688.6936864434007,700.7575866120804,703.677613818176,689.8272060406937,680.5330247195137,672.9275065293753,18,18,18,18,18,18,18
Q004072,681.0,Sennacherib,Neo-Assyrian,Kuyunjik (Nineveh),ORCC,None,633.4365272967793,612.3617207562467,654.4005037576948,626.6520296449702,622.3059546589064,629.0602765710062,653.7105602115273,15,15,15,15,15,15,15
Q004073,681.0,Sennacherib,Neo-Assyrian,Kuyunjik (Nineveh),ORCC,None,647.9048708685178,656.6171744603943,675.4798353820806,647.215916800482,645.0016871837073,645.0224124253212,644.3507338569308,22,22,22,22,22,22,22
Q004074,681.0,Sennacherib,Neo-Assyrian,Kuyunjik (Nineveh),ORCC,None,637.2558569226352,641.3970689383999,606.0051232948106,654.7952261097548,637.356091593489,642.3943152254299,657.2244383199186,16,16,16,16,16,16,16
Q004075,681.0,Sennacherib,Neo-Assyrian,Kuyunjik (Nineveh),ORCC,None,644.6068546616175,656.9097821456329,664.5304797728339,617.0260545310978,651.1619194739304,619.503827480247,630.741588798414,21,21,21,21,21,21,21
Q004077,681.0,Sennacherib,Neo-Assyrian,Kuyunjik (Nineveh),ORCC,None,639.7916482551324,632.7567438584754,661.1083785088372,642.8481362936936,649.079435514353,649.1535307894632,608.5233389453746,10,10,10,10,10,10,10
Q004078,681.0,Sennacherib,Neo-Assyrian,Kuyunjik (Nineveh),ORCC,None,635.9512046864546,682.120851149156,633.8936000505031,646.9134280564106,634.6043498472098,639.0358749482139,624.4250963678918,19,19,19,19,19,19,19
Q004079,681.0,Sennacherib,Neo-Assyrian,Kuyunjik (Nineveh),ORCC,None,647.6422746653149,643.5295800326371,645.7600244561272,647.1519570808955,628.4063020467617,639.4235773950053,635.1145248373329,8,8,8,8,8,8,8
Q004080,681.0,Sennacherib,Neo-Assyrian,Kuyunjik (Nineveh),ORCC,tablet or prism,628.1159527946586,630.7506544324024,661.0155889558928,624.3383664875317,620.4851495286601,618.557688685082,575.171284773107,18,18,18,18,18,18,18
Q004081,681.0,Sennacherib,Neo-Assyrian,Kuyunjik (Nineveh),ORCC,tablet or prism,649.2695094563728,668.5827871898417,656.7893095716963,637.449570950985,643.7476629706771,639.9723361908686,658.2698732176024,23,23,23,23,23,23,23
Q004082,681.0,Sennacherib,Neo-Assyrian,Kuyunjik (Nineveh),ORCC,tablet or prism,639.4487735847184,681.3200360329331,731.2508604727395,646.1045456888327,636.5787203099178,642.9814897117203,684.5273291032298,17,17,17,17,17,17,17
Q004088,681.0,Sennacherib,Neo-Assyrian,Qalat Sherqat (Assur),ORCC,stele,663.6969010169006,669.2584569655457,683.7931290626765,638.7431524570038,647.6738495752907,646.5374608774856,632.3162825350736,18,18,18,18,18,18,18
Q004089,681.0,Sennacherib,Neo-Assyrian,Qalat Sherqat (Assur),ORCC,vessel,671.2150665319525,700.6768263425154,714.9841933094597,672.3010408809122,664.4357371275188,671.7857097885437,658.3226692219936,20,20,20,20,20,20,20
Q004177,727.0,Tiglath-pileser III,Neo-Assyrian,Assyria,ORCC,bead,658.8233724034626,676.3509264371708,666.108967880309,658.209946444895,659.9492338108059,660.255777539428,681.9774934467185,58,58,58,58,58,58,58
Q004178,727.0,Tiglath-pileser III,Neo-Assyrian,Assyria,ORCC,brick,654.3982481320775,658.4979440543042,645.6766027993425,625.9673918951408,642.5284013956062,635.5896328761023,627.2474663529126,67,67,67,67,67,67,67
Q005398,539.0,Nabonidus,Neo-Babylonian,Babylon,ORCC,cylinder,627.3464697312463,599.9577989216978,603.0020582747356,613.9392292603408,607.9365215643882,600.4816212134112,637.8873199874822,50,50,50,50,50,50,50
Q005399,539.0,Nabonidus,Neo-Babylonian,Babylon,ORCC,cylinder,628.7219408983483,617.5907084988364,626.1930074720656,648.0573739854685,627.8376664059463,634.9916588071105,640.7502000859112,64,64,64,64,64,64,64
Q005400,539.0,Nabonidus,Neo-Babylonian,Babylon,ORCC,stele,624.3843992623404,618.9064391037559,610.9069777752795,572.0050017686209,625.3653307852281,624.2454608540162,641.7412290822297,73,73,73,73,73,73,73
Q005401,539.0,Nabonidus,Neo-Babylonian,Babylon,ORCC,stele,638.4372350106404,643.992460951934,622.6853396467545,654.4005067775773,626.0218056842451,648.9271860991131,650.9904667068021,59,59,59,59,59,59,59
Q005402,539.0,Nabonidus,Neo-Babylonian,Babylon,ORCC,None,609.150207907858,580.3238327481356,578.3703477638503,605.3474107303526,596.7173461897399,587.9298386335354,609.4170153941217,65,65,65,65,65,65,65
Q005404,539.0,Nabonidus,Neo-Babylonian,Babylon,ORCC,brick,610.1197728053257,563.6264203580097,583.5664702165927,625.9575257356747,628.3634554051707,618.112380176709,610.4264015199041,56,56,56,56,56,56,56
Q005405,539.0,Nabonidus,Neo-Babylonian,Babylon,ORCC,brick,625.7743326134154,590.1087076375643,598.2849906085781,630.6108767231491,624.7468486833951,624.5808170512264,623.7149698601585,70,70,70,70,70,70,70
Q005407,539.0,Nabonidus,Neo-Babylonian,Babylon,ORCC,cylinder,637.6874468130603,621.0489760043885,611.5954906124094,644.4705774370401,626.3805132119556,638.3039903016286,680.1541769062301,62,62,62,62,62,62,62
Q005408,539.0,Nabonidus,Neo-Babylonian,Babylon,ORCC,cylinder,640.9372963840149,647.3379105743664,616.5232589941872,636.577951647585,638.6259208531419,637.4905952457069,638.7444540533343,71,71,71,71,71,71,71
Q005409,539.0,Nabonidus,Neo-Babylonian,Babylon,ORCC,cylinder,625.0308881080535,629.9491313187126,606.2928124020733,631.1433711621721,670.2438139982921,642.8113140751842,641.4761455106028,62,62,62,62,62,62,62
Q005410,539.0,Nabonidus,Neo-Babylonian,Borsippa,ORCC,cylinder,622.4578515612227,583.9400448695669,587.6010552196761,570.6147028044484,566.6775826298524,574.5951403138891,603.9302403473799,67,67,67,67,67,67,67
Q005411,539.0,Nabonidus,Neo-Babylonian,Kish,ORCC,cylinder,605.2229490112793,596.5088826066174,581.7205085263248,612.5557740573582,627.4015172996875,595.4750603368309,641.2684445704356,40,40,40,40,40,40,40
Q005412,539.0,Nabonidus,Neo-Babylonian,Kissik,ORCC,cylinder,610.8813989117959,593.5732111256871,589.2886619919424,576.8366724648582,594.0702546468627,584.2065031707002,599.4157381229256,66,66,66,66,66,66,66
Q005413,539.0,Nabonidus,Neo-Babylonian,Larsa,ORCC,cylinder,613.2172241652854,596.3326940610739,591.1450366027192,583.4441746099337,611.8298580077272,596.6427117602498,628.0951293202331,52,52,52,52,52,52,52
Q005414,539.0,Nabonidus,Neo-Babylonian,Larsa,ORCC,stele,650.9932164785733,643.4554629559452,649.4583918482219,619.8467087028512,626.7378997738564,640.5760626931685,643.7879920731239,76,76,76,76,76,76,76
Q005415,539.0,Nabonidus,Neo-Babylonian,Larsa,ORCC,brick,616.3307969166725,586.9187666636212,603.0997844099784,619.9897457595421,614.3963703280104,615.5283753029153,593.4651201409158,59,59,59,59,59,59,59
Q005416,539.0,Nabonidus,Neo-Babylonian,Marad,ORCC,cylinder,632.8378792989646,613.6938987653059,605.7504558982583,626.7004018252068,633.8897416542228,620.6967432232352,630.3997924377591,57,57,57,57,57,57,57
Q005417,539.0,Nabonidus,Neo-Babylonian,Seleucia,ORCC,brick,635.3083922343862,653.7409099248189,641.6381719053729,652.3664978346338,651.2022707751277,657.7349591598811,656.4376676605107,57,57,57,57,57,57,57
Q005418,539.0,Nabonidus,Neo-Babylonian,Sippar,ORCC,cylinder,639.5668743305281,622.5045214707379,598.539099299352,609.8143361010348,629.7363777320508,606.014162951029,636.4840983794741,64,64,64,64,64,64,64
Q005419,539.0,Nabonidus,Neo-Babylonian,Sippar,ORCC,cylinder,627.378673837328,624.5686099790676,596.5775536103,609.6125435470769,638.8080461404677,625.5083397960068,649.1961021034705,60,60,60,60,60,60,60
Q005420,539.0,Nabonidus,Neo-Babylonian,Sippar,ORCC,cylinder,619.2095478646478,615.7315270373244,591.1559106946473,635.750984267276,641.9519710553758,607.8435233102919,636.2512840896276,61,61,61,61,61,61,61
Q005421,539.0,Nabonidus,Neo-Babylonian,Sippar,ORCC,cylinder,627.2853919957369,624.1724889223509,615.5023666335231,629.1788556751646,643.1213168872586,614.1201090715756,620.2600141682973,64,64,64,64,64,64,64
Q005422,539.0,Nabonidus,Neo-Babylonian,Sippar,ORCC,cylinder,613.34758920594,615.4687116104952,595.5522983026608,632.2780253600695,600.9331941683496,605.6504298870483,619.5813720177009,59,59,59,59,59,59,59
Q005423,539.0,Nabonidus,Neo-Babylonian,Sippar,ORCC,cylinder,644.1472208407587,618.3295890331234,634.1599200809183,623.6438223634476,602.7870881739447,617.0259951079274,605.1458361597853,68,68,68,68,68,68,68
Q005424,539.0,Nabonidus,Neo-Babylonian,Ur,ORCC,cylinder,621.5357126030724,631.7559129983794,577.1166572944102,659.0785959793554,639.4016976682947,647.617012187059,628.0244859446619,61,61,61,61,61,61,61
Q005425,539.0,Nabonidus,Neo-Babylonian,Sippar,ORCC,cylinder,623.2287305455288,597.8884547748156,609.6493383458127,605.0254445561159,591.9616897099844,607.4378287140686,584.9807092663059,71,71,71,71,71,71,71
Q005426,539.0,Nabonidus,Neo-Babylonian,Sippar,ORCC,cylinder,636.7109045288067,625.2840170098895,606.6201705023567,639.9120136410463,649.8642027052197,648.0137052641547,668.5522695817637,61,61,61,61,61,61,61
Q005427,539.0,Nabonidus,Neo-Babylonian,Sippar,ORCC,None,614.2745794263489,615.8917983507826,582.4209017593876,641.5273836871329,650.3367713291781,621.5174991146358,633.4845793418965,56,56,56,56,56,56,56
Q005428,539.0,Nabonidus,Neo-Babylonian,Sippar,ORCC,brick,580.6420699379408,571.1850677977212,574.2703700168719,639.9916399517149,639.8907255033612,637.4271100810032,595.1987938626278,59,59,59,59,59,59,59
Q005429,539.0,Nabonidus,Neo-Babylonian,Ur,ORCC,cylinder,606.4314109515659,617.6313071616082,601.6049582232303,627.3341449357242,645.3363123530893,652.3394767225899,640.5084741711086,69,69,69,69,69,69,69
Q005430,539.0,Nabonidus,Neo-Babylonian,Ur,ORCC,cylinder,605.8700689100204,616.1394962708474,598.3836089695551,624.6476928220103,644.9656440605285,649.5920650285922,641.6894060993317,66,66,66,66,66,66,66
Q005431,539.0,Nabonidus,Neo-Babylonian,Ur,ORCC,cylinder,624.5826785012596,588.0774075038142,590.0696110826683,614.2443435837082,597.4448052754668,590.3361095070542,646.4056871373625,49,49,49,49,49,49,49
Q005432,539.0,Nabonidus,Neo-Babylonian,Ur,ORCC,cylinder,647.3832951366376,626.4674567926629,630.5770142256439,621.1811090905823,623.2484886578459,645.8369333109492,640.345513126151,56,56,56,56,56,56,56
Q005433,539.0,Nabonidus,Neo-Babylonian,Ur,ORCC,door socket,620.6134551946506,603.2619668305526,592.6639613196415,631.731160586012,617.7569449115292,622.170907876233,619.5523966147739,56,56,56,56,56,56,56
Q005434,539.0,Nabonidus,Neo-Babylonian,Ur,ORCC,brick,638.6325321123343,623.2715307964204,611.2472305031351,646.7452131768692,643.2800662266656,629.4062184330794,629.9109088690288,67,67,67,67,67,67,67
Q005435,539.0,Nabonidus,Neo-Babylonian,Ur,ORCC,brick,629.6474684482457,605.518638693569,607.0740934528371,639.1184212658628,640.7165181562538,643.0930858076705,610.1916419403584,59,59,59,59,59,59,59
Q005436,539.0,Nabonidus,Neo-Babylonian,Ur,ORCC,brick,597.3957917102281,580.4316718213151,592.6452035047662,630.6348162941648,617.2367428520466,617.8568098971779,621.7897974541731,69,69,69,69,69,69,69
Q005438,539.0,Nabonidus,Neo-Babylonian,Ur,ORCC,cylinder,652.2918392236415,624.8695527666093,635.7473407312417,625.255768685227,628.5477483020328,607.6383701739843,640.1463223352117,59,59,59,59,59,59,59
Q005439,539.0,Nabonidus,Neo-Babylonian,Babylonia,ORCC,cylinder,622.3889802135852,606.4385732751809,591.4968897296736,621.6410727561819,629.7623935087589,614.4876377846774,634.454404575052,62,62,62,62,62,62,62
Q005440,539.0,Nabonidus,Neo-Babylonian,Babylonia,ORCC,stele,647.3456110529132,650.7837783561449,631.6331733284951,636.7400910928553,633.8473729700422,646.4552436485942,654.448465384377,68,68,68,68,68,68,68
Q005441,539.0,Nabonidus,Neo-Babylonian,Babylonia,ORCC,None,643.6331165175764,650.3935454171057,636.8211153957069,626.7509333007282,635.5782758391445,632.0620525819386,651.4342001738744,55,55,55,55,55,55,55
Q005442,539.0,Nabonidus,Neo-Babylonian,Babylonia,ORCC,None,631.6786275429973,625.1185859711657,631.6261369200963,646.0049464503492,654.8046980682047,647.0577812747287,651.1731179919036,64,64,64,64,64,64,64
Q005443,539.0,Nabonidus,Neo-Babylonian,Harran,ORCC,cylinder,641.8119958709281,637.9630611803387,618.3082261128314,644.0031432378245,659.3064946581392,636.7022397422985,632.1451613953849,68,68,68,68,68,68,68
Q005444,539.0,Nabonidus,Neo-Babylonian,Harran,ORCC,stele,657.2827166535156,655.370016342776,635.4440207415738,672.2708485319037,618.0334019288246,677.2379516820387,636.3739782868216,69,69,69,69,69,69,69
Q005445,539.0,Nabonidus,Neo-Babylonian,Harran,ORCC,uncertain,644.9176525545759,668.238656309758,650.8530519589335,652.0860102187193,654.2305816272541,657.0340889323306,662.0979700735052,68,68,68,68,68,68,68
Q005446,539.0,Nabonidus,Neo-Babylonian,Harran,ORCC,uncertain,643.1159714387911,623.7199879266934,612.4118999335432,628.2816517852909,639.8574284237901,632.2053306110944,609.9470102701014,67,67,67,67,67,67,67
Q005447,539.0,Nabonidus,Neo-Babylonian,Harran,ORCC,uncertain,651.9227823594242,641.9712307107466,655.8724352982634,648.8419654195822,648.5349189887584,653.2413780578171,662.5109906592611,61,61,61,61,61,61,61
Q005448,539.0,Nabonidus,Neo-Babylonian,Harran,ORCC,brick,634.4497646047141,609.3312937484494,624.1655670060267,607.8934843118249,622.4676730833062,633.3816197574354,638.9395980873257,62,62,62,62,62,62,62
Q005449,539.0,Nabonidus,Neo-Babylonian,Harran,ORCC,vessel,626.5410343163028,616.6601145806524,600.1202824480728,642.218012194238,648.6061096146723,620.4830754240863,629.111934163836,57,57,57,57,57,57,57
Q005450,539.0,Nabonidus,Neo-Babylonian,Harran,ORCC,bead,655.0383197963689,689.1727830846027,652.1803099403348,664.6166750273857,644.6828972067974,653.7255597995882,648.5822679849819,72,72,72,72,72,72,72
Q005451,539.0,Nabonidus,Neo-Babylonian,Padakku,ORCC,slab,641.0437973838987,641.1586951895541,623.7981812374325,629.0299719451006,637.5457771197816,641.7142798170852,634.5585688599679,61,61,61,61,61,61,61
Q005452,539.0,Nabonidus,Neo-Babylonian,Selaʾ,ORCC,rock face,635.9571642442817,632.1808898590868,631.2701202188919,651.4996463049997,652.3933922728777,647.7253056816558,644.4880075438609,64,64,64,64,64,64,64
Q005453,539.0,Nabonidus,Neo-Babylonian,Tayma,ORCC,stele,636.5199198539735,620.1049845434993,604.2223532704728,620.1666584654479,599.3038797671978,620.1676904849962,608.1294422973169,63,63,63,63,63,63,63
Q005454,539.0,Nabonidus,Neo-Babylonian,Tayma,ORCC,statue base,641.867048139326,662.7373033685842,648.4905800263597,650.3666769795567,652.5036800202132,655.1925304688766,672.1494284089237,57,57,57,57,57,57,57
Q005455,539.0,Nabonidus,Neo-Babylonian,Tayma,ORCC,stele,620.0784343282292,587.8333076338307,618.4770518020639,652.5737899229301,639.0601523262264,642.9823316304497,664.3594474498076,65,65,65,65,65,65,65
Q005456,539.0,Nabonidus,Neo-Babylonian,Tayma,ORCC,stele,657.7277480879276,654.7163149458552,652.1153876707507,648.5212364922377,647.1383361358425,650.5093871271811,644.1517884515356,63,63,63,63,63,63,63
Q005457,539.0,Nabonidus,Neo-Babylonian,Tayma,ORCC,stele,622.6898180704626,594.6045528579252,596.1677660411756,653.2534352732064,649.1239558466048,642.5949195212586,658.6544720961917,47,47,47,47,47,47,47
Q005458,539.0,Nabonidus,Neo-Babylonian,Tayma,ORCC,stele,652.2352494090601,663.5659440786669,613.4169689811224,648.4565059044136,654.389265296296,651.3228150864694,656.9321680535865,61,61,61,61,61,61,61
Q005463,539.0,Nabonidus,Neo-Babylonian,Babylonia,ORCC,cylinder,650.7161525735562,648.9008965000569,641.7998879914427,648.2148206678562,640.1339730946793,639.318970209159,624.2584759126592,51,51,51,51,51,51,51
Q005464,539.0,Nabonidus,Neo-Babylonian,Borsippa,ORCC,cylinder,634.2166279859409,619.8010805605668,603.6060213307389,639.7390554335635,646.4030193566194,629.5338383385134,644.1956701499308,65,65,65,65,65,65,65
Q005465,539.0,Nabonidus,Neo-Babylonian,Babylonia,ORCC,stele,629.4192172144129,625.9535898677758,598.0702885064705,666.4507943519004,625.3704827579079,650.4535282747988,665.5418859717275,60,60,60,60,60,60,60
Q005466,539.0,Nabonidus,Neo-Babylonian,Kish,ORCC,cylinder,633.5282880809846,656.1418367187908,618.7324736572085,647.7979540586591,645.6038763322039,654.9741244000057,664.8803029149951,64,64,64,64,64,64,64
Q005467,539.0,Nabonidus,Neo-Babylonian,Tell al-Lahm,ORCC,brick,661.9703207100097,613.9844438768639,673.6166768530569,649.6090827928541,649.7101153341533,658.8611997360143,667.8198983900395,67,67,67,67,67,67,67
Q005468,539.0,Nabonidus,Neo-Babylonian,Marad,ORCC,cylinder,638.5855875543368,612.3869114945313,612.4197031513577,634.6569005322447,640.6313326488595,641.4635758679727,638.2357261630654,56,56,56,56,56,56,56
Q005469,539.0,Nabonidus,Neo-Babylonian,Sippar,ORCC,cylinder,632.1223736797436,613.1385724714538,593.5360522889368,632.0413014093086,624.6825750365309,606.6199576760579,657.8808775563286,66,66,66,66,66,66,66
Q005470,539.0,Nabonidus,Neo-Babylonian,Sippar,ORCC,cylinder,634.9872709816412,628.9105878374688,597.48701987382,625.6008040593653,637.7099227092896,625.5680368149095,628.7769640441937,55,55,55,55,55,55,55
Q005471,539.0,Nabonidus,Neo-Babylonian,Harran,ORCC,stele,637.2183198074581,624.5939126012258,610.9333459087908,604.5981316577713,605.8909844621646,611.1198569431798,607.2797423370146,61,61,61,61,61,61,61
Q005472,562.0,Nebuchadnezzar II,Neo-Babylonian,Babylon,ORCC,stele,590.9874211441246,572.1545599663716,560.4936172840607,612.5780069828852,588.2352212540567,572.9213163137035,656.5330976458018,49,49,49,49,49,49,49
Q005473,562.0,Nebuchadnezzar II,Neo-Babylonian,Babylon,ORCC,None,606.8014174674515,604.065081630165,573.8920060973543,583.1644815318533,611.9844691520053,609.2607443195707,638.9444885689045,47,47,47,47,47,47,47
Q005474,562.0,Nebuchadnezzar II,Neo-Babylonian,Babylon,ORCC,block,617.8554978028443,605.3503235690936,582.9162614529051,604.7683029329547,617.8743936262024,622.8424522279053,640.0056804609544,32,32,32,32,32,32,32
Q005475,562.0,Nebuchadnezzar II,Neo-Babylonian,Babylon,ORCC,block,641.3717630138581,598.1308504257892,609.9991998472258,612.3486966990739,635.4991266278889,600.1518522518724,640.1559615896413,48,48,48,48,48,48,48
Q005476,562.0,Nebuchadnezzar II,Neo-Babylonian,Babylon,ORCC,block,638.2381524098338,628.3013990770417,579.8189934004533,617.764288005027,639.8439103004972,631.4850570310198,634.4667297415273,41,41,41,41,41,41,41
Q005477,562.0,Nebuchadnezzar II,Neo-Babylonian,Babylon,ORCC,block,633.2705073446748,620.5888114956889,580.6988328644035,625.6057894077143,633.2942800770554,632.2850639409344,642.763455704313,40,40,40,40,40,40,40
Q005478,562.0,Nebuchadnezzar II,Neo-Babylonian,Babylon,ORCC,paving stone,629.599113223788,626.5340176511143,573.9703632955244,620.6907236599428,635.3983992190236,629.1387408558907,643.0223212350267,61,61,61,61,61,61,61
Q005479,562.0,Nebuchadnezzar II,Neo-Babylonian,Babylon,ORCC,paving stone,658.8240184392528,644.5304864538933,597.8778461394214,640.5591845303592,659.0969820745424,654.2002717366836,639.3562630650275,38,38,38,38,38,38,38
Q005481,562.0,Nebuchadnezzar II,Neo-Babylonian,Babylon,ORCC,paving stone,618.4221706823166,611.716157291838,593.0935043834709,636.2120235232743,628.3142959107993,638.584995688487,621.5597481342502,50,50,50,50,50,50,50
Q005482,562.0,Nebuchadnezzar II,Neo-Babylonian,Babylon,ORCC,prism,646.1440536673119,610.9772208855521,573.3187382216105,654.5245761675867,660.514156724777,615.5918173373929,631.7082115150006,41,41,41,41,41,41,41
Q005483,562.0,Nebuchadnezzar II,Neo-Babylonian,Babylon,ORCC,cylinder,599.6952343183815,580.7728306024077,546.5708885699565,562.0020225060509,590.1450451209172,541.453551847621,594.8790056459816,47,47,47,47,47,47,47
Q005484,562.0,Nebuchadnezzar II,Neo-Babylonian,Babylon,ORCC,cylinder,607.5533876901129,579.1473834568753,533.3219347854886,595.9770604833774,622.354577933869,551.3111997796673,605.2638927851812,40,40,40,40,40,40,40
Q005485,562.0,Nebuchadnezzar II,Neo-Babylonian,Babylon,ORCC,cylinder,591.2228244709123,570.3657676392809,518.0788939393008,577.6769948226806,600.9378145338867,537.0682268572934,586.6327394815243,47,47,47,47,47,47,47
Q005486,562.0,Nebuchadnezzar II,Neo-Babylonian,Babylon,ORCC,cylinder,605.0370405624709,599.9007360666045,567.2236713126224,576.0177803928525,574.5397050604612,563.7419553572761,582.5220213906344,39,39,39,39,39,39,39
Q005487,562.0,Nebuchadnezzar II,Neo-Babylonian,Babylon,ORCC,cylinder,596.7529734271997,589.448478585247,521.2730311728745,600.2039283593842,632.6923167226116,556.89770628335,608.181204652244,39,39,39,39,39,39,39
Q005488,562.0,Nebuchadnezzar II,Neo-Babylonian,Babylon,ORCC,cylinder,598.7842034305354,592.7086245543353,544.2522491146385,572.7602369956874,614.0534739303854,595.0850077645836,615.9678046782833,43,43,43,43,43,43,43
Q005489,562.0,Nebuchadnezzar II,Neo-Babylonian,Babylon,ORCC,cylinder,585.5727594832033,569.3839334632144,519.1728883541542,560.4558373191587,623.2236550299609,530.0222846112769,549.19000625637,42,42,42,42,42,42,42
Q005490,562.0,Nebuchadnezzar II,Neo-Babylonian,Babylon,ORCC,cylinder,599.9969300497747,592.4176895782831,557.5666656013868,570.317878064327,589.314407215829,561.508685895598,608.1915954445348,44,44,44,44,44,44,44
Q005492,562.0,Nebuchadnezzar II,Neo-Babylonian,Babylon,ORCC,cylinder,606.6199591737679,592.1553535159674,548.223039134772,561.5151980595163,581.8024091625505,548.2531112781062,603.0513060284196,46,46,46,46,46,46,46
Q005493,562.0,Nebuchadnezzar II,Neo-Babylonian,Babylon,ORCC,cylinder,639.904188143964,651.7385107963523,586.8891893346316,617.7758481223648,648.6993890491444,616.5806526409951,643.4094829405982,55,55,55,55,55,55,55
Q005494,562.0,Nebuchadnezzar II,Neo-Babylonian,Babylon,ORCC,cylinder,598.8382999104995,599.7035427553977,553.2638088281509,574.091256692698,583.5156956620225,556.2571599435167,603.6642022617746,56,56,56,56,56,56,56
Q005495,562.0,Nebuchadnezzar II,Neo-Babylonian,Babylon,ORCC,cylinder,644.2589390898594,595.9278312695117,595.5843214126129,653.7278060958023,657.8120996626639,575.696277084694,624.657677724384,53,53,53,53,53,53,53
Q005497,562.0,Nebuchadnezzar II,Neo-Babylonian,Babylon,ORCC,cylinder,589.3156893509832,575.8153873807316,583.5384683684933,564.3962895999769,586.9605998417907,554.0852061206747,593.8065718471264,40,40,40,40,40,40,40
Q005498,562.0,Nebuchadnezzar II,Neo-Babylonian,Babylon,ORCC,cylinder,578.8359206433316,570.6027928755775,553.5234617347955,542.0332714150163,564.3427670350297,537.6602892490884,597.7940687614762,52,52,52,52,52,52,52
Q005499,562.0,Nebuchadnezzar II,Neo-Babylonian,Babylon,ORCC,cylinder,646.1929002564913,622.6715192893132,589.789577746765,611.1516020369241,635.5339939489211,646.2814109565879,668.573783896439,37,37,37,37,37,37,37
Q005500,562.0,Nebuchadnezzar II,Neo-Babylonian,Babylon,ORCC,cylinder,609.8435329169556,574.3750095539407,541.7468786470375,563.5639289240482,601.8229622517214,546.3713405160256,596.5245231736875,47,47,47,47,47,47,47
Q005501,562.0,Nebuchadnezzar II,Neo-Babylonian,Babylon,ORCC,cylinder,620.5686205857016,603.9825636199616,576.2430073483384,619.0878178398084,622.7807338002387,581.1709853825736,630.2169017290255,53,53,53,53,53,53,53
Q005502,562.0,Nebuchadnezzar II,Neo-Babylonian,Babylon,ORCC,cylinder,582.1004404289713,585.7058820458228,546.9553812227622,592.2908948979577,625.4036550013783,583.0859945971195,641.6595554419132,50,50,50,50,50,50,50
Q005503,562.0,Nebuchadnezzar II,Neo-Babylonian,Babylon,ORCC,cylinder,619.9390570163793,602.6074833827538,582.3828553943209,573.0150855417787,616.6290922259789,570.3894011186264,612.10483164741,55,55,55,55,55,55,55
Q005504,562.0,Nebuchadnezzar II,Neo-Babylonian,Babylon,ORCC,cylinder,594.505887255767,598.2655266406395,554.4953683543645,570.7948551060948,614.4990766779476,589.0495348181358,617.465676029337,35,35,35,35,35,35,35
Q005505,562.0,Nebuchadnezzar II,Neo-Babylonian,Babylon,ORCC,cylinder,596.9497457980405,567.4726224068235,535.0402556488057,576.9647697593413,624.7066121788737,548.420460729679,592.7105167295472,54,54,54,54,54,54,54
Q005506,562.0,Nebuchadnezzar II,Neo-Babylonian,Babylon,ORCC,cylinder,598.7131801917304,579.9720777831711,520.848104219058,581.1907508911016,604.080949271938,556.3486024376394,610.3845763122719,48,48,48,48,48,48,48
Q005507,562.0,Nebuchadnezzar II,Neo-Babylonian,Babylon,ORCC,cylinder,623.7937173287042,611.349884372519,550.076547851315,656.55081545055,625.5652889146253,606.9370943316276,660.3925894102371,53,53,53,53,53,53,53
Q005508,562.0,Nebuchadnezzar II,Neo-Babylonian,Babylon,ORCC,cylinder,644.7369644651709,622.7194559649348,627.3409520068162,565.8134116200573,594.7650821968417,606.380739834181,617.5135206605008,50,50,50,50,50,50,50
Q005521,562.0,Nebuchadnezzar II,Neo-Babylonian,Babylon,ORCC,cylinder,608.3258543487912,603.5322081364516,571.2230310111338,581.2505191495834,616.0937673143624,605.8373560945779,638.0871001839832,40,40,40,40,40,40,40
Q005522,562.0,Nebuchadnezzar II,Neo-Babylonian,Babylon,ORCC,cylinder,579.1322850157662,580.9481630512731,551.2611553729481,641.3424057992939,643.3769152158806,636.337134712057,586.2735986285397,43,43,43,43,43,43,43
Q005523,562.0,Nebuchadnezzar II,Neo-Babylonian,Babylon,ORCC,cylinder,592.0378938640507,539.6277095791426,542.5769367638181,630.9616669320608,644.2528676460507,633.5413760454359,640.6117596425736,51,51,51,51,51,51,51
Q005524,562.0,Nebuchadnezzar II,Neo-Babylonian,Babylon,ORCC,cylinder,621.6595422052102,636.880763091973,599.1084630156657,658.4404539184563,646.3853032333707,652.0690889554079,624.972368625441,53,53,53,53,53,53,53
Q005525,562.0,Nebuchadnezzar II,Neo-Babylonian,Babylon,ORCC,cylinder,602.0026242269652,561.7763126512101,549.3601536660797,618.5977321934779,626.7770673136977,629.865693291666,621.1382375753706,54,54,54,54,54,54,54
Q005526,562.0,Nebuchadnezzar II,Neo-Babylonian,Babylon,ORCC,cylinder,614.1477004768129,593.789129364963,532.9892007995393,617.9405758806724,643.422637083234,629.00209832209,629.1969811535183,44,44,44,44,44,44,44
Q005528,562.0,Nebuchadnezzar II,Neo-Babylonian,Babylon,ORCC,glazed brick panel,606.5600054881892,569.9187156853117,558.16263026379,627.6919645468306,630.3717696695284,632.3102158388357,618.1026405124584,48,48,48,48,48,48,48
Q005531,562.0,Nebuchadnezzar II,Neo-Babylonian,Babylon,ORCC,brick,588.2210184981137,570.2137262970548,534.4965266867515,553.4733229185797,599.8611364329388,558.8506531034525,620.1403051828999,57,57,57,57,57,57,57
Q005532,562.0,Nebuchadnezzar II,Neo-Babylonian,Babylon,ORCC,brick,590.5995033176874,583.6443506912186,521.1954864429057,588.6048782803742,578.6279532474631,552.8297860740141,547.7414499095688,44,44,44,44,44,44,44
Q005533,562.0,Nebuchadnezzar II,Neo-Babylonian,Babylon,ORCC,brick,644.177399748885,616.3735804497643,593.1205314888612,603.2967340205024,648.3826951381868,592.7249575267765,599.5161417856342,47,47,47,47,47,47,47
Q005534,562.0,Nebuchadnezzar II,Neo-Babylonian,Babylon,ORCC,brick,617.9124127857799,569.9099449048017,539.6797599277407,559.2263254060273,622.1819518315434,566.7131546587254,610.1559797318903,43,43,43,43,43,43,43
Q005535,562.0,Nebuchadnezzar II,Neo-Babylonian,Babylon,ORCC,brick,619.8069123423311,587.0556434979152,547.6159861743756,606.2583994859999,644.8486031920019,590.2998366126644,606.7527387184462,57,57,57,57,57,57,57
Q005536,562.0,Nebuchadnezzar II,Neo-Babylonian,Babylon,ORCC,brick,623.9115691656641,595.9916775946094,552.0870689272685,617.0870217818058,621.7462842954575,587.9147011175017,646.2875267670081,40,40,40,40,40,40,40
Q005537,562.0,Nebuchadnezzar II,Neo-Babylonian,Babylon,ORCC,brick,586.1120906033148,572.0741978686783,537.6491430072764,573.8419350227748,569.6394253798267,561.6222606891885,581.2526164486172,50,50,50,50,50,50,50
Q005538,562.0,Nebuchadnezzar II,Neo-Babylonian,Babylon,ORCC,brick,609.3712221842164,577.3354836854311,535.9882410364113,561.5379307636665,619.9415430293238,533.2705450258845,600.0056322570056,47,47,47,47,47,47,47
Q005540,562.0,Nebuchadnezzar II,Neo-Babylonian,Babylon,ORCC,brick,672.7977151935196,675.221596609808,690.3978657313695,648.0025810361175,663.2835825269224,663.7661675444605,652.7893804261158,41,41,41,41,41,41,41
Q005541,562.0,Nebuchadnezzar II,Neo-Babylonian,Babylon,ORCC,brick,663.9734659731195,665.5271933814921,649.3026013766909,663.4690639476318,647.6626471924731,661.0589965200496,669.203269442184,41,41,41,41,41,41,41
Q005542,562.0,Nebuchadnezzar II,Neo-Babylonian,Babylon,ORCC,brick,579.3634200897727,577.4709615130399,527.048844022729,557.4547265679197,562.3682852686658,547.5418703644443,596.4583778125609,50,50,50,50,50,50,50
Q005545,562.0,Nebuchadnezzar II,Neo-Babylonian,Babylon,ORCC,eyestone,576.5834917514248,577.4462696689037,532.7467560352803,557.7407497973783,561.692281196604,545.1953232519226,596.6121130733914,51,51,51,51,51,51,51
Q005550,562.0,Nebuchadnezzar II,Neo-Babylonian,Borsippa,ORCC,cylinder,613.8089123319976,593.6546892776639,545.3618985087755,604.1749827500499,624.8346643312997,583.3099886089191,590.7238217068447,63,63,63,63,63,63,63
Q005551,562.0,Nebuchadnezzar II,Neo-Babylonian,Borsippa,ORCC,cylinder,614.4688007372712,597.7077540404348,555.0772319857053,616.7857310191077,626.6771797341902,585.8211826356434,613.9600604854933,62,62,62,62,62,62,62
Q005552,562.0,Nebuchadnezzar II,Neo-Babylonian,Borsippa,ORCC,cylinder,631.2496362024822,607.4187216762086,532.8545744434548,608.7597561140021,641.1102851113494,625.1958542669521,630.9942767997768,37,37,37,37,37,37,37
Q005554,562.0,Nebuchadnezzar II,Neo-Babylonian,Borsippa,ORCC,cylinder,630.0495420082938,619.5294595273565,603.9909880101886,618.4801644150755,624.9909518188836,633.1230983902681,641.8286783197905,39,39,39,39,39,39,39
Q005555,562.0,Nebuchadnezzar II,Neo-Babylonian,Borsippa,ORCC,cylinder,608.7236511713617,600.9566800255074,580.8410619924681,582.8823455823496,619.7980712725708,589.9354631570822,591.6599099106124,54,54,54,54,54,54,54
Q005556,562.0,Nebuchadnezzar II,Neo-Babylonian,Borsippa,ORCC,cylinder,611.2859768003644,598.0781676012616,582.4247768653631,576.7834730422452,613.169132934121,574.9175167053065,595.6889994014322,48,48,48,48,48,48,48
Q005557,562.0,Nebuchadnezzar II,Neo-Babylonian,Borsippa,ORCC,cylinder,600.2967443364562,564.6279297310243,565.5833130435085,564.3590037602289,619.4419674315493,552.6915147160242,591.7124032577922,52,52,52,52,52,52,52
Q005558,562.0,Nebuchadnezzar II,Neo-Babylonian,Borsippa,ORCC,block,577.8644171205044,566.0140202768241,529.833677754581,557.8542332024792,578.1809969104535,553.7914409629168,585.0211462778864,44,44,44,44,44,44,44
Q005559,562.0,Nebuchadnezzar II,Neo-Babylonian,Borsippa,ORCC,paving stone,616.4052801184177,590.097484728922,549.517533749984,608.5466743509926,615.495488048595,607.0957642539519,615.8545265590394,51,51,51,51,51,51,51
Q005560,562.0,Nebuchadnezzar II,Neo-Babylonian,Borsippa,ORCC,block,632.5124587345331,606.7677867687828,607.8808800748646,596.7282109962414,607.5174159207531,616.8587547767694,642.6911122107024,64,64,64,64,64,64,64
Q005561,562.0,Nebuchadnezzar II,Neo-Babylonian,Borsippa,ORCC,door socket,582.6395369489837,579.2649515777431,555.8826226582693,596.9839158875327,582.0264330238828,576.1049738912233,599.1448463972995,59,59,59,59,59,59,59
Q005562,562.0,Nebuchadnezzar II,Neo-Babylonian,Borsippa,ORCC,brick,591.568274995525,597.2708315743978,503.0092522102227,600.262272861909,609.2004440054476,593.076311744686,606.8501739115759,38,38,38,38,38,38,38
Q005563,562.0,Nebuchadnezzar II,Neo-Babylonian,Borsippa,ORCC,brick,586.3856622782264,590.5778014060037,558.0862131661372,629.2713813997739,614.5316700069392,615.065840570392,641.9673876985739,44,44,44,44,44,44,44
Q005566,562.0,Nebuchadnezzar II,Neo-Babylonian,Borsippa,ORCC,eye stone,568.5043026081914,564.6381453342653,533.6398754127204,538.1916511329123,564.070446959662,530.2284362064505,587.4082576206013,50,50,50,50,50,50,50
Q005567,562.0,Nebuchadnezzar II,Neo-Babylonian,Borsippa,ORCC,eyestone,581.3224345187131,579.0929354062746,543.3178077847509,585.4376907778214,605.4492208709398,544.901665817994,614.076832991374,68,68,68,68,68,68,68
Q005568,562.0,Nebuchadnezzar II,Neo-Babylonian,Cutha,ORCC,eyestone,585.6933340038313,557.296871393917,530.1165537387328,576.9276780459187,593.5052620807152,543.5143438787364,600.596740082548,44,44,44,44,44,44,44
Q005570,562.0,Nebuchadnezzar II,Neo-Babylonian,Isin,ORCC,brick,607.080385220673,580.0403352126649,565.5353511110192,577.2262656638765,581.4848307122023,572.9963691062002,609.9888390611569,60,60,60,60,60,60,60
Q005571,562.0,Nebuchadnezzar II,Neo-Babylonian,Kish,ORCC,cylinder,616.9558571733643,589.9627854823901,596.2528702686673,549.2441776905553,569.35287988277,572.510325002079,595.4285237742401,51,51,51,51,51,51,51
Q005575,562.0,Nebuchadnezzar II,Neo-Babylonian,Larsa,ORCC,brick,579.7962509655604,564.246815386129,540.0682210937327,586.2259028606525,596.0452621474211,561.023235271821,589.7570483685739,61,61,61,61,61,61,61
Q005576,562.0,Nebuchadnezzar II,Neo-Babylonian,Marad,ORCC,cylinder,574.56470871229,609.1420124393777,561.5672869890508,622.5632263244951,625.2120327486997,606.3878455138592,584.5922290009804,47,47,47,47,47,47,47
Q005577,562.0,Nebuchadnezzar II,Neo-Babylonian,Marad,ORCC,cylinder,570.5674203429606,608.3436050200609,560.4115005142589,604.9807842123779,605.5063435415765,599.987345633132,581.8737548653332,53,53,53,53,53,53,53
Q005579,562.0,Nebuchadnezzar II,Neo-Babylonian,Sippar,ORCC,cylinder,592.1869644713739,581.8937721475884,523.3383074985425,593.3649040210182,585.1782750917116,554.6219191054116,566.1708194034474,40,40,40,40,40,40,40
Q005580,562.0,Nebuchadnezzar II,Neo-Babylonian,Sippar,ORCC,cylinder,593.7064753873216,580.1677647975064,561.9924188026198,586.40393478861,578.8948170978224,573.1216796016644,609.7245422899227,53,53,53,53,53,53,53
Q005582,562.0,Nebuchadnezzar II,Neo-Babylonian,Sippar,ORCC,cylinder,607.4814492741953,586.6636861429364,544.9497639530398,627.6931014871528,617.2147999391818,577.3267418313325,599.0982648600899,48,48,48,48,48,48,48
Q005584,562.0,Nebuchadnezzar II,Neo-Babylonian,Sippar,ORCC,brick,663.3832233118803,667.3255459777901,651.2658829656863,663.7002685899517,649.3343193242439,661.7253996262917,666.0192665340516,47,47,47,47,47,47,47
Q005585,562.0,Nebuchadnezzar II,Neo-Babylonian,Sippar,ORCC,brick,664.1355763758254,668.4812096217313,656.0012573946838,663.1393749889197,648.4104082947046,660.1854064965574,671.0273900129165,40,40,40,40,40,40,40
Q005586,562.0,Nebuchadnezzar II,Neo-Babylonian,Sippar,ORCC,brick,662.5192510122362,668.898154442039,651.7282388376682,662.3049436784834,647.3701822014424,659.2185613367667,667.4243330643307,59,59,59,59,59,59,59
Q005587,562.0,Nebuchadnezzar II,Neo-Babylonian,Ur,ORCC,brick,660.6459569418428,658.7377566279672,678.2159789230758,658.6490962662443,662.1787796376727,659.1688830510828,630.8368835734805,53,53,53,53,53,53,53
Q005588,562.0,Nebuchadnezzar II,Neo-Babylonian,Ur,ORCC,brick,665.9145536498233,667.244744271662,670.9471488350478,664.3834587293513,656.1996934388845,658.3297307445227,670.9291426575132,52,52,52,52,52,52,52
Q005589,562.0,Nebuchadnezzar II,Neo-Babylonian,Uruk,ORCC,cylinder,659.4810920416088,632.8631582138509,686.9475604056421,658.9175824761373,659.3033758617818,656.2090330703772,640.1620326348072,50,50,50,50,50,50,50
Q005591,562.0,Nebuchadnezzar II,Neo-Babylonian,Babylonia,ORCC,cylinder,665.0013218010118,608.1663956001327,677.1185687749634,660.0989586135373,647.211732136894,658.6889876019662,677.2684908581821,56,56,56,56,56,56,56
Q005592,562.0,Nebuchadnezzar II,Neo-Babylonian,Babylonia,ORCC,brick,660.2597315369751,629.7112097379154,687.5012630390265,660.779451459746,660.4086740375285,658.8726694446993,641.2320396501489,53,53,53,53,53,53,53
Q005594,562.0,Nebuchadnezzar II,Neo-Babylonian,Babylonia,ORCC,eyestone,637.2267235144271,649.8605118615575,626.2105026988928,663.8301089357574,643.209299733256,655.5642901003313,640.8467772031396,47,47,47,47,47,47,47
Q005597,562.0,Nebuchadnezzar II,Neo-Babylonian,Brissa,ORCC,rock face,660.05251987594,667.6969175895052,678.9225802687646,659.8111488730422,673.8067986362413,670.2532250468408,651.8165155431111,40,40,40,40,40,40,40
Q006204,612.0,Sîn-šarru-iškun,Neo-Assyrian,Nimrud (Kalhu),ORCC,bulla,662.3272097869884,663.1849960798127,679.3548172077442,650.3325766361828,651.571493642577,656.3242527500286,680.8058070800961,200,200,200,200,200,200,200
Q006323,705.0,Sargon II,Neo-Assyrian,Babylon,ORCC,brick,597.5836750493402,613.1433530171938,607.5985309860464,636.6003725695754,637.5742902491477,604.1161698537695,620.7365732914694,27,27,27,27,27,27,27
Q006325,705.0,Sargon II,Neo-Assyrian,Uruk,ORCC,cylinder,627.523383469718,642.3057149429346,638.0195243951182,622.7621099532192,657.0210181264014,632.1192387508883,633.9717145658327,32,32,32,32,32,32,32
Q006326,705.0,Sargon II,Neo-Assyrian,Uruk,ORCC,brick,650.2635692994168,619.4969053715892,631.5676441416581,653.9691534171873,641.7046410143391,615.2670604712038,638.153555260199,36,36,36,36,36,36,36
Q006329,727.0,Tiglath-pileser III,wall slab (with reliefs),Nimrud,ORCC,None,648.1152946006014,629.9299461518788,644.3438701231698,657.711392234326,631.858475975213,632.4514909059266,652.8458283456094,56,56,56,56,56,56,56
Q006330,727.0,Tiglath-pileser III,wall slab (with reliefs),Nimrud,ORCC,None,659.459874689712,639.9642560823264,650.7544870120578,662.1839005672479,637.3284436619396,654.4078275262777,652.6233001212644,51,51,51,51,51,51,51
Q006331,727.0,Tiglath-pileser III,wall slab (with reliefs),Nimrud,ORCC,None,651.5423235177399,664.5343909435913,676.6686476622906,657.281592351265,682.6886877946555,664.3454024061482,661.4384820250039,49,49,49,49,49,49,49
Q006333,727.0,Tiglath-pileser III,wall slab (with reliefs),Nimrud,ORCC,None,649.7231154764977,630.4159824791049,644.602922393394,657.3545289642218,632.5029703211936,633.2864193510512,651.3874497932533,56,56,56,56,56,56,56
Q006482,705.0,Sargon II,Neo-Assyrian,Khorsabad (Dur-Šarrukin),ORCC,wall slab (with reliefs),643.4356380065157,635.6117508507169,688.3935074763484,642.6299479468274,657.7867314575757,640.2725918481198,674.2897971252954,33,33,33,33,33,33,33
Q006483,705.0,Sargon II,Neo-Assyrian,Khorsabad (Dur-Šarrukin),ORCC,wall slab (with reliefs),651.3838085609194,692.9677235132053,684.6251026908569,692.0808278172622,667.9091488101542,671.9731737481427,668.316048345814,29,29,29,29,29,29,29
Q006484,705.0,Sargon II,Neo-Assyrian,Khorsabad (Dur-Šarrukin),ORCC,wall slab (with reliefs),653.0869229243543,667.5228559992105,665.2064392199401,669.4462711988735,657.1663062520045,664.4135170249288,653.9065040701707,21,21,21,21,21,21,21
Q006485,705.0,Sargon II,Neo-Assyrian,Khorsabad (Dur-Šarrukin),ORCC,wall slab (with reliefs),663.3879207004948,665.5626785896279,674.1617445650086,631.212620324769,668.0149461954694,666.7774933472955,629.7575648322456,37,37,37,37,37,37,37
Q006486,705.0,Sargon II,Neo-Assyrian,Khorsabad (Dur-Šarrukin),ORCC,wall slab (with reliefs),649.0561248375733,645.9306059244411,637.5190408587885,663.7778804770729,695.2758671263962,663.0022574202459,677.4890133427549,27,27,27,27,27,27,27
Q006487,705.0,Sargon II,Neo-Assyrian,Khorsabad (Dur-Šarrukin),ORCC,wall slab (with reliefs),648.7533122671157,644.3460556063154,664.8865467164304,683.8702407084187,647.443483150711,620.3147587296439,624.8319324062671,39,39,39,39,39,39,39
Q006488,705.0,Sargon II,Neo-Assyrian,Khorsabad (Dur-Šarrukin),ORCC,wall slab (with reliefs),644.2470623899347,656.8281052988244,653.8304409811599,682.967516211212,690.8815108943035,672.9092637666974,666.6134608224364,31,31,31,31,31,31,31
Q006489,705.0,Sargon II,Neo-Assyrian,Khorsabad (Dur-Šarrukin),ORCC,wall slab (with reliefs),657.6198131989078,641.0000822821779,678.409903488331,677.9749623232258,668.5489228162844,658.5144993791411,661.8784146942413,32,32,32,32,32,32,32
Q006490,705.0,Sargon II,Neo-Assyrian,Khorsabad (Dur-Šarrukin),ORCC,human-headed bull colossus,639.0051955105095,648.2422814061471,653.7076386693177,650.9683644829307,653.5289537020889,651.0359991709933,665.1957478096685,28,28,28,28,28,28,28
Q006491,705.0,Sargon II,Neo-Assyrian,Khorsabad (Dur-Šarrukin),ORCC,slab,667.347899674928,662.3318934605608,669.9524805918627,675.4998080316961,679.0281364442199,675.1381020220839,665.5138129833941,32,32,32,32,32,32,32
Q006492,705.0,Sargon II,Neo-Assyrian,Khorsabad (Dur-Šarrukin),ORCC,slab,668.5853979290796,665.0791801324993,676.1868375172489,705.6127442647017,680.081435692737,686.5246758869297,662.5710420965769,31,31,31,31,31,31,31
Q006493,705.0,Sargon II,Neo-Assyrian,Khorsabad (Dur-Šarrukin),ORCC,slab,667.1247374311092,662.1752883587458,678.477618473878,702.7141219928644,681.1172956306361,687.4992534215367,670.7035444436398,36,36,36,36,36,36,36
Q006494,705.0,Sargon II,Neo-Assyrian,Khorsabad (Dur-Šarrukin),ORCC,slab,640.444790660459,598.7166938151045,637.6722354766915,664.3503930122002,661.7757366118744,648.4906022632853,663.6250958580976,32,32,32,32,32,32,32
Q006495,705.0,Sargon II,Neo-Assyrian,Khorsabad (Dur-Šarrukin),ORCC,slab,619.6988402631827,612.9929892241998,622.5729935139302,661.7879148292911,672.6011339510335,638.1507579203127,657.8122348274454,26,26,26,26,26,26,26
Q006496,705.0,Sargon II,Neo-Assyrian,Khorsabad (Dur-Šarrukin),ORCC,slab,638.6604184698868,676.0956855467368,627.7204392701725,632.9336806996778,635.0890977355615,652.9977610245041,661.1159616219817,30,30,30,30,30,30,30
Q006497,705.0,Sargon II,Neo-Assyrian,Khorsabad (Dur-Šarrukin),ORCC,slab,612.2698264856573,612.3802067590564,605.1798457533691,632.8792344688309,641.4873443628194,624.889827051561,643.1031297476849,34,34,34,34,34,34,34
Q006498,705.0,Sargon II,Neo-Assyrian,Khorsabad (Dur-Šarrukin),ORCC,slab,613.9364335801728,618.3253521134923,606.7782051440875,616.919882810848,612.7644940227477,624.4022582972785,652.8388937466315,24,24,24,24,24,24,24
Q006499,705.0,Sargon II,Neo-Assyrian,Khorsabad (Dur-Šarrukin),ORCC,slab,620.3675222487269,593.0811584108495,587.8132739899006,633.5564971110259,621.0185352698476,636.8433374504219,656.4537573645518,27,27,27,27,27,27,27
Q006500,705.0,Sargon II,Neo-Assyrian,Khorsabad (Dur-Šarrukin),ORCC,slab,621.913193989966,578.7241296799082,596.352052325892,634.0946108907897,625.203525495379,621.4362847131032,632.1741894889193,22,22,22,22,22,22,22
Q006501,705.0,Sargon II,Neo-Assyrian,Khorsabad (Dur-Šarrukin),ORCC,slab,612.6797886683429,593.0804991945352,602.2358152319042,600.9921476280335,599.3402623036346,608.3387453195161,647.9408903237287,28,28,28,28,28,28,28
Q006503,705.0,Sargon II,Neo-Assyrian,Khorsabad (Dur-Šarrukin),ORCC,slab,623.6017649236569,583.033834550793,608.3535881179566,627.4126469834422,604.8773153799358,609.9973323213285,576.9287409357444,25,25,25,25,25,25,25
Q006504,705.0,Sargon II,Neo-Assyrian,Khorsabad (Dur-Šarrukin),ORCC,wall slab (with reliefs),648.8727081121309,668.5911258442978,667.8059419569902,625.4931794045991,627.626336304949,635.1194792214868,615.8401793161671,33,33,33,33,33,33,33
Q006505,705.0,Sargon II,Neo-Assyrian,Khorsabad (Dur-Šarrukin),ORCC,wall slab (with reliefs),635.1095587229238,563.6888902596328,654.3221291125069,618.6628673921904,618.5010420439978,623.8372611264404,628.9744280989164,32,32,32,32,32,32,32
Q006506,705.0,Sargon II,Neo-Assyrian,Khorsabad (Dur-Šarrukin),ORCC,wall slab (with reliefs),640.3994148234854,606.5005259419478,623.983715387299,624.565410179321,629.5711813560592,629.9587451601185,597.7923529798396,28,28,28,28,28,28,28
Q006507,705.0,Sargon II,Neo-Assyrian,Khorsabad (Dur-Šarrukin),ORCC,wall slab (with reliefs),632.993071799886,575.6679907488104,655.5166758102052,627.6289275396804,628.0047000911682,628.27261921624,582.7413648209179,36,36,36,36,36,36,36
Q006508,705.0,Sargon II,Neo-Assyrian,Khorsabad (Dur-Šarrukin),ORCC,wall slab (with reliefs),630.9988316557615,618.0905602590901,655.7727235209433,629.498022553844,624.3443856293035,629.7736952805279,647.6047454287981,22,22,22,22,22,22,22
Q006509,705.0,Sargon II,Neo-Assyrian,Khorsabad (Dur-Šarrukin),ORCC,wall slab (with reliefs),632.9709237308125,574.9068929966875,651.3754492568894,619.3109443960309,616.3761356190039,627.7605457974942,622.5076908381463,37,37,37,37,37,37,37
Q006510,705.0,Sargon II,Neo-Assyrian,Khorsabad (Dur-Šarrukin),ORCC,wall slab (with reliefs),651.1349570882403,728.6517880132488,695.9486195246476,631.8994836241001,621.5987313841675,638.9280979638784,628.1394784020398,29,29,29,29,29,29,29
Q006511,705.0,Sargon II,Neo-Assyrian,Khorsabad (Dur-Šarrukin),ORCC,wall slab (with reliefs),634.6167872206337,651.8802601188466,671.5627786638191,622.8996424740221,628.751803827489,629.3936558957848,629.3102675047405,34,34,34,34,34,34,34
Q006512,705.0,Sargon II,Neo-Assyrian,Khorsabad (Dur-Šarrukin),ORCC,wall slab (with reliefs),634.1202331476929,573.9418170039927,654.5081726690107,626.1926423202012,623.218434679058,627.1508474767439,602.5673006404943,27,27,27,27,27,27,27
Q006513,705.0,Sargon II,Neo-Assyrian,Khorsabad (Dur-Šarrukin),ORCC,wall slab (with reliefs),631.8424665185327,609.4862131851534,673.8243930670898,620.092480989672,620.9268525959054,628.8501574175026,622.4240080065742,24,24,24,24,24,24,24
Q006515,705.0,Sargon II,Neo-Assyrian,Khorsabad (Dur-Šarrukin),ORCC,wall slab (with reliefs),655.2548285593621,718.4678493211518,719.8466111843064,664.5422312800655,660.1681022358911,655.523925438411,658.1066947681888,35,35,35,35,35,35,35
Q006516,705.0,Sargon II,Neo-Assyrian,Khorsabad (Dur-Šarrukin),ORCC,wall slab (with reliefs),653.318507904053,718.4758840126494,699.8761219541824,636.8930139865711,632.8767938789723,652.8833551377236,661.0369019173245,30,30,30,30,30,30,30
Q006517,705.0,Sargon II,Neo-Assyrian,Khorsabad (Dur-Šarrukin),ORCC,wall slab (with reliefs),661.3274328982584,625.9215885926623,654.9034465000835,634.1220158459519,647.0064720051835,636.7271705692569,612.7606314323998,25,25,25,25,25,25,25
Q006518,705.0,Sargon II,Neo-Assyrian,Khorsabad (Dur-Šarrukin),ORCC,wall slab (with reliefs),624.5032383420076,681.9574268242833,744.538678230293,671.578129379877,628.2562121390513,651.6578016056991,654.1906560626835,25,25,25,25,25,25,25
Q006519,705.0,Sargon II,Neo-Assyrian,Khorsabad (Dur-Šarrukin),ORCC,wall slab (with reliefs),634.9285202550377,655.6840204851726,668.8390933002812,645.4629944629033,642.9015013167561,644.0620614621462,646.1949430034964,36,36,36,36,36,36,36
Q006520,705.0,Sargon II,Neo-Assyrian,Khorsabad (Dur-Šarrukin),ORCC,wall slab (with reliefs),644.4573453533696,613.9699929011105,637.8147713420196,638.6357402940586,633.9450252799652,634.4471479539402,606.2191124260776,33,33,33,33,33,33,33
Q006521,705.0,Sargon II,Neo-Assyrian,Khorsabad (Dur-Šarrukin),ORCC,wall slab (with reliefs),644.4364682565181,652.5726826938245,645.6761871145497,625.7495741254647,628.1342791854272,633.1560976901354,615.202200355565,22,22,22,22,22,22,22
Q006522,705.0,Sargon II,Neo-Assyrian,Khorsabad (Dur-Šarrukin),ORCC,wall slab (with reliefs); human-headed bull colossus,650.5035212255402,642.6945299857637,647.5370426817543,703.8301189779315,693.637799650576,681.6665824135979,701.9714269723356,26,26,26,26,26,26,26
Q006523,705.0,Sargon II,Neo-Assyrian,Khorsabad (Dur-Šarrukin),ORCC,wall slab (with reliefs),660.2457354488015,636.9499806351452,686.9219589882402,667.2963936629386,665.4400838437958,662.4955226374162,668.3481986923844,34,34,34,34,34,34,34
Q006524,705.0,Sargon II,Neo-Assyrian,Khorsabad (Dur-Šarrukin),ORCC,prismatic cylinder,637.003259349495,636.0290629527564,684.7099776102324,644.861719382874,661.8188868965279,639.1081396341883,675.9814717767659,30,30,30,30,30,30,30
Q006525,705.0,Sargon II,Neo-Assyrian,Khorsabad (Dur-Šarrukin),ORCC,None,646.0964289211649,656.9204987634997,678.5345838475364,687.5319929865898,676.1262348903799,664.2320167491903,690.1291529823417,29,29,29,29,29,29,29
Q006526,705.0,Sargon II,Neo-Assyrian,Khorsabad (Dur-Šarrukin),ORCC,None,652.8575544015597,655.8491415275756,673.6654004256824,677.0678118395622,672.2025907649559,673.6928666380171,689.6038653404145,33,33,33,33,33,33,33
Q006527,705.0,Sargon II,Neo-Assyrian,Khorsabad (Dur-Šarrukin),ORCC,None,658.3655254206727,670.5483813659896,690.1058877710328,677.7319812133393,682.4626950851451,685.1062368553966,692.4013993352517,22,22,22,22,22,22,22
Q006528,705.0,Sargon II,Neo-Assyrian,Khorsabad (Dur-Šarrukin),ORCC,None,649.0906396645453,666.8273261535628,713.6372084869223,664.834590095106,666.5958063478183,682.3973372385439,700.8313736875189,40,40,40,40,40,40,40
Q006529,705.0,Sargon II,Neo-Assyrian,Khorsabad (Dur-Šarrukin),ORCC,None,638.0542603901446,626.6562210833317,617.9325201243588,635.1189499114975,632.7348965737369,615.785456871047,628.0034671302826,38,38,38,38,38,38,38
Q006530,705.0,Sargon II,Neo-Assyrian,Khorsabad (Dur-Šarrukin),ORCC,altar,645.7200657646753,625.7872722359117,639.5780953436482,650.5543893672393,663.5478730108082,627.972181513738,598.5576938486547,34,34,34,34,34,34,34
Q006531,705.0,Sargon II,Neo-Assyrian,Khorsabad (Dur-Šarrukin),ORCC,brick,658.6424913290683,710.9011050102935,699.1184470938143,645.2828636010095,655.6765821709968,652.4381322036113,688.4403138349024,27,27,27,27,27,27,27
Q006532,705.0,Sargon II,Neo-Assyrian,Khorsabad (Dur-Šarrukin),ORCC,brick,641.1613546953546,604.7120745782124,611.1131828467876,629.2498345095414,630.0648789998221,634.2353128214924,630.0784403069513,31,31,31,31,31,31,31
Q006533,705.0,Sargon II,Neo-Assyrian,Khorsabad (Dur-Šarrukin),ORCC,brick,636.7772646783427,623.4280875769218,641.1755121249116,641.3382927392084,674.592595533284,657.9040159435108,680.1088140851696,29,29,29,29,29,29,29
Q006535,705.0,Sargon II,Neo-Assyrian,Khorsabad (Dur-Šarrukin),ORCC,brick,628.3324324293345,657.0234365666004,616.714239309466,639.0819987396549,644.6614045411588,647.2197569435506,659.4141475597368,40,40,40,40,40,40,40
Q006536,705.0,Sargon II,Neo-Assyrian,Khorsabad (Dur-Šarrukin),ORCC,brick,641.7761597269105,683.6472983296892,657.5565301871646,682.0128761840245,685.0378184897482,692.0140049049668,698.7041513680591,31,31,31,31,31,31,31
Q006537,705.0,Sargon II,Neo-Assyrian,Khorsabad (Dur-Šarrukin),ORCC,brick,639.6860881234035,670.2659891755176,655.4077494174556,650.9478647222563,665.4681611011163,656.8505941176296,697.9773974627335,21,21,21,21,21,21,21
Q006538,705.0,Sargon II,Neo-Assyrian,Khorsabad (Dur-Šarrukin),ORCC,glazed brick frieze,646.2417783233407,670.1550182928995,664.6615865503762,651.5117458873514,652.8681578297446,663.1932304386208,655.179124666363,33,33,33,33,33,33,33
Q006540,705.0,Sargon II,Neo-Assyrian,Khorsabad (Dur-Šarrukin),ORCC,bowl,642.0041103035886,670.2414325749338,649.7003081598104,636.0131399197528,640.2552811952822,638.3027642708732,659.942688915637,34,34,34,34,34,34,34
Q006541,705.0,Sargon II,Neo-Assyrian,Khorsabad (Dur-Šarrukin),ORCC,bowl,615.6091297641115,598.9122738300374,623.141926494888,628.2975158299361,630.4906189499726,625.7322538115375,616.0053482222294,23,23,23,23,23,23,23
Q006542,705.0,Sargon II,Neo-Assyrian,Khorsabad (Dur-Šarrukin),ORCC,eyestone,603.0361686905143,605.2512601715242,575.1086210816944,631.1662579152369,612.6455195063171,629.0700890753833,633.8814857574304,22,22,22,22,22,22,22
Q006544,705.0,Sargon II,Neo-Assyrian,Qalat Sherqat (Assur),ORCC,prism,646.7467663538617,652.2329735126683,656.9351265649105,624.504743660234,636.7808607888908,647.5189440702733,630.0959024311747,27,27,27,27,27,27,27
Q006545,705.0,Sargon II,Neo-Assyrian,Qalat Sherqat (Assur),ORCC,cylinder,644.6878234673514,629.8905345082609,625.9960542252797,646.372496828787,675.5533715065217,620.8563971299952,587.9326567353971,27,27,27,27,27,27,27
Q006546,705.0,Sargon II,Neo-Assyrian,Qalat Sherqat (Assur),ORCC,None,636.9992833399486,646.8826210296909,650.266979311891,618.6099250487597,669.1763169306763,634.8512429391769,643.8398258249122,31,31,31,31,31,31,31
Q006547,705.0,Sargon II,Neo-Assyrian,Qalat Sherqat (Assur),ORCC,glazed wall plaque,696.6242340871133,690.1126480382484,714.029300374164,645.9191931202615,670.6553467163016,667.3202009636004,650.6072629108241,37,37,37,37,37,37,37
Q006548,705.0,Sargon II,Neo-Assyrian,Qalat Sherqat (Assur),ORCC,cone,658.4267571528266,648.2523977810283,672.0535462206539,673.7097438410667,694.4019701322591,660.8753399330237,655.5100765901682,34,34,34,34,34,34,34
Q006549,705.0,Sargon II,Neo-Assyrian,Qalat Sherqat (Assur),ORCC,brick,636.1613055849925,619.4485079367585,608.5690277257057,637.4966775368495,641.2339775189887,633.4512393235806,645.4712459106274,33,33,33,33,33,33,33
Q006550,705.0,Sargon II,Neo-Assyrian,Qalat Sherqat (Assur),ORCC,brick,625.0097985855243,610.4687596668039,605.9583886565385,659.6405613370305,672.9674711582568,636.0707345764117,643.2174416910907,26,26,26,26,26,26,26
Q006551,705.0,Sargon II,Neo-Assyrian,Qalat Sherqat (Assur),ORCC,brick,629.9672309434316,570.0162472241944,642.1215428703157,622.9471641542575,622.5969646705956,632.9566791403585,630.0915109401546,20,20,20,20,20,20,20
Q006552,705.0,Sargon II,Neo-Assyrian,Qalat Sherqat (Assur),ORCC,grazed brick frieze,645.0585670656985,661.7647358402047,719.0377034438953,630.0292361371893,644.6528380404452,648.8167253176754,604.7187449132758,29,29,29,29,29,29,29
Q006553,705.0,Sargon II,Neo-Assyrian,Qalat Sherqat (Assur),ORCC,None,650.1458824807726,628.2040065011989,653.0950505649525,625.4451217852444,656.2337601498849,661.5466876424565,654.1673945571365,36,36,36,36,36,36,36
Q006554,705.0,Sargon II,Neo-Assyrian,Nimrud (Kalhu),ORCC,slab,647.2903316601714,654.3661248445422,674.3203670080944,663.7718208584641,664.834803498221,645.0324983842283,688.8093419808959,32,32,32,32,32,32,32
Q006555,705.0,Sargon II,Neo-Assyrian,Nimrud (Kalhu),ORCC,prism,641.2735910189162,640.5308350016105,659.0911248659548,673.674664797172,670.172009136815,659.8804348857673,662.6135788392471,26,26,26,26,26,26,26
Q006556,705.0,Sargon II,Neo-Assyrian,Nimrud (Kalhu),ORCC,prism,643.795425984142,637.1321714884032,656.4025936958436,618.6292616170065,638.2118197560643,611.4651052764958,607.4697751222919,31,31,31,31,31,31,31
Q006557,705.0,Sargon II,Neo-Assyrian,Nimrud (Kalhu),ORCC,prismatic cylinder,621.0135814666056,637.3207366484544,678.332548521287,643.8162736955277,643.8218603527598,638.5940105141519,673.7953125003763,25,25,25,25,25,25,25
Q006558,705.0,Sargon II,Neo-Assyrian,Nimrud (Kalhu),ORCC,vase; jar,640.714837344426,615.6083576637919,650.5277914137063,624.9928884516715,632.0854930108371,637.9767108791025,647.1214759962432,33,33,33,33,33,33,33
Q006559,705.0,Sargon II,Neo-Assyrian,Nimrud (Kalhu),ORCC,lion weight,643.8362007424296,651.1280511888467,667.4575293005493,633.0152674655691,639.329084275993,646.2447921491274,665.7990981378322,32,32,32,32,32,32,32
Q006560,705.0,Sargon II,Neo-Assyrian,Nimrud (Kalhu),ORCC,lion weight,644.4577303702225,621.7128487993026,654.626296032624,629.0435800158685,633.0697982476219,640.2905034245172,655.6648956150659,26,26,26,26,26,26,26
Q006561,705.0,Sargon II,Neo-Assyrian,Nimrud (Kalhu),ORCC,writing board,641.7258857656603,645.5416969880181,644.2942697057412,675.0094946712865,682.3141869648023,650.2568099269812,667.2437926205665,26,26,26,26,26,26,26
Q006562,705.0,Sargon II,Neo-Assyrian,Kuyunjik (Nineveh),ORCC,wall slab (with reliefs),654.6345271103665,679.0852170715998,673.615107033273,652.7564261881134,624.7136606154801,649.300340083964,628.07396161476,27,27,27,27,27,27,27
Q006563,705.0,Sargon II,Neo-Assyrian,Kuyunjik (Nineveh),ORCC,prism,643.1674198749641,660.0517159076979,644.7130862953899,674.2708468964702,638.1295843637696,646.8503581725394,657.6251029921252,27,27,27,27,27,27,27
Q006564,705.0,Sargon II,Neo-Assyrian,Kuyunjik (Nineveh),ORCC,prism,637.8631648803603,651.9365104937264,673.0313588433838,644.6595797302095,640.578778046369,623.677526259421,631.2935065498698,28,28,28,28,28,28,28
Q006565,705.0,Sargon II,Neo-Assyrian,Kuyunjik (Nineveh),ORCC,cylinder,623.8903214601129,627.4872145267013,631.6590309262942,675.2262724352481,663.303900423841,634.6606951429583,615.3895490743414,27,27,27,27,27,27,27
Q006566,705.0,Sargon II,Neo-Assyrian,Kuyunjik (Nineveh),ORCC,prismatic cylinder,656.3856390428786,645.1077122244529,655.424990629916,630.647941704225,627.7362322283423,645.0895043111589,617.4393704912126,37,37,37,37,37,37,37
Q006567,705.0,Sargon II,Neo-Assyrian,Kuyunjik (Nineveh),ORCC,cylinder,642.2990667291467,631.7575268946661,631.5198567762294,661.2319576698632,629.4870945509937,630.7706215723447,627.4076930708471,23,23,23,23,23,23,23
Q006568,705.0,Sargon II,Neo-Assyrian,Kuyunjik (Nineveh),ORCC,cylinder,636.1343610804428,624.1587688495891,625.1843974765887,634.3309184470038,656.9224523404584,630.6693215841653,605.9984930305616,30,30,30,30,30,30,30
Q006569,705.0,Sargon II,Neo-Assyrian,Kuyunjik (Nineveh),ORCC,prismatic cylinder,638.4017279133052,597.4454181914108,630.7054434304637,705.2302417858093,650.6505010491765,660.525323638615,645.809602640183,33,33,33,33,33,33,33
Q006570,705.0,Sargon II,Neo-Assyrian,Kuyunjik (Nineveh),ORCC,None,641.346921135738,635.2076601309822,608.5347442402275,649.7671931322137,647.1602111037053,622.0425012144137,652.9435572669508,25,25,25,25,25,25,25
Q006571,705.0,Sargon II,Neo-Assyrian,Kuyunjik (Nineveh),ORCC,None,623.0453106887771,621.0788137385996,588.0362261767193,628.526900896152,622.8858831276875,625.16112812563,623.0209844084279,29,29,29,29,29,29,29
Q006572,705.0,Sargon II,Neo-Assyrian,Kuyunjik (Nineveh),ORCC,None,642.5746389802999,655.4605398949183,668.483341820367,647.5918435429763,661.1909946137782,658.939816759484,652.0512661598485,26,26,26,26,26,26,26
Q006573,705.0,Sargon II,Neo-Assyrian,Kuyunjik (Nineveh),ORCC,cone,637.4712864016122,627.5548183929295,628.0062486228856,631.7651007073498,635.311634009502,625.7990845820412,688.9378005202846,28,28,28,28,28,28,28
Q006574,705.0,Sargon II,Neo-Assyrian,Kuyunjik (Nineveh),ORCC,slab,624.3326370265858,602.6172761223668,620.4235765880082,632.7595121946179,636.0405130674922,642.8479995184376,662.6360200103823,25,25,25,25,25,25,25
Q006575,705.0,Sargon II,Neo-Assyrian,Kuyunjik (Nineveh),ORCC,slab,642.934179398176,623.9779483768443,653.127498137204,631.1298239311926,635.1915233261518,640.1992438531555,652.7852090164147,31,31,31,31,31,31,31
Q006576,705.0,Sargon II,Neo-Assyrian,Kuyunjik (Nineveh),ORCC,brick; slab,642.1065525166042,673.3115844544857,655.7449238974624,690.5524360965933,681.9949162097405,685.348206985115,682.6666875357566,26,26,26,26,26,26,26
Q006577,705.0,Sargon II,Neo-Assyrian,Kuyunjik (Nineveh),ORCC,brick,618.3240482641658,654.3611350410603,627.0379042653108,645.4044538553674,646.7109780023027,645.9978792598704,654.4701991612676,29,29,29,29,29,29,29
Q006578,705.0,Sargon II,Neo-Assyrian,Kuyunjik (Nineveh),ORCC,brick,635.5844599276734,636.4853834094615,632.0591899307732,629.8928827095613,626.9444389023529,636.921934352412,663.5158690415673,37,37,37,37,37,37,37
Q006579,705.0,Sargon II,Neo-Assyrian,Kuyunjik (Nineveh),ORCC,brick,671.5276907587522,628.7894232771707,656.0942255394618,629.1341803313506,634.9413999487368,641.4465528089726,651.2086133040739,26,26,26,26,26,26,26
Q006580,705.0,Sargon II,Neo-Assyrian,Kuyunjik (Nineveh),ORCC,plating (for doorjamb),622.374920643656,611.7504651341674,600.2720310222919,634.8677802792387,619.3268332898891,632.0549698720132,615.8985733091266,34,34,34,34,34,34,34
Q006581,705.0,Sargon II,Neo-Assyrian,Kuyunjik (Nineveh),ORCC,eyestone,617.8534291667013,590.7736509697645,594.5460968126664,617.1187251825373,619.0472792708823,619.2145962010502,600.3531460030248,35,35,35,35,35,35,35
Q006582,705.0,Sargon II,Neo-Assyrian,Kuyunjik (Nineveh),ORCC,tablet ?,662.8921134491583,682.0956222657403,655.6581603523484,648.8979900071295,658.5838122568808,648.5048712886576,654.03991135902,30,30,30,30,30,30,30
Q006583,705.0,Sargon II,Neo-Assyrian,uncertain,ORCC,None,634.8482526005682,638.224365403341,623.8249079143219,575.627819097968,632.3778041723269,612.4209218984462,649.1691242742797,27,27,27,27,27,27,27
Q006584,705.0,Sargon II,Neo-Assyrian,Larnaka,ORCC,stele,662.0802315096827,627.178321863274,654.9691238633072,627.2987368443893,645.5494142956112,629.3766385936973,630.4301153534959,30,30,30,30,30,30,30
Q006585,705.0,Sargon II,Neo-Assyrian,Ashdod (Asdūdu),ORCC,stele,661.4683494735062,659.3337214325662,686.6735625901614,695.6549916163884,692.6714253903792,730.0294626743216,672.358450120964,30,30,30,30,30,30,30
Q006586,705.0,Sargon II,Neo-Assyrian,uncertain,ORCC,stele,646.7670837905346,645.8518858230053,668.568594756395,671.5063028307768,668.728377868242,692.6085545642815,675.9295632663082,25,25,25,25,25,25,25
Q006587,705.0,Sargon II,Neo-Assyrian,Acharneh (Tunip),ORCC,stele,647.2338163829586,653.0732332943247,650.3691643868526,604.9209472779677,616.9795522582801,629.3770241229947,650.222395912324,25,25,25,25,25,25,25
Q006588,705.0,Sargon II,Neo-Assyrian, Ahmar (Til Barsip),ORCC,stele,622.3465718564551,631.8503300012096,629.776046353696,634.4694867476226,645.9209669026035,629.7631165403355,649.7582258150799,31,31,31,31,31,31,31
Q006589,705.0,Sargon II,Neo-Assyrian,Tell Tayinat (Unqi),ORCC,stele,639.5196495357332,625.0620531046059,625.7042747967952,677.6610980974383,644.1856251470832,639.7793213646821,650.59198388242,33,33,33,33,33,33,33
Q006590,705.0,Sargon II,Neo-Assyrian,Europos (Carchemish),ORCC,cylinder,661.5974784136248,654.7958103696234,693.2987692191509,681.8611855369136,671.9351275184279,696.8291220888136,674.9594558089651,33,33,33,33,33,33,33
Q006591,705.0,Sargon II,Neo-Assyrian,Europos (Carchemish),ORCC,brick,642.7744896355817,621.980210403974,654.1517864344758,629.2475115872622,632.9337540242255,638.4436877494196,647.8542512473375,28,28,28,28,28,28,28
Q006592,705.0,Sargon II,Neo-Assyrian,Arslantepe (Melidu),ORCC,cylinder,647.2577130586267,648.5346511549704,671.4411248782262,657.5119013787589,658.9362444930296,654.4807002210562,666.1828939154576,27,27,27,27,27,27,27
Q006593,705.0,Sargon II,Neo-Assyrian,Arslantepe (Melidu),ORCC,cylinder,661.893345706997,654.6504759205566,676.0731433298895,668.2291355774993,691.0027941883692,692.6448216087839,651.0558653831824,27,27,27,27,27,27,27
Q006594,705.0,Sargon II,Neo-Assyrian,Arslantepe (Melidu),ORCC,cylinder,656.0365070250027,675.2019443707819,707.2215428766744,656.6735006594687,650.2779273151696,683.7548084769323,654.6647987719067,36,36,36,36,36,36,36
Q006595,705.0,Sargon II,Neo-Assyrian,Arslantepe (Melidu),ORCC,cylinder,639.5974743962292,628.289663141107,642.5174748057284,652.2863519393479,616.2177944654763,622.6770758125277,623.3816900532161,29,29,29,29,29,29,29
Q006596,705.0,Sargon II,Neo-Assyrian,Najafabad (Kišesim),ORCC,stele,646.7256589776543,612.2973816138441,634.2900825754268,658.6877630152301,651.4817615665528,635.96801780558,630.2945107181127,23,23,23,23,23,23,23
Q006597,705.0,Sargon II,Neo-Assyrian,Tang-i Var,ORCC,rock cliff,643.9365481795076,633.0999357754989,677.2988765713776,652.3229485504042,651.8303559730847,637.6211545751763,625.6386579088154,24,24,24,24,24,24,24
Q006598,705.0,Sargon II,Neo-Assyrian,Persepolis (Pārśa),ORCC,bead,623.5447218388623,645.4529075460503,613.3217415980727,633.1193760509753,618.2221367339913,635.0028179792561,655.0290615248337,30,30,30,30,30,30,30
Q006599,705.0,Sargon II,Neo-Assyrian,Persepolis (Pārśa),ORCC,eyestone,624.5961920751829,595.9641713204775,588.6454935674835,623.9773673939393,624.0576330516769,631.3443754207598,606.5370494620945,27,27,27,27,27,27,27
Q006600,705.0,Sargon II,Neo-Assyrian,Persepolis (Pārśa),ORCC,eyestone,625.3851495314076,592.1398300218925,583.375984658853,624.6410962403847,622.0502704794112,632.4833423030882,605.9186404220939,31,31,31,31,31,31,31
Q006601,705.0,Sargon II,Neo-Assyrian,Persepolis (Pārśa),ORCC,eyestone,639.16191315046,667.9890469571321,650.8729617767511,628.6615056003117,635.898459050936,639.7504039852455,656.6377620397919,27,27,27,27,27,27,27
Q006602,705.0,Sargon II,Neo-Assyrian,Persepolis (Pārśa),ORCC,eyestone,629.2806167438637,640.3526624977422,607.6594290097316,626.3691967149101,628.533864926077,641.2794501626261,614.2951801803505,28,28,28,28,28,28,28
Q006603,705.0,Sargon II,Neo-Assyrian,Babylon (Bābili),ORCC,brick,596.8338064113825,610.2765679695724,604.7241035891251,636.2743605130162,638.8548923518276,607.4295287014118,618.9731105192918,32,32,32,32,32,32,32
Q006604,705.0,Sargon II,Neo-Assyrian,Babylon (Bābili),ORCC,brick,621.7220413123484,581.568719092979,595.4286108556228,632.5753100204648,641.133785854651,637.5307149573486,643.681238699782,27,27,27,27,27,27,27
Q006605,705.0,Sargon II,Neo-Assyrian,Warka (Uruk),ORCC,cylinder,630.5491748106942,648.3398955512691,642.8147986804736,635.3181865012896,648.167682254183,643.0039987279824,634.2837117672959,37,37,37,37,37,37,37
Q006606,705.0,Sargon II,Neo-Assyrian,Warka (Uruk),ORCC,brick,648.7831356043732,618.7763204508781,631.344933645568,650.5123663647973,637.9552195085741,615.9009513732425,639.113074095179,30,30,30,30,30,30,30
Q006608,705.0,Sargon II,Neo-Assyrian,Warka (Uruk),ORCC,brick,624.0001958560986,578.8047991717216,647.235223301689,626.0158672555626,627.7115482094836,636.1029427695598,644.8977421002668,27,27,27,27,27,27,27
Q006609,705.0,Sargon II,Neo-Assyrian,Tell Haddad (Me-Turan),ORCC,cylinder,643.6442562895227,638.7760752791829,688.3127990659666,645.078701096554,660.5837033448181,640.598949498217,677.176719083521,28,28,28,28,28,28,28
Q006610,705.0,Sargon II,Neo-Assyrian,uncertain,ORCC,bead,623.5218047239123,630.2682687712214,603.2290991783052,624.9740058214173,616.1859675517401,628.6149342512762,636.2205243514279,26,26,26,26,26,26,26
Q006611,705.0,Sargon II,Neo-Assyrian,Qalʾeh-i Imam,ORCC,None,647.5973681111349,664.6811824081844,710.2065170303299,642.9814054177313,637.9865289909037,653.366089524887,629.0274222520505,30,30,30,30,30,30,30
Q006633,705.0,Sargon II,Neo-Assyrian,Qalat Sherqat (Assur),ORCC,cone,658.6431968309975,698.4676142550634,743.6294510902029,677.4561742479501,679.3037647089537,696.8211779532337,666.4356436659683,27,27,27,27,27,27,27
Q006634,705.0,Sargon II,Neo-Assyrian,Qalat Sherqat (Assur),ORCC,cone,635.677241802197,575.453698345662,676.8983542536997,624.2526944848235,626.3790985731426,632.6131222175336,632.8131458784028,30,30,30,30,30,30,30
Q006636,705.0,Sargon II,Neo-Assyrian,Nimrud (Kalhu),ORCC,prismatic cylinder,623.5161212712411,609.8555264705838,581.1426541992914,594.6707105438797,592.087882374367,592.634052132065,617.2566766365845,32,32,32,32,32,32,32
Q006637,705.0,Sargon II,Neo-Assyrian,Kuyunjik (Nineveh),ORCC,block,618.7756106187,588.0896421817141,587.5960273983483,647.7078914681476,626.8947720070643,621.8245896819184,640.8545870491841,23,23,23,23,23,23,23
Q006638,705.0,Sargon II,Neo-Assyrian,Kuyunjik (Nineveh),ORCC,lion colossus,648.2303542625655,638.1483325584434,651.2536795232206,633.8259605503598,618.8942850205691,630.3055698482557,642.7385216505771,27,27,27,27,27,27,27
Q006639,705.0,Sargon II,Neo-Assyrian,Samaria (Sāmerīna),ORCC,stele ?,635.5846376593524,612.8279720463528,596.8339365648803,622.784933206867,625.9083338679495,632.1626470274161,639.863905850114,20,20,20,20,20,20,20
Q006640,705.0,Sargon II,Neo-Assyrian,Europos (Carchemish),ORCC,stele ?,623.5650412071053,663.9425305232785,665.1234707372485,625.129057207233,627.0976258878652,641.2018957375102,661.2424602000169,40,40,40,40,40,40,40
Q006643,705.0,Sargon II,Neo-Assyrian,Nimrud (Kalhu),ORCC,bowl; jar; mirror,653.7767291165013,694.5450473773234,693.0128778605416,633.2529408925366,627.3058060980269,639.9124749556754,630.6505018529322,31,31,31,31,31,31,31
Q006644,705.0,Sargon II,Neo-Assyrian,Khorsabad (Dur-Šarrukin),ORCC,slab,638.1100095404581,641.031662082893,648.2212028778541,662.22389967087,671.1335203182623,663.8821729050013,643.9283416752511,25,25,25,25,25,25,25
Q006645,705.0,Sargon II,Neo-Assyrian,Khorsabad (Dur-Šarrukin),ORCC,macehead,642.7796584229662,663.9702310473278,646.9084374158492,630.5721425723971,630.8704136153586,646.9596729726821,672.5957595804049,27,27,27,27,27,27,27
Q006647,705.0,Sargon II,Neo-Assyrian,Qalat Sherqat (Assur),ORCC,coffer,637.2877290375496,643.2620096320106,636.9684030731526,641.9097358904638,625.311235186462,632.4654448853559,609.2910980268276,23,23,23,23,23,23,23
Q006648,705.0,Sargon II,Neo-Assyrian,Nimrud (Kalhu),ORCC,cylinder seal (sealing),641.1737234211051,698.5025743253651,702.2582015984078,649.7303399726999,638.7570777567513,638.1348160411364,616.129254607016,28,28,28,28,28,28,28
Q006649,705.0,Sargon II,Neo-Assyrian,uncertain,ORCC,cylinder seal,649.8942846885275,680.1074266373403,669.6760882988865,635.4114685152738,614.8971989604389,633.7440100610129,606.2577263584109,21,21,21,21,21,21,21
Q006650,705.0,Sargon II,Neo-Assyrian,Tell Haddad (Me-Turan),ORCC,axehead,646.6253314180547,678.4832310943242,670.2752832504618,653.5159985149592,642.1254477406712,638.3782255386645,663.8385006353562,20,20,20,20,20,20,20
Q006651,705.0,Sargon II,Neo-Assyrian,Tell Baradan,ORCC,cylinder,630.5409235217171,607.1582727228918,613.2167209656607,620.9910992080703,618.2058524218913,607.8413185576633,584.3491006012227,21,21,21,21,21,21,21
Q006652,705.0,Sargon II,Neo-Assyrian,Tell Ahmar (Til Barsip),ORCC,stele,646.8597116648397,689.1362957264423,674.3857257885704,657.6331401652697,646.6760528151777,646.8431843112796,677.2771959278826,19,19,19,19,19,19,19
Q007539,631.0,Ashurbanipal,Neo-Assyrian,Kuyunjik (Nineveh),ORCC,None,641.9245797444589,606.1179984657562,649.1421422003249,635.3355269991367,656.2301610694361,637.6725119072427,628.896354270673,14,14,14,14,14,14,14
Q007540,631.0,Ashurbanipal,Neo-Assyrian,Kuyunjik (Nineveh),ORCC,None,640.7359054236305,635.5572848106037,640.9754140075204,632.7115956933593,632.7818198317758,632.5785258534602,664.7301523231913,15,15,15,15,15,15,15
Q007541,631.0,Ashurbanipal,Neo-Assyrian,Kuyunjik (Nineveh),ORCC,None,638.8607511617136,670.1493633968095,660.3060171820388,658.8719808626945,626.4739085444667,669.7448741568968,655.2039447764621,15,15,15,15,15,15,15
Q007542,631.0,Ashurbanipal,Neo-Assyrian,Kuyunjik (Nineveh),ORCC,None,654.5503997032775,658.2735860331944,641.6773297264172,631.1324946643003,628.5163684316839,649.2601456736571,652.7141706193272,16,16,16,16,16,16,16
Q007543,631.0,Ashurbanipal,Neo-Assyrian,Kuyunjik (Nineveh),ORCC,None,654.566370075451,689.3736903066081,668.7293311244171,629.1261301377209,625.017131557919,697.1097276595384,680.1383274667124,16,16,16,16,16,16,16
Q007544,631.0,Ashurbanipal,Neo-Assyrian,Kuyunjik (Nineveh),ORCC,None,640.255651135174,643.7953364619921,643.0550134846004,618.100444864627,632.7742967532018,658.1315326156961,594.4237920639373,20,20,20,20,20,20,20
Q007545,631.0,Ashurbanipal,Neo-Assyrian,Kuyunjik (Nineveh),ORCC,None,632.8856737095865,649.5778306336441,649.6662016672961,659.2050934312767,655.7496680458793,620.1528370809223,651.8235258696433,15,15,15,15,15,15,15
Q007546,631.0,Ashurbanipal,Neo-Assyrian,Kuyunjik (Nineveh),ORCC,None,638.5944455383418,662.0482746094922,642.9898436661093,687.4438196945086,648.9071125789246,649.5067766666044,660.5232943478677,16,16,16,16,16,16,16
Q007547,631.0,Ashurbanipal,Neo-Assyrian,Kuyunjik (Nineveh),ORCC,None,654.383693327136,642.8457986181974,680.3615969630681,640.9157980779602,660.9781338317159,648.5559591062366,611.2924655448659,13,13,13,13,13,13,13
Q007548,631.0,Ashurbanipal,Neo-Assyrian,Kuyunjik (Nineveh),ORCC,None,657.3505966887178,649.2717837406565,640.4152049826474,650.1816988726813,654.8590079171278,641.9292581731161,622.5088112358046,17,17,17,17,17,17,17
Q007549,631.0,Ashurbanipal,Neo-Assyrian,Kuyunjik (Nineveh),ORCC,None,648.7027880304428,645.6626959716588,631.0538543299411,623.3704152089796,602.6712712886542,653.6458167737728,633.3797264783484,11,11,11,11,11,11,11
Q007550,631.0,Ashurbanipal,Neo-Assyrian,Kuyunjik (Nineveh),ORCC,None,645.7717216718457,653.9149240782355,652.8297161702627,694.5138248523648,647.6941861139451,690.5686143700113,654.2701276928318,16,16,16,16,16,16,16
Q007551,631.0,Ashurbanipal,Neo-Assyrian,Kuyunjik (Nineveh),ORCC,None,640.9721375197117,672.7615834657115,640.5006686497054,647.4743777746455,660.3338356116437,654.2714791372696,629.3103662331478,17,17,17,17,17,17,17
Q007552,631.0,Ashurbanipal,Neo-Assyrian,Kuyunjik (Nineveh),ORCC,None,646.9357403489008,628.272843738055,648.2451123750217,666.0095402476874,675.484343871946,656.7624231879241,648.4380624894727,14,14,14,14,14,14,14
Q007553,631.0,Ashurbanipal,Neo-Assyrian,Kuyunjik (Nineveh),ORCC,None,637.3027089518304,688.6715813023321,679.214927011927,657.3690663410928,650.6978432530701,663.556226369437,642.6930813239368,14,14,14,14,14,14,14
Q007554,631.0,Ashurbanipal,Neo-Assyrian,Kuyunjik (Nineveh),ORCC,None,648.6544723562903,695.8238557432602,672.9334970689655,646.2545784519011,651.0725854360843,655.365391478231,626.347098911023,22,22,22,22,22,22,22
Q007555,631.0,Ashurbanipal,Neo-Assyrian,Kuyunjik (Nineveh),ORCC,None,625.7829891578868,659.1038121709281,670.8438233699884,592.3055998556202,619.5603672826068,633.90113330578,613.3705484610854,14,14,14,14,14,14,14
Q007556,631.0,Ashurbanipal,Neo-Assyrian,Kuyunjik (Nineveh),ORCC,None,632.4502866479123,655.1547297692663,660.1899826428371,679.534458842571,644.0306941010979,663.1626774357343,671.5577164782388,19,19,19,19,19,19,19
Q007557,631.0,Ashurbanipal,Neo-Assyrian,Kuyunjik (Nineveh),ORCC,None,649.5439918684988,660.9349398318636,669.0319399953088,643.1459765137512,629.1068172285836,662.6384223564431,651.4536099449144,18,18,18,18,18,18,18
Q007558,631.0,Ashurbanipal,Neo-Assyrian,Kuyunjik (Nineveh),ORCC,None,653.1245206954093,664.7291371597408,672.0676735044451,660.6317144757286,641.8426986497581,683.7485450633009,670.5234042536543,10,10,10,10,10,10,10
Q007559,631.0,Ashurbanipal,Neo-Assyrian,Kuyunjik (Nineveh),ORCC,None,642.7915999967495,647.2544239065817,656.5547568110146,670.6893365506841,622.8064243058803,665.6167937065261,676.8269828370653,18,18,18,18,18,18,18
Q007560,631.0,Ashurbanipal,Neo-Assyrian,Kuyunjik (Nineveh),ORCC,None,653.168070192533,719.2196673603191,702.1281568793588,647.5907521120935,640.6760261432108,663.8374161190395,666.7779934374686,18,18,18,18,18,18,18
Q007561,631.0,Ashurbanipal,Neo-Assyrian,Kuyunjik (Nineveh),ORCC,None,642.6524819379166,663.7835142201475,654.9503355710042,651.6139660010914,650.2161092613435,650.1601472949019,614.163534354726,13,13,13,13,13,13,13
Q007562,631.0,Ashurbanipal,Neo-Assyrian,Kuyunjik (Nineveh),ORCC,None,648.22640337945,663.0314769778204,668.6432477968326,639.4868781857627,628.4458167523889,631.4899481824011,630.9030479095999,17,17,17,17,17,17,17
Q007563,631.0,Ashurbanipal,Neo-Assyrian,Kuyunjik (Nineveh),ORCC,None,642.2414620420319,627.043971945817,630.7547759644135,645.2493678612508,624.2890381996307,644.5716640407744,662.6461253578224,12,12,12,12,12,12,12
Q007564,631.0,Ashurbanipal,Neo-Assyrian,Kuyunjik (Nineveh),ORCC,None,658.0069459804686,669.1213997508135,652.0937028138683,657.5139754044092,676.8677294155407,676.269024641209,643.2093183704977,18,18,18,18,18,18,18
Q007565,631.0,Ashurbanipal,Neo-Assyrian,Kuyunjik (Nineveh),ORCC,None,640.4471002783772,671.0649314279469,656.1903038670387,679.4381146041717,658.1251241613951,655.8220289454795,646.3785937566214,14,14,14,14,14,14,14
Q007566,631.0,Ashurbanipal,Neo-Assyrian,Kuyunjik (Nineveh),ORCC,None,649.9421418882011,689.9333241060092,661.4367182031498,615.054012991999,634.1674610849261,656.0532175139823,636.7325423792835,13,13,13,13,13,13,13
Q007567,631.0,Ashurbanipal,Neo-Assyrian,Kuyunjik (Nineveh),ORCC,None,633.4903540304003,649.6588014282642,679.1704940386622,641.0438679097198,656.9822735135386,633.6383007831749,654.367360767304,19,19,19,19,19,19,19
Q007568,631.0,Ashurbanipal,Neo-Assyrian,Kuyunjik (Nineveh),ORCC,None,617.8855297930787,651.1604156994871,615.1397361713761,631.4742056400131,635.31167965218,619.3161477073198,656.6014246306723,22,22,22,22,22,22,22
Q007569,631.0,Ashurbanipal,Neo-Assyrian,Kuyunjik (Nineveh),ORCC,None,662.7019574930497,670.1663337585444,663.8998355081924,660.812860580386,672.5444770192838,690.1454346470823,674.4436877381595,16,16,16,16,16,16,16
Q007570,631.0,Ashurbanipal,Neo-Assyrian,Kuyunjik (Nineveh),ORCC,None,664.3293340854766,716.0846903322378,680.024858307398,655.3458878715174,674.8250891437942,734.7618749118047,693.9600455764646,18,18,18,18,18,18,18
Q007571,631.0,Ashurbanipal,Neo-Assyrian,Kuyunjik (Nineveh),ORCC,None,642.0443065017239,669.3720514497683,659.9811775465072,660.5797887889078,650.6881235202126,719.5628446437112,668.57256874748,12,12,12,12,12,12,12
Q007572,631.0,Ashurbanipal,Neo-Assyrian,Kuyunjik (Nineveh),ORCC,None,635.7802042283882,654.425215881158,654.6326398921722,637.347904846037,644.303885141531,649.0818331932256,667.2146936834891,14,14,14,14,14,14,14
Q007573,631.0,Ashurbanipal,Neo-Assyrian,Kuyunjik (Nineveh),ORCC,None,644.6408850435212,686.9748219211036,663.2487991597179,689.6330006122682,649.2309167792894,681.6141841858425,661.4845860459559,20,20,20,20,20,20,20
Q007574,631.0,Ashurbanipal,Neo-Assyrian,Kuyunjik (Nineveh),ORCC,None,665.1988474355226,675.5619576977953,688.5600876100948,720.9651913405953,652.1925115601961,698.7384372815765,687.8613473261431,13,13,13,13,13,13,13
Q007575,631.0,Ashurbanipal,Neo-Assyrian,Kuyunjik (Nineveh),ORCC,None,643.7920508243385,668.3278292784717,666.0647004045161,650.8635539638146,666.955125064301,625.0036838165357,646.0519713718439,17,17,17,17,17,17,17
Q007576,631.0,Ashurbanipal,Neo-Assyrian,Kuyunjik (Nineveh),ORCC,None,636.2473694188818,656.8794690250196,652.8040251070439,651.7168490216008,643.7340403912576,655.1656650260293,672.2468046593101,17,17,17,17,17,17,17
Q007577,631.0,Ashurbanipal,Neo-Assyrian,Kuyunjik (Nineveh),ORCC,None,659.2863053219118,682.6978537181104,684.6048160383433,631.029891630434,625.109705995432,653.482355587506,649.2661425486516,12,12,12,12,12,12,12
Q007578,631.0,Ashurbanipal,Neo-Assyrian,Kuyunjik (Nineveh),ORCC,None,649.3631698642034,695.1069463449902,672.1325070964017,655.7998513144505,639.0060277553893,711.542246634007,688.4010813160035,13,13,13,13,13,13,13
Q007579,631.0,Ashurbanipal,Neo-Assyrian,Kuyunjik (Nineveh),ORCC,None,638.7709793221803,669.0832311231778,662.2392193055508,630.4013533056916,626.0967205295092,637.7519492379007,669.5468281709688,14,14,14,14,14,14,14
Q007580,631.0,Ashurbanipal,Neo-Assyrian,Kuyunjik (Nineveh),ORCC,None,648.8812940363346,668.9272343412033,638.9954211291513,609.2350228705433,644.5530782087172,656.0220326279521,630.0279170382199,16,16,16,16,16,16,16
Q007581,631.0,Ashurbanipal,Neo-Assyrian,Kuyunjik (Nineveh),ORCC,None,648.6269625920485,660.961845297655,641.4913980413551,664.5426275621993,639.365048532367,680.3865621318739,691.5376755415198,14,14,14,14,14,14,14
Q007582,631.0,Ashurbanipal,Neo-Assyrian,Kuyunjik (Nineveh),ORCC,None,654.9402394718188,676.3478000241367,646.8959509364541,589.0603153261964,627.378844586473,617.1115993490475,625.3405317317034,14,14,14,14,14,14,14
Q007583,631.0,Ashurbanipal,Neo-Assyrian,Kuyunjik (Nineveh),ORCC,None,648.6606249399676,678.6172009588183,650.159603174416,622.6610123589079,662.2376600929988,641.5976123441817,630.0119892815587,16,16,16,16,16,16,16
Q007584,631.0,Ashurbanipal,Neo-Assyrian,Kuyunjik (Nineveh),ORCC,None,653.6230935546095,687.8640996232206,665.549902817829,647.8482533273625,653.660117132953,665.0949429808659,665.6972956114811,14,14,14,14,14,14,14
Q007585,631.0,Ashurbanipal,Neo-Assyrian,Kuyunjik (Nineveh),ORCC,None,641.6734520685199,639.441060358536,650.1275236247379,595.5629545672273,619.8088864375156,622.7125754554442,632.1164899667452,18,18,18,18,18,18,18
Q007586,631.0,Ashurbanipal,Neo-Assyrian,Kuyunjik (Nineveh),ORCC,None,657.0319182655957,673.4193711900582,678.2577259769992,599.3369257305358,627.9274036146516,656.0931500289165,661.7278441621723,17,17,17,17,17,17,17
Q007587,631.0,Ashurbanipal,Neo-Assyrian,Kuyunjik (Nineveh),ORCC,None,643.568003096863,659.0920452941697,660.8299115620931,645.0167624247467,696.4723602952762,653.4495196563195,646.6744841775317,19,19,19,19,19,19,19
Q007588,631.0,Ashurbanipal,Neo-Assyrian,Kuyunjik (Nineveh),ORCC,None,644.3632258598918,659.2903221657538,645.5380313904386,655.6109004424245,610.9253775941395,643.0950581995312,623.0037456434292,14,14,14,14,14,14,14
Q007589,631.0,Ashurbanipal,Neo-Assyrian,Qalat Sherqat (Assur),ORCC,None,659.6940895542622,689.4350880636034,669.710288763766,651.8441810767029,619.241333126082,677.9634769214307,665.271343204409,22,22,22,22,22,22,22
Q007590,631.0,Ashurbanipal,Neo-Assyrian,Qalat Sherqat (Assur),ORCC,None,642.5899226313696,668.6484723125302,640.0501539980075,660.5746094843811,636.7993380236009,655.8287255489905,654.1198997779412,14,14,14,14,14,14,14
Q007591,631.0,Ashurbanipal,Neo-Assyrian,Kuyunjik (Nineveh),ORCC,None,646.6946453296648,671.7611485984792,651.7972287742866,650.2043848671167,637.3902233225006,646.7796534474035,679.5593371153489,15,15,15,15,15,15,15
Q007592,631.0,Ashurbanipal,Neo-Assyrian,Kuyunjik (Nineveh),ORCC,None,650.9186022825888,657.3442092521184,653.3485065439127,599.3165425654972,596.4236185175339,601.0621850057398,672.0674063968063,14,14,14,14,14,14,14
Q007593,631.0,Ashurbanipal,Neo-Assyrian,Kuyunjik (Nineveh),ORCC,None,636.0295009612117,661.2248054072629,622.4892105757621,705.4151599280839,650.4850180618891,651.9818893527577,620.2495701158737,13,13,13,13,13,13,13
Q007594,631.0,Ashurbanipal,Neo-Assyrian,Kuyunjik (Nineveh),ORCC,None,642.4099660978443,633.6435705226842,641.641648360505,651.5882319793666,658.1782170269352,644.9779464030826,635.7004120879492,14,14,14,14,14,14,14
Q007595,631.0,Ashurbanipal,Neo-Assyrian,Kuyunjik (Nineveh),ORCC,None,653.2721209839351,641.4797717431874,657.1272225469642,661.7235380051699,668.8361080097038,666.8397320357137,666.8035588780866,18,18,18,18,18,18,18
Q007596,631.0,Ashurbanipal,Neo-Assyrian,Kuyunjik (Nineveh),ORCC,None,658.5908542388745,681.0230962031335,689.0900128124939,639.0216800951094,638.7829693400502,710.385057489624,685.6628204950931,11,11,11,11,11,11,11
Q007597,631.0,Ashurbanipal,Neo-Assyrian,Kuyunjik (Nineveh),ORCC,None,658.0454644594969,663.9110879061582,665.1366577850558,713.3669435100904,660.0263952703364,699.4492337546151,680.1478895139924,10,10,10,10,10,10,10
Q007598,631.0,Ashurbanipal,Neo-Assyrian,Kuyunjik (Nineveh),ORCC,None,622.0803193950285,633.9779854340916,578.2539621394989,645.09679275837,594.7180783783551,615.2198842192137,637.7355714214559,9,9,9,9,9,9,9
Q007599,631.0,Ashurbanipal,Neo-Assyrian,Kuyunjik (Nineveh),ORCC,None,617.9116965528116,651.4497688612818,603.0570041692619,588.0069154059438,619.512514500707,617.1671331026671,649.9995021901541,16,16,16,16,16,16,16
Q007600,631.0,Ashurbanipal,Neo-Assyrian,Kuyunjik (Nineveh),ORCC,None,643.2247186195145,657.6227125948334,621.4949388313249,647.2407970708821,646.9820892180013,649.0522731006616,660.3327540626253,14,14,14,14,14,14,14
Q007601,631.0,Ashurbanipal,Neo-Assyrian,Kuyunjik (Nineveh),ORCC,None,638.8065873639749,600.1065234452897,615.5112660927954,651.344245184565,631.343362973015,630.9423781392109,647.72335079275,22,22,22,22,22,22,22
Q007602,631.0,Ashurbanipal,Neo-Assyrian,Kuyunjik (Nineveh),ORCC,None,658.4538087557255,670.5659772305196,654.6659794962611,602.665427952599,659.7843702519052,654.1664395203908,664.9248963924294,13,13,13,13,13,13,13
Q007603,631.0,Ashurbanipal,Neo-Assyrian,Kuyunjik (Nineveh),ORCC,None,658.1844943213506,671.4609987792597,659.7729300749021,634.6737570443287,644.5285026316486,662.2740609138367,664.4325210662486,20,20,20,20,20,20,20
Q007604,631.0,Ashurbanipal,Neo-Assyrian,Kuyunjik (Nineveh),ORCC,None,645.70466565917,657.071452390668,666.0262097063616,684.8771120193912,651.7161297282124,647.975262373505,625.3790324795325,14,14,14,14,14,14,14
Q007605,631.0,Ashurbanipal,Neo-Assyrian,Kuyunjik (Nineveh),ORCC,None,630.7688752983217,629.1329132666408,672.2433571875654,602.1481613434793,620.6200889981,608.5077009619973,625.1585972557745,12,12,12,12,12,12,12
Q007606,631.0,Ashurbanipal,Neo-Assyrian,Kuyunjik (Nineveh),ORCC,None,646.8443666767901,637.4343417426604,670.2810305693082,663.0086979482498,668.5394635780185,647.4837466134517,686.4551227997648,10,10,10,10,10,10,10
Q007607,631.0,Ashurbanipal,Neo-Assyrian,Kuyunjik (Nineveh),ORCC,None,655.3797706655877,648.1049190318768,662.5479233704198,609.7326538403291,614.5700119652697,634.9197144681389,607.31867911632,19,19,19,19,19,19,19
Q007608,631.0,Ashurbanipal,Neo-Assyrian,Kuyunjik (Nineveh),ORCC,None,646.8209943253204,665.153661691353,661.5914173223854,675.3486859112899,641.871398861866,646.4856074705074,625.1646343267524,15,15,15,15,15,15,15
Q007609,631.0,Ashurbanipal,Neo-Assyrian,Kuyunjik (Nineveh),ORCC,None,642.0621229407735,619.8082202308865,610.0145835238295,628.7093147214545,612.9977839093522,628.8134668860413,630.495681288455,13,13,13,13,13,13,13
Q007610,631.0,Ashurbanipal,Neo-Assyrian,Kuyunjik (Nineveh),ORCC,None,645.5778960797895,642.4771725072884,676.1892093111774,673.3289527285988,631.765993137488,654.6317968759782,636.1427709055106,17,17,17,17,17,17,17
Q007611,631.0,Ashurbanipal,Neo-Assyrian,Kuyunjik (Nineveh),ORCC,None,633.0561627337432,655.3749012567471,643.4608764359263,633.6277087284998,641.1409208242235,610.5109993889814,631.5137069528071,16,16,16,16,16,16,16
Q007612,631.0,Ashurbanipal,Neo-Assyrian,Kuyunjik (Nineveh),ORCC,None,662.7590827807392,712.3898061710537,668.8683306265964,627.0297164005304,641.5109917540445,694.5327688943006,679.4624861503588,21,21,21,21,21,21,21
Q007613,631.0,Ashurbanipal,Neo-Assyrian,Kuyunjik (Nineveh),ORCC,None,658.7315430673436,693.5789860051294,663.54034562098,627.8819344879792,657.3023949447714,700.0439741971161,663.6592837729397,21,21,21,21,21,21,21
Q007614,631.0,Ashurbanipal,Neo-Assyrian,Kuyunjik (Nineveh),ORCC,None,632.618072184762,644.219104974412,619.8979092249472,609.4378299658359,608.5963205349196,618.88887359678,633.0648231133499,15,15,15,15,15,15,15
Q007615,631.0,Ashurbanipal,Neo-Assyrian,Kuyunjik (Nineveh),ORCC,None,625.5483859969848,636.0135357570832,627.2891135898149,649.9401415137786,667.110072252534,652.730433217426,688.8741619546536,8,8,8,8,8,8,8
Q007616,631.0,Ashurbanipal,Neo-Assyrian,Kuyunjik (Nineveh),ORCC,None,648.2886338875196,614.1119923792294,626.6552205550438,611.0064123060283,617.0173391793953,608.1642353282467,618.3356002515899,17,17,17,17,17,17,17
Q007617,631.0,Ashurbanipal,Neo-Assyrian,Kuyunjik (Nineveh),ORCC,None,622.5737181032206,640.8108621159521,610.3784551627691,608.1806143843769,587.5133853111163,593.1680990409826,600.2080638266083,19,19,19,19,19,19,19
Q007618,631.0,Ashurbanipal,Neo-Assyrian,Kuyunjik (Nineveh),ORCC,None,647.2747010458339,626.5296904683864,651.7925071822694,623.6466833698494,610.798885353126,615.204322403128,601.3460705668904,19,19,19,19,19,19,19
Q007619,631.0,Ashurbanipal,Neo-Assyrian,Kuyunjik (Nineveh),ORCC,None,645.8645191530878,626.5484679996205,663.2038765087036,630.6013428525462,611.2140789134226,618.9747187042735,612.1611115568908,13,13,13,13,13,13,13
Q007620,631.0,Ashurbanipal,Neo-Assyrian,Kuyunjik (Nineveh),ORCC,None,626.7094599030386,634.788605028319,641.8945809365358,643.0459993523853,635.0531897639764,628.258972480417,646.4621215779824,20,20,20,20,20,20,20
Q007621,631.0,Ashurbanipal,Neo-Assyrian,Kuyunjik (Nineveh),ORCC,None,645.3592596326746,651.4754911333677,643.2651794667383,633.0334957930419,637.3445248394398,620.0545007819463,562.0394296760819,13,13,13,13,13,13,13
Q007622,631.0,Ashurbanipal,Neo-Assyrian,Kuyunjik (Nineveh),ORCC,None,651.9309182491576,624.7822051708537,660.9831744650315,628.3193572183488,616.2113160362777,615.4552957790371,602.5870131661206,15,15,15,15,15,15,15
Q007623,631.0,Ashurbanipal,Neo-Assyrian,Kuyunjik (Nineveh),ORCC,None,638.3290636585032,630.6532037079492,632.8650237466201,671.2417418527793,645.3883940762842,620.1087607500425,631.101144449765,17,17,17,17,17,17,17
Q007624,631.0,Ashurbanipal,Neo-Assyrian,Kuyunjik (Nineveh),ORCC,None,639.9485778634697,658.3553343789309,610.3585197970947,661.2627140768802,668.1267253653235,639.1713650275063,641.3135906485942,17,17,17,17,17,17,17
Q007625,631.0,Ashurbanipal,Neo-Assyrian,Kuyunjik (Nineveh),ORCC,None,651.4192516919298,669.6446674969604,658.5970118817726,625.2927810960306,646.0853769394852,644.5133134533843,649.3804345892235,14,14,14,14,14,14,14
Q007626,631.0,Ashurbanipal,Neo-Assyrian,Kuyunjik (Nineveh),ORCC,None,659.4887071479859,703.735899200959,690.5741426116963,656.0616980000881,650.7059684332455,662.2162272807149,644.6732260684341,20,20,20,20,20,20,20
Q007627,631.0,Ashurbanipal,Neo-Assyrian,Kuyunjik (Nineveh),ORCC,None,624.5182948291782,650.3397421054557,628.2942428136266,657.6149292797635,685.4195924352778,653.6539795317505,630.106427991148,15,15,15,15,15,15,15
Q007628,631.0,Ashurbanipal,Neo-Assyrian,Kuyunjik (Nineveh),ORCC,None,650.0741170602325,679.0817222208565,661.2435696888231,665.1993004131946,646.91030716653,646.4747887840593,608.0270423493371,9,9,9,9,9,9,9
Q007629,631.0,Ashurbanipal,Neo-Assyrian,Kuyunjik (Nineveh),ORCC,None,634.4394822246369,633.2281100216348,624.2053778649527,630.3565807978226,638.5787220824175,621.623420120366,628.4259311470154,18,18,18,18,18,18,18
Q007630,631.0,Ashurbanipal,Neo-Assyrian,Kuyunjik (Nineveh),ORCC,None,651.2090667957368,632.7818072459958,634.168292455298,630.9092943914043,651.6287730417864,649.0275073533641,653.9425174245633,11,11,11,11,11,11,11
Q007631,631.0,Ashurbanipal,Neo-Assyrian,Kuyunjik (Nineveh),ORCC,None,645.8966057251707,675.8455148959016,656.5910325003902,672.0677050486333,646.6519321498879,636.014254368968,602.4983314241782,16,16,16,16,16,16,16
Q007632,631.0,Ashurbanipal,Neo-Assyrian,Kuyunjik (Nineveh),ORCC,None,642.7642882031691,624.8642349772119,630.0860212424487,620.2947578654981,597.7853129159482,610.6364082327403,611.170219647486,16,16,16,16,16,16,16
Q007633,631.0,Ashurbanipal,Neo-Assyrian,Kuyunjik (Nineveh),ORCC,None,639.0452588045003,618.5710264875769,627.435084723645,616.2338823546334,607.341759758197,611.1634877419472,601.083846795386,17,17,17,17,17,17,17
Q007634,631.0,Ashurbanipal,Neo-Assyrian,Kuyunjik (Nineveh),ORCC,None,625.6027122993528,653.7737198627161,622.3428288857867,667.6075618508019,651.8481864009678,648.1785342740872,684.7288971400922,14,14,14,14,14,14,14
Q007635,631.0,Ashurbanipal,Neo-Assyrian,Kuyunjik (Nineveh),ORCC,None,648.6790502480923,652.8280957549769,658.534945162907,647.028540292557,644.5817209282354,663.4361302919723,643.0066493540625,19,19,19,19,19,19,19
Q007636,631.0,Ashurbanipal,Neo-Assyrian,Kuyunjik (Nineveh),ORCC,None,634.8515202938607,627.3179017293661,617.6255533516419,611.9229437488787,619.2073227675885,614.1284632714157,655.7753229598679,18,18,18,18,18,18,18
Q007637,631.0,Ashurbanipal,Neo-Assyrian,Kuyunjik (Nineveh),ORCC,None,621.4152214964682,552.8199634946736,622.7979180892135,604.3303421858778,613.0404493669441,616.9941774783017,599.9189304556605,11,11,11,11,11,11,11
Q007638,631.0,Ashurbanipal,Neo-Assyrian,Kuyunjik (Nineveh),ORCC,None,616.5293929404979,638.8662235475873,605.1214336571093,644.7517715132832,653.185239136484,642.3275302432089,650.8552400802406,19,19,19,19,19,19,19
Q007770,705.0,Sargon II,Neo-Assyrian,Turlu Höyük,ORCC,stele,621.7340390225434,619.6992583272156,598.0638693118057,627.6936978456821,616.4665468891392,623.5679699483543,611.7478725040587,30,30,30,30,30,30,30
Q008319,631.0,Ashurbanipal,Neo-Assyrian,Kuyunjik (Nineveh),ORCC,None,657.5531294131304,655.767052455769,640.2977545066044,679.5717403177642,638.2592625901326,633.0001158662437,637.539687252649,21,21,21,21,21,21,21
Q008320,631.0,Ashurbanipal,Neo-Assyrian,Kuyunjik (Nineveh),ORCC,None,628.7762798515491,565.4513888134467,623.9202869177423,617.5127961758349,630.5502138137545,624.2842553227424,606.7320422779896,18,18,18,18,18,18,18
Q008321,631.0,Ashurbanipal,Neo-Assyrian,Kuyunjik (Nineveh),ORCC,None,659.8778010000455,646.762638216046,648.1586992683602,647.7338211158244,648.3835484994229,645.9890589778378,625.9963198354725,15,15,15,15,15,15,15
Q008322,631.0,Ashurbanipal,Neo-Assyrian,Kuyunjik (Nineveh),ORCC,None,652.6491178812425,687.2203119732965,644.7563621243039,662.9514683725351,652.1787366417997,659.4279586596974,677.4477534451531,18,18,18,18,18,18,18
Q008323,631.0,Ashurbanipal,Neo-Assyrian,Kuyunjik (Nineveh),ORCC,None,657.4849119334172,662.574069873136,641.6326966331264,675.7737183357875,652.969999483519,650.6995054390512,654.4329695770601,20,20,20,20,20,20,20
Q008324,631.0,Ashurbanipal,Neo-Assyrian,Kuyunjik (Nineveh),ORCC,None,642.5846672760767,621.4576897074534,611.6003633447749,606.3014509171119,590.4492824902438,594.9552558616969,613.7900155817829,9,9,9,9,9,9,9
Q008325,631.0,Ashurbanipal,Neo-Assyrian,Kuyunjik (Nineveh),ORCC,None,665.7216162833912,671.6702733812151,665.5925208162921,644.9276331876526,652.4119429107974,657.2606230550036,688.8566350642853,19,19,19,19,19,19,19
Q008326,631.0,Ashurbanipal,Neo-Assyrian,Kuyunjik (Nineveh),ORCC,None,620.1457246052624,624.1001912395684,638.8669640425697,682.2871962735715,645.0809398863399,639.7514447852761,636.8875678996934,16,16,16,16,16,16,16
Q008327,631.0,Ashurbanipal,Neo-Assyrian,Kuyunjik (Nineveh),ORCC,None,632.2669183071008,700.9177873418574,631.6698598591697,694.2543170090871,683.2064364433253,683.834897596367,686.5214480378067,9,9,9,9,9,9,9
Q008328,631.0,Ashurbanipal,Neo-Assyrian,Kuyunjik (Nineveh),ORCC,None,657.1368378752732,688.895924037468,663.5215154829443,658.3722903863548,666.8961511715428,666.2139613383055,670.6027005697327,19,19,19,19,19,19,19
Q008329,631.0,Ashurbanipal,Neo-Assyrian,Babylon (Bābili),ORCC,cylinder,610.858728597513,555.2719768240886,599.8237384664388,584.6669802479329,580.1827856017875,584.2585511272534,593.1455533939087,21,21,21,21,21,21,21
Q008330,631.0,Ashurbanipal,Neo-Assyrian,Babylon (Bābili),ORCC,cylinder,659.4224379433388,706.4080499924621,699.0652724122348,673.8813911199528,675.7658055182932,672.4913614311058,682.2387124543507,15,15,15,15,15,15,15
Q008331,631.0,Ashurbanipal,Neo-Assyrian,Babylon (Bābili),ORCC,cylinder,657.8008331886256,700.9051963154429,691.1854525075643,680.4339231404998,665.63004592683,681.7003705558952,647.0220518693505,15,15,15,15,15,15,15
Q008332,631.0,Ashurbanipal,Neo-Assyrian,Babylon (Bābili),ORCC,cylinder,670.0078972271247,680.8656008329352,694.9943588065446,707.2478755368659,691.8501269796083,691.3759145063193,689.2604192154984,10,10,10,10,10,10,10
Q008333,631.0,Ashurbanipal,Neo-Assyrian,Babylon (Bābili),ORCC,cylinder,670.7789126851014,687.019186484631,694.7576170087614,705.0804074164569,694.136414554597,689.9086623195028,689.1820712403647,20,20,20,20,20,20,20
Q008334,631.0,Ashurbanipal,Neo-Assyrian,Babylon (Bābili),ORCC,stele,654.1189806063401,682.9935394623443,669.78224668385,634.2201207333864,655.6032442460094,640.9462388771153,635.9153452349314,20,20,20,20,20,20,20
Q008335,631.0,Ashurbanipal,Neo-Assyrian,Babylon (Bābili),ORCC,brick,641.4632194656787,646.6809594048525,584.9221502592103,649.9311519762416,636.1119640316438,639.8577077031845,665.2490078506626,19,19,19,19,19,19,19
Q008336,631.0,Ashurbanipal,Neo-Assyrian,Babylon (Bābili),ORCC,brick,645.7818375175452,651.9802405318862,596.4111247273521,649.8928829622466,637.6371608350006,646.2488726541128,665.7872511004102,16,16,16,16,16,16,16
Q008338,631.0,Ashurbanipal,Neo-Assyrian,Babylon (Bābili),ORCC,brick,648.0377555029638,656.6429257834794,571.7886941956637,654.1351643407645,649.6693380567208,643.482525314294,678.9906964819082,15,15,15,15,15,15,15
Q008339,631.0,Ashurbanipal,Neo-Assyrian,Babylon (Bābili),ORCC,brick,645.3780645915995,639.2002230648663,572.4319932870268,648.7291117264442,645.8950060560578,645.0840173475618,645.2786011537951,22,22,22,22,22,22,22
Q008340,631.0,Ashurbanipal,Neo-Assyrian,Babylon (Bābili),ORCC,brick,653.8629757185778,679.9181981613061,623.0264008159533,667.1973417341172,687.6728955826134,674.9595528479515,714.7455201556897,18,18,18,18,18,18,18
Q008341,631.0,Ashurbanipal,Neo-Assyrian,Babylonia,ORCC,cylinder,625.8871490613111,653.0257221051878,585.0670090391039,638.7936371371879,645.6168627798163,638.5101739250094,613.5726456111742,16,16,16,16,16,16,16
Q008343,631.0,Ashurbanipal,Neo-Assyrian,Birs Nimrud (Borsippa),ORCC,stele,651.2374345853839,683.9294019501978,671.5336743280116,640.5716687914545,669.6515828025983,641.379445646282,624.6019653555123,17,17,17,17,17,17,17
Q008344,631.0,Ashurbanipal,Neo-Assyrian,Babylonia,ORCC,None,617.1004251515349,551.638620814895,618.9606156567188,637.8948095510269,618.9127365797473,621.3067109920066,595.7887365777204,14,14,14,14,14,14,14
Q008345,631.0,Ashurbanipal,Neo-Assyrian,Aqar Quf (Dur-Kurigalzu),ORCC,brick,663.6309590030253,642.5055030587539,652.7681499017583,658.1002752320953,652.8476912100102,641.0983228959788,664.5846538246534,14,14,14,14,14,14,14
Q008346,631.0,Ashurbanipal,Neo-Assyrian,Tell Haddad (Me-Turan),ORCC,brick,648.3232196848168,670.2924410688323,639.0512203745162,630.0085069810433,641.7793126519637,659.6504480445064,626.4628358766214,19,19,19,19,19,19,19
Q008350,631.0,Ashurbanipal,Neo-Assyrian,Nuffar (Nippur),ORCC,brick,648.0377882846561,635.9668894386317,660.1413471785355,645.029990702722,648.6621362077134,653.3350573673023,633.056520095799,14,14,14,14,14,14,14
Q008351,631.0,Ashurbanipal,Neo-Assyrian,Tell Abu Habbah (Sippar-Yahrurum),ORCC,cylinder,663.0973369974768,694.3354294977978,693.3979466220384,689.6614208598162,688.2419350784611,680.6910359049576,694.5225198999232,16,16,16,16,16,16,16
Q008352,631.0,Ashurbanipal,Neo-Assyrian,Warka (Uruk),ORCC,cylinder,659.4248305439512,639.5633806711816,666.4740191338936,598.8728525396947,606.3812140116462,624.2286823010335,606.4435389670566,22,22,22,22,22,22,22
Q008353,631.0,Ashurbanipal,Neo-Assyrian,Warka (Uruk),ORCC,None,632.4373694468147,630.2763344181586,612.8578138950454,601.6016143337748,676.7703838783927,641.8453943658192,683.1335578027547,12,12,12,12,12,12,12
Q008354,631.0,Ashurbanipal,Neo-Assyrian,Tell Aqar (Der),ORCC,cylinder,622.2237920922533,648.6201846283756,581.02888353696,700.9710303316102,678.523926811195,659.2422744455255,617.0582617896458,13,13,13,13,13,13,13
Q008355,631.0,Ashurbanipal,Neo-Assyrian,Persepolis (Pārśa),ORCC,eyestone,649.5869616894806,695.591285575317,660.3291813183678,642.8183252750272,635.1741233013435,647.5407970477348,646.0155155788838,19,19,19,19,19,19,19
Q008356,631.0,Ashurbanipal,Neo-Assyrian,Persepolis (Pārśa),ORCC,bead,642.8032822430617,699.874250903007,652.3174894467494,646.9801674386347,638.9282675617673,648.9558439383618,636.1417898900573,14,14,14,14,14,14,14
Q008357,631.0,Ashurbanipal,Neo-Assyrian,Persepolis (Pārśa),ORCC,bead,670.1989464336641,676.652105438968,662.0123481517802,650.7104935495913,660.9993662301334,659.8118976061565,699.9033138163246,20,20,20,20,20,20,20
Q008358,631.0,Ashurbanipal,Neo-Assyrian,Persepolis (Pārśa),ORCC,bowl (with sculpture),636.0294858007745,643.7907108486739,655.6742080623004,639.3285888152504,643.1052433653994,641.5367508149313,640.4690264139005,20,20,20,20,20,20,20
Q008368,612.0,Sîn-šarru-iškun,Neo-Assyrian,Kuyunjik (Nineveh),ORCC,vessel,653.3665266673689,679.6347591155526,666.347123629939,650.7372500849841,648.5972751208932,657.990342100321,676.7541498189363,200,200,200,200,200,200,200
Q009238,539.0,Nabonidus,Neo-Babylonian,Sippar,ORCC,None,635.6716902019339,646.6893705471184,645.8110522005231,668.9737183498598,657.6548972638344,650.6048902105268,673.7749162380694,61,61,61,61,61,61,61
